Date,ISOWeek,DOI,Version,Category,Title,Authors,Abstract
2026-06-29,27,10.64898/2026.06.25.26356634,1,epidemiology,"A study protocol for the project Meeqqat Peqqissut: A register-based study exploring social and health determinants of child well-being in Kalaallit Nunaat (Greenland).","Ottendahl, C. B.; Seidler, I. K.; Pedersen, L.; Blaabjerg, A.; Larsen, C. V. L.","IntroductionChild health and well-being in Kalaallit Nunaat (Greenland) remain a major public health concern, yet systematic, population-level research is limited. Previous studies have focused on isolated indicators such as vaccination coverage and infant mortality, without capturing the broader structural and social determinants shaping childrens lives. The Meeqqat Peqqissut project addresses this gap by developing a cross-sectoral, register-based approach to identify both risk and health promoting factors influencing child health and well-being for alle children in Kalaallit Nunaat. Grounded in the Indigenist Ecological Systems Model (IESM) and complemented by the Peqqissuserput framework, the project adopts a strengths-based perspective that emphasizes resilience and culturally embedded determinants of well-being.  MethodsMeeqqat Peqqissut is a collaboration between the Centre for Public Health in Greenland and Statistics Greenland. The study integrates longitudinal register data linked via personal identification numbers, combining healthcare records (COSMIC), socio-economic data from Statistics Greenland, municipal case management systems (Get Organized), and police records. Additional sources include education and social services. Data will be combined and analysed on Statistics Greenlands secure platform using advanced methods such as latent class and trajectory analyses. A participatory approach ensures continuous dialogue with practitioners to validate data quality and contextual relevance.  ResultsThe project supports evidence-based strategies for improving child health and well-being in Kalaallit Nunaat and contributes to the national public health strategy Inuuneritta III. It aligns with the Kalaallit Nunaat governments research strategy for 2022-2030, as it aims to support sustainable societal development by contributing to improved public health and reducing social health inequalities. Ethical approval has been obtained from the Scientific Ethics Committee in Kalaallit Nunaat (VEK 2025-12).  ConclusionThe Meeqqat Peqqissut project will provide a robust, cross-sectoral evidence base to strengthen efforts to improve child health and reduce social health inequalities in Kalaallit Nunaat. By integrating administrative data and applying an Indigenous, strengths-based framework, the study advances understanding of structural and social determinants of well-being. The project establishes a sustainable approach to equity-oriented child health monitoring and will inform policy, practice, and long-term public health action."
2026-06-29,27,10.64898/2026.06.23.26356314,1,epidemiology,"Application of the Health Belief Model using the PRECEDE-PROCEED framework for community-based hypertension control in rural Bangladesh: a cluster randomized trial protocol","Islam, M. T.; Haque, M. A.; Uddin, M. K.; Chakraborty, M.; Arafat, S. M.","BackgroundHypertension is a leading cause of cardiovascular morbidity and premature death in low- and middle-income countries (LMICs), where blood-pressure control remains poor because of suboptimal medication adherence, unhealthy lifestyle behaviours, and structural barriers to care. Theory-driven interventions based on the Health Belief Model (HBM) have shown promise, but most have treated the six HBM constructs as interchangeable predictors. Formative mixed-methods work by our group in the same population indicates that the constructs do not operate uniformly: perceived barriers and cues to action are associated with systolic blood pressure (SBP) through medication adherence, self-efficacy is associated with SBP through pathways other than adherence, and perceived severity--though near-universally endorsed--is motivationally inert. This trial will evaluate an HBM-based, mediation-informed, PRECEDE-PROCEED-guided educational intervention prioritised according to that mechanistic evidence.  MethodsThis is a parallel-group, community-based cluster randomised controlled trial with 1:1 allocation. Twelve community clusters in Kamalganj sub-district, north-east Bangladesh, will be randomly assigned to an HBM-based educational intervention or usual care (approximately 480 participants, [~]40 per cluster). The intervention, delivered over 12 months by trained community health workers, comprises five components: (i) group education with weighted emphasis on perceived barriers and self-efficacy; (ii) individual barrier-mapping and motivational counselling; (iii) enabling strategies including community blood-pressure monitoring corners, drug-supply continuity advocacy, and culturally compatible substitution for traditional remedies; (iv) reinforcing strategies through structured family engagement; and (v) provider training on gender-perception bias. The primary outcomes are change in mean SBP and the proportion achieving controlled blood pressure at 12 months. Secondary outcomes include HBM construct scores, medication adherence (Bangladesh Medication Adherence Scale, BMAS), lifestyle behaviours, and use of culturally embedded folk remedies, assessed at baseline, 6 and 12 months. Analyses follow intention-to-treat using mixed-effects models that account for clustering. An exploratory longitudinal mediation analysis will test whether trial-induced change in adherence mediates trial-induced change in SBP.  DiscussionThis trial will provide a prospective test of a mediation-prioritised HBM intervention and, if effective, a culturally tailored, scalable model for hypertension control in Bangladesh and comparable low-resource settings.  Trial registrationThis protocol is registered in ClinicalTrials.gov. Identifier: NCT07426978 (Date: 16/02/2026), Unique Protocol ID- PR-1440 (https://register.clinicaltrials.gov/prs/beta/records)"
2026-06-29,27,10.64898/2026.04.01.26349972,2,"pharmacology and therapeutics","Randomized controlled trials do not support efficacy of any of the tested doses of fluvoxamine in prevention of disease progression in adults with incipient non-severe COVID-19 disease: a case-study systematic review and meta-analysis","Trkulja, V.","BackgroundRecent meta-analyses of randomized controlled trials (RCTs) claimed efficacy of higher-dose fluvoxamine (2 x 100 mg/day, as opposed to 2 x 50 mg/day) in prevention of disease deterioration in adults with mild - moderate COVID-19 disease.  ObjectivesInvestigate whether such claims are supported by the data.  MethodsSystematic review and meta-analysis of RCTs evaluating higher-dose fluvoxamine in this indication.  ResultsSeven studies declared as RCTs were identified, one of which was severely biased (open-label, non-standardized and unreported standard of care as a control), and eventually ended as non-randomized (huge attrition). Composite endpoints of deterioration in the 6 included placebo-controlled trials contained elements susceptible to error and bias. Three trials were small (<100 patients/arm), three were larger (270 - 750 patients/arm). Deaths and need for mechanical ventilation were sporadic and observed in only one trial. Hospitalizations were also sporadic in 5/6 trials. Frequentist methods generally appropriate for random-effects analysis of low number of trials with rare outcomes (generalized linear mixed models, beta-binomial or binomial-normal) greatly underestimated heterogeneity, but still did not document benefits regarding the composite endpoints or hospitalizations. Bayesian hierarchical models revealed huge heterogeneity and indicated no benefit regarding: (i) composites of deterioration, large trials OR = 0.78 (95% CrI 0.55 - 1.21); multiplicity corrected OR = 0.87 (0.64 - 1.21); (ii) hospitalizations, small trials OR = 0.88 (0.45 - 1.72); large trials OR = 0.94 (0.52 - 1.75); all trials OR = 0.81 (0.47 - 1.43). Heterogeneity was unlikely due to clinical particulars (vaccination status, treatment duration, time horizon), and more likely due to unidentified bias.  ConclusionsRCTs do not support efficacy of higher-dose fluvoxamine in prevention of disease deterioration in adults with mild - moderate COVID-19 disease."
2026-06-29,27,10.64898/2026.06.24.26356485,1,"public and global health","Community identity, poverty, and antimicrobial discontinuation in a Particularly Vulnerable Tribal Group in central India: a cross-sectional study of healthcare choice and differentiated stewardship","Konar, D.; Patil, G. A.; Pradhan, I.; Singh, D.; Singh, T.; Chatterjee, B.; Walia, K.; Nandy, R.; Kataria, R.","BackgroundAntimicrobial stewardship in many settings assumes that community antimicrobial misuse reflects low awareness, and favours education-based interventions. Population-level evidence on healthcare seeking and antimicrobial practices in marginalised indigenous groups in low-income and middle-income countries is limited. We examined socioeconomic and identity-related determinants of healthcare-provider choice, antimicrobial awareness, and harmful antimicrobial practices in a tribal population in central India.  MethodsWe did a cross-sectional survey of 1146 adults in the catchment area of Jan Swasthya Sahyog (JSS), a non-profit community health organisation, in Bilaspur and Mungeli districts, Chhattisgarh, India (January, 2021-April, 2022). Healthcare-provider choice was modelled with binary and multinomial logistic regression (government as reference), and antimicrobial awareness and ten harmful practices with logistic regression, applying Benjamini-Hochberg false discovery rate (FDR) correction within each family. A 30-day treatment-recall sub-study (n=284) assessed actual treatment location and out-of-pocket cost. Models with rare events or separation were refitted with Firth penalised regression.  FindingsMedian per capita income was INR 8000 per year. Baiga identity was associated with higher odds of using informal (odds ratio 2.58) and private (2.55) providers rather than government facilities, but not JSS (1.36). Awareness of antimicrobials was 7.6% and was associated mainly with education (primary-or-less vs college 0.04). Baiga identity was independently associated with premature discontinuation (4.77), stopping for perceived intolerance (4.43), and financial discontinuation (6.81, 95% CI 3.51-13.25), but with lower odds of stopping because of perceived recovery (0.12). In the sub-study, predicted government-facility use was 1.6% for Baiga versus 18.1% for non-Baiga individuals. Findings were robust to Firth penalisation.  InterpretationIn this population, antibiotic non-completion was associated with poverty and access constraints rather than only with awareness, and a non-profit provider appeared to reach groups more equitably. Affordability-oriented, differentiated stewardship merits prospective evaluation. Findings are from a single catchment, are associational, and should be interpreted with the studys sampling in mind.  FundingIndian Council of Medical Research.  O_TEXTBOXResearch in ContextO_ST_ABSEvidence before this studyC_ST_ABSWe searched PubMed, Embase, and Google Scholar for studies published up to January, 2026, using terms including ""antimicrobial use"", ""healthcare seeking"", ""tribal"" or ""indigenous"", ""Particularly Vulnerable Tribal Group"", and ""India"", without language restriction. Population-level quantitative evidence on healthcare-provider choice and antimicrobial practices in marginalised indigenous communities in low-income and middle-income countries is scarce; most available data are from qualitative studies or administrative records and rarely separate the effects of poverty, education, and community identity, or compare public, private, informal, and non-profit providers within the same population.  Added value of this studyIn a cross-sectional survey of 1146 adults in a tribal catchment area in central India, Baiga identity (a Particularly Vulnerable Tribal Group) was independently associated with use of informal and private rather than government providers, and with poverty-related, apparently involuntary antibiotic discontinuation, but not with reduced use of a local non-profit provider. Awareness of antimicrobials was very low and was associated chiefly with formal education. These patterns suggest that antibiotic non-completion in this setting is associated with affordability and access constraints rather than only with knowledge.  Implications of all the available evidenceIn comparable settings, stewardship approaches focused only on awareness may be insufficient where non-completion reflects cost and access. Community-based non-profit providers may reach marginalised groups more equitably, although this requires confirmation in studies not anchored to a single providers catchment. Affordability-oriented, differentiated stewardship - including support for course completion - warrants prospective evaluation.  C_TEXTBOX"
2026-06-29,27,10.64898/2026.06.24.26356432,1,"public and global health","Enteric pathogen infections among infants in rural Bangladesh: prevalence, trial impact, and associations with enteric dysfunction and growth.","Müller-Hauser, A. A.; Lambrecht, N. J.; Sobhan, S.; Waid, J. L.; Huda, T. M. N.; Nurjadi, D.; Wendt, A. S.; Rahman, M.; Gabrysch, S.","BackgroundRepeated enteric infections and chronic enteric dysfunction have been associated with undernutrition in children. Interventions that reduce enteric pathogen exposure in young children could thereby improve growth and developmental outcomes. We assessed enteric pathogen prevalence in Bangladeshi infants, the impact of a combined homestead food production and food hygiene intervention on pathogen infections, and associations between pathogen infections, enteric dysfunction markers, and child growth outcomes.  MethodsWe analyzed panel data from 231 children born between April and December 2018 within the Food and Agricultural Approaches to Reducing Malnutrition (FAARM) cluster-randomized trial in Sylhet, Bangladesh. Stool samples were collected at 0-3, 6-8, and 10-13 months of age and assessed for enteric dysfunction biomarkers (myeloperoxidase, alpha-1 antitrypsin, and neopterin) by ELISA and 14 enteric pathogens by multiplex RT-PCR. Diarrhea prevalence was recorded using 7-day recall. Child length and weight were measured at birth and trial endline. Multilevel regression assessed the intervention effect and quantified associations between pathogen exposure, enteric dysfunction, and growth outcomes.  FindingsEnteric pathogen prevalence was high (84%) despite low 7-day diarrhea prevalence (5%), and co-infections were common. There was no intervention effect on the prevalence of enteric pathogens. Shigella spp. and Giardia lamblia were associated with higher myeloperoxidase concentrations, while sapovirus was associated with higher alpha-1 antitrypsin concentrations. Repeated protozoan infections (mainly Giardia lamblia) were associated with lower length-for-age, while repeated viral infections (mainly rotavirus and sapovirus) and Cryptosporidium infections were associated with lower weight-for-height and weight-for-age. There was marginal evidence that bacterial infections were associated with lower length-for-age.  ConclusionThe intervention was insufficient to reduce the high burden of enteric pathogens in infants, and subclinical infections were associated with enteric dysfunction and poorer growth outcomes. Comprehensive strategies addressing all key exposure pathways are needed to limit pathogen infections and their consequences for child development.  Author SummaryInfections of the gut are extremely common in young children in low-income settings and can cause lasting harm even when they do not produce obvious symptoms like diarrhea. In this study, we examined stool samples from infants in rural Bangladesh and found that over 80% carried at least one enteric pathogen at any given time, despite only 5% showing signs of diarrhea. This confirms that the majority of these infections go unnoticed by caregivers and standard health monitoring.  We investigated whether a combined program promoting home gardens, poultry rearing, better child feeding, and improved household food hygiene could reduce these infections, but found no measurable effect on pathogen burden. We found clear links between infection with specific pathogens and both gut inflammation and poorer child growth: protozoan parasites were associated with stunting, while viruses and Cryptosporidium were linked to wasting and underweight.  These findings underscore that visible illness is a poor proxy for pathogen exposure in infants in low-income settings, and that more comprehensive strategies, such as transformative water, sanitation, and hygiene approaches, may be needed to meaningfully reduce the hidden burden of enteric infections and their consequences for child development."
2026-06-29,27,10.64898/2026.06.25.26356625,1,"public and global health","Rethinking wellbeing measurement: learning from a scale development study with adolescents living with HIV in Zimbabwe","Mavhu, W.; Dambi, J. M.; Simms, V.; Martin, F.; Lariat, J.; Mbundure, R.; Makoni, L.; Kafata, L.; Wogrin, C.; Chitiyo, V.; Mutsinze, A.; Cowan, F. M.; Willis, N.; Bernays, S.","Adolescents living with HIV (ALHIV) in Eastern and Southern Africa experience substantial challenges around medication adherence, treatment, care, mental health and wellbeing. Although interventions such as Zvandiri aim to strengthen mental health and wellbeing to impact HIV treatment outcomes, available measures often focus on negative outcomes or rely on positive psychology instruments developed in high-income settings. These tools may not adequately capture culturally embedded, relational and fluctuating dimensions of wellbeing among ALHIV. We describe the development of the Zvandiri Character Strength (ZCS) scale and draw methodological lessons for culturally grounded wellbeing measurement.  The multi-stage scale-development process (2023-2025) comprised a scoping and systematic review, qualitative interviews and focus group discussions, expert panel input, construct and item prioritisation with ALHIV, cognitive interviews, iterative item reduction, and exploratory factor and Rasch analyses. An initial item bank was reduced to a 53-item candidate scale, then to the ZCS 38 and finally ZCS 25, based on quantitative analyses and participant feedback. The ZCS 25 was subsequently assessed using retrospective pretest, post-test and follow-up administration.  The review identified conceptually overlapping positive psychological constructs, many of which are measured using instruments developed in high-income settings and not adequately validated for ALHIV in sub-Saharan Africa. Qualitative work highlighted connectedness, happiness, hope, motivation, optimism, and perseverance as key. In addition, discussions highlighted how wellbeing was relational, contextually situated, and often co-occurring with distress. Quantitative testing showed highly positive responses, disordered thresholds, ceiling effects, weak internal structure and fluctuating retrospective ratings. Participant feedback suggested that positive responses were likely due to affirmations and partly linked to social desirability.  In conclusion, the ZCS scale did not support a single interpretable total score, but the process of its development offers important methodological lessons. Future measurement should begin with clearer construct definition, response-process validation, domain-level testing, and explicit decisions about whether the measure aims to capture lived wellbeing, domain-specific positive outcomes or intervention-relevant change."
2026-06-29,27,10.64898/2026.06.23.26356407,1,"public and global health","Mortality from birth through adolescence: Trends, Determinants, and Insights from a Longitudinal Cohort in Benin","Barry, K. M.; Cruz, M.; Alao, M. J.; Zoumenou, R.; Fermanian, C.; Massougbodji, A.; Bodeau-Livinec, F.","IntroductionDespite substantial global progress, child mortality remains a major public health burden, with sub-Saharan Africa disproportionately affected. In West Africa, deaths from preventable causes remain alarmingly high, yet longitudinal evidence on the rates and risk factors of child mortality in the region is scarce. This study is among the first in Benin to examine child mortality from birth to 14 years in a community-based, longitudinal cohort.  MethodsData originate from the Malaria in Pregnancy Preventive Alternative Drugs (MiPPAD) trial (NCT00811421), an open-label, randomized controlled trial that recruited pregnant women in their second trimester across four sub-Saharan African countries between September 2009 and December 2012. This analysis uses data from 1183 women enrolled at three health centers in the semi-rural Allada district of Benin, with offspring follow-up at 1, 9, and 12 months, 6 years, and 13-14 years.  ResultsAmong 1093 live births, 99 deaths were recorded between birth and 14 years of follow-up, alongside 44 stillbirths and 10 spontaneous abortions. The majority of deaths occurred within the first six years of life: 22 (22.2%) in the neonatal period, 34 (34.3%) between 28 days and 12 months, and 37 (37.4%) between one and six years, with only 6 (6.1%) deaths between six and 14 years. Respiratory distress was the predominant cause of neonatal death (81%), with half of those babies having low birthweight (<2500 g). Beyond 28 days, malaria became the leading cause, accounting for 45% of deaths between 28 days and 14 years. In adjusted analyses, having a previous live birth was associated with reduced overall mortality (RR 0.52, 95% CI 0.29, 0.94) while low birthweight (<2500 grams) was associated with elevated risk (RR 2.32, 95% CI 1.44, 3.73).  Discussion and ConclusionsChild mortality in this semi-rural Beninese cohort was concentrated in early life and driven primarily by respiratory distress in the neonatal period and malaria thereafter. These findings underscore the need for strengthened neonatal care infrastructure, expanded preterm birth support, and scaled-up malaria prevention strategies targeting young children -- priorities critical for advancing progress toward SDG 3.2 in West Africa.  FundingThis study was funded by the European Developing Countries Clinical Trials Partnership (EDCTP; IP.2007.31080.002) and by the Fondation de France (grant number 00060746 2015). The funders of the study had no role in the study design, data collection or analysis, decision to publish, or preparation of the manuscript."
2026-06-29,27,10.64898/2026.06.23.26356408,1,"public and global health","Microbiological Quality of Weaning Foods and Hygiene-Related Risk Factors in Peri-Urban, Lusaka Zambia","Chipungu, J.; Ngosa, D.; Bick, S.; Davies, K.; Mwila-Kazimbaya, K.; Sharma, A.; Braun, L.; Chilengi, R.; Knee, J.; Dreibelbis, R.","Food contamination contributes to 40% of childhood diarrhoea cases globally. It occurs when pathogens are transmitted from faecal matter to food through the faecal oral route. Food hygiene can prevent food contamination and improve the microbial quality of weaning foods in domestic settings. However, context specific evidence is needed to identify risk factors associated with food contamination, especially in complex low-income communities. Our study used a modified Hazard Analysis Critical Control Point approach to assess the quality of weaning foods and identify associated risk factors in a low income setting of Lusaka, Zambia. We enrolled 60 caregivers of children aged <1 year who had begun complementary feeding and collected data on household characteristics and food hygiene behaviours using surveys and structured observations. We collected samples of complimentary foods prepared for the child and tested them for Escherichia coli (E. coli) using the IDEXX Colilert-18 method. Multivariable logistic regression was performed to determine risk factors associated with food contamination. Of 59 food samples, 17 (29%) were contaminated with E. coli. Porridge (AOR = 0.04; 95% CI: 0.01, 0.28; p = 0.001) and non-animal source foods (AOR = 0.11; 95% CI: 0.02, 0.69; p = 0.019) were associated with lower odds of contamination compared with animal source foods. Heating of food was also associated with lower odds of contamination but was not significant. Food hygiene behaviours including utensil and surface cleaning were seldom practiced (17% and 15%, respectively), and handwashing with soap before food preparation was not practiced. Our study identifies the microbiological risk associated with animal source foods and the potential health risk posed to weaning children. Nutrition guidelines should take into consideration this risk as programs promote an increased uptake of animal source foods in child diets."
2026-06-29,27,10.64898/2026.06.24.26356477,1,"public and global health","A strengths-based, participatory qualitative exploration of digital information access and critical health literacy among culturally and linguistically diverse communities in Australia","Muscat, D. M.; Mustapha-Khodragha, N.; Wong, M.; Trisnasari, S.; Talla, G.; Rizkyanti, F.; Ng, S.; Kapoor, G.; Khalid, S.; Rigby, L.; Sourour, N.; Peri, B.; Nguyen, T. M.; Mac, O.; Lim, H. M.; McCaffery, K.; Ayre, J.","As the volume of online health information expands, critical health literacy is increasingly positioned as a key resource for navigating the contemporary ""infodemic"". This qualitative study examines how multi-lingual adults from diverse migrant backgrounds in Australia access and appraise online health information. Grounded in a participatory action research approach, bilingual community co-researchers (n=11), collectively speaking eight languages other than English, were embedded across all stages of the research. Semi-structured interviews with 55 participants were conducted in participants preferred languages. Underpinned by a critical realist epistemology and a strengths-based approach, we undertook an iterative, inductive Framework analysis. We constructed two themes (comprising 7 subthemes): (1) Navigating ""a jungle"" and (2) ""Its always a mix of trust and scepticism"". Our findings suggest that culturally and linguistically diverse communities are required to navigate demanding information environments characterised by an overwhelming volume of online health content, much of it not tailored to diverse language needs or literacy levels and drawn from sources that are often difficult to verify. Notwithstanding these structural challenges, our strengths-based analysis identified a repertoire of practices through which participants worked to locate understandable information and distinguish credible sources from misinformation. AI tools emerged as a resource in this process, operating as an extension of participants own cognitive and linguistic work to simplify and synthesise complex information, but positioned ambivalently within credibility practices. These findings have implications for the development of culturally responsive health literacy resources that build on the existing capacities of culturally and linguistically diverse communities."
2026-06-29,27,10.64898/2026.06.24.26356481,1,"infectious diseases","Operating characteristics of analysis methods for clinical trials in viral respiratory disease: A simulation study protocol","Schwenke, J. M.; Herkner, F.; Kayembe, M. T.; Olsen, I. C.; Briel, M.; König, F.","Acute viral respiratory infections (ARVIs) are a major cause of hospitalization and death worldwide, yet randomized clinical trials in this setting face substantial challenges in selecting efficient and clinically meaningful primary endpoints. Mortality is often too infrequent to serve as a feasible primary endpoint. Several alternative approaches have been proposed, including ordinal scales, time-to-event endpoints, recovery-based composite outcomes, and longitudinal ordinal models. However, their comparative operating characteristics under realistic ARVI disease courses remain insufficiently understood. We describe a simulation study to compare the type I error and power of commonly used and recently proposed endpoints and analysis strategies for two-arm randomized trials in hospitalized participants with ARVIs. Data will be generated under several mechanisms designed to mimic plausible participant trajectories, including a latent Brownian motion process, a first-order ordinal Markov process, a latent recurrent-event process with frailty, and resampling from individual participant data from the ACTT-2 trial. Simulated outcomes will use 4-, 6-, and 8-level ordinal severity scales and will reflect moderately and severely ill populations, follow-up horizons of 28 or 60 days, varying treatment effects, and sample sizes. Methods to be compared include Markov ordinal state transition models, proportional-odds models at a fixed time point, days-to-recovery scale analyses, Cox models for time-to-event endpoints, logistic regression for binary endpoints, generalized pairwise comparisons for hierarchical composites, and t-tests for days alive and out of hospital. This study will provide a systematic comparison of endpoint definitions and analysis methods for ARVI trials under clinically motivated data-generating mechanisms. The results are intended to inform the selection of feasible, interpretable, and statistically efficient primary analysis strategies for future trials in viral respiratory disease."
2026-06-29,27,10.64898/2026.06.25.26356514,1,"infectious diseases","Proliferative Arachnoiditis and Vasculitis in Central Nervous System Tuberculosis: A Retrospective Analysis of Clinical Features and Outcomes from a Tertiary Centre in India","Sengupta, A.; Sarmah, R.; Mandal, A.; Rao Kordcal, S.; Agarwal, A. K.; Vyas, S.; Kumar, A.; Ray, A.; Nischal, N.; Soneja, M.; Wig, N.","STUDY ABSTRACTO_ST_ABSPurposeC_ST_ABSCentral nervous system tuberculosis (CNS TB) presenting with vasculitis or arachnoiditis causes significant morbidity and mortality. The purpose of this study was to characterise the clinical spectrum and outcomes of patients diagnosed with TB arachnoiditis and TB-associated CNS vasculitis  MethodsA retrospective study was conducted between October 2020 and September 2023, screening patients admitted with suspected CNS TB to a tertiary care hospital. Patients diagnosed with proliferative arachnoiditis, and TB-associated CNS vasculitis were recruited. Their clinical details, follow-up records, and outcomes were assessed.  ResultsAmong 318 patients admitted with suspected CNS TB, 87 patients had complications, with follow-up data available for 69 patients. Vasculitis, spinal arachnoiditis (SA), and optochiasmatic arachnoiditis (OCA) was diagnosed in 66 (76%), 41 (47%), and 26 (30%) patients respectively. Median duration of follow-up was 490 days. Median mRS at discharge was 4. 18 (69%) OCA patients and 14 (35%) SA patients received pulse methylprednisolone. Intrathecal hyaluronidase was administered in 14 patients and thalidomide was given to 9 patients. 30 (46%) patients with vasculitis were treated with aspirin. 69 patients completed follow-up, 49% died. Among the remaining, 88.6% had improvement with treatment with a median mRS of 2 (1-3). Among patients with OCA, 3(23.1%) showed complete improvement with a median improvement of 3 points on Likert scale. In the SA patients, 19 (55.9%, 34) patients were alive on follow-up, with a median mRS of 1. Aspirin use was not associated with better mRS or survival in patients with vasculitis. A multivariable Cox proportional model showed age at diagnosis to be the only predictor of mortality (HR 1.04, 95% CI (1.01-1.08), p =0.012).  ConclusionsTB arachnoiditis and CNS vasculitis are severe complications of CNS TB, and management remains a challenge. The poor therapeutic response to intrathecal hyaluronidase, thalidomide, and aspirin highlights need for further larger prospective trials and search for alternative agents."
2026-06-29,27,10.64898/2026.06.26.26356655,1,epidemiology,"Spatial structure and demographic decoupling of chikungunya transmission and severity in Brazil, 2015 to 2025","Zhang, Q.; Souza Campos, F.; Vieira Santos de Abreu, F.; de Souza, W. M.; Chen, S.; Bento, A. I.","Brazil bears one of the largest chikungunya burdens in the Americas (more than 1{middle dot}2 million confirmed cases since 2014), and the 2024-25 wave expanded further south than any prior outbreak. IXCHIQ entered Sistema Unico de Saude (SUS) deployment in February 2026 despite an August 2025 US FDA biologics license suspension over serious adverse events in adults aged 60 years and older; regulatory authorities in the EU (EMA), Brazil (ANVISA), and Canada maintained licensing with revised prescribing guidance requiring individual benefit-risk assessment. Evidence to guide rollout targeting is lacking.  We analyzed 1,235,424 confirmed chikungunya cases reported to Sistema de Informacao de Agravos de Notificacao SINAN (2015-2025) across 5,570 municipalities. A Bayesian hierarchical spatiotemporal model quantified spatial structure and persistence of transmission across municipalities, controlling for national arboviral co-circulation trends. Disease progression was assessed with Cox models stratified by age and sex. Municipal 2024-25 incidence rate ratios and proportions aged 65 years or older (tertiles) defined transmission-control, clinical-preparedness, and combined-priority municipalities.  Transmission epicenters shifted from the Northeast (2016-17) to the Central-West (2024-25; peak municipality IRRs >2{middle dot}7x the national median); clustering and seasonality persisted. Cases concentrated among adults aged 25 to 55, while post-hospitalization mortality rose steeply with age (HR 10{middle dot}57, 95% CI 7{middle dot}64-14{middle dot}62 for ages 80 years and older versus adults aged 20 to 29). Males had faster progression to hospitalization (HR 1{middle dot}26) and death (HR 1{middle dot}76, onset to death) despite fewer notifications. The Central-West led transmission yet had lower case fatality among hospitalized cases (3{middle dot}54%, 81 deaths out of 2,285 hospitalized) than the Southeast (4{middle dot}95%, 163 deaths out of 3,291 hospitalized), reflecting demographic rather than purely clinical differences between regions. A municipality-level allocation framework classified 832 municipalities as transmission-control priority (high recent transmission, younger population; predominantly Central-West), 832 as clinical-preparedness priority (lower transmission, older population; predominantly Southeast and South), and 461 as combined-priority (high on both dimensions; predominantly Northeast and Southeast)."
2026-06-29,27,10.64898/2026.06.26.26356652,1,"pharmacology and therapeutics","Efficacy inference in early-phase non-controlled clinical trials via Bayesian biomarker deconvolution","Humphries, C.; Kilpatrick, A. M.; Cartwright, J. A.; Potter, C.; Fernando, A. J.; Candela, M. E.; Man, J.; Aird, R.; Simpson, K. J.; Lyall, M. J.; Starkey Lewis, P.; Rodriguez, A.; Weir, C. J.; Dear, J. W.; Forbes, S. J.; Schumacher, L. J.","Early-phase clinical trials of therapies for acute organ injury are typically small, uncontrolled, and must infer treatment activity using only tissue-damage biomarker changes over time. Interpretation is confounded by the temporal overlap of ongoing tissue damage and biomarker clearance. We address this with a Bayesian deconvolution framework that fits individual patient biomarker trajectories with an exponentially-modified Gaussian model. This model separates injury kinetics (peak release rate, injury duration, time to peak) from biomarker clearance, using a historic cohort as a null distribution. In a simulated phase 1 dose-escalation regenerative therapy trial, the framework reduces the minimum detectable treatment effect from 67.5% to 24.5% (a 2.76-fold improvement) and supports dose selection. Applied to published case-series data for another therapeutic, the framework recovers per-patient pharmacodynamic signatures consistent with pre-clinical mechanistic studies and supports smaller prospective clinical trial design. With indication-specific recalibration, the framework architecture conceptually transfers to other acute organ injuries where serum biomarkers reflect tissue damage. This offers a route to significantly reducing clinical trial sizes, supporting therapy dose-finding in non-controlled clinical trials, and identifying pharmacodynamic signatures."
2026-06-29,27,10.64898/2026.03.27.26349525,2,"infectious diseases","High risk of hypoxemic COVID-19 pneumonia in myasthenia gravis patients with type I IFN autoantibodies","Gervais, A.; Marchal, A.; Maillard, A.; Le Voyer, T.; Rosain, J.; Philipot, Q.; Bizien, L.; Peel, J.; Cederholm, A.; Migaud, M.; Pons, S.; Saker, K.; Laforet, P.; Aubart, M.; Gitiaux, C.; Biggs, C.; Leon Lopez, R.; Souvannanorath, S.; Tard, C.; Nadaj Pakleza, A.; Grapperon, A.-M.; Heming, N.; Annane, D.; Verschueren, A.; Attarian, S.; Bigaut, K.; Hankiewicz, K.; Kouton, L.; Villar-Quiles, R.-N.; Cauquil, C.; Fleury, M.-C.; Rocher, E.; Nicolas, G.; de Paula Estephan, E.; da Penha Ananias Morita, M.; Zanoteli, E.; Saied, Z.; Rachdi, A.; Rim, A.; Belal, S.; Ben Sassi, S.; Hubers, A.; Faure, E.; D","Patients with myasthenia gravis (MG) may produce autoantibodies neutralizing type I interferons (AAN-I-IFN), which underlie severe viral diseases, including critical COVID-19 pneumonia, in patients without MG. We studied an international cohort of 85 unvaccinated SARS-CoV-2-infected MG patients not given antiviral treatment. Hypoxemic pneumonia occurred in 48 of these patients, including 22 (45.8%) with AAN-I-IFN, which neutralized both IFN-2 and IFN-{omega} in 14 (29.2%) patients. Six (16.2%) of the remaining 37 patients had AAN-I-IFN, neutralizing both IFN-2 and IFN-{omega} in three patients. The risk of hypoxemic pneumonia was greater in MG patients with AAN-I-IFN neutralizing 10 ng/mL of both IFN-2 and IFN-{omega} (odds ratio and 95% confidence interval (OR [95% CI]): 12.7 [2.1-78.9], p=0. 0010) or IFN-2 at any dose (OR [95% CI]: 4.7 [1.5-15.0], p=0.0054) than in those without such autoantibodies. The risk of producing AAN-I-IFN was much higher in MG patients than in the general population (OR [95% CI]: 28.9 [10.8-77.7], p=4.9x10-27). Thymoma was found in 14 patients and increased the risk of AAN-I-IFN (64% versus 27%, (OR [95% CI]: 5.6 [1.6-19.4], p=0.0050) and hypoxemic pneumonia (9.2 [1.9-44.2]; p=0.0019). Thymoma is, thus, associated with a higher risk of producing AAN-I-IFN, which are, in turn, associated with a higher risk of developing life-threatening COVID-19 pneumonia in patients with MG.  Significance StatementPatients with myasthenia gravis (MG) have a higher risk of developing life-threatening COVID-19 pneumonia. In an international cohort of unvaccinated, untreated SARS-CoV-2-infected MG patients, we found that autoantibodies neutralizing type I interferons (AAN-I-IFN) were strongly associated with severe hypoxemic pneumonia. Thymoma further increased the risk of both AAN-I-IFN and severe disease. These findings suggest the existence of a critical immunological mechanism that could guide risk stratification and targeted interventions for MG patients during viral infections, such as COVID-19."
2026-06-29,27,10.64898/2026.06.26.26356648,1,epidemiology,"Adaptive multi-model ensembles for improved epidemic projections and decision support","Fiandrino, S.; Paolotti, D.; Bay, C.; Chinazzi, M.; Davis, J. T.; Bents, S. J.; Perofsky, A. C.; Turtle, J. A.; Riley, P.; Ben-Nun, M.; Moore, S. M.; Perkins, A.; Camargo Espana, G. F.; Srivastava, A.; Aawar, M. A.; Bandekar, S. R.; Bi, K.; Bouchnita, A.; Fox, S. J.; Meyers, L. A.; Venkatramanan, S.; Porebski, P.; Adiga, A.; Lewis, B.; Marathe, M.; Haghpanah, F.; Klein, E.; Loo, S. L.; Jung, S.-m.; Smith, C. P.; Contamin, L.; Hochheiser, H.; Carcelen, E. C.; Howerton, E.; Shea, K.; Yan, K.; Runge, M. C.; Viboud, C.; Pearson, C. A. B.; Truelove, S. A.; Lessler, J.; Borchering, R.; Biggerstaff, ","In recent years, the use of multi-model ensemble projections in infectious disease modeling has become an established methodological approach to account for and integrate across uncertainties and structural differences present in individual models. However, the creation of long-term ensemble projections through these coordinated efforts is resource-intensive, demanding the input of multiple research teams and substantial computational power. This typically limits the ability to refine projections, update the selection of plausible epidemic trajectories, or expand the number of scenarios that can be assessed, even as new empirical data become available. To address this challenge, we define an adaptive ensemble approach that, analogously to a multi-model particle filtering method, dynamically selects individual model trajectories based on observed data throughout the epidemic projection period. We demonstrate the effectiveness of this methodology using the U.S. Flu Scenario Modeling Hub (SMH) projections for influenza hospitalizations in the United States during the 2023-2024 and 2024-2025 winter seasons. Our findings show that the adaptive ensemble yields improved predictive accuracy with respect to the original SMH ensemble projections across several scoring rules and geographical resolutions. Furthermore, the adaptive ensemble approach offers two additional applications: i) the dynamic assignment of posterior probabilities to epidemic scenarios, identifying the most plausible scenario, and representing how reality is captured by a combination of scenarios, and ii) the potential use for short-term forecasting. The adaptive ensemble approach is able to identify the most likely scenarios for the 2023-2024 and 2024-2025 U.S. influenza seasons, even in the early stages of the epidemic. It outperforms, retrospectively, a baseline model in short-term forecasting of influenza hospitalizations in the United States during the two seasons across various horizons and scoring rules, showing potential to contribute to real-time collaborative forecasting challenges such as CDCs FluSight. The proposed approach offers an efficient or low-resource strategy to increase the impact of multi-model epidemic projections by providing real-time support to modeling teams, public health authorities, and decision-makers."
2026-06-30,27,10.64898/2026.06.25.26356562,2,epidemiology,"Emergence and co-circulation of Monkeypox virus Clade Ia and Clade Ib in South Kivu, Democratic Republic of the Congo, January to May 2026","Murhula, L.; Udahemuka, J.; Nieuwenhuijse, D. F.; Chasinga, B.; Sindayiheba, R.; Schuele, L.; Cassidy, H.; Bacon Benimana, F.; Chigabo, A.; Bihando, J.; Nzigire Barhatwira, G.; Bengehya Mbiribindi, J.; Ndoli Minega, J.; Lang, T. A.; Lulihoshi Willy, K.; Ngabo, P.; Mitchell, S.; Gortazar, C.; M. Aarestrup, F.; Bahizire, E.; Koopmans, M.; Oude Munnink, B.; Ndishimye, P.","In September 2023, the first infections with a novel lineage of mpox were detected in South Kivu. Since then, the virus has spread regionally, nationally and internationally. As part of continued efforts to understand the mpox ecology and epidemiology, the South Kivu district of public health and partners have set up systematic case finding and follow-up, including strain characterisation through PCR and sequencing. Samples were collected from 595 hospitalized patients with a confirmed mpox virus infection. A clade differentiating RT-PCR showed that 545 (92%) of samples were positive for clade Ib but also - remarkably- that Clade Ia infections were diagnosed for the first time in South Kivu. First detected in cases in week 7 in Kamituga, 50 cases were identified over the whole study period (8,40% of all cases). Phylogenetic analysis of initial cases revealed introductions of clade Ia into the South Kivu province alongside the continuation of the clade Ib mpox virus outbreak. These findings underscore the increasing complexity of clade I mpox virus outbreaks in the DRC."
2026-06-30,27,10.64898/2026.04.09.26350527,3,epidemiology,"Detection of Measles Virus RNA in Wastewater: Monitoring for Wild-Type and Vaccine-Derived Strains in a National Preparedness Trial","Ahmed, W.; Gebrewold, M.; Verhagen, R.; Koh, M.; Gazeley, J.; Levy, A.; Simpson, S.; Nolan, M.","Wastewater surveillance (WWS) is established as a vital tool for monitoring polio and SARS-CoV-2 with potential to improve surveillance for many other infectious diseases. This study evaluated the feasibility of detecting measles virus (MeV) RNA in wastewater as part of a national WS preparedness trial in Southeast Queensland, Australia, from March to June 2025. Composite and passive sampling methods were employed in parallel at three wastewater treatment plants serving populations between 230,000 and 584,000. Nucleic acids were extracted and analyzed using RT-qPCR targeting MeV N and M genes to distinguish wild-type and vaccine strains. MeV RNA were detected in both 24-hour composite and passive samples on May 26-27, 2025 from the largest catchment of 584,000 which also included an international airport. No measles cases were reported in this city or region within 4 weeks of the WS detections. These were confirmed as vaccine-derived measles virus (MeVV) strain via specific RT-qPCR assay. Extraction recoveries varied (11.5%-70.5%), with passive sampling showing higher efficiency. This is the first report of use of passive samples for detection of MeV. These findings are consistent with other studies reporting WWS results of both MeVV genotype A and wild type genotype B and/or D. It demonstrates the potential for sensitive MeV WWS with rapid differentiation of MeVV from wild type MeV shedding, including in airport transport hubs and with different sample types. Use of WWS could strengthen measles surveillance by enabling rapid detection of MeV RNA and supporting outbreak preparedness and response. This requires optimised methods which are specific to or differentiate wild-type MeV from MeVV. Furthermore, the successful detection of MeV using passive sampling in this study highlights its potential for deployment in diverse global contexts which may include non-sewered settings."
2026-07-01,27,10.64898/2026.06.29.26356841,1,"public and global health","Moving Beyond the 'Pro' or 'Anti' Binary: Insights into Vaccination Attitudes and Behaviour, with a Case Study from a London, UK Survey","Green, N.; Rotous, I.; Hawkings, Y.-R.","BackgroundResponses to vaccination programmes vary widely, with contrasting perceptions of benefits and harms. This study aimed to provide a contemporary characterization of distinct groups of respondents by moving past traditional  pro versus  anti vaccination binaries. The results captured the complex spectrum of vaccine sentiment to directly inform the next strategic phases of a multi-year public health campaign regarding vaccine perceptions and behaviours within the diverse population of London.  MethodsData came from the 2024 Why We Get Vaccinated survey conducted in London, UK using a community-based participatory approach. Participants answered vaccine-related questions based on previous vaccine uptake, future willingness to vaccinate (WTV), perceived effectiveness, and safety concerns. We employed Bayesian Binomial logistic regression to identify sociodemographic predictors of individual responses. Subsequently, a Bayesian Nonparametric Latent Class Analysis (BNP-LCA) using a Dirichlet Process Mixture model was used to identify distinct groups and their sociodemographic compositions.  ResultsThe LCA identified five distinct classes. Class 1, the Consistent Uptakers (37.2%), exhibited high vaccine uptake (89.2%) and near-universal belief in efficacy (98.0%) with minimal safety concerns. Class 2, the Concerned Uptakers (17.5%), maintained high WTV (72.2%) despite significant concerns regarding adverse effects (71.2%). Class 3, the Consistent Refusers (18.4%), demonstrated uniform rejection of vaccines and high levels of safety concern (74.4%). Class 4, the Unconcerned Refusers (20.8%), acknowledged vaccine effectiveness (98.4%) but showed very low uptake (1.7%), possibly due to low perceived personal risk rather than active resistance. Class 5, the Undecided/Uninformed (6.0%), was characterized by pervasive uncertainty and ""Dont Know"" responses regarding efficacy (80.3%) and vaccination intent. Sociodemographic analysis revealed that residential instability, i.e renting, and caregiving responsibilities were significant barriers to uptake, while older age and retirement were the strongest positive predictors.  ConclusionsVaccine behaviour and attitudes in London are a multidimensional construct. The discovery of ""Unconcerned Refusers"" and ""Concerned Uptakers"" highlights that ""one-size-fits-all"" public health campaigns may not be effective. Tailored public health messaging is required to address the specific uncertainties and socio-economic barriers identified across these distinct profiles. These findings provide a functional framework that will directly guide upcoming resource allocation, messaging adaptations, and policy decisions for the next iterations of the ongoing campaign."
2026-07-01,27,10.64898/2026.06.29.26356826,1,"infectious diseases","Diagnostic Utility of Endotracheal Aspirate Galactomannan for Invasive Pulmonary Aspergillosis in ICU Patients","Kumar, R.; Gupta, A.; Kumar, A.; Rao Kordcal, S.; Baitha, U.; Singh, G.; Xess, I.; Madan, K.; Soneja, M.; Wig, N.","BackgroundInvasive pulmonary aspergillosis (IPA) is a serious infection in critically ill patients. Galactomannan detection in endotracheal aspirates (ETA) has emerged as a promising non-invasive diagnostic method. This study evaluates the supportive diagnostic value of ETA galactomannan in ICU patients suspected to have IPA.  MethodsWe conducted a prospective observational cohort study over two years, enrolling 120 patients in the medicine ICU at a tertiary care centre in India (January 2022 to October 2023). Patients aged over 14 years on mechanical ventilation for >48 hours meeting the entry criteria of the BM-AspICU algorithm were included. ETA galactomannan was measured and correlated with IPA classification.  ResultsOf 120 patients, 37% (n=44) had probable IPA and 63% (n=76) were classified as colonisers or possible IPA. The optimal ETA galactomannan cut-off was 1.097, yielding sensitivity 72.73% (95% CI 57.2-85.0%), specificity 84.2% (95% CI 74.4-90.7%), PLR 4.86, NLR 0.35, and AUC 0.844  ConclusionETA galactomannan supports IPA diagnosis with favourable sensitivity and specificity. However, given the limitations of clinical scoring-based reference standards and the potential plateau in colonizer reduction at higher cut-offs, it should be integrated into a comprehensive diagnostic approach incorporating clinical, radiological, and microbiological criteria."
2026-07-01,27,10.64898/2026.06.29.26356894,1,"infectious diseases","Early Mucosal Type II Interferon Limits SARS-CoV-2 Replication in Humans","Winnett, A. V.; Tabachnikova, A.; Chen, J.; Greene, K.; Romano, A. E.; Pei, X. P.; Cooper, M. M.; Silva, J.; Carter, A. M.; Jiang, J.; Kong, Y.; Roos, M.; Middle, C.; Zhang, H.; Thomson, M.; Booher, K.; Kuersten, S.; Iwasaki, A.; Ismagilov, R. F.","COVID-19 vaccines markedly reduce disease severity, but their ability to block infection and transmission remains limited and variable.1 A better understanding of early mucosal immune programs that constrain viral replication at susceptible upper respiratory sites is needed to develop more effective antiviral strategies. However, temporal and anatomical antiviral dynamics are difficult to resolve without longitudinal, paired-site sampling beginning before infection onset. We quantified longitudinal viral load by RT-qPCR and human gene expression by mRNA sequencing in 1,237 samples prospectively collected daily from the nasal cavity, oral cavity, and oropharynx of 16 individuals starting from the onset of naturally acquired SARS-CoV-2 infection, and 16 age-, sex-, and vaccination-matched uninfected individuals. Here we show that Type I interferon (IFN) responses are initiated concurrently across these upper respiratory sites, even before local viral detection. In contrast, Type II IFN initiation is more spatially variable, and earlier nasal Type II IFN initiation is associated with reduced viral replication, prior COVID-19 vaccination, and higher tissue-resident memory T cell (TRM) signature expression. These findings demonstrate that in addition to humoral immunity, prior vaccination primes rapid, inducible mucosal Type II IFN responses, likely mediated by rare TRM upon viral encounter, to limit viral replication and spread.  ONE SENTENCE SUMMARYUsing a unique study design with temporally-dense, paired sampling of the oral cavity, nasal cavity and oropharynx from the onset of naturally acquired human SARS-CoV-2 infection, we demonstrate that Type I IFN responses are initiated synchronously in the upper respiratory mucosa during early infection, whereas the timing of Type II IFN response initiation is asynchronous but earlier initiation is associated with prior COVID-19 vaccination, enhanced tissue-resident memory T cells signatures, and reduced local viral replication.  Graphical Abstract.Among participants who prospectively collected daily, paired specimens from multiple upper respiratory anatomical sites while enrolled in a case-ascertained COVID-19 household transmission study conducted in Los Angeles, California between September 2020 and April 2022, a subset of participants were found to initially be negative upon enrollment but later became positive for SARS-CoV-2. These were defined as Cases of naturally acquired, incident SARS-CoV-2 infection, and for whom age, sex, and prior COVID-19 vaccination status matched Control participants without SARS-CoV-2 infection were identified, and demographic data is shown. Samples underwent viral load quantification by RT-qPCR, validated by RT-ddPCR, and human transcriptome sequencing to calculate immune pathway activation and determine the timing of Type I and II IFN response initiation, and expression of a tissue resident memory T cell (TRM) signature. Differences in the magnitude and timing of these pathways were compared by vaccination status, and by subsequent viral RNA shedding to identify mucosal immune correlates of reduced viral replication. Created in https://BioRender.com.    O_FIG O_LINKSMALLFIG WIDTH=183 HEIGHT=200 SRC=""FIGDIR/small/26356894v1_ufig1.gif"" ALT=""Figure 1000""> View larger version (61K): org.highwire.dtl.DTLVardef@269856org.highwire.dtl.DTLVardef@1db6c8corg.highwire.dtl.DTLVardef@b36168org.highwire.dtl.DTLVardef@c02dac_HPS_FORMAT_FIGEXP  M_FIG C_FIG"
2026-07-01,27,10.64898/2026.06.24.26356242,1,"infectious diseases","Low birthweight neonates and those with long hospital stays are most at risk of antimicrobial-resistant Klebsiella pneumoniae infection in Malawi: implications for antibiotic prescribing","Mzengo, T.; Pearse, O.; Zuza, A.; Chimenya, M.; Cornick, J.; Lissauer, S.; Jewell, C.; Kawaza, K.; Feasey, N.","Research in ContextO_ST_ABSEvidence before this studyC_ST_ABSWe searched PubMed for studies published between Jan 1, 2015, and Dec 31, 2025, using combinations of the terms ""Klebsiella pneumoniae"", ""neonate"", ""young infant"", ""bloodstream infection"", ""sepsis"", ""risk factors"", and ""sub-Saharan Africa"". Only seven studies were identified. These studies were identified in South Africa, Tanzania, and Ethiopia. They have identified Gram-negative bacteria, including Klebsiella pneumoniae, as important causes of neonatal bloodstream infections and mortality. Previous work has described the epidemiology, antimicrobial resistance profiles, and outcomes of neonatal bloodstream infections, highlighting the increasing burden of multidrug-resistant and extended-spectrum {beta}-lactamase-producing organisms.  Studies have also identified risk factors for neonatal sepsis, including prematurity, low birthweight, healthcare exposure, and invasive procedures. However, no studies in Sub-Saharan Africa have specifically examined risk factors for Klebsiella pneumoniae infection among infants younger than 3 months of age. Furthermore, most available studies have focused on clinical outcomes, antimicrobial resistance, or transmission pathways rather than determinants of Klebsiella pneumoniae infection. Data from sub-Saharan Africa remain limited, particularly for young infants in high-burden settings. To our knowledge, no validated risk prediction tools are available to identify infants at increased risk of Klebsiella pneumoniae infection, and there is limited evidence linking risk stratification approaches to targeted treatment or management strategies. No such data have been reported from Malawi.  Added value of this studyThis study investigated risk factors associated with Klebsiella pneumoniae infection among infants younger than 3 months of age in Malawi. We identified factors independently associated with Klebsiella pneumoniae infection in early infancy, and we quantified the risk of neonates getting these Klebsiella pneumoniae infections, and this was done in a setting where rapid microbiological diagnosis is often unavailable. We also linked risk prediction to potential clinical management by evaluating antibiotic susceptibility patterns and identifying antibiotic regimens that may be appropriate for infants classified as being at high risk of Klebsiella pneumoniae infection. Our findings provide evidence from a high-burden African setting where data on pathogen-specific risk prediction and treatment guidance remain scarce.  Implications of all the available evidenceTogether with existing evidence, our findings provide further evidence that neonatal sepsis in African settings is commonly healthcare associated and antimicrobial resistant. Antimicrobial stewardship is not simply about restriction to unnecessary therapy, but also enabling access where it has the potential to be life-saving. Neonates do not have the physiological reserve to wait for antimicrobial therapy to be tailored to a blood culture result. Early identification of infants with clinical suspicion of sepsis that are at increased risk of Klebsiella pneumoniae infection could support more targeted clinical management and reduce mortality due to Klebsiella pneumoniae and improve antimicrobial stewardship in high-burden settings.  BackgroundKlebsiella pneumoniae (Kpn) is a major cause of neonatal sepsis in Africa. 3rd-generation cephalosporin and gentamicin resistant Kpn is the norm in many sites, rendering WHO-recommended first- and second-line antimicrobials ineffective. An understanding of which neonates and infants are most at risk of sepsis caused by Kpn would support the case for improved access to WHO watch and reserve antimicrobials (i.e. carbapenems) for patients most likely to benefit from them.  MethodsA prospective case-control study was conducted at Queen Elizabeth Central Hospital, Malawi. Cases were infants <3 months of age with blood or CSF culture-confirmed Kpn infection. Controls were healthy infants from the same wards and were matched 2:1. Univariate and multivariate logistic regression were performed on mean-centred data to determine risk factors for infection with Kpn.  ResultsWe analysed data from 38 cases and 76 controls between [insert dates]. Mortality at 3 months of age was 21/38 (29%) for cases, with 14/38 (37%) identified postmortem and 6/76 (7.9%) for controls (OR 14.0 (95% CI 4.59, 49.2, p>0.001). Cases were more likely to be born out of QECH than controls (42% vs. 24%, p = 0.043), and cases had lower birthweights (median 2200g vs. 2850g, p = 0.005). Multivariate logistic regression analysis revealed that increasing birthweight was protective against Kpn infection (OR: 0.858 [95% CI: 0.745-0.987] per 100g increase), while longer hospital stay was associated with increased odds of infection (OR: 1.148 [95% CI: 1.012-1.1.303] per additional day). Most infecting isolates (34/38 [89%]) were resistant to first- and second-line antimicrobial agents, but all were sensitive to meropenem and 33/36 [92%] to amikacin.  ConclusionLow birthweight infants with prolonged hospital stay were at greatest risk of Kpn infections that were typically resistant to WHO first- and second-line antimicrobial therapy. These infants should be prioritised for antibiotics that have the potential to be life-saving. The overlapping and evolving nature of these risk factors makes it difficult to design a simple tool to support empiric initiation of meropenem. Neonates critically ill with Kpn sepsis cannot, however, afford to wait for blood culture-confirmation before receiving effective treatment. This highlights the need for empiric decision-making frameworks that allow rapid initiation of effective therapy in high-risk neonates."
2026-07-01,27,10.64898/2026.06.27.26356737,1,"infectious diseases","Landscape of non-SARS-CoV-2 respiratory virus sequence data in Africa","Kwok, K.; Mojsiejczuk, L.; Hughes, J.; da Silva Filipe, A.; Ho, A.","11.1 BackgroundSequencing capacity in Africa greatly expanded during the COVID-19 pandemic. However, the availability of sequence data for non-SARS-CoV-2 respiratory viruses in the region remains uncertain. We systematically analysed sequence data from GenBank, GISAID and Pathoplexus for 12 non-SARS-CoV-2 respiratory virus groups from Africa and compared Africas genomic record availability with global genomic datasets. We further examined global genomic sequences to identify virus-specific patterns that could inform respiratory virus monitoring eborts in Africa.  1.2 ResultsIn Africa, the most sequenced virus was respiratory syncytial virus (RSV) (n=15,452), followed by influenza A virus (IAV) (n=10,900) and rhinovirus (n=4,774), when all sequences, including partial ones, were considered. Kenya and South Africa together contributed more than 60% of African respiratory virus sequences, while 30% of African countries submitted none. Within the global dataset of near-complete genomes, IAV was the most sequenced virus in Africa, consistent with global trends. However, Africa contributed the second-lowest number of genomes per million population among all world regions, exceeding only Asia.  Substantial diberences in relative genetic diversity were observed across viruses. Cytomegalovirus (94%) and parechovirus (38%) showed high sequence retention after clustering, with their clusters typically comprising sequences from a single region. In contrast, influenza viruses and RSV exhibited lower retention, with most clusters circulating across world regions. Additionally, sequences generated through next-generation sequencing were generally more complete than those obtained using Sanger sequencing.  1.3 ConclusionsOur analysis revealed substantial regional disparities in respiratory virus sequence availability across Africa, along with diberences in diversity and geographical distribution patterns observed among viruses. This indicates the need for tailored and virus-specific surveillance strategies. Expanding sequencing capacity in more African nations is crucial for a clearer understanding of respiratory viruses circulating in Africa. Ultimately, this can guide vaccine and diagnostic development as well as performance assessment, aiding pandemic preparedness through the timely detection of emerging respiratory viruses."
2026-07-02,27,10.64898/2026.06.30.26356931,1,epidemiology,"Prognostic Association of Handgrip-Defined Probable or Possible Sarcopenia Status and Polygenic Risk with 10-Year Fracture Incidence among Black, Hispanic, and White Women: A Women's Health Initiative Study","Jung, J.; Wu, Q.","PurposeThe Fracture Risk Assessment Tool (FRAX) excludes objective skeletal muscle health and genetic variables. We evaluated the prognostic associations of handgrip-defined probable/possible sarcopenia and genome-wide polygenic scores (GPS) with 10-year fracture risk, and their incremental predictive value beyond FRAX across racial/ethnic groups and GPS strata.  MethodsWe analyzed 2,051 postmenopausal women from the Womens Health Initiative. Race-specific analyses focused on Black, Hispanic, and White participants (n=2,009), excluding American Indian/Alaska Native and Asian/Pacific Islander individuals due to sparse fracture events. Sarcopenia status was operationalized by low handgrip strength alone via EWGSOP2 (<16.0 kg) and AWGS 2025 (<18.0-20.0 kg) criteria. Fine-Gray models estimated subdistribution hazard ratios (sHR), treating death as a competing risk. Predictive performance at 10 years was assessed using time-dependent AUC, Brier scores, and decision curve analysis (DCA).  ResultsHandgrip-defined probable or possible sarcopenia prevalence was 4.4% (EWGSOP2) and 6.4% (AWGS 2025). Black women demonstrated lower risk for major osteoporotic fractures (MOF) (adjusted sHR=0.19, 95% CI: 0.08-0.48) and hip fractures (adjusted sHR=0.07, 95% CI: 0.01-0.52) compared to White women. Neither sarcopenia status nor high GPS showed statistically significant independent associations with fractures after FRAX adjustment. Adding sarcopenia status to baseline FRAX (AUC: 0.71 for MOF; 0.69 for hip) yielded near-identical AUCs, Brier scores, and within-sample net benefit.  ConclusionHandgrip-defined probable/possible sarcopenia and current GPS do not provide independent or incremental predictive value beyond the clinical FRAX framework within this genomic sub-sample of older women.  Mini AbstractThe Fracture Risk Assessment Tool (FRAX) currently excludes skeletal muscle and genomic metrics. In 2,051 postmenopausal women, incorporating handgrip-defined sarcopenia and polygenic scores provided no incremental predictive benefit beyond standard FRAX. Within this study population, separate integration of these markers may not enhance routine fracture risk stratification."
2026-07-02,27,10.64898/2026.06.30.26356962,1,epidemiology,"Interaction-based metabolomics identifies serum modifiers of the clinical expression of Alzheimer's disease pathology","Helkkula, P.; Rabl, M.; Clark, C.; Stojkovic, S.; Popp, J.","IntroductionDeveloping interventions for Alzheimers disease (AD) requires an improved understanding of mechanisms linking biological pathology to the penetrance of, and resilience to, cognitive impairment. This research identifies blood metabolites that are associated with cognitive impairment adjusting for the presence of AD pathology.  MethodsMass spectrometry peaks (n=2,282) were screened using mutually conditioned models (N=154; cross-adjusting CSF-biomarker defined AD status and cognitive status). Peaks were then tested for multiplicative interactions (CSF biomarker x peak) against both endpoints using complete APOE-{varepsilon}4 and albumin CSF/serum quotient data (N=140).  ResultsThe screen revealed two directional profiles: Profile I (negative with status; positive with cognition) and Profile II (positive with status; negative with cognition). Secondary interaction modeling identified four peaks with interactions significantly associated with AD, and two with cognitive impairment, including one annotated as cerebroside B.  DiscussionThese interaction patterns indicate peripheral features acting as context-dependent modulators of AD pathology and cognitive symptom penetrance rather than global risk indicators, improving clinical stratification."
2026-07-02,27,10.64898/2026.06.30.26356042,1,epidemiology,"Cancer trends in England in younger adults from 2001-2023: comparing incidence, mortality and stage at diagnosis","berrington de gonzalez, a.; O'Brien, E.; Richards, Z.; Frost, R.; Shiels, M.; Macklin-Doherty, A.; Garcia-Closas, M.","ObjectivesTo compare trends in incidence and mortality rates for cancers with rising incidence in younger adults in England, and to assess whether increasing incidence is observed for early-stage, late-stage or both types of disease.  Methods and analysisWe used cancer incidence and mortality data from English National Disease Registration Service (2001-2023). Analyses focused on 12 cancers with increasing incidence (on average) in younger adults (20-49 years) and more than 500 cases diagnosed in 2023. Trends were quantified by estimating the average annual percentage changes (AAPCs) and 95% confidence intervals (CI) using Joinpoint regression and by calculating the excess number of cancer cases in 2023 compared to 2001. Age-standardised rates (ASRs) of early (stage 1-2) and late-stage (stage 3-4) disease were compared between 2013 (the earliest year available) to 2023.  ResultsThere were 31,385 cancers diagnosed in younger adults in 2023 compared to 244,384 in older adults. The most common cancers diagnosed in younger adults were female breast (n=8,504), colorectal (n=2,977) and melanoma (n=2,767). Of the 12 cancers that were increasing in younger adults between 2001 and 2023, only two also had increasing mortality rates: endometrial (AAPC[95%CI]= incidence 2.9%[2.4-3.4%] and mortality 4.0%[2.1-6.0%]) and colorectal cancer (AAPC[95%CI]= incidence 3.2%[2.8-3.6%] and mortality 1.9%[1.1-2.7%]). For thyroid cancer mortality rates were stable and for the other cancers (female breast, testicular, ovarian, kidney, brain, prostate, Hodgkin lymphoma and leukaemia) although incidence rates were increasing, mortality rates were decreasing, on average. Of the ten cancers with available stage data six showed increases in incidence rates for both early and late-stage disease between 2013 and 2023. Four cancers showed increases only in late-stage disease (female breast, ovarian, melanoma and Hodgkin lymphoma), while thyroid cancer showed an increase only in early-stage disease.  ConclusionsThese population-wide analyses of national data from England, combining cancer incidence, mortality and stage-stratified incidence trends, highlight several public health and research priorities. These include identifying the causes of increasing colorectal cancer incidence in younger adults, given the marked increases in mortality and late-stage disease, and of increasing breast cancer incidence, which affects the largest number of younger adults and is increasing only for late-stage disease.  KEY MESSAGESO_ST_ABSWhat is already known on this topicC_ST_ABSIncidence rates for several cancers are rising among younger adults in England. Data from the USA has shown increases in late-stage disease for several cancers increasing in younger adults, but parallel increases in mortality have been observed only for colorectal and endometrial cancer.  What this study addsIn younger adults, incidence rates of late-stage disease increased from 2013-2023 for all cancers with available stage data except thyroid cancer. However, only endometrial and colorectal cancer showed parallel increases in mortality rates from 2001-2023. Despite these increases, the absolute numbers of diagnoses and deaths remained relatively small compared to those in older adults (age 50+).  How this study might affect research, practice or policyThis study identifies current priorities for research and cancer prevention, interception and early detection in younger adults, underscoring the need for in-depth investigation of cancers with concurrent increases in incidence, mortality, and both for both early- and late-stage disease."
2026-07-02,27,10.64898/2026.06.30.26356933,1,"pharmacology and therapeutics","The Effects of Cognitive Behavioral Therapy for Insomnia on Cardiovascular and Immunological Outcomes: A Randomized-Controlled Study","Reyt, M.; Jarrin, D. C.; Perrault, A. A.; Borgetto, F.; Smith, D.; Gong, K.; Tarelli, L.; Savard, J.; Dang-Vu, T. T.; Gouin, J. P.","Evidence suggests that insomnia disorder is associated with pathophysiological alterations that may contribute to long-term physical, mental and inflammatory-related health risks. Cognitive behavioral therapy for insomnia (CBTi) is the first-line treatment for insomnia disorder, yet its effects on physiological outcomes remain unclear. This randomized-controlled trial examined the effects of CBTi on cardiovascular and immunological biomarkers.  Sixty-two participants with insomnia disorder were randomized to group-CBTi (N = 33, 75.8% female, Mage = 48.8 {+/-} 17.1 years) or Waitlist (WL) control (N = 29, 75.9% female, Mage = 52.2 {+/-} 15.6 years). Cardiovascular parameters included systolic blood pressure (SBP), diastolic blood pressure (DBP), heart rate (HR), and nocturnal heart rate variability (HRV). Inflammatory markers from blood samples included C-reactive protein (CRP), tumor necrosis factor-alpha (TNF- ), interleukin-6 (IL-6) and brain-derived neurotrophic factor (BDNF). All outcomes were assessed at baseline (T1), post-treatment assessment (T2, following completion of CBTi or WL period), and 6-months for the WL group (T3, after CBTi for the WL participants).  No significant Group-by-time effects were observed for SBP, DBP, HR, HRV and any inflammatory markers (ps > .05) from T1 to T2. When pooling treatment effects following CBTi exposure across both groups (T1 to T2 in CBTi group and T1 to T3 in WL group), no significant biomarker changes were observed. Overall, results indicate that CBTi did not produce detectable changes in cardiovascular or inflammatory markers among healthy individuals with insomnia disorder. These findings suggest physiological responses to CBTi are complex and may reflect dynamic and context-dependent processes (https://www.isrctn.com/ISRCTN13983243).  HIGHLIGHTSO_LIInsomnia disorder is associated with physiological alterations C_LIO_LIWe found no significant cardiovascular changes following CBTi C_LIO_LINo significant effects of CBTi on inflammatory biomarkers were observed C_LIO_LIThe findings suggest dissociation between subjective and physiological outcomes of CBTi C_LI"
2026-07-02,27,10.1101/2025.07.13.25331478,2,"public and global health","Meteorological Drivers of Influenza A and B Positivity in a Subtropical Chinese City: A Six-Year Surveillance Study Integrating Distributed Lag Non-Linear Models and Deep Learning","Xie, L.; Zhang, M.-J.; Tan, J.-L.; Ling, Y.-X.; Xue, Z.-Q.; Wu, Z.-S.; Huang, J.-J.; Chen, J.-L.; Ruan, Z.-F.; Qian, J.; Pan, H.-Y.; Han, X.; Xiong, S.; Ling, L.-M.; Jiang, X.-W.","Influenza transmission in subtropical regions is shaped by complex, non-linear meteorological conditions, while surveillance-based forecasting has been further complicated by fluctuating testing intensity and non-pharmaceutical interventions during the COVID-19 period. Existing approaches often either characterize lagged environmental associations without forecasting capacity or apply deep learning without clear epidemiological interpretability. Using six years (2018-2023) of multi-site influenza surveillance data from Putian, a subtropical coastal city in southeastern China, we developed a two-stage framework to characterize meteorological associations and improve short-horizon forecasting. Influenza positivity rates were used as the primary outcome to mitigate testing-related surveillance bias. Distributed lag non-linear models (DLNMs) were constructed to estimate subtype-specific, lagged associations between meteorological variables and influenza positivity, and a Bayesian-optimized long short-term memory (LSTM) network integrating meteorological, autoregressive, and socio-behavioral covariates was developed to forecast influenza A and B activity. Influenza A positivity was associated with warmer conditions, peaking at 15 (relative risk [RR] = 3.01, 95% CI: 1.03-8.78) and narrow diurnal temperature ranges, whereas influenza B positivity was associated with colder (8; RR = 26.12, 95% CI: 7.79-87.61), more humid (91%; RR = 1.52, 95% CI: 1.00-2.29), and lower-radiation conditions. The LSTM showed lower forecast error than covariate-matched autoregressive baselines for both subtypes (Mean Absolute Error [MAE]: 0.009 vs. 0.136 for influenza A, and 0.002 vs. 0.049 for influenza B; Symmetric Mean Absolute Percentage Error [SMAPE]: 0.521 vs. 1.212, and 0.484 vs. 0.810, respectively). Covariate-ablation and SHapley Additive exPlanations (SHAP) analyses suggested that historical positivity and testing-related variables contributed materially to forecast stability under surveillance variability. External evaluation in Sanming provided preliminary evidence of model portability. This integrated DLNM-LSTM framework offers an interpretable approach for characterizing subtype-specific meteorological associations and improving influenza forecasting in subtropical settings."
2026-07-02,27,10.64898/2026.07.01.26357022,1,"public and global health","Sociodemographic and Household Environmental Determinants of Stunting at Birth: Evidence of Regional Disparities in Indonesia","Amin, F. A.","BackgroundStunting at birth reflects impaired fetal growth and increases the risk of adverse health outcomes throughout the life course. Evidence on regional variations in determinants of stunting at birth in Indonesia remains limited. This study identified sociodemographic, and household environmental determinants of stunting at birth at both the national and regional levels.  MethodsThis cross-sectional study analyzed data from the 2024 Indonesian Nutritional Status Survey (SSGI), including 28,982 children aged 0-23 months. Bivariate and multivariable logistic regression analyses were conducted nationally and across seven regions: Sumatra, Java-Bali, Nusa Tenggara, Kalimantan, Sulawesi, Maluku, and Papua. Adjusted odds ratios (aORs) and 95% confidence intervals (CIs) were reported.  ResultsThe prevalence of stunting at birth was 5.53%, with the highest prevalence in Sulawesi (8.02%). Nationally, household crowding was the only factor significantly associated with stunting at birth after adjustment. Regional analyses revealed considerable variation in associated factors. In Sumatra, urban residence was associated with lower odds of stunting at birth (aOR: 0.73; 95% CI: 0.55-0.97), while children from the lowest wealth quintile had higher odds (aOR: 1.78; 95% CI: 1.03-3.06). In Java-Bali, low maternal nutritional knowledge was associated with increased odds of stunting at birth (aOR: 1.65; 95% CI: 1.02-2.66). In Nusa Tenggara, limited drinking water services (aOR: 2.35; 95% CI: 1.09-5.07) and limited sanitation services (aOR: 2.34; 95% CI: 1.28-4.26) were associated with higher odds of stunting at birth.  ConclusionsDeterminants of stunting at birth differed across Indonesian regions. While household crowding emerged as a national determinant, socioeconomic factors were more important in Sumatra, maternal nutritional knowledge in Java-Bali, and environmental conditions in Nusa Tenggara. These findings highlight the need for region-specific strategies to prevent stunting from the prenatal period."
2026-07-02,27,10.64898/2026.07.01.26357013,1,nephrology,"Inflammation-based risk score predicts kidney survival in children and adults with chronic kidney disease","Bartolomaeus, H.; Reitmeir, R.; Versnjak, J.; Hofstetter, J.; Behrens, F.; Yarritu, A.; Bonnekoh, P.; Liebau, M. C.; Bayazit, A. K.; Duzova, A.; Canpolat, N.; Kaplan Bulut, I.; Azukaitis, K.; Obrycki, L.; Wilck, N.; Weitz, M.; Zernecke, A.; Melk, A.; Querfeld, U.; Kelm, M.; 4C Study Consortium,  ; Schaefer, F.; Holle, J.","Chronic kidney disease (CKD) is accompanied by systemic inflammation, but whether inflammatory proteins improve risk stratification beyond kidney function and albuminuria remains unclear. We profiled baseline serum samples from 683 children with CKD in the prospective European 4C study using the Olink Target 96 Inflammation panel and related protein levels to kidney outcomes over 8 years. eGFR and albuminuria were the dominant determinants of the inflammation-related serum proteome. Nonetheless, a four-protein inflammation score (iScore; CD40, CD137, PD-L1 and CX3CL1), defined from protein residuals independent of eGFR and albuminuria, stratified kidney survival and predicted CKD progression beyond established clinical risk factors (adjusted hazard ratio per elevated protein, 1.11; 95% CI, 1.01-1.22). The score showed concordant associations in 2,770 UK Biobank participants with reduced eGFR (adjusted hazard ratio, 1.08; 95% CI, 1.02-1.14). Kidney single-cell transcriptomic analysis mapped these axes to immune-parenchymal communication programs in CKD, supporting inflammation-based risk stratification across the life course."
2026-07-04,27,10.64898/2026.07.02.26357104,1,"dentistry and oral medicine","Deep Learning based Quantification of Root Exposure in Lower Anterior Teeth using Intraoral camera image","Choi, H.; Choi, Y.-H.; Park, E. Y.; Kang, S.; Kim, E.-K.","This study compared and evaluated two widely used deep learning-based artificial intelligence (AI) models, U-Net++ and YOLOv11, for quantifying tooth and root exposure on intraoral camera images of the mandibular anterior lingual region. Intraoral images of the mandibular anterior lingual region were collected from 291 patients (mean age, 52.8 years) at a university hospital dental clinic with institutional review board approval (YUMC IRB 2021-07-019-002). A total of 266 eligible images (mean, 5.50 teeth per image; 3.70 teeth with root exposure) were annotated. YOLOv11 and U-Net++ were fine-tuned using five-fold cross-validation with data augmentation. Model performance was evaluated on a held-out test set of 40 images using Dice coefficient, Intersection over Union (IoU), accuracy, mean Average Precision at an IoU threshold of 0.5 (mAP50), Lins concordance correlation coefficient (CCC), and intraclass correlation coefficient (ICC). Confidence intervals were estimated using 10,000 bootstrap iterations. For tooth segmentation, U-Net++ demonstrated superior performance, with high accuracy (0.981), Dice coefficient (0.971), and IoU (0.944). In contrast, for root segmentation, YOLOv11 outperformed U-Net++, achieving higher Dice (0.860 vs. 0.746) and IoU (0.762 vs. 0.631). Notably, YOLOv11 showed stronger agreement with the ground truth for quantifying the exposed root ratio (ERR) (CCC, 0.973; ICC, 0.975). These findings suggest that accurate detection of root exposure is important for assessing periodontal tissue loss and that YOLOv11 is a promising model for root exposure quantification in intraoral images. YOLOv11-based quantification of root exposure may serve as a useful adjunctive AI tool for screening and monitoring periodontal conditions and may support individualized treatment planning."
2026-07-04,27,10.64898/2026.07.01.26356511,1,epidemiology,"Designing infection prevalence and seroprevalence surveys for learning infection dynamics","Creswell, R.; Golding, N.; Ryan, G. E.; Eales, O.; Price, D. J.; McCaw, J. M.; Shearer, F. M.","Knowledge of the true number of infections over time is valuable for accurately predicting the future course of an epidemic and planning effective interventions, but the number of cases reported offers only a noisy underestimate of the true number of infections. Disease surveillance strategies based on assessing subsets of the population for current infection (infection prevalence surveys) or antibody presence (seroprevalence surveys) yield crucial information about the number truly infected, but are expensive. To explore impact of survey design considerations--both sample size and sampling frequency--on inference of the number of incident infections over time, we coupled agent-based simulations of respiratory virus epidemics with simulations of infection prevalence and seroprevalence surveys. While returns diminish with increased sample size, we find inference generally improved by increasing survey frequency relative to participants-per-round for any given sample size. After survey rounds reach a sufficient frequency, comparable inference performance may be achieved with either more frequent rounds or more participants per round. Rolling designs with tests conducted each day tend to outperform designs in which testing is divided into discrete rounds. We also show that misspecified assumptions about seroreversion may substantially decrease the quality of inference results."
2026-07-04,27,10.64898/2026.07.02.26357125,1,"public and global health","Visible Immigration Enforcement Arrests and Mental Health Among Hispanic Adults in the United States","Aslim, E.; Tekin, D.; Venkataramani, A.","Objectives: To assess whether higher state-level community-based U.S. Immigration and Customs Enforcement (ICE) arrest rates are associated with adverse mental health outcomes among Hispanic and non-Hispanic adults in the United States. Design: Retrospective analysis using individual-level data from the 2023 and 2024 Behavioral Risk Factor Surveillance System (BRFSS) linked to monthly state-level ICE arrest records from the Deportation Data Project. Two-way fixed effects models assessed associations between mental health outcomes and ICE arrests, net of secular trends, state-specific time invariant factors, and individual covariates. Setting/participants: The sample included 534,099 US adults aged 18 years or older residing in all 50 states and the District of Columbia surveyed between September 2023 and December 2024. Analyses exploited within-state month-to-month variation in enforcement intensity with state and year-month fixed effects. Outcome measures: Number of poor mental health days in the past 30 days; any poor mental health days (binary); mental health status (3-level categorical); frequent mental distress ([&ge;]14 poor mental health days); and a composite indicator combining depressive disorder diagnosis with frequent mental distress. Results: Among 534,099 respondents (approximately 10% Hispanic), higher ICE arrest rates were significantly associated with worse mental health among Hispanic adults, including 0.19 additional poor mental health days per month (p < 0.05), a 2.2% higher likelihood of reporting any poor mental health days (p < 0.01), and a 2.4% increase in composite mental health problems (p < 0.01). Associations were concentrated among Hispanic women and those with a high school diploma or less. Among non-Hispanic adults, estimates were small and precisely centered around zero across outcomes. Similar findings obtained in difference-in-differences event study models, models including lagged exposures, and models with leave-one-out state exclusions. Conclusion: Higher community-based immigration enforcement was associated with worse mental health outcomes among Hispanic adults but not among non-Hispanic adults. Contemporary enforcement strategies may have broader psychological spillover effects within Hispanic communities, and mental health may be an underrecognized social cost of interior immigration enforcement."
2026-07-04,27,10.64898/2026.07.02.26357096,1,"public and global health","Identifying Active Paragonimiasis in Rural Nagaland in Northeastern India- a Community-Based Cross-Sectional Study","Ramesh, R. M.; Panmei, K.; Lohe, A.; Deborah, A. A.; Humtsoe, T.; Khamo, V.; Ajjampur, S. S. R.; Joseph, A.","Background Paragonimiasis is a neglected tropical disease (NTD) and of significant public health concern in northeastern India where it is frequently misdiagnosed as pulmonary tuberculosis. Transmission occurs through consumption of raw or undercooked freshwater crustaceans, a widespread dietary practice in this region. Accurate diagnosis will ensure cheap, effective treatment with praziquantel and avoid unnecessary prolonged tuberculosis therapy. This study determines the prevalence, specific risk factors for infection, and showcases a clinical scoring model to screen for active paragonimiasis in endemic areas. Methodology/Principal Findings A community-based cross-sectional survey was conducted in Medziphema block, Nagaland, in northeastern India screening 2,942 residents aged over 10 years. Participants reporting chronic cough ([&ge;]2 weeks) provided sputum and serum samples (93,3.16%). Sputum examination was screened for Paragonimus ova and acid-fast bacilli, and serum samples were tested for IgG antibodies against Paragonimus heterotremus using anti-Extra Secretory antigen by ELISA (positive case defined as titre [&ge;]0.5 IU). IgG-confirmed paragonimiasis was detected in 30 individuals, yielding a population prevalence of 1.02% (30/2942) and 32.3% (30/93) amongst symptomatic participants. Sputum microscopy demonstrated limited sensitivity (3.3%), detecting cysts in only one confirmed case. Tuberculosis co-infection was documented in 6.7% of sero-positive cases.  Multivariable regression identified significant associations with increasing age (adjusted (aOR) 1.04) previous tuberculosis history (aOR 4.62), monthly snail consumption frequency (aOR 1.05), ever smoking (aOR 3.51), and education beyond middle school (aOR 2.93). Haemoptysis (aOR 9.86) was the strongest symptomatic predictor. Clinical scoring models were developed, with haemoptysis consistently emerging as the most robust predictor across all models. Conclusions/Significance Pulmonary paragonimiasis constitutes a prevalent yet under-recognised condition in several southeast-Asian communities, necessitating systematic screening as a differential diagnosis for pulmonary tuberculosis. The clinical scoring model facilitates early case identification in resource-constrained settings. Public health interventions must address dietary practices, particularly consumption of raw or undercooked freshwater crustaceans, to interrupt transmission."
2026-07-04,27,10.64898/2026.07.02.26357105,1,"public and global health","Combined triglyceride-glucose and frailty index (TyGFI) and risk of endometrial cancer in U.S. women aged >=45: NHANES 2011-2018 analysis integrating data engineering and machine learning with logistic modeling","Zhou, Y.; Ma, J.; Zhang, Y.","Endometrial cancer (EC) incidence is closely linked to metabolic and hormonal factors. The TyGFI, a composite indicator integrating the triglyceride-glucose index and frailty index, may capture combined risk dimensions relevant to EC etiology and prediction. This study aimed to evaluate the association between TyGFI and EC prevalence among U.S. women aged 45 years and older, and to explore its predictive utility using machine-learning approaches. Data were drawn from the National Health and Nutrition Examination Survey 2011-2018 cycles. The exposure was TyGFI, and the outcome was EC status ascertained from self-reported cancer history and standardized questionnaires. From an initial 39,156 participants, we excluded males, individuals aged under 45 years, those missing TyGFI components or EC data, and extreme TyGFI values, yielding a final cohort of 2,837 women. We performed exploratory feature selection and built six predictive models using machine-learning algorithms to identify key predictors and evaluate TyGFI's contribution to model performance. Survey-weighted multivariable logistic regression estimated the association between TyGFI and EC prevalence with sequential adjustment for covariates. In a weighted sample representing 30,489,082 U.S. women aged 45 years and older, higher TyGFI was significantly associated with EC prevalence. After full adjustment, each unit increase in TyGFI corresponded to a 57% increase in the odds of EC (odds ratio 1.570; 95% confidence interval 1.033-2.370; p = 0.0322), with a significant dose-response trend across quartiles (p for trend = 0.0257). Among six machine-learning models, CatBoost achieved the highest predictive performance, with an area under the curve of 0.999. SHAP analysis identified TyGFI as the most influential predictor, followed by age and serum albumin. In this nationally representative sample of middle-aged and older U.S. women, TyGFI was significantly associated with EC prevalence and emerged as the dominant predictor in machine-learning models. These findings suggest that TyGFI may enhance risk stratification for EC beyond established reproductive and metabolic factors, though prospective studies are warranted to validate its clinical utility."
2026-07-04,27,10.64898/2026.07.01.26357080,1,"public and global health","Knowledge Base and Emerging Frontiers in Post-Tuberculosis Lung Disease Research (2015-2025): A Bibliometric Analysis Based on the Web of Science","Zhu, T.; Feng, Y.; Dai, Y.; Yu, J.; Zhang, Z.; Liu, Z.","Background: Post-tuberculosis lung disease (PTLD) constitutes a substantial global public health burden, yet its overall research landscape has not been systematically quantified. This bibliometric study characterizes global research trends and the knowledge architecture of PTLD publications issued between 2015 and 2025. Methods: We retrieved PTLD-related literature from the Web of Science Core Collection using search terms including ""post-tuberculosis lung disease"" and ""tuberculosis sequelae"". Only English original articles were retained, yielding a final dataset of 353 publications. We adopted VOSviewer, CiteSpace and the Bibliometrix R package to visualize annual publication outputs, cross-country and institutional collaborations, author co-authorship networks, keyword co-occurrence patterns, and citation burst dynamics. Results: Annual publications rose from 13 in 2015 to 67 in 2025, with 71.4% of all papers published from 2021 to 2025. The five most productive nations were the United States (72 papers), India (61), China (51), the United Kingdom (49), and South Africa (38). The US and UK occupied core hub positions in international collaboration networks. Leading institutions included Stellenbosch University (20 articles), the University of Cape Town (14), and the University of Liverpool/Liverpool School of Tropical Medicine (10). Keyword co-occurrence clustering identified eight thematic groups, with dominant hotspots covering post-tuberculosis bronchiectasis, pulmonary function impairment, chronic pulmonary aspergillosis (CPA), and quality of life. The keywords with the strongest recent citation bursts were ""post-tuberculosis lung disease"" (strength = 3.79), ""prevalence"" (3.70), and ""quality of life"" (2.51). Research frontiers extending to 2025 center on standardized PTLD conceptual framing, pulmonary rehabilitation, and long-term clinical outcome assessment. Conclusions: PTLD research has shifted from merely describing structural lung damage toward standardized disease definitions, functional pulmonary testing, complication management, and patient quality-of-life improvement. Future research priorities should include prospective multicenter cohort studies, individualized pulmonary rehabilitation programs, and host-directed therapies to mitigate the global burden of chronic PTLD."
2026-07-04,27,10.64898/2026.07.01.26356762,1,"infectious diseases","Impact of wildfire-related fine particulate matter on tuberculosis notifications in Brazil: a nationwide panel study, 2003-2023","Pham, T. M.; Mendonca, T.; Zhang, Y.; Mallia, D.; Croda, J.; Cohen, T.; Andrews, J. R.; Requia, W.; Walter, K. S.","Background Wildfire activity and smoke exposure are increasing worldwide because of climate and land-use change. Although fine particulate matter (PM2.5) may impair pulmonary immune defences against tuberculosis (TB), population-level evidence remains limited. We estimated the effect of wildfire-related PM2.5 exposure on TB notification rates in Brazil. Methods We conducted a nationwide panel study linking municipality-level monthly TB notifications from Brazil's SINAN system with wildfire-related PM2.5 estimates from GEOS-Chem simulations across 5,545 municipalities (2003-2023). We estimated the impact of high-exposure days (PM2.5 > 25 g/m3) on monthly TB notifications using Poisson regression with fixed effects for municipalities, state-by-year, and state-by-month, controlling for time-invariant differences, secular trends, and seasonality. Distributed lag effects were estimated over 1-24 months before notification. Models accounted for meteorological conditions, GeneXpert diagnostic coverage, and spatial correlation using Conley standard errors. We computed attributable fractions among exposed municipality-months (AFE). Sensitivity analyses evaluated alternative PM2.5 thresholds (15 and 35 g/m3), co-pollutants, and agricultural expansion. Findings From Jan 1, 2003 to Dec 1, 2023, 1,758,982 TB cases were reported. Of these, 353,319 (20.1%) had at least one high-exposure day (PM2.5 > 25 g/m3) 1-24 months before notification. An additional 14 high-exposure days over the 24-month lag period was associated with an average monthly increase of 2.9% [95% CI: 0.9-4.9%] in TB notification rates. Effects peaked at 13 months (IQR: 11-14) prior to notification. Results showed a dose-response relationship across PM2.5 thresholds and were robust to controlling for NO2, O3, and agricultural expansion. Overall, wildfire-related PM2.5 exposure accounted for 2.1% [0.7-3.5%] of TB notifications in exposed municipality-months, corresponding to 7,802 [2,612-12,544] attributable cases. The AFE reached 10.7% [7.1-14.0%] in Pantanal and 7.3% [6.1-8.5%] in Amazonia, areas most impacted by wildfires. Interpretation Wildfire-related PM2.5 exposure may represent an increasingly important and modifiable risk factor for TB. As wildfire activity increases across many regions of the world, these findings highlight the need for integrating air quality into climate adaptation and TB control strategies."
2026-07-04,27,10.64898/2026.07.03.26357002,1,"allergy and immunology","Gut microbiome signatures associated with self-reported allergic symptoms among Finnish adults","Lindgren, H. H.; Vartiainen, V.; Muluh, G.; Bayal, N.; Parnanen, K.; Meric, G.; Jousilahti, P.; Ruuskanen, M. O.; Knight, R.; Niiranen, T.; Havulinna, A.; Salomaa, V.; Erawijantari, P. P.; Lahti, L.","Background Growing evidence suggests that the gut microbiome influences nasal and ocular allergic inflammation through gut-mucosal immune interactions. Yet, its association with Allergic rhinitis (AR) and allergic eye symptoms (AES) remains incompletely understood in large population-based cohorts. Objective To examine associations between the gut microbiome and self-reported AR and AES in Finnish adults. Methods Shallow metagenomic sequencing was performed on stool samples from a population-based cohort (FINRISK02; n = 7,231). Microbial taxonomic and functional profiles were compared between individuals with AR (n = 1,950), AES (n = 1,554), combined allergies (AR and/or AES; n = 2,305), and controls without reported symptoms (n = 3,175). Results Allergic groups exhibited lower microbial richness and phylogenetic diversity than controls. Shared microbial and functional signatures were observed across AR and AES, consistent with their high co-occurrence (N = 1,199). Compared with controls, allergic groups showed enrichment of 17 bacterial species, predominantly from the Clostridia class, including taxa previously associated with asthma, chronic obstructive pulmonary disease, and atopic dermatitis. Allergic individuals also exhibited enrichment of pathways related to mucosal carbohydrate processing, shikimate metabolism, histidine turnover, and broader amino acid metabolism. Concurrent enrichment of histidine biosynthesis and degradation suggested altered microbial histidine metabolism. Conclusions Adult allergic symptoms are associated with gut microbiome taxonomic and functional alterations linked to mucosal barrier function and immune-related metabolism, supporting a shared gut-mucosal immune axis across allergic phenotypes."
2026-07-04,27,10.64898/2026.07.02.26355859,1,"dentistry and oral medicine","Human In the Loop Challenges for Quality Annotation of Pre-Cancer Lesions in Clinical Oral Images","Mandal, S.; Mendonca, P.; Gurushanth, K.; Thakur, H.; Birur, P.; Shetty, A.; Pal, D.","Background: The hyperplasia and dysplasia stage (pre-cancer) offers a viable opportunity to reduce the incidence and mortality of oral cancer through early prevention. Smartphone-based Artificial Intelligence (AI) enabled screening of potentially malignant oral lesions offers a scalable solution for this in resource-constrained settings. However, developing accurate and explainable AI segmentation models require high-quality, pixel-level annotated data. This process that is prohibitively expensive, time-consuming, and prone to inter-observer subjectivity among clinical experts. Methods: We designed and empirically validated a Deep Learning-driven Human-in-the-Loop (HITL) framework to pixel-annotate a dataset of 3026 clinical oral images. Using an iterative pseudo-labeling pipeline, we evaluated the model's learning dynamics and performance evolution across five training cycles. We conducted controlled experiments to quantify the networks tolerance to intermediate level of label noise (unreviewed pseudo-labels) to resolve clinical subjectivity using pixel-wise Cohen's Kappa and the STAPLE consensus algorithm. Results: Iterative self-training produced sustained improvements in lesion detection and spatial localization. However, controlled experiments revealed that including even a modest fraction ({approx}10%) of unreviewed pseudo-labels led to a three-to-four-fold increase in training convergence instability and induced a conservative prediction bias that negatively impacted model recall. When measured against multi-expert ground truth, the model's performance converged with the inter-rater reliability ceiling ({kappa} {approx} 0.65), indicating that its predictions fell within the envelope of human agreement. Conclusions: Our findings emphasize that a final expert-driven quality assurance step remains absolutely essential to mitigate training instability, confirmation bias, and clinically unacceptable drops in recall caused by label noise. Overall, this work provides a scalable, empirically validated blueprint for building domain-specific medical imaging datasets in low-resource global health settings, where the dual challenges of annotation cost and inter-observer variability are most acute."
2026-07-04,27,10.64898/2026.07.01.26357045,1,epidemiology,"A simplified antigen-based serological algorithm accurately classifies MPXV exposure and vaccination status","Abdullahi, A.; Adebisis, G.; Wisso, H.; Osawe, S.; Kampmann, B.; Abimiku, A.; Gupta, R. K.","Reliable serological tools are needed to measure mpox virus (MPXV) exposure, evaluate vaccine-induced immunity, and support population-level surveillance. Using a previously established six-antigen serological reference framework, in which seropositivity was defined as reactivity to [&ge;]4 of 6 MPXV antigens, we evaluated the diagnostic performance of individual antigens and all 15 pairwise combinations. B6R demonstrated the highest overall individual discriminatory performance, whereas A35R showed maximal sensitivity and M1R the highest specificity. The A35R+B6R combination most closely approximated the full multiplex assay (AUC 0.93), supporting simplified, scalable MPXV serological assays for surveillance and vaccine evaluation."
2026-07-04,27,10.64898/2026.07.01.26357065,1,"public and global health","Epidemiology of antimicrobial use in Malawi: a cross-sectional study using World Health Organisation core antimicrobial use indicators in faith-based health facilities","Chirambo, E. C.; Chiumia, F. K.; Nkhoma, D. E.; Mitambo, C.; Thawani, A.; Msiska, T. L.; Odeo, S.; Asin, J.; John, M.; Chuaikan, W.; Angwe, M.; Khomani, P.; Chibwe, I.; Matchado, S.; Chimwaza, C.; Matchere, P.; Chiweza, B.; Mwenyekonde, E.; Kampira, E. K.; Kamanga, E.; Salima, Z.; Banda, C. G.; Makala, H.","Background : Antimicrobial resistance (AMR) is a major public health threat globally, with a disproportionate burden in sub-Saharan Africa. Faith-based health facilities provide essential healthcare services to underserved populations, yet data on antimicrobial use in these settings remain limited.   Aim : To assess antimicrobial use in Christian Health Association of Malawi health facilities using the World Health Organisation core medicine use indicators.   Materials and Methods : A multicentre cross-sectional study was conducted in 29 CHAM health facilities across Malawi between January 2024 and June 2025. Data were collected from facility personnel, inpatient prescriptions, and patient interviews and analysed using descriptive and inferential statistics.   Results : Average availability of key antimicrobials was 33.1% (95% CI: 29.7-36.4), while customised formularies were available in 64.3% of health facilities. Among 660 prescriptions analysed, 90.3% contained an antimicrobial agent, but only 33.2% adhered to standard treatment guidelines and 43.6% were prescribed using full generic names. Facilities with pharmacy professionals were more likely to have a facility-specific formulary (84.6% vs. 46.7%, p = 0.037).   Conclusion : Antimicrobial stewardship gaps remain substantial in faith-based health facilities in Malawi and across sub-Saharan Africa, highlighting the need for targeted stewardship programmes in faith-based health facilities."
2026-07-04,27,10.64898/2026.06.27.26356736,1,"dentistry and oral medicine","Effect of Inhaled Lavender Aromatherapy on Preoperative Anxiety in Patients Undergoing Tooth Extraction: A Randomized Controlled Trial","Dehkordi, A. M.; Mahdian Dehkordi, A. H.; Ghasemian, B. S.","Background/Objectives Dental anxiety remains a significant psychological barrier to oral healthcare, particularly for invasive surgical procedures such as tooth extraction. Aromatherapy using Lavandula angustifolia (lavender) has been proposed as a non-pharmacological adjunct to manage acute preoperative anxiety. This clinical trial evaluated the efficacy of inhaled lavender essential oil on anxiety severity in patients awaiting elective single-tooth extraction. Methods An assessor-blinded randomized controlled clinical trial with limited participant blinding (inherent to the recognizable scent of the intervention), registered with the Iranian Registry of Clinical Trials (IRCT20190920044824N1), was conducted among 60 patients requiring non-surgical tooth extraction. Participants were randomly assigned to an intervention group (n=30), receiving two drops of pure lavender essential oil on a sterile gauze for 20 minutes of inhalation, or a control group (n=30), receiving sweet almond oil as an olfactory placebo. The primary outcome was the severity of somatic anxiety symptoms, measured pre- and post-intervention using the Beck Anxiety Inventory (BAI). Because a significant baseline-by-treatment interaction was detected, a General Linear Model (GLM) retaining this interaction term was used to estimate adjusted group means at the grand-mean baseline, with bootstrap 95% confidence intervals (10,000 resamples). Two pre-specified checks of robustness were performed: (i) an unadjusted, baseline-naive Mann-Whitney U comparison of raw post-intervention scores, and (ii) a sensitivity analysis re-fitting the adjusted model after excluding two baseline outliers identified by inspection of model residuals. Results There were no significant baseline differences between the intervention and control groups regarding sex distribution (p=0.100), mean age (p=0.479), or pre-intervention BAI scores (Mann-Whitney p=0.215). A significant baseline-by-treatment interaction was detected (p<0.001). In the full sample (n=60), the baseline-adjusted GLM estimated a lower post-intervention BAI mean in the intervention group (22.38) than the control group (23.09), an adjusted difference of -0.71 (bootstrap 95% CI: -1.41 to -0.06; p=0.028). However, this signal was not robust: after excluding two patients identified as outliers in the model residuals (n=58), the adjusted difference attenuated to -0.51 and was no longer statistically significant (bootstrap 95% CI: -1.11 to 0.10; p=0.098). The unadjusted comparison of raw post-intervention scores was likewise not significant in the full sample (Mann-Whitney p=0.754). Conclusions A baseline-adjusted analysis of this trial produced an initial signal suggesting a small anxiolytic effect of inhaled lavender, but this signal was not stable under a pre-specified outlier-exclusion sensitivity analysis and was not supported by the unadjusted comparison of raw scores. Taken together, the totality of evidence from this trial is insufficient to conclude that inhaled lavender aromatherapy produces a reliable reduction in acute preoperative dental anxiety. Beyond its clinical findings, this trial offers a concrete, quantified illustration of how baseline imbalance and a small number of influential observations can generate a fragile, model-dependent treatment signal in a modestly sized randomized trial, a methodological caution directly relevant to the design and analysis of future small RCTs in dental and complementary medicine research."
2026-07-05,27,10.64898/2026.07.01.26357045,2,epidemiology,"A simplified antigen-based serological algorithm accurately classifies MPXV exposure and vaccination status","Abdullahi, A.; Adebisis, G.; Wisso, H.; Osawe, S.; Kampmann, B.; Abimiku, A.; Gupta, R. K.","Reliable serological tools are needed to measure mpox virus (MPXV) exposure, evaluate vaccine-induced immunity, and support population-level surveillance. Using a previously established six-antigen serological reference framework, in which seropositivity was defined as reactivity to [&ge;]4 of 6 MPXV antigens, we evaluated the diagnostic performance of individual antigens and all 15 pairwise combinations. B6R demonstrated the highest overall individual discriminatory performance, whereas A35R showed maximal sensitivity and M1R the highest specificity. The A35R+B6R combination most closely approximated the full multiplex assay (AUC 0.93), supporting simplified, scalable MPXV serological assays for surveillance and vaccine evaluation."
