Date,ISOWeek,DOI,Version,Category,Title,Authors,Abstract
2026-09-07,37,10.64898/2026.04.03.26349172,2,epidemiology,"Maternal health factors driving breastfeeding success: an evidence triangulation framework","Arisido, M. W.; Borges, M. C.; Giambartolomei, C.; McBride, N.; Joaquim Hofmeister, R.; Kutalik, Z.; Magnus, M. C.; Zuccolo, L.","BackgroundDespite well-established benefits to mothers and children, breastfeeding rates fall short of WHO recommendations world-wide. Breastfeeding is a highly complex behaviour, affected by known system-level barriers and less well-established individual-level factors. We aimed to inform breastfeeding support by identifying maternal and perinatal determinants of breastfeeding outcomes and modifiable pathways linking education to breastfeeding.  MethodsWe used evidence triangulation design from complementary genetic and questionnaire-based analyses across four European cohorts including 72,653 mothers and 317,651 offspring. Five breastfeeding outcomes were assessed: initiation, establishment at 2 months, sustained breastfeeding at 6 months, and exclusive and overall breastfeeding duration. Cohort-specific breastfeeding GWAS were meta-analysed and used in two-sample Mendelian randomization (MR) analyses of 17 maternal and perinatal exposures. MR-based mediation assessed pathways linking educational attainment to breastfeeding, and robustness was evaluated using offspring-genotype adjustment, observational association and MR sensitivity analyses.  FindingsGenetically predicted higher education, lower body-mass index (BMI), and lower liability to smoking, insomnia and depression were associated with more favorable breastfeeding outcomes. A 1SD (3.4-year) increase in education duration increased initiation odds (OR: 2.32, 95% CI: 1.94,2.77) and prolonged exclusive breastfeeding ({beta}=0.21SD, 95% CI: 0.17,0.24), whereas higher BMI reduced initiation (OR: 0.77, 95% CI: 0.66,0.90). Smoking, depression and BMI mediated 26%, 14% and 12% of educations effect on exclusive breastfeeding, respectively. There was little evidence for effects of blood pressure, cholesterol or perinatal factors. Findings were consistent across sensitivity analyses.  InterpretationThese findings highlight that breastfeeding support could be achieved through a more holistic approach to maternal physical and mental health before and during pregnancy, and that targeted strategies would reduce maternal and infant health inequalities.  FundingThis study was supported by Human Technopoles core funding. Details on cohort-specific funding are provided in Supplementary Material.  Panel: Research in contextO_ST_ABSEvidence before this studyC_ST_ABSExisting evidence on maternal determinants of breastfeeding largely comes from observational studies, which report heterogeneous associations with sociodemographic, cardiometabolic, behavioural and mental health factors. We considered previous observational studies and reviews on breastfeeding initiation, duration and exclusivity, as well as genetic epidemiology studies of pregnancy and reproductive traits. Few studies have used genetically anchored approaches to assess breastfeeding determinants, and no previous MR study has systematically evaluated a broad range of maternal and perinatal exposures across multiple breastfeeding outcomes.  Added value of this studyUsing data from 72,653 mothers and 317,651 offspring from four European cohorts, we estimated genetic associations with five breastfeeding outcomes and used them in MR analyses of 17 maternal and perinatal exposures. We combined MR, mediation analysis, offspring-genotype adjustment, multivariable regression and sensitivity analyses to triangulate evidence. Higher educational attainment, lower BMI, and lower liability to smoking, insomnia and depression were associated with more favourable breastfeeding outcomes, and BMI, WHR and smoking partly mediated educational differences in breastfeeding.  Implications of all the available evidenceThese findings suggest that breastfeeding support should be integrated with broader maternal health strategies, including cardiometabolic health, smoking cessation and mental health support from the preconception period onwards. They also highlight opportunities to identify women at higher risk of breastfeeding difficulties after initiation and to test whether interventions targeting these pathways improve breastfeeding continuation and reduce inequalities."
2026-09-07,37,10.64898/2026.09.03.26362182,1,epidemiology,"Socioeconomic disparities in substance use disorder prevalence and severity across the life course","Barr, P. B.; Kuo, S. I.-C.; Cooke, M. E.; Garrison-Desany, H. M.; Pandey, G.; Bucholz, K. K.; Edenberg, H. J.; Kinreich, S.; Porjesz, B.; Salvatore, J. E.; Meyers, J. L.","Gradients across socioeconomic status (SES) exist across most health conditions. While there has been significant attention devoted to the relationship between SES and physical and mental health, less research has examined how these relate to substance use disorders (SUD). In the current study, we use data from the prospective study within the Collaborative Study on the Genetics of Alcoholism (COGA) to explore the relationship between SES (in early life and adulthood) with multiple substance use disorders (alcohol, tobacco, cannabis, opioid, cocaine, and other substances). We find that early life SES (parental education and income) are associated with lower odds of lifetime diagnoses and lower severity for tobacco (TUD) and cannabis (CUD) use disorders. Associations with TUD remain after adjusting for demographic and familial risk, but associations with CUD were null after including familial risk factors. In participants aged 25+, adult education was associated with lower odds of diagnosis and severity for each of the SUD considered, conditional on early life SES, adult income, sociodemographic characteristics, and familial risk for SUD. Exploratory analyses of changes in SES revealed that those who were upwardly or downwardly mobile were at the lowest or greatest risk for more severe SUD across multiple substances, respectively. Our results demonstrate the relevance of both early life and adult SES in SUD risk. Early life conditions seem particularly relevant for specific substances while greater adult education was associated with reduced risk across all forms of SUDs."
2026-09-07,37,10.64898/2026.09.03.26362153,1,epidemiology,"Population Genomics of Salmonella Enteritidis in Saudi Arabia Reveals Globally Circulating Food- and Human-Associated Lineages and Plasmid-Mediated Antimicrobial Resistance","Alreshoodi, F.; Zhou, G.; Huang, J.; Hinkova, N.; Alsufyani, A.; Alotaibi, N. M.; Alarawi, M. S.; Alzahrani, K. O.; Al Salman, S. A.; Almusa, M. A.; Alajlan, A. A.; Alshdokhi, E. A.; Althobaiti, A.; Almutairi, H. H.; Al-Akeel, S. I.; Al-Ajmi, A.; AlHarbi, A. L.; Al Rashidy, M. S.; Iftikhar, S.; Fallatah, O.; Banzhaf, M.; Alajel, S.; Senok, A.; Mukhtar, L.; Fanning, S.; Moradigaravand, D.","BackgroundSalmonella enterica serovar Enteritidis (S. Enteritidis) is one of the leading causes of foodborne gastroenteritis worldwide and an increasingly important driver of antimicrobial-resistant infections. Despite its public health importance, genomic surveillance of S. Enteritidis remains sparse across the Middle East, where integrated One Health studies linking human, food, and animal reservoirs are limited. This lack of regional genomic data has hindered understanding of the population structure, transmission dynamics, and dissemination of antimicrobial-resistant lineages. We therefore performed a large-scale One Health genomic investigation of S. Enteritidis in the Kingdom of Saudi Arabia, integrating human, food, poultry, and global genomic datasets to characterize its evolutionary history, transmission dynamics, and antimicrobial resistance.  MethodsA total of 220 Salmonella enterica serovar Enteritidis (S. Enteritidis) isolates obtained in Saudi Arabia from human clinical infections and food products between 2020 and 2023 underwent whole-genome sequencing. To position these isolates within a global evolutionary context, they were integrated with all publicly available S. Enteritidis genomes, yielding a comparative dataset of 397 genomes. A comprehensive genomic analysis framework was employed, encompassing population genomic, phylogenetic, and phylodynamic analyses to define population structure, infer evolutionary history, and investigate transmission dynamics. In addition, the genomic determinants of antimicrobial resistance and virulence were characterized, with particular emphasis on plasmid architecture.  ResultsIsolates from Saudi Arabia belonged predominantly to a single globally distributed epidemiological cluster of S. Enteritidis and were embedded within globally circulating transmission networks rather than forming a distinct endemic population. Within this cluster, the Saudi isolates were distributed across seven Bayesian Analysis of Population Structure (BAPS) groups, representing distinct genomic sub-clones. Multiple lineages contained closely related isolates from Europe, North America, Oceania, and the Middle East, indicating repeated international introductions and extensive global connectivity. Human and food isolates were highly intermixed throughout the phylogeny, with food-associated isolates frequently occupying central positions within transmission networks, consistent with food reservoirs acting as dissemination hubs linking local and international transmission. Phylodynamic analyses indicated that the dominant Saudi-associated lineages emerged within the past 10-15 years and underwent rapid demographic expansion following introduction into the country. Recently emerged epidemic lineages carried significantly higher antimicrobial resistance burdens than ancestral populations and were characterized by near fixation of blaTEM-1 and tetA on IncX1 plasmids, whereas clinically important ESBL genes (blaCTX-M-8 and blaSHV-12) were detected exclusively in human-associated isolates on hybrid resistance-virulence plasmids.  ConclusionsThe population of S. Enteritidis in Saudi Arabia is shaped by repeated introductions of globally circulating clones, transmission between food and human reservoirs, and the dissemination of resistance plasmids across lineages. The emergence of successful epidemic clones is linked to plasmid-mediated acquisition of antimicrobial resistance determinants. These findings emphasize the importance of integrated One Health surveillance strategies for controlling foodborne transmission and monitoring the emergence of antimicrobial-resistant epidemic lineages."
2026-09-07,37,10.64898/2026.09.03.26362190,1,"public and global health","Effects of Sports App-Based Interventions on Physical Fitness Outcomes among Adolescents and University Students: A Systematic Review and Meta-Analysis","ZHOU, C.; Wan, W. A. M. B.; Mazalan, N. S. B.; Cao, X.","BackgroundSports apps are increasingly used to promote physical activity and support physical education among students. However, their effects on different dimensions of physical fitness and the factors influencing intervention effectiveness remain unclear.  ObjectiveThis study aims to evaluate the effects of sports app-based interventions on multiple dimensions of physical fitness among adolescents and students and to examine whether intervention duration, exercise frequency, intensity, and session duration influence intervention effects.  MethodsFollowing PRISMA guidelines, six databases were systematically searched through June 20, 2026. Randomized controlled trials and quasi-experimental studies were included. Risk of bias was assessed, and meta-analyses and subgroup analyses were performed.  ResultsTwenty moderate-quality studies involving 3,268 adolescents and University students were included. Interventions lasted 6-24 weeks, with 2-7 sessions per week and 20-80 minutes per session. Sports app interventions significantly reduced BMI (MD = -0.41, 95% CI -0.76 to -0.07) and improved cardiorespiratory endurance (SMD = 0.85, 95% CI: 0.35 to 1.35), male pull-ups (MD = 0.74, 95% CI 0.19 to 1.28), female sit-ups (MD = 1.99, 95% CI 1.13 to 2.86), male 1000-m run time (MD = -13.44 s, 95% CI -25.14 to -1.74), female 800-m run time (MD = -9.02 s, 95% CI -13.40 to -4.64), and sit-and-reach performance (MD = 2.01 cm, 95% CI 0.91 to 3.10). Significant subgroup differences by intervention duration were found for cardiorespiratory endurance (P = 0.03) and flexibility (P = 0.01), but no subgroup differences in body mass index were found across the intervention characteristics examined.  ConclusionsSports app interventions can improve multiple dimensions of students physical fitness, although current evidence is insufficient to establish an optimal intervention dose. Further high-quality studies need to clarify dose-response relationships and optimize intervention procedures."
2026-09-07,37,10.64898/2026.08.31.26361816,1,"infectious diseases","Development of a Modular APEX2-based Lateral Flow Signaling Platform for Virus Diagnostics","Kovacs, N.; Kiss, M.; Jankovics, H.","Rapid point-of-care (POC) diagnostics require sensitive, stable, and cost-effective reporter systems. While lateral flow assays (LFAs) are widely used, their sensitivity is often limited by the use of colloidal gold, whereas enzymatic amplification using horseradish peroxidase (HRP) is constrained by the difficulties of recombinant production in bacterial hosts. In this study, we present a protein engineering framework utilizing APEX2, a robust engineered peroxidase, as a next-generation signaling element. We optimized the expression of APEX2-His6 in E. coli, achieving high yields (64 mg/L) of a functional apoenzyme that was efficiently reconstituted in vitro (RZ value: 2.1). Furthermore, we investigated the development of a bifunctional reporter by genetically fusing APEX2 to a single-domain antibody (sdAb). While the production of the fusion protein encountered significant solubility challenges in E. coli (yielding [~]0.5 {micro}g/liter culture), our results confirm that APEX2 retains high catalytic activity and stability when integrated into an LFA format. Using West Nile Virus (WNV) as a model system, we demonstrate that APEX2-mediated enzymatic amplification provides a clear colorimetric signal on nitrocellulose membranes. This work establishes APEX2 as a commercially viable, recombinantly accessible alternative to traditional peroxidases, providing a versatile platform for the development of high-sensitivity diagnostic tools.  Graphical Abstract  O_FIG O_LINKSMALLFIG WIDTH=200 HEIGHT=111 SRC=""FIGDIR/small/26361816v1_ufig1.gif"" ALT=""Figure 1""> View larger version (37K): org.highwire.dtl.DTLVardef@1b1dd12org.highwire.dtl.DTLVardef@28d3deorg.highwire.dtl.DTLVardef@6dbceforg.highwire.dtl.DTLVardef@8f03a5_HPS_FORMAT_FIGEXP  M_FIG C_FIG Created in https://BioRender.com"
2026-09-07,37,10.64898/2026.09.03.26362164,1,"infectious diseases","Avidity as a marker of protection against hepatitis E during a genotype 1 outbreak in South Sudan","Bionda Valera, C. B. G.; Alvarez, C.; Dighe, A.; Ciglenecki, I.; Eckerle, I.; Nesbitt, R. C.; Sarmiento, Y.; Gignoux, E.; Rumunu, J.; Asilaz, V. K.; Meyer, B.; Azman, A. S.","BackgroundIn settings where hepatitis E virus (HEV) is highly endemic, anti-HEV IgG seroprevalence approaches saturation, yet how often disease occurs in previously infected individuals, and how protective natural genotype 1 immunity is, remains unmeasured. IgG concentration cannot answer this as levels rise within days of symptom onset masking any pre-existing levels; IgG avidity, maturing over months, may serve as a useful tool to understand reinfections.  MethodsWe enrolled 1007 suspected HEV patients and measured anti-HEV IgG avidity in IgG-positive confirmed cases and an age-stratified sample of IgG-positive test-negatives (n = 366) in enhanced surveillance around a 2022 vaccination campaign in Bentiu, South Sudan. Using high avidity (avidity index [&ge;]50%) as a marker of past infection, we estimated (i) the reinfection fraction, (ii) protection from prior infection using a test negative design and (iii) associations with viral load and infection severity.  ResultsMedian avidity index was 11% in cases versus 77% in test-negatives. Among unvaccinated cases, 11.6% (28/242) carried high-avidity IgG (indicative of mature immunity and therefore reinfection), rising with age (odds ratio 1.6 per decade, p=0.006). Mature immunity was associated with 95% lower odds of disease (adjusted OR 0.05, 95% CI 0.03-0.08), robust to threshold and case-definition. High-avidity cases were less often viremic (29% vs 78%) at matched time since onset, though we found no differences in liver function biomarkers between patients with high-avidity and low-avidity.  ConclusionsMost HEV disease occurred in previously uninfected individuals, and prior immunity was strongly protective against detected disease. Avidity provides a population-level tool to read the immune landscape where seroprevalence may be uninformative.  Short SummaryUsing IgG avidity to distinguish between past from recent hepatitis E infection in a highly endemic setting, we found most disease occurred in previously uninfected individuals. Prior infection was associated with 95% lower odds of disease, demonstrating strong natural immunity."
2026-09-07,37,10.64898/2026.09.03.26362105,1,epidemiology,"Psychosocial Stressors and Psychiatric Morbidity Among Afghan Refugees Attending a Psychiatry Clinic in Islamabad, Pakistan: A Descriptive Cross-Sectional Study","Nadeem, M.; Khan, A. A.; Mansoor, M. H.; Yousafzai, A. W.","BACKGROUNDWar refugees are prone to psychiatric ailments due to multiple psychosocial stressors. Afghan refugees remain underrepresented in psychiatric studies. Therefore, a study exploring factors contributing to their mental health disorders is essential to guide rehabilitation efforts worldwide.  METHODSThis descriptive cross-sectional study evaluates the demographics, psychosocial stressors, psychiatric illnesses, and psychotropic drug use among Afghan refugees visiting the Psychiatry Outpatient Department (OPD) in Islamabad, Pakistan. Convenience sampling was employed on a sample population (n) of 75 participants. Data was collected via a structured questionnaire and analyzed using SPSS v21.0. Qualitative and quantitative variables were analyzed statistically.  RESULTSNearly 64%(n=48) of the participants were female. About 46.7%(n=35) of participants were uneducated, and 53.3%(n=40) were unemployed. 86.7%(n=65) of participants were married, while 2.7%(n=2) were divorced. 91%(n=61) of the married and divorced participants had an arranged marriage, 46.3%(n=31) had 5-8 children, and 67.2%(n=45) had experienced physical and/or emotional abuse. 74.7%(n=56) of the total participants reported a loss in the family, while 77.3%(n=58) had experienced trauma. 62.7%(n=47) had depression and associated psychotropic use, e.g., SSRIs (42.7%), TCAs (16%), and Benzodiazepines (13.3%). Alarmingly, 37.3%(n=28) reported a previous suicide attempt.  CONCLUSIONThis study explores the psychosocial stressors faced by Afghan refugees in Pakistan, including displacement, abuse, trauma, and family/income loss. It emphasizes the importance of evidence-based psychiatric care, rehabilitative interventions, and culturally sensitive care to counter psychiatric morbidities and underscores the need for future research to improve the mental health of refugees globally."
2026-09-07,37,10.64898/2026.09.03.26362052,1,epidemiology,"The effect of herpes zoster vaccines on incident dementia in England: Protocol for an OpenSAFELY regression discontinuity study","Walker, V.; Schaffer, A. L.; Hulme, W. J.; Wood, C.; Tamborska, A.; Walker, A. J.; MacKenna, B.; Goldacre, B.; Sterne, J. A. C.; Geldsetzer, P. A. C.","The English national shingles vaccination programme was officially launched on 1 September 2013 using the live attenuated herpes zoster vaccine Zostavax and updated on 1 September 2023 to replace Zostavax with the two-dose, non-live, recombinant subunit herpes zoster vaccine Shingrix. A study using a regression discontinuity design, conducted following the introduction of the herpes zoster vaccination programme on 1 September 2013 in Wales and using the SAIL databank to analyse Welsh routinely collected data, suggested that Zostavax vaccination reduced the probability of a new dementia diagnosis by approximately 20% over a seven-year follow-up period. The effects of Zostavax and Shingrix on incident dementia in England have not been published to date. This protocol describes a regression discontinuity study to study the effect of herpes zoster vaccines on incident dementia in England using linked electronic health records from OpenSAFELY."
2026-09-07,37,10.64898/2026.09.02.26362102,1,epidemiology,"Pitfalls and Solutions in Clone-Censor-Weight for Target Trial Emulation: Insights from Review, Simulation, and Real-World Analyses","Kimura, Y.; Takazawa, Y.; Yasunaga, H.","BackgroundThe clone-censor-weight (CCW) method is increasingly finding application in target trial emulation to compare treatment strategies involving grace periods. However, its performance has not been systematically evaluated against the ground truth. Many studies utilising CCW ignore time-varying covariates and informative pre-existing censoring. Heavy-tailed inverse probability of censoring weights (IPCW) may yield biased estimates and under-coverage.  MethodsSimulation Part 1 evaluated the bias, root mean squared error, and coverage probability of CCW analysis under correctly specified and misspecified IPCW models across scenarios with or without time-varying covariates and informative pre-existing censoring. Part 2 varied the confounding strength, assessing whether inference failures could be detected using an IPCW tail-heaviness index (a weighted Hill estimator-derived Pareto-type tail index) and the estimators standard deviation, the target of bootstrap standard error.  ResultsUnder correct specification, all bias estimates were below 0.005; coverage approached the nominal level of 0.95 with increasing sample size. Omitting the time-varying covariate or mishandling pre-existing censoring yielded bias up to 0.069 and coverage substantially below 0.95. Under strong confounding, confidence intervals failed to attain nominal coverage, even with correct specification and large sample sizes, when the oracle tail-heaviness index was [&le;]1. When the index was >1, the coverage approached 0.95 as the estimators standard deviation decreased.  ConclusionsCCW analysis yields accurate estimates and confidence intervals with nominal coverage when implemented correctly, and confounding is not excessively strong. Investigators should account for time-varying covariates and pre-existing censoring and evaluate the tail behaviour of IPCW distribution and estimators bootstrap standard error.  Key messages- Correctly specified and implemented clone-censor-weight analyses can provide accurate strategy-specific risk estimates and confidence intervals with nominal coverage, whereas misspecified or incorrectly implemented analyses, such as those failing to account for time-varying confounders or informative pre-existing censoring, can yield biased estimates and under-coverage. - Even with correct model specifications and large samples, strong confounding can lead to heavy-tailed distributions of the inverse probability of censoring weights and invalidate standard confidence interval construction. - The tail heaviness index of the inverse probability of censoring weight distribution, in conjunction with the estimators bootstrap standard error, can help identify unreliable analyses and guide the specification of eligibility criteria and treatment strategies."
2026-09-07,37,10.64898/2026.09.02.26362065,1,epidemiology,"Differential Methylation at Novel Putative Imprinting Control Regions on Chromosome 20 Associated with Childhood Obesity","Everly, C. F.; Allen, T. K.; Skaar, D. A.; Corliss, B. A.; Jima, D. D.; Maguire, R. L.; Jadallah, H.; Jirtle, R. L.; Murphy, S. K.; Tzeng, J.-Y.; Hoyo, C.","DNA methylation may link early-life exposures to later obesity risk; however, most studies examine individual CpG sites using commercial arrays that cover <5% of the genome and often overlook biologically-relevant regulatory regions. Imprinting control regions (ICRs) regulate parent-of-origin gene expression and are enriched for growth and metabolic genes, representing strong candidates for developmental programming of obesity. In 586 participants of the Newborn Epigenetics STudy (NEST), we leveraged the novel Human Imprintome Array to measure methylation at >1,000 characterized and putative ICRs genome-wide in umbilical cord blood. We applied principal component and kernel machine regression to identify ICR methylation at birth associated with sustained childhood obesity, defined as BMI [&ge;]95th percentile during most of childhood. Sustained childhood obesity was associated with differential methylation at seven ICRs in cord blood, with 2-10% mean differences between obesity and normal weight groups, including novel regions localized to chromosome 20q11.1-20q11.21 (ICR_1182, ICR_1179, ICR_1181, ICR_1177, ICR_1180, and ICR_1165), mapping to or near CDC27P4, LINC01597, DUX4L37, and DUX4L34, and ICR_927 mapping to previously characterized ZNF597/NAA60. Most ICRs overlapped multiple transcriptional regulator binding sites. Associations persisted in peripheral blood collected in later childhood at ages 8-16 years. Among offspring of mothers with pre-pregnancy obesity, an additional 50 associations were identified. Sex-stratified analyses revealed no further insights. These findings identify novel ICRs--particularly on chromosome 20q--as potential early-life epigenetic biomarkers of childhood obesity. If replicated, these stable ICR methylation patterns may identify children at risk for obesity at birth, informing targeted prevention before obesity develops and guiding novel therapeutic strategies."
2026-09-07,37,10.64898/2026.09.03.26362103,1,"public and global health","Mapping national and subnational zero-dose prevalence and multidimensional inequities across 77 countries","Huang, C.; Chi, R.; Gong, Y.; Yan, C.; De Broucker, G.; Fang, H.; Yin, X.; Zhang, H.; Patenaude, B. N.","Zero-dose children remain a marker of populations unreached by routine immunisation, but national averages can obscure substantial subnational and multidimensional inequities. We analysed the most recent Demographic and Health Surveys and Multiple Indicator Cluster Surveys conducted between 2015 and 2024, including 170,553 children aged 12-23 months from 77 countries and 1,571 first-level administrative areas. Zero-dose prevalence ranged from 0.22% to 37.21% nationally, and 33 subnational areas had prevalence of at least 50%. Using the Vaccine Economics Research for Sustainability and Equity (VERSE) framework, we found that zero-dose children were consistently concentrated among multidimensionally disadvantaged groups, although the magnitude and drivers of inequity varied across countries. Maternal education, household wealth, geographic region, residence and health insurance were context-specific contributors. Combining burden, subnational distribution and multidimensional inequity can help identify where zero-dose children are concentrated and which barriers should be prioritised to advance equitable immunisation."
2026-09-08,37,10.64898/2026.09.02.26362032,1,"infectious diseases","Soil-transmitted helminth reinfection after anthelmintic treatment in schools with improved versus unimproved WASH infrastructure in Mozambique: a prospective cohort study.","Novela, V.; Messa, A.; Fleitas, P. E.; Grau-Pujol, B.; Gandasegui, J.; Sacoor, C.; Cossa, A.; Muchisse, O.; Jamine, J. C.; Martinez-Valladares, M.; Munguambe, K.; Mandomando, I.; Doyle, S. R.; Munoz, J.","BackgroundSoil-transmitted helminths (STH) infect more than a billion people worldwide, disproportionately affecting communities with poor water, sanitation, and hygiene (WASH). Mass drug administration is the primary control strategy, but reinfection frequently occurs within months of treatment, and the extent to which improved WASH reduces reinfection risk remains unclear. We conducted a prospective cohort study comparing STH reinfection rates over seven months after anthelmintic treatment among school-aged children attending schools with improved versus unimproved WASH in the Manhica district, Mozambique, using reinfection dynamics as a proxy for the impact of WASH interventions.  MethodsChildren were screened for STH using Kato-Katz microscopy, then dewormed with albendazole and praziquantel (plus ivermectin for those positive for T. trichiura and/or S. stercoralis). A follow-up sample was collected 21 days post-treatment from initially positive children to assess the cure rate (CR) and egg reduction rate (ERR). Cured participants were enrolled in the WASH-improved or WASH-unimproved cohort and followed monthly for seven months. Reinfection and incidence rates were estimated, and Cox proportional hazards regression was used to assess the association between WASH cohort and time to reinfection.  ResultsSTH prevalence was 17.5% (95% CI: 15.2-19.8; n=178/1018), comprising T. trichiura (9.5%), A. lumbricoides (6.3%), S. stercoralis (2.6%), and hookworms (1.9%). No heavy-intensity infections were observed; most T. trichiura (94.9%) and hookworm (94.7%) infections were light, whereas 43.8% of A. lumbricoides infections were moderate. CR/ERR were 88.4%/96.56% for T. trichiura (n=95) and 93.3%/93.36% for A. lumbricoides (n=50). Overall reinfection rate was 32.3% (n=54/167), higher in the improved-WASH cohort (39.3%) than in the unimproved-WASH cohort (18.2%), corresponding to 66.38 reinfections per 1,000 person-months at risk overall (82.27 vs. 35.89 by cohort). The unimproved-WASH cohort had a lower hazard of reinfection (HR=0.456; 95% CI: 0.229-0.908; p=0.0254).  ConclusionsDespite effective treatment, over a third of children were reinfected within seven months, with reinfection unexpectedly higher in the improved-WASH cohort. This suggests that infrastructure-based WASH classification may not capture true exposure or behavioural risk, underscoring the need for household-level monitoring to assess WASH impact alongside MDA. Clinical trial number: not applicable."
2026-09-08,37,10.64898/2026.09.03.26361932,1,epidemiology,"Associations of pet ownership and pet attachment with a metabolite-based psychosocial distress score and circulating metabolomic profiles","Zeleznik, O. A.; Strohmaier, S.; Le, P. A.; Eliassen, A. H.; Huttenhower, C.; Westgarth, C.; Zebrowska, M.; Huang, T.; Laden, F.; Hart, J.; Rosner, B.; Kawachi, I.; Chavarro, J.; Okereke, O. I.; Schernhammer, E. S.","IntroductionPet ownership is widespread, with many owners reporting emotional benefits, but evidence on its psychological and biological effects remains mixed. Prior research has linked strong pet attachment, particularly to dogs, to lower psychosocial distress, but underlying biological mechanisms are not well understood. We examined associations of pet ownership and attachment with a metabolite-based psychosocial distress score (MDS) and broader metabolic profiles, distinguishing between dogs and cats.  MethodsWe analyzed data from 213 participants (131 pet owners, 82 non-owners), using the Lexington Attachment to Pets Scale and a previously developed MDS reflecting psychosocial distress. Linear regression assessed associations between pet variables and MDS or individual metabolites, adjusting for demographic, lifestyle, and health factors. Metabolite set enrichment analysis identified associated metabolite classes.  ResultsPet ownership and pet attachment were not associated with MDS overall. However, stronger pet attachment was associated with lower MDS ({beta}(95%CI)=-0.58(-1.07,-0.08), p=0.02) among dog owners but not cat owners. Across all measured metabolites, N6,N6-dimethyllysine was significantly associated with pet attachment. Several metabolite classes were associated with pet ownership and attachment, with some in opposite directions. For example, triglycerides with than three double bonds were positively associated with ownership but inversely with attachment, particularly among cat owners.  ConclusionAlthough pet ownership and attachment were not associated with MDS overall, stronger attachment was associated with lower MDS among dog owners but not cat owners. Pet ownership and attachment showed distinct metabolomic patterns, with differences between dog and cat owners. Further studies are needed to replicate and expand on these findings."
2026-09-08,37,10.64898/2026.09.02.26362030,1,epidemiology,"Neurocysticercosis in California: Clinical Characteristics and Associated Comorbidities Across the University of California Health System","Islam, T. M.; Allen, S. E.","IntroductionNeurocysticercosis (NCC) is an infection of the central nervous system caused by the tapeworm Taenia solium. Despite documented increases of NCC in California, large-scale studies characterizing affected populations remain limited. The spectrum of NCC associated neuropsychiatric comorbidities has not been well defined in U.S. populations. This study aimed to estimate the prevalence of NCC within the University of California (UC) Health System, characterize the population demographic and clinical features, and identify factors associated with epilepsy among individuals with NCC.  Methodology/Principal FindingsWe conducted a cross-sectional analysis of electronic health records from 2012 through March 2026 using the UC Health Data Warehouse, which integrates data from six UC Health systems. Among individuals aged [&ge;] 1 year, there were 713 individuals with a diagnosis of NCC corresponding to a prevalence of 6.17 per 100,000. A comparison group was randomly selected at a 1:10 ratio. Relative to the comparison group, NCC patients were significantly older, more likely to identify as Hispanic or Latino, more likely to speak Spanish as a primary language, and more likely to have Medicaid insurance. NCC was strongly associated with epilepsy (OR = 19.20, 95% CI: 15.74-23.46), as well as migraines, cognitive impairment, mood disorders, Parkinsons disease, substance use, stroke, and sleep disorders. After adjusting for age, gender, and ethnicity, male NCC patients had 26% higher odds of epilepsy compared to female patients.  Conclusion/SignificanceIn addition to epilepsy, NCC was associated with a broad range of neuropsychiatric comorbidities and occurred disproportionately among patients more likely to face socioeconomic and structural barriers to care, including limited insurance coverage, language barriers, and immigration-related challenges. These findings highlight the importance of recognizing NCC in non-endemic settings, where this often underrecognized disease contributes substantially to neurologic morbidity in a vulnerable population.  Author SummaryNeurocysticercosis is an infection of the brain caused by the larvae of the tapeworm Taenia solium. It is commonly found in regions of Latin America, Africa, and Asia. It is among the leading causes of acquired epilepsy worldwide. Although it is thought to be relatively rare in the United States, we suspected that it may be more common than currently recognized, particularly in states with large immigrant populations.  We reviewed 14 years of medical records from over 11 million patients across 6 hospitals within the University of California Health System to find all individuals diagnosed with neurocysticercosis and compared them with a similar group of patients without it. We found about 6 cases of neurocysticercosis per 100,000 patients. These patients were more likely to have illnesses such as epilepsy, migraines, cognitive impairment, Parkinsons disease, mood disorders, and strokes compared to individuals without neurocysticercosis. They were also more likely to be Spanish-speaking, Hispanic or Latino, and insured through Medicaid.  Our findings suggest that NCC remains an underrecognized cause of neurological illness in California and highlight disparities associated with the disease, underscoring the need for further investigation of these relationships as well as equity-focused strategies to improve NCC diagnosis and care."
2026-09-08,37,10.64898/2026.09.03.26362130,1,"public and global health","The impact of COVID-19 pandemic on health service utilization among patients with chronic non-communicable diseases in Ghana","Tannor, E. K.; Newton, S.; Busse, R.; Gatorwu, S.; Safo, J. K.; Adjei, R.; Amuasi, J.; Quentin, W.","BackgroundThe COVID-19 pandemic significantly disrupted health systems globally and in sub-Saharan Africa (SSA) leading to reduction of health service utilization (HSU). Patients with non- communicable diseases (NCDs) had increased morbidity and mortality during the COVID-19 pandemic. We sought to determine the changes and impact of the COVID-19 pandemic on HSU among patients with NCDs comparing an epicentre to a non-epicentre region in Ghana.  MethodsWe conducted a cross-sectional observational study of patients with NCD in the Ashanti and Northern regions in Ghana from 14th April 2024 to 31st July 2024. We distributed questionnaires to patients with NCD in selected facilities in the Northern and Ashanti regions of Ghana. The Andersens Behavioural Model was used as the conceptual framework to determine the factors affecting HSU. Multiple logistic regression was used to identify independent variables predicting reduction in HSU. P value of less than 0.05 was considered statistically significant.  ResultsThe study included 844 participants with NCDs equally sampled in the Ashanti and Northern regions of Ghana. The mean age of respondents was 61.4{+/-}11.6 years with 569(67%) females. Almost half 367 (43.5%) of all respondents reported COVID-19 led to a decrease in their HSU and over a third of respondents, 303(35.9%) missed their hospital appointments. The proportion of respondents reporting a decrease in HSU was significantly higher in the Northern region 276 (65.4%) than the Ashanti region 91 (21.6%), [p<0.001]. Reduction in HSU was associated with increasing age (aOR=0.97, 0.96 - 0.99, p<0.001), Northern region residence (aOR=9.60 CI 6.43 - 14.32, p<0.001), higher household income (aOR=1.36 CI 1.15-1.60, p<0.001), longer duration of NCD (aOR=1.03, CI 1.01 - 1.06, p=0.033) and possession of valid NHIS card (aOR=7.43, CI 2.44 - 22.57, p <0.001).  ConclusionThe COVID-19 pandemic led to reduction in HSU in Ghana. There was a significant reduction in NCDs in a non-epicentre region (Northern region) compared to the Ashanti region which was an epicenter region. Hence patients in non-epicentres should also be prioritized in pandemic situations."
2026-09-08,37,10.64898/2026.09.02.26362122,1,"public and global health","Early human capital, the COVID-19 food-insecurity shock, and adult mental health: a 22-year cohort study in Ethiopia, India, and Peru","Diaz Flores, M. A.; Jimenez Rivera, W. M.; Pena Huaman, G. M.; Romero Molina, U.","Mental disorders typically emerge before age 25, yet little is known about how childhood human capital and large economic shocks jointly shape mental health into adulthood in low-and middle-income countries (LMICs). We use seven rounds of the Young Lives study (2002-2024), which followed two birth cohorts in Ethiopia, India, Peru, and Vietnam, to examine (i) the long reach of early human capital, proxied by the height-for-age z-score in infancy; (ii) the medium-term association between household food insecurity during the COVID-19 pandemic and adult depressive (PHQ-8) and anxiety (GAD-7) symptoms measured at ages 22 and 29 in 2023-2024; and (iii) whether early human capital buffered the pandemic shock. We estimate value-added, latent-factor, dynamic panel, and mediation models with cluster-robust inference. Early height-for-age strongly predicts adult height (1.6 cm per standard deviation, p < 0.01) but not adult mental health or formal employment. Pandemic food insecurity predicts higher depressive (0.41 points, 0.12 standard deviations) and anxiety (0.41 points, 0.11 standard deviations) symptoms three to four years later (both p < 0.01); per step, the probability of clinically relevant anxiety (GAD-7 of 10 or more; base 7.6 percent) rises by 1.9 percentage points (p = 0.001) and of clinically relevant depression (PHQ-8 of 10 or more; base 5.6 percent) by 1.0 percentage point (p = 0.07). The gradient travels with the persistence of distress and of material hardship, is robust to attrition corrections and bounds, and its causal reading is explicitly bounded, since mental health was first measured during the pandemic itself. Exploratory analyses suggest the gradient differs across countries and may be larger in the older cohort, exposed at about age 26 rather than 19; these contrasts rest on few clusters and are not robust to multiple-comparison adjustment. Early human capital neither predicts adult mental health--a precise null of at most {+/-}0.03 standard deviations--nor moderates the gradient. Protecting household food security during aggregate shocks, especially for young adults, appears central to safeguarding mental health in LMICs."
2026-09-08,37,10.64898/2026.07.06.26354129,2,"infectious diseases","No Point Beating Around the Bedpan: Lessons from a Major Intra-Hospital NDM-Producing Escherichia coli Carriage Outbreak : a Mixed-Methods Study.","Le Hir, A.; Vincent, P.; Sardi, F. S.; Giglione, C.; Bouton, N.; Stavris, C.; Maisonobe, L.; Chiche, L.; Fliniaux, C.; Castagnier, M.; Brisson, J.; Rebaudet, S.","Antimicrobial resistance constitutes a major threat to global public health. Among emerging extensively drug-resistant bacteria (eXDR), carbapenemase producing Enterobacterales (CPE) expose hospitals to outbreaks through rapid dissemination, and to therapeutic limitations. Through a mixed epidemiological-qualitative methods study, we report the most extensive CPE carriage outbreak known to date in France, which occurred at Hopital Europeen Marseille (HEM) between January and June 2025. By the end of November 2024, the admission of an index patient returning from Senegal carrying an NDM-producing Escherichia coli led to an extensive transmission, despite adherence to national ""screen and isolate"" guidelines. More than 7,500 rectal screening tests identified 481 CPE carriers (including 343 NDM, 129 OXA-48-like and 9 other CPE), and 14 vancomycin-resistant Enterococcus faecium carriers. This major outbreak prompted an extraordinary response involving clinical, technical and administrative teams within the institution. It highlighted operational limitations in current screening, cohorting and biocleaning strategies in the context of a hospital-wide outbreak. We describe the outbreak trajectory, the control measures implemented and provide a structured synthesis of lessons learned across organisational, scientific and policy domains."
2026-09-08,37,10.64898/2026.09.04.26362267,1,urology,"PSMA PET SUVmax Adds Information Beyond Conventional Risk Indices in Localized Prostate Cancer: A Prospective Lesion-Level Radiopathologic Study","Motchoffo Simo, G.; Movva, P.; Seo, J.; Shou, B.; Vega, D.; Hagens, T.; Norris, E. C.; Luthringer, D. J.; D'Agnolo, A.; Sung, K. H.; Calais, J.; Brisbane, W. G.; Reiter, R. E.; Daskivich, T. J.; Li, D.; Saouaf, R.; Kim, H. L.; Weiner, A. B.","BackgroundProstate-specific membrane antigen (PSMA) positron emission tomography (PET) is increasingly used to characterize newly diagnosed prostate cancer on the assumption that uptake highlights aggressive disease. However, maximum standardized uptake value (SUVmax) varies widely across localized tumors. Recent genomic assessments have suggested SUVmax reflects tumor biology even when accounting for other tumor indices. Here, we examined highly annotated pathologic, imaging and clinical correlates of intraprostatic SUVmax at the level of individual tumor foci in a prospective multimodal cohort.  MethodsExploratory lesion-level analysis of the radical prostatectomy arm of a single-center prospective diagnostic-accuracy trial (NCT04461509). Patients underwent simultaneous 18F-DCFPyL PSMA PET, multiparametric magnetic resonance imaging (MRI) and high-resolution MRI before prostatectomy, with central blinded pathology and imaging review. Grade Group (GG) [&ge;]2 foci measuring [&ge;]10 mm were eligible. The primary outcome was focus-level SUVmax. Correlates spanning histology, tumor microenvironment, MRI and clinical indices were examined by Spearman correlation and rank-based group comparison, followed by separate linear regressions of log(1+SUVmax) each adjusted for GG and tumor size. A digital-pathology sensitivity analysis quantified immune, stromal and tumor pixel-area fractions on hematoxylin and eosin (H&E) sections from a subset of foci using a trained QuPath classifier.  ResultsTwenty-seven patients contributed 34 tumor foci, of which 21 (61.8%) were GG2. Median SUVmax was 5.7 (interquartile range [IQR] 3.9-12.1; range 0.0-57.9). SUVmax rose across the cribriform/intraductal carcinoma (Crib/IDC) gradient (median 3.9, 4.8 and 10.2 for absent, focal and extensive; p = 0.010), correlated with % Gleason pattern 4 ({rho} = +0.47, p = 0.005) and correlated inversely with stromal content ({rho} = -0.40, p = 0.020). Grade Group (p = 0.115), Prostate Imaging Reporting and Data System (PI-RADS) 4 versus 5 (p = 0.705), standard apparent diffusion coefficient (ADC) ({rho} = -0.27, p = 0.130), baseline prostate-specific antigen (PSA) ({rho} = +0.04, p = 0.816) and PSA density ({rho} = -0.02, p = 0.918) were not associated with SUVmax. In separate models of log(1+SUVmax) adjusted for Grade Group and tumor size, % Gleason pattern 4 remained associated with uptake (standardized {beta} = +0.76, 95% CI +0.11 to +1.41), Crib/IDC ({beta} = +0.36, -0.03 to +0.74), and stromal content ({beta} = -0.30, -0.62 to +0.02). On 18 slides re-quantified by pixel classifier, no pixel-based compartment fraction correlated with SUVmax (immune {rho} = -0.06, stroma {rho} = +0.02, tumor {rho} = -0.04; all p > 0.5).  ConclusionsIn this prospective lesion-level cohort, intraprostatic PSMA SUVmax was associated with increased Gleason pattern 4 and cribriform/intraductal burden but not with other common risk indices. SUVmax therefore appears to carry information additive to conventional risk factors. Further investigations examining the tumor biology that reflects SUVmax are warranted."
2026-09-08,37,10.64898/2026.09.04.26361413,1,"infectious diseases","Clinical Phenotypes of Post-Acute Sequelae of SARS-CoV-2 (PASC) Infection: A Longitudinal Cohort Study from Karachi, Pakistan","Khanum, I.; Ahmed, K.; Munir, T.; Zia, H.; Saif, W.; Sadia, H.; Mahmood, S. F.; Nasir, N.; Ghias, K.; Rabinowitz, P.; Van Voorhis, W.; Iqbal, N. T. T.","Post-Acute Sequelae of SARS-CoV-2 infection (PASC), commonly referred to as Long COVID, is increasingly recognized as a significant public health concern. However, longitudinal studies examining its clinical course remain limited in South Asia, and the true burden of persistent symptoms in Pakistan is not well established. This study aimed to characterize the long-term clinical manifestations of PASC and investigate the relationship between symptom persistence, faecal viral shedding, and serotonin levels over a one-year follow-up period.  We conducted a prospective longitudinal study involving individuals diagnosed with PASC (n=60). Participants underwent serial assessments for clinical symptoms, stool SARS-CoV-2 RNA detection, and serotonin measurements in platelets rich plasma at multiple time points over 12 months. A symptom score was developed using 22 symptoms reported by more than 30% of participants.  Among the study population, 60% were female, with a mean age of 42.1 {+/-} 12.1 years. Two-thirds (66%) were overweight or obese, and 28.3% reported multiple SARS-CoV-2 reinfections. Longitudinal analysis demonstrated a significant reduction in overall symptom burden at 9 months ({beta} = -2.68, 95% CI: -3.81 to -1.55; p < 0.001) and 12 months ({beta} = -3.00, 95% CI: -4.13 to -1.87; p < 0.001) compared with baseline. Despite this overall improvement, several symptoms persisted throughout follow-up. The prevalence of myalgia remained largely unchanged (60% at baseline vs. 63% at 12 months), while musculoskeletal symptoms persisted at similar levels (59% vs. 60%). Neurocognitive symptoms declined from 40% to 31.3%, whereas psychological symptoms increased slightly from 40% to 45.8% over the study period.  Faecal viral shedding was detected in 56.7% of participants and demonstrated both intermittent and persistent patterns. Although no association was observed between faecal shedding and symptoms at baseline, significant associations emerged at six months, particularly for breathlessness, fatigue, weakness (77.8%), and joint pain (88.9%). Serotonin levels remained broadly comparable to those reported during acute COVID-19 infection.  These findings highlight the prolonged nature of PASC, with persistent symptoms such as myalgia, joint pain, weakness, and fatigue continuing for at least one year after infection. The persistence of symptoms, together with evidence of ongoing faecal viral shedding, suggests that viral persistence and sustained physiological disturbances may contribute to the long-term pathogenesis of Long COVID in a subset of affected individuals."
2026-09-08,37,10.64898/2026.09.06.26362392,1,epidemiology,"Climate signal or surveillance artefact? Disentangling environmental and observation processes in Lyme borreliosis trends","Grzybek, M.; Bogacka, A.; Kirkpatrick, L.","Climate change is increasingly invoked to explain long-term shifts in vector-borne disease, yet observed incidence reflects both ecological processes and the systems used to detect disease. Distinguishing environmental signals from changes in surveillance is therefore essential for attributing disease trends to global change. We used Lyme borreliosis in Poland as a national case study, analysing 259,003 notifications across 16 administrative regions from 2009 to 2024 (1,024 region-quarters). Multivariable negative binomial models estimated associations with lagged climatic conditions while accounting for temporal trend, a post-2016 structural step, COVID-19 healthcare disruption, seasonality and regional heterogeneity. Hospitalisation proportion provided an independent population-level indicator of changing observed case mix. Reported incidence increased 2.93-fold, whereas hospitalisation proportion declined from 26.4% to 3.5%. Temperature at a three-quarter lag (incidence rate ratio [IRR] 1.069 per 1{degrees}C, 95% CI 1.045-1.093) and cloud cover at a one-quarter lag (IRR 1.127 per okta, 1.063-1.195) were independently associated with reported incidence. However, changes in the observation process were of greater magnitude: the post-2016 structural step was associated with a 57% increase in notifications (IRR 1.571, 1.465- 1.684), whereas the COVID-19 period was associated with a 48% reduction (IRR 0.524, 0.482- 0.568). The divergence between increasing notifications and declining hospitalisation indicates substantial expansion in ascertainment of milder disease, such that notification trends cannot be interpreted as proportional changes in transmission. Our findings show that climatic signals can coexist with, and be obscured or amplified by, changes in disease observation. Robust attribution of vector-borne disease responses to global environmental change therefore requires explicit modelling of surveillance processes and integration of epidemiological, healthcare and ecological data."
2026-09-08,37,10.64898/2026.09.06.26362361,1,epidemiology,"Frontline-worker infections as a marker of infection-prevention stress during the 2026 Bundibugyo virus disease outbreak in the Democratic Republic of the Congo","Verheyden, J. G. L.; Mudogo, C. N.","ObjectiveTo quantify the reported burden, temporal contribution, mortality and health-zone distribution of frontline-worker infections during the 2026 Bundibugyo virus disease (BVD) outbreak in the Democratic Republic of the Congo, and to examine contemporaneous infection-prevention-and-control (IPC) evidence.  MethodsWe conducted a retrospective longitudinal analysis of DRC situation reports, the INRB-UMIE BDBV2026-Data repository, and WHO outbreak updates, per STROBE principles. National health-worker snapshots were reconstructed for 10 June-9 August 2026; detailed Ituri Province tables were analysed for 13 July-4 August. Crude case fatality among frontline and other confirmed cases was compared using risk ratios and a stratified Mantel-Haenszel odds ratio.  FindingsNationally, health-worker infections rose from 16/676 confirmed cases (2.4%) on 10 June to 151/3,605 (4.2%) on 30 July, contributing 11.0% of newly accumulated cases in the first three weeks but only 2.2-2.6% thereafter. Reported case fatality was lower among health workers, nationally on 30 July (29.1% versus 44.7%; risk ratio 0.65, 95% CI 0.51-0.84) and in Ituri on 4 August (30.7% versus 42.8%; RR 0.72, 95% CI 0.56-0.92; stratified odds ratio 0.59, 95% CI 0.41-0.85). Burden was spatially concentrated but heterogeneous across health zones. IPC reports documented low facility scorecards, recurrent high-risk exposures, and inconsistent worker denominators.  ConclusionFrontline-worker infections formed a substantial, front-loaded epidemic component and a visible IPC-stress marker, but aggregate data cannot establish occupational incidence or place of acquisition. Lower reported mortality likely reflects earlier recognition or care access rather than lower severity. Standardized worker denominators and linked occupational surveillance should be incorporated into Ebola situation reporting.  What was already known on this topicPrevious Ebola and Marburg outbreaks have demonstrated substantial health-worker involvement, with infections linked to inadequate triage, insufficient personal protective equipment, exposure to patients with unrecognized infection and fragile health systems. Occupational burden is often concentrated early in epidemics, and infections among health workers can disable essential services, erode workforce confidence and signal weaknesses in infection prevention and control. However, routine outbreak reports rarely document health-worker trajectories in detail or link them systematically to IPC performance.  What this paper addsUsing reconciled longitudinal national and provincial snapshots and detailed personnel de premiere ligne (PPL) tables from Ituri Province, this paper quantifies the reported burden, mortality and health-zone distribution of frontline-worker infections during the 2026 BVD outbreak. It shows that frontline infections formed a substantial, front-loaded component of the epidemic and remained a visible marker of IPC stress, while crude case-fatality ratios among frontline workers were lower than among other confirmed cases. It demonstrates that available aggregate data cannot establish occupational incidence or place of acquisition, and argues that standardized worker denominators and linked occupational surveillance should be incorporated into Ebola situation reporting."
2026-09-08,37,10.64898/2026.09.06.26362366,1,epidemiology,"The COVID-19 Trajectory in Israel: A Comprehensive Analysis of National Surveillance Data on Documented Infections, Test Positivity, and Vaccine-Effectiveness Estimates","Ophir, Y.; Sevillya, G.","BackgroundIsrael was among the first countries to implement rapid nationwide BNT162b2 vaccination and became a major source of early real-world evidence on COVID-19 vaccine effectiveness. Early Israeli studies reported approximately 90-95% effectiveness against documented SARS-CoV-2 infection, but over relatively short epidemiological periods. This study examines the national trajectory from the pre-vaccination period through the end of the global COVID-19 emergency.  MethodsFive publicly available Israeli Ministry of Health surveillance datasets were analyzed longitudinally from February 2020 through May 2023. National trajectories of documented infection and test positivity were characterized before and after vaccine rollout, which began on December 20, 2020. Vaccinated-unvaccinated differences were then examined in two ways: first, using routine-surveillance case rates by vaccination status; and second, using an age-adjusted test-positivity analysis among individuals without documented prior infection, with testing denominators stratified by vaccination status. The second analysis, designed to address potential biases from prior-infection history and differential testing, began 19 weeks later, when the required data became available on May 30, 2021.  ResultsThe two completed pre-rollout waves declined to [&le;]10% of their peaks within 32 and 43 days, respectively. The winter 2020-2021 wave, which was already underway when vaccination began, required 68 days. Subsequent major peaks were larger than the January 2021 peak, with Delta 17% higher and Omicron approximately nine times higher.  Routine surveillance reached an early apparent vaccine-effectiveness peak of 94.4% in mid-February 2021 and declined to 61.5% by late May, with substantial rebounds thereafter. By early December it was 79.9%, before falling to 37.4% two weeks later and 8.2% by late December; it became persistently negative in February 2022. The test-positivity analysis showed a generally lower trajectory. After unstable estimates during the low-incidence summer weeks, it reached 62.1% in early December, fell to 26.8% one week later and -14.5% the next, and remained negative thereafter.  ConclusionsThese observational data cannot establish causal vaccine effects and do not address protection against hospitalization, severe disease, or death. Within the domain of documented infection, however, the early vaccination-associated advantage attenuated substantially within months and was further reduced when prior-infection history and vaccination-stratified testing were incorporated; in the latter analysis, the contrast reversed by late 2021 and remained negative thereafter. At the population level, national surveillance showed no sustained reduction in the magnitude or resolution of documented-infection waves after rollout. The Israeli experience may therefore be informative for future public-health emergencies, in which early short-window effectiveness estimates may change substantially as population immunity, testing practices, and the pathogen itself evolve."
2026-09-08,37,10.64898/2026.09.04.26362232,1,"public and global health","Cognitive Ageing in Healthy Adults in India: A Cross-Sectional Multimodal Study Protocol","Vasudevan, H.; Chelluri, S.; Umapathy, G.; Vinod, P. K.; Sepuri, N. B. V.; Krishnamoorthy, T.; Raju, S. B.; Dongaonkar, B.","IntroductionThe population of older adults in India is projected to exceed 230 million within the next decade. With increasing life expectancy, maintaining cognitive and neurobiological health becomes essential for ensuring a good quality of life. This study is a comprehensive multimodal investigation of aging and cognition in a healthy Indian cohort. The aim is to characterize cognitive, neurobiological, physiological, psychological, and molecular trajectories and their associations across the adult lifespan in India.  Methods and AnalysisData will be collected cross-sectionally from healthy young (19-35 years, n = 100), middle-aged (40-55 years, n = 100), and older adults (60-75 years, n = 100) with regional nativity and residence in Telangana or Andhra Pradesh. Individuals with cognitive impairment or any chronic health condition will be excluded. Assessments will include standardized cognitive tests, mental health questionnaires, brain imaging, heart rate variability, and serum samples for standard blood tests and epigenetic analyses. Hair cortisol and serum inflammatory markers will also be collected to profile stress and systemic inflammation, respectively. Data from this study will help to profile healthy aging in an Indian cohort, thereby addressing critical gaps in clinical research and health policy.  Ethics and DisseminationThis study was approved by the Institutional Review Board at IIIT Hyderabad (IIITH-IRB-PRO-2023-11). All participants will give written consent. Results from this study will be presented at conferences and published in peer-reviewed journals. Data will also be curated for an interactive web-portal to enable researchers, clinicians, and policy makers to understand the data in meaningful ways.  Strengths and LimitationsO_LIMost studies in aging focus on risk factors and progression of degenerative conditions. What healthy aging really means is not well understood. C_LIO_LIThis study will recruit healthy Indian adults free from any chronic health problem and with regional nativity and residence to minimize geo-climatic effects and genetic heterogeneity. C_LIO_LIHair cortisol and serum-inflammation levels may provide unique insights in healthy aging. C_LIO_LIThe comprehensive data from this study will provide a profile of healthy aging in an Indian cohort that is highly vulnerable to metabolic disorders. It will enable clinicians, researchers, and policy makers to plan and promote healthy aging. C_LIO_LIThe restricted native sample population and sample size may not capture the divergent trajectories in aging across other demographic populations within and outside India. C_LIO_LIThough cross-sectional data will not capture the changes that longitudinal data can, it will offer an opportunity to compare psychosocial and physiological measures across different age groups. C_LI"
2026-09-08,37,10.64898/2026.09.06.26362364,1,"public and global health","Facility-based abortion care in India's public health system: 14-year trends, geographic inequalities, and the impact of the 2021 MTP Amendment Act","Mishra, V.; Parihar, K. S.","BackgroundMedical termination of pregnancy (MTP) has been legal in India since 1971, and the MTP (Amendment) Act 2021 expanded gestational limits and eligibility. Yet trends in facility-based abortion provision, their disruption by COVID-19, and any early response to the 2021 reform have not been described from routine national data. We quantified 14 years of public and private facility MTP provision by gestational age, geographic access, pandemic disruption, and the post-Amendment shift in later-gestation procedures.  MethodsAnalysis of Indias Health Management Information System (HMIS), fiscal years 2008-09 to 2021-22. We extracted monthly MTP counts by gestational band (up to 12 weeks; more than 12 weeks) and sector, post-abortion care indicators, and abortion-related maternal deaths for all districts and states, harmonising definitions across the 2017-18 schema change. We described national and state trends, the share of districts reporting zero MTPs, and -- for 2017-2022 -- used interrupted time-series models to quantify COVID-19 disruption; we compared the more-than-12-week share before and after the MTP Amendment Act rules (September 2021).  ResultsReported facility MTPs were essentially flat over 14 years, at roughly 0.6-0.74 million per year, despite population growth. The more-than-12-week share of MTPs halved over the period, from 17.5% in 2008-09 to 6.9-9.5% after 2017. Around 5% of districts reported zero MTPs in any given year. COVID-19 reduced total MTPs by about 25% below expected over March 2020-March 2022, with public-sector provision hit harder (-30%) than private (-20%), and post-abortion contraception falling by half and not recovering. Strikingly, more-than-12-week MTPs surged to 155% of expected after the MTP Amendment Act rules took effect in September 2021, and the more-than-12-week share rose from 6.9% pre-pandemic to 9.7% post-Amendment. State MTP deficits over the pandemic exceeded 40% in Rajasthan, Delhi, Assam and Tamil Nadu.  ConclusionFacility-based abortion provision in India has stagnated in absolute terms for over a decade and is unequally distributed, consistent with the large majority of abortions occurring outside the facility system. COVID-19 caused a substantial, public-sector-concentrated disruption from which post-abortion contraception did not recover, while the earliest post-Amendment data show a measurable shift toward later-gestation facility procedures. Routine data provide an essential, if partial, monitoring tool for abortion-care policy."
2026-09-08,37,10.64898/2026.09.06.26362288,1,"infectious diseases","High inter-home variation in nontuberculous mycobacteria from household tap waters","Gebert, M. J.; Liggett, J. E.; Vanderburgh, C.; Galletta, J. M.; Schwer, P.; Muldoon, T.; Lytle, D. A.; Masters, S. V.; Fierer, N.","Household tap waters harbor diverse microbial communities that can be highly variable in composition. While most microbes found in tap water are of limited clinical significance, nontuberculous mycobacteria (NTM), a group of bacteria commonly detected in household plumbing, pose an increasing threat to public health. Although exposure to tap water has been proposed as an important route of infection for mycobacterial pulmonary disease, it remains unclear how the amounts and types of NTM vary across homes within a given metropolitan area or even within individual homes between cold and hot tap water supplies. To address this knowledge gap, we used culture independent methods, namely 16S rRNA gene sequencing paired with quantitative PCR and mycobacterial-specific marker gene sequencing, to characterize the amounts and types of mycobacteria, including known pathogens, found in the source water, finished water, distribution system, and premise plumbing hot and cold tap waters across 16 homes in the same metropolitan area (Chicago, USA). Clinically relevant mycobacteria (Mycobacterium avium, M. xenopi, and M. mucogenicum/phocaicum) were frequently detected in both cold and hot tap waters, but their occurrence varied appreciably between homes receiving water from the same treatment facility. This high degree of variation in the detection of pathogenic NTM was associated with some of the measured water quality parameters, including turbidity levels, with more turbid waters being more likely to harbor pathogenic NTM, but much of the variation across tap water samples remained unexplained. The large amount of variation in the amounts and types of NTM, including those of clinically relevance, observed across households within the same water supply system highlights the need to better understand the ecology of NTM in premise plumbing to guide public health recommendations."
2026-09-09,37,10.64898/2026.09.01.26361059,1,"infectious diseases","One-pot CRISPR diagnostics for the rapid detection of Candida species and antimicrobial resistance biomarkers","Heathcote, A.; Bird, M.; Jeong, H.; Li, X.; Kozak, R.; Weckman, N. E.","Antimicrobial resistance (AMR) is a growing public health threat, where drug-resistant Candida infections are associated with increased hospital costs, lengths of stay, and high mortality rates. Current diagnostic methods are slow and labor-intensive, causing delays in diagnosis and patient treatment. In this research, we propose a rapid CRISPR-based diagnostic for identifying Candida pathogens and antifungal resistance biomarkers in clinical applications. One-pot CRISPR assay designs are optimized for three clinically relevant Candida species, achieving attomolar sensitivity with synthetic DNA and validating performance on cultured isolates. Strategies are developed to engineer CRISPR gRNA to control one-pot reaction kinetics, enhancing discrimination of single nucleotide polymorphism (SNP) resistance mutations associated with azole and echinocandin antifungals. This research expands our understanding of the design of one-pot CRISPR reactions for sensitive detection of DNA, while establishing a foundation for faster, more precise AMR diagnostics to improve surveillance and outbreak management of fungal infections."
2026-09-10,37,10.64898/2026.09.08.26362558,1,"infectious diseases","A comparison of two forecasting models for COVID-19 hospitalizations using wastewater concentration data","Keyel, A.; Hill, D. T.; Johnson, K. E.; Lang, D.; Rosenberg, E. S.; Bush, K.; Larsen, D. A.","Wastewater surveillance has become a prominent part of public health efforts to track circulating pathogens and has been incorporated into disease forecasting models. We compared two recent wastewater forecasting models for forecasting COVID-19 hospitalizations using SARS-CoV-2 concentrations in wastewater: a generalized linear mixed model (GLMM) and a Bayesian mechanistic model known as wwinference. We retrospectively produced 1-week ahead forecasts using these two conceptually different models across 10 regions in New York state, from September 2022 to mid-April 2024. We compared the performance of forecasts produced from the two models fit with wastewater and clinical data to a version of each model fit to only clinical data. Models were scored against observations using Continuous Ranked Probability Scores for each forecast (n = 363 forecasts). Of the two models, the GLMM showed improved forecast performance across space and time when evaluated on a natural scale compared to the wwinference model, but no significant difference in forecast performance was found on a log-scale, which evaluates the relative rather than absolute error. Consequently, either model could be used to forecast COVID-19 hospitalizations. Including wastewater concentrations in these models at these spatial and temporal scales did not provide additional forecasting benefit beyond just clinical data. The performance of a wastewater-only model relative to simple null models; however, demonstrates that there is a clear forecasting signal present in wastewater, thus we think the lack of change is likely due to the strong signal from the clinical measures included in the model at this spatial and temporal scale."
2026-09-10,37,10.64898/2026.09.08.26362506,2,epidemiology,"Pharmacovigilance of Integrase Strand Transfer Inhibitors (INSTIs) in Botswana: Safety Signals, Report Completeness, and Causality Assessment","Pono, P.; Cheng, V.; Jones, A. M.","Integrase strand transfer inhibitors (INSTIs) are the preferred first-line anchor drug for antiretroviral therapy globally. However, post-marketing authorisation studies continue to find previously unidentified adverse events (AEs) associated with INSTIs. A pharmacovigilance study was conducted to investigate AEs associated with INSTIs submitted to the Botswana national pharmacovigilance database (BoMRA).  All suspected AE reports in which INSTIs were identified as the primary suspect were included for analysis. Descriptive analysis was used to characterise the AEs, and disproportionality analysis was used for signal detection. Causality assessment was conducted using the World Health Organization-Uppsala Monitoring Centre system, the Liverpool ADR Causality Assessment Tool, and the Naranjo Causality Assessment algorithm. Agreement between the methods was assessed through the Cohens Kappa ({kappa}) test.  A total of n = 112 AE reports were reported for cabotegravir and dolutegravir as the  primary suspect drugs. Most reports involved females and adults, while dolutegravir was associated with the majority (78.6%). Skin and subcutaneous AEs (25.0%) and rash (10.7%) were the most frequently reported AEs at the system organ class (SOC) and reported preferred term (PT) levels, respectively. Reporter qualification influenced report completeness, with nurses submitting reports with the highest median completeness score.  Most reported AEs were consistent with the established safety profiles of cabotegravir and dolutegravir. However, the study identified unlabelled AEs for both cabotegravir and dolutegravir, including decreased libido, hallucination, severe obesity, acquired lipodystrophy, gynecomastia, cheilitis, and hyperpigmentation. These are potential safety signals that warrant further investigation and underscore the importance of national pharmacovigilance data for ongoing post-marketing safety surveillance and for generating local safety data insights."
2026-09-10,37,10.64898/2026.09.08.26362489,1,epidemiology,"Working conditions, security and grievance management among Bundibugyo virus response personnel: exploratory findings from an anonymous survey in eastern Democratic Republic of the Congo","Verheyden, J. G. L.; Mudogo, C. N.","Problem: Response personnel in the 2026 Bundibugyo virus disease (BVD) outbreak in eastern Democratic Republic of the Congo work amid protracted conflict and fragile health systems. Working conditions, security exposure and grievance handling were widely reported as sources of stress but had not been documented systematically. Approach: We conducted an anonymous, self-administered online survey in French among BVD response personnel in North Kivu, Ituri and South Kivu, covering staffing, EPI supply, remuneration, security incidents, grievances and psychosocial well-being. Of 55 submissions, 54 respondents consented and were analysed; denominators fall further, to 21, for grievance items because of within-survey drop-off. Findings are descriptive. Local setting: Respondents (94% men) worked for the Ministry of Health, international non-governmental organizations, the Red Cross and as unpaid volunteers, mostly with one to three months on the response. Relevant changes: 61% judged staffing insufficient; 67% had one or no rest day per week. 63% reported EPI stock-outs and 43% had performed a task judged riskier than necessary. 44% had pay delayed, partial or unpaid though promised, and 85% had advanced personal funds for work costs. 67% reported a security incident in three months; among the smaller subgroup reaching the grievance questions, 57% feared reprisal. Lessons learnt: Staffing, supply, payment and security shortfalls compound one another and are visible to communities; weak grievance channels and fear of reprisal let them persist unaddressed. Working conditions, security and grievance management should be monitored as core infection-prevention-and-control and occupational-risk indicators, not as a peripheral human-resources matter."
2026-09-10,37,10.64898/2026.09.09.26362604,1,epidemiology,"Disagapp: A Shiny app to facilitate reproducible disaggregation regression analyses","Smart, S. E. H.; Olowofoyeku, O. O.; Lucas, T. C. D.","Creating high-resolution maps of disease risk is important for many climatically-driven diseases including vector-borne, zoonotic and non-communicable diseases. However, disease counts are commonly only available aggregated to an administrative level such as the county, department or province. Using disease mapping to make high-resolution risk maps from these data can be challenging, even though high-resolution data on temperature and other environmental variables are available. Disaggregation regression is a new multiscale modelling framework that has been used in mapping global malaria incidence and dengue incidence, amongst others. We present Disagapp (https://github.com/simon-smart88/disagapp; https://disagapp.le.ac.uk/) a web app for disease mapping with administrative-level data. The app was designed to be user-friendly, with a point and click interface and with modelling guidance integrated at each step of the analysis. It can be accessed online or run locally by installing the R package and calling one function. Environmental and economic covariates (temperature, precipitation, distance to water, land use, population density, accessibility and night lights) are seamlessly retrieved from various sources, collated and harmonised and used to fit disaggregation regression models using the disaggregation R package. This modelling framework is a principled way to create high-resolution predictions of disease risk. Analyses conducted in the app can be reproduced outside of the app by generating an R markdown document, allowing the user to share, preserve, extend or learn from their analysis. By making the techniques available in the disaggregation package available online and making it simple and easy to access covariates, we remove barriers for non- or novice R users or analysts who work in institutions with restrictive installation permissions to access these innovations. Therefore, this new app makes this important modelling framework much more available to the global modelling community."
2026-09-10,37,10.64898/2026.09.04.26362286,1,epidemiology,"Discovery and Validation of Gut Microbiome Features Associated with Dietary Patterns in U.S. Black/African and Hispanic/Latino Populations","Wang, L.; Zhang, Y.; Nguyen, S. M.; Peters, B. A.; Qi, Q.; Burk, R. D.; Kaplan, R.; Thyagarajan, B.; Daviglus, M.; Shu, X.-O.; Ma, S.; Dai, Q.; Shrubsole, M. J.; Zheng, W.; Yu, D.","Background: Large-scale studies examining dietary patterns and gut microbiome have focused predominantly on European ancestry populations; evidence from other ancestry groups remains limited. Objectives: We conducted a two-stage study to evaluate associations of multiple dietary patterns with gut microbiome diversity and composition among Black/African American adults and validate significant findings in a Hispanic/Latino population in the US. Methods: Included were 514 Black participants from the Southern Community Cohort Study (SCCS) and 2,133 participants from the Hispanic Community Health Study/Study of Latinos (HCHS/SOL). Diet was collected by food frequency questionnaires or 24-h dietary recalls at cohort enrollment. Gut microbiome profiling was performed by shotgun metagenomic sequencing of stool samples collected during cohort follow-up. Five dietary patterns - Healthy Eating Index (HEI), Dietary Approaches to Stop Hypertension (DASH), Empirical Dietary Inflammatory Potential (EDIP), Empirical Dietary Index for Hyperinsulinemia (EDIH), and Ultra-Processed Foods (UPF) - were examined for associations with microbiome diversity and composition by linear regression after data transformation and confounders adjustment. Microbial taxa with FDR<0.1 and their constituent lower-level features identified in SCCS were targeted for validation in HCHS/SOL. Results: In SCCS, HEI, DASH, EDIP, or EDIH were associated with the relative abundances of 14 microbial taxa, primarily members of families Coriobacteriaceae and unclassified Firmicutes, as well as species Lactococcus lactis and Clostridium sp. AF20-17LB. Among these, the inverse associations of genus Collinsella and its species C. aerofaciens with HEI or DASH were validated in HCHS/SOL (all P<0.05). Additionally, Collinsella and C. aerofaciens were associated with higher odds of obesity in SCCS (BMI[&ge;] 30 kg/m2; OR [95%CI]:1.24 [1.01, 1.53] and 1.32 [1.07, 1.63], respectively). Conclusions: Healthier dietary patterns were consistently associated with lower abundances of Collinsella and C. aerofaciens in Black/African and Hispanic/Latino Americans. Further research should clarify causal pathway linking diet, gut microbiome, and health outcomes across diverse populations."
2026-09-10,37,10.64898/2026.09.08.26362541,1,epidemiology,"Circulating Inflammatory Markers and Mammographic Density Phenotypes: a Mendelian Randomization Analysis","Hammermeister Suger, A.; Harrison, T. A.; Haas, C. B.; Chen, H.; Fan, S.; Bolla, M. K.; Wang, Q.; Dennis, J.; Michailidou, K.; Dunning, A. M.; Easton, D. F.; Southey, M. C.; Fasching, P. A.; Haeberle, L.; Stone, J.; Gago-Dominguez, M.; Castelao, J. E.; Aronson, K.; Murphy, R. A.; Evans, D. G.; Loi, S.; kConFab Investigators,  ; Couch, F. J.; Yadav, S.; Milne, R. L.; Haiman, C. A.; Scott, C. G.; Norman, A.; John, E. M.; Mulligan, A. M.; Kristensen, V. N.; Eliassen, A. H.; Andrulis, I. L.; Figueroa, J. D.; Astley, S.; Czene, K.; Pharoah, P. D. P.; Antoniou, A. C.; Garcia-Closas, M.; Berrington, ","Observational studies have identified associations between circulating inflammatory markers (CIMs) and mammographic density (MD) phenotypes, but whether these associations reflect causal effects remains unclear. We utilized two-sample Mendelian randomization (MR) to assess relationships between 60 CIMs and MD phenotypes in individuals of European genetic ancestry by examining associations between genetically predicted CIM concentrations and three MD phenotypes (dense area, DA: N = 13,965; non-dense area, NDA: N = 14,036; percent density, PMD: N = 17,841). Primary analyses were conducted using the inverse variance weighted MR method. No CIM-MD phenotype associations reached statistical significance after correction for multiple testing. At a nominal significance level of p < 0.05, we observed suggestive evidence for eight associations represented by six unique CIMs (MD phenotype/direction of association): CCL23 (DA/+), CD40 (NDA/-), GDNF (DA/+ & PMD/+), MMP-10 (DA/+ & PMD/+), TRANCE (DA/-), and TWEAK (NDA/+). In multivariable MR analyses accounting for body mass index (BMI), we observed six nominal associations represented by six unique CIMs, although most instruments demonstrated weak conditional instrument strength after inclusion of BMI. Overall, our comprehensive analysis of 60 CIMs provides limited evidence supporting broad causal effects of circulating inflammatory markers contributing to variation in MD phenotypes."
2026-09-10,37,10.64898/2026.09.04.26351324,1,"dentistry and oral medicine","Computational Phenotypes for Temporomandibular and Orofacial Pain Disorders","Clark, G. T.; Vistoso Monreal, A. P.; Veas Yanez, N.; Loeb, G.; Chen, J.","BackgroundTemporomandibular disorders (TMDs) and orofacial pain (OFP) conditions affect approximately one-third of the global population, yet diagnosis often relies on subjective clinical assessment rather than standardized, evidence-based criteria. This diagnostic uncertainty contributes to misdiagnosis, misdirected or delayed treatment and significant healthcare costs.  Case descriptionWe prospectively collected structured clinical data from 1,501 patients using a custom, structured, note-documentation system designed for machine learning compatibility (Smart Medical Note [SmartNote]). From the 126 possible TMD-OFP diagnoses, we identified 15 conditions with sufficient case volumes ([&ge;]24 exemplars) for analysis. The clinical features present in>50% of these cases underwent Monte Carlo statistical analysis to determine which are most useful for creating an objective diagnostic profile. The 15 evidence-based diagnostic profiles demonstrated strong discriminative performance (median AUC values 0.64-0.96).  Practical ImplicationsThese diagnostic profiles represent the first large-scale, statistically derived criteria for TMD and orofacial pain conditions. By providing objective, quantifiable diagnostic standards, this statistical analysis of structured electronic records can support algorithmic diagnostic-assist software, reduce the time to appropriate treatment, and enhance clinical decision-making and documentation of diagnoses for dental practitioners, regardless of their level of specialized training in orofacial pain. Diagnostic alignment analysis confirms complete concordance with DC-TMD criteria for seven major diagnostic categories, validating the clinical applicability of our data-driven approach."
2026-09-11,37,10.64898/2026.09.10.26362741,1,"public and global health","Mapping the Landscape of Community Care for Children, Young People and Families: A Co-Produced Project","Ni Chobhthaigh, S.; Cox, C.; Greenway-Bailey, T.; Musanu, J.; Khan, D.; Buhari, A.; Green, M.; Neave, C.; Mawi, M.; Burgess, R.; Devakumar, D.","In increasingly strained socio-political-economic contexts, reliance on community supports deepens, particularly for those failed by or unable to access appropriate care through statutory services. However, little is known about the scope, equity-oriented provision or the conditions that enable and constrain community care. This mapping addressed these gaps, exploring community services in London and Greater Manchester, supporting children's mental health and wellbeing. Co-produced with co-researchers and community stakeholders from conceptualisation to dissemination, we conducted a systematic scoping of community-based services, not government-provided or commissioned, offering free mental health or wellbeing support for children (0-18 years), carers, or families. We extracted service characteristics and equity-oriented provision, and provider and stakeholder insights informed a collaborative narrative synthesis. We identified 297 eligible services (261 London, 41 Greater Manchester), with 48.9% of initially identified services excluded due to government commissioning/contracts. The majority (84%) advertised at least one equity-oriented practice, most commonly cultural safety/specific care (38%), though few explicitly intersectional (11%). Among those with a primary specialisation, support for violence and abuse was highest (12%). Services predominantly supported older children, with gaps in early intervention and prevention. The synthesis revealed trade-offs and tensions: responsiveness competes with planning, capacity-building and communications; navigation barriers alongside selective information sharing; and the ripple effects of funding precarity undermining provision and choice. Community supports are relied on yet structurally vulnerable. As policy increasingly emphasises community partnerships, this requires sustainable funding models, collaboration guidance and resourcing to embed equity-oriented practices."
2026-09-11,37,10.64898/2026.09.09.26362655,1,urology,"Evaluation of Urinary Circulating Tumor DNA to Detect Minimal Residual Disease in Patients with High-Risk Non-Muscle Invasive Bladder Cancer","Li, R.; Linscott, J.; Murthy, P.; Rose, K.; Pak, Y.; Zhang, F.; Huang, Y.; Grass, G. D.; Chatzkel, J.; Hahn, N.; McConkey, D.; Meeks, J.; Daneshmand, S.; Flaig, T.; Lerner, S.; Zemp, L.; Poch, M.; Spiess, P.; Sexton, W.; Gilbert, S.; Xu, H.; Du, P.; Jia, S.; Wang, X.","Purpose Restaging transurethral resection of bladder tumor (reTURBT) is the standard-of-care for some patients with high-risk non-muscle invasive bladder cancer (NMIBC). However, it may lead to complications and biomarkers to avoid unnecessary reTURBT are needed. Materials and Methods Patients with high-risk NMIBC undergoing reTURBT were prospectively enrolled. Whole-exome sequencing along with low-pass whole-genome sequencing were performed on index TURBT samples to generate mutational profiles and copy number variation. Up to 50 personalized mutations and a fixed panel of 500 hotspot mutations were used for detecting variants from urine samples collected prior to reTURBT. Using a prespecified algorithm, tumor fraction (TF) and copy number burden (CNB) score were used to measure minimal residual disease and correlated with reTURBT pathology. Results Overall, 72/76 urine samples collected from patients with high-risk NMIBC prior to reTURBT passed quality check. From the indext TURBT specimens, a median of 39 personalized variants from the index TURBT were used for disease tracking. Overall, median TF was 0.206 vs. 0.001 in patients with and without residual tumor, respectively (p<0.001). Similarly, CNB score was elevated (7.34 vs. 4.02, p<0.001). utDNA achieved sensitivity of 97.8% and specificity of 69.2%, with area under the curve (AUC) of 0.932 in predicting disease found on reTURBT. Analyses of the index and reTURBT tissue and urine mutational profiles provided evidence for underdiagnosis of subclinical disease at the time of reTURBT. Conclusion Paired personalized and panel utDNA can be used to accurately detect residual disease in patients with high-risk NMIBC with potentially wide-ranging clinical applications."
2026-09-11,37,10.64898/2026.09.10.26362725,1,"infectious diseases","Seroprevalence of Hepatitis B Virus Infection and Associated Factors Among Blood Donors at a District Hospital in Ghana: A 2-Year Retrospective Study","Adjei, S. K.; Adjei, P.; Obeng, E.","Background and Aims: Hepatitis B virus (HBV) infection remains a significant global public health concern, particularly in developing countries, where it poses a major challenge to safe blood transfusion services. Blood donors represent an important subset of the population for assessing HBV prevalence, as transfusions are a key route for transmission. This study aimed to determine the seroprevalence of HBV infection among blood donors at Methodist Hospital, Wenchi, Ghana. Methods: A retrospective analysis was conducted using data from the blood bank at Methodist Hospital, Wenchi from January 2022 to December 2023 and analyzed using SPSS version 25. Results: The overall HBV seroprevalence among blood donors was 6.8%, with a higher infection rate among females (16.7%) compared to males (6.3%). The highest seroprevalence (9.4%) occurred in donors aged 30 to 39 years and voluntary donors showed a higher infection rate (8.2%) than non-voluntary donors (6.5%). Among blood groups, individuals with blood groups A and B exhibited the highest infection rates (8.5%). Factors such as age (AOR: 2.62, 95% CI: 1.10 to 5.32, p-value =0.023), gender (AOR: 2.10, 95% CI: 1.05 to 4.35, p-value= 0.004) and Rhesus status (AOR: 1.68, 95% CI: 1.08 to 3.35, p-value= 0.031) were significantly associated with HBV infection. Conclusion: The study revealed a significant HBV seroprevalence of 6.8% among blood donors, classifying the region as medium-endemic per WHO guidelines. The findings underscore the urgent need for enhanced HBV screening, rigorous blood safety measures and targeted public health interventions including vaccination and education campaigns to mitigate the transmission risk. Keywords: Hepatitis B virus, Blood donors, Seroprevalence, Seropositive, Ghana"
2026-09-11,37,10.64898/2026.09.08.26362071,1,"infectious diseases","The Effects of Reducing pH with a Bioresorbable Synthetic Matrix on the Diabetic Foot Ulcer Microenvironment","Lie, L.; Tabchi, S.; Kalan, L.","Objective Non-healing diabetic foot ulcers (DFUs) stall in an alkaline and pro-inflammatory microenvironment that delays healing and increases the risk of complications. Since an acidic pH has been correlated with healing, wound acidification has become an appealing strategy to perturb the DFU microenvironment and promote wound closure. While reducing wound pH has shown promising results, the effects of pH on inflammation and the microbiome have not been well characterized. Along with inflammation, microbial communities are critical to the wound microenvironment and are associated with healing trajectories. We aimed to explore the longitudinal effects of altering pH on the DFU microbiome and inflammatory profile. Approach 10 subjects, each with a chronic DFU, were treated with a polyglycolic acid/ poly(lactide-co-caprolactone) bioresorbable matrix over a 4-week period, and changes in wound pH, volume, inflammation, and microbiome were evaluated every 14 days. Results Wounds decreased significantly in pH (p<0.001) and volume (p<0.05). Wound-specific changes to both bacterial and fungal communities occurred, with alkaline wounds increasing in bacterial diversity as pH decreased. Wound size and baseline pH were found to be associated with microbial composition, and larger wounds were elevated in pro-inflammatory chemokines. Innovation To capture the complete bacterial and fungal presence, 16S and ITS amplicon sequencing was used to assess community-level changes to wound acidification. Conclusions The relationship between greater wound size, microbial composition, alkalinity, and inflammation demonstrates their interconnected role in the DFU microenvironment and wound severity. This work supports that wound acidification may have the potential to perturb microbial communities with a greater effect on alkaline DFUs."
2026-09-13,37,10.64898/2026.09.09.26362580,1,urology,"Gentamicin-Augmented Intrarenal Irrigation During Percutaneous Nephrolithotomy Reduces 30-Day Infectious Complications and Eliminates Pyelonephritis and Sepsis: A 1:2 Matched Cohort Study","Jiang, P.; Madamba, K.; Badin-Castro, J.; Lavasani, S. A.; Nguyen, J.; Lee, J. M.; Gao, B. M.; Ali, S. N.; Hsi, R. S.; Patel, R. M.; Landman, J.; Clayman, R. V.","Purpose: To evaluate whether gentamicin-augmented intrarenal irrigation during percutaneous nephrolithotomy (PCNL) was associated with fewer 30-day urinary infectious complications. Materials and Methods: Single-center retrospective 1:2 matched cohort study of adults undergoing PCNL between January 2020 and June 2026. One hundred thirteen patients receiving gentamicin-augmented irrigation (80 mg per 3-L bag of 0.9% saline) were propensity-score matched to 226 saline controls on age, sex, body mass index, Charlson Comorbidity Index, ASA score, diabetes, and a pre-existing nephrostomy tube. The primary endpoint was a 30-day composite of symptomatic urinary tract infection with culture >1,000 CFU/mL, febrile UTI or pyelonephritis, or sepsis. A [&ge;] 100,000 CFU/mL composite was a prespecified sensitivity endpoint and asymptomatic bacteriuria a prespecified negative control. Results: The primary composite infection outcome occurred in 3/113 (2.7%) versus 33/226 (14.6%) (risk difference -11.9%, 95% CI -17.4 to -5.6; NNT=8; p=0.001), and at [&ge;] 100,000 CFU in 1.8% versus 13.7% (p<0.001). Febrile UTI/pyelonephritis occurred in 0% versus 6.2% (p=0.006) and sepsis in 0% versus 4.0% (p=0.03), respectively. All events in the intervention arm were culture-defined UTI without fever or organ dysfunction. SIRS occurred in 31.9% versus 54.4% (p<0.001), while asymptomatic bacteriuria did not differ (2.7% versus 3.5%, p=0.758), respectively. Gentamicin remained protective after adjustment for demographic and stone characteristics (odds ratio 0.17, 95% CI 0.04-0.60; p=0.005). Acute kidney injury by postoperative day 1 occurred in 17.0% versus 17.6% (p=1.0). Conclusions: Gentamicin-augmented intrarenal irrigation during PCNL was associated with fewer 30-day urinary infectious complications. Additionally, among treated patients meeting the primary outcome, there were no febrile or septic events, indicating a reduced severity of infectious complications when they did occur."
2026-09-13,37,10.64898/2026.09.10.26362803,1,"infectious diseases","Determinants of Anticipated Video-Supported Treatment Acceptability in Drug-Susceptible Pulmonary Tuberculosis","Lama, J. A.; Seas, C. R.; Peinado Rodriguez, J.; Tovar, M.; Lama, J. R.","Setting: Twenty-three urban healthcare facilities across five geographic jurisdictions of Metropolitan Lima, Peru. Objective: To identify determinants of anticipated video-supported treatment (VST) acceptability among persons with drug-susceptible pulmonary tuberculosis. Design: Observational, cross-sectional study (August-December 2025). Anticipated acceptability was assessed across two domains: acceptability of use (desire to use VST) and willingness to comply (confidence in fulfilling VST requirements). Adjusted prevalence ratios (aPR) with 95% confidence intervals (95%CI) were estimated using robust Poisson regression with Liang-Zeger cluster-robust standard errors. Results: Among 473 participants (median age 35 years; 51.5% male), 61.3% (95%CI: 57.0%-65.9%) reported acceptability of use and 42.3% (95%CI 36.2%-49.4%) willingness to comply with VST. Educational attainment was the strongest predictor of both outcomes. The ability to record and send videos using a mobile phone and continuity of technology access were associated with acceptability of use and willingness to comply with VST, respectively. Diabetes mellitus, illicit drug use, and intention to abandon treatment were associated with reduced willingness to comply with VST. Conclusions: VST acceptability is shaped by educational attainment, digital competency, structural conditions, and clinical and behavioural profile. VST implementation should prioritise digital skills training and incorporate pre-enrolment screening for clinical vulnerability."
2026-09-13,37,10.64898/2026.09.11.26362837,1,"infectious diseases","ACE2 Polymorphisms rs2285666 and rs147311723 Are Clinically Relevant Variants in SARS-CoV-2 and Mycobacterium tuberculosis Co-infection.","Kameni, M. N.; Jean Paul, A. A.; Berenger Tchoupe, E.; Toyim Albert, N.; Maxime Tchoutang, A.; Franklin, M.; Svetlana Carel, T. V.; Georgette Njila, K.; Neba, F. R.; Donald Kamdem, S.; Masumbe Netongo, P.","Background: Severe acute respiratory syndrome coronavirus 2 (SARS-CoV-2) enters host cells primarily through the angiotensin-converting enzyme 2 (ACE2) receptor. Genetic variation in the ACE2 gene may influence host inflammatory responses and clinical outcomes during COVID-19. Tuberculosis (TB) on the other hand increases the level of ACE2 expression through interferon stimulation. The objective of this study was to investigate the association between specific single-nucleotide polymorphism (SNP) in the ACE2 gene and their impact on susceptibility to and severity of SARS-CoV-2 and Mycobacterium tuberculosis Co-infection. Methods: This retrospective cross-sectional study included 120 symptomatic individuals recruited between September 2020 and December 2023 from four hospitals in Yaounde, Cameroon. Participants were classified into four groups: COVID-19, TB, TB/COVID-19 co-infection, and infection-negative controls. Diagnoses were confirmed using RT-PCR and standard microbiological methods. Serum biochemical markers and cytokines were quantified, and genotyping of ACE2 polymorphisms was performed using TaqMan assays. Results: Statistical analysis showed a significant association between ACE2 expression and inflammatory or biochemical markers, particularly for rs147311723. Several ACE2 polymorphisms (rs6632677, rs147311723, rs4646140, rs2285666, and rs4646142) were significantly associated with increased pro-inflammatory cytokine levels. Selected biochemical parameters demonstrated suggestive associations with ACE2 variants, including creatinine (rs147311723, p = 0.0522), AST (rs2285666, p = 0.0536), and ALT (rs4646142, p = 0.0582), indicating potential renal and hepatic involvement. Principal component analysis identified distinct immunometabolic profiles across patient groups, with co-infected individuals exhibiting heightened inflammatory and metabolic perturbations. Conclusions: These findings suggest that ACE2 genetic variability is associated with modulation of inflammatory responses and may contribute to organ-specific dysfunction in COVID-19 and TB across different populations. This highlights the potential role of host genetics in shaping disease severity and underscore the need for larger studies to validate these associations in diverse populations. Keywords: ACE2 polymorphisms; COVID-19; tuberculosis; co-infection; cytokines; biomarkers; genetic susceptibility;"
2026-09-13,37,10.64898/2026.09.10.26362734,1,epidemiology,"Assessing and refining a metabolite-based distress score for use in different populations within three US cohorts","Huang, T.; Zhu, Y.; Balasubramanian, R.; Roberts, A.; Clish, C. B.; Pacheco, J. A.; Rotter, J.; Guo, X.; Yao, J.; Chen, Y.-D. I.; Rich, S.; Taylor, K.; Wood, A.; Johnson, W. C.; Shutta, K. H.; Rexrode, K.; Shadyab, A. H.; Jung, S. Y.; Manson, J. E.; Hankinson, S. E.; Kubzansky, L. D.","Introduction: Psychological distress is associated with metabolic alterations that contribute to adverse cardiometabolic outcomes across diverse populations. We previously developed a metabolite-based distress score (MDS) in predominantly White women. Because men and Black individuals suffer high rates of cardiometabolic disease, we evaluated whether the MDS is similarly associated with depression in these populations, and derived a multi-ethnic MDS (MDS-ME) among Black individuals with replications in independent samples. Methods: Data were from three U.S. cohorts, the Multi-Ethnic Study of Atherosclerosis (MESA), Women's Health Initiative (WHI), and Nurses' Health Study (NHS), evaluated in 4 stages. Stages 1-3 included 2,477 White and 1,625 Black MESA participants with depression status data and plasma metabolomics assessed at baseline. Stage 1: We calculated the MDS and examined its association with depression status. Stage 2: We conducted an agnostic analysis among a 70% random subset of Black participants to identify additional relevant metabolites. Stage 3: We derived an MDS-ME in Black participants. Stage 4: We evaluated the MDS-ME using independent samples from all three cohorts. Results: The previously validated 20-metabolite MDS showed stronger associations with prevalent depression in White (OR: 1.93, 95% CI: 1.71, 2.19) versus Black (OR: 1.13, 95% CI: 0.97, 1.33) MESA participants. Associations were generally similar in men and women. The MDS-ME comprised 33 metabolites, and relative to the MDS was more strongly associated with depression in Black participants (OR: 1.45; 95% CI: 1.04, 2.03), with associations also evident in White participants (OR: 1.81; 95% CI: 1.60, 2.04). The MDS-ME was similarly associated with depression in Black women in WHI and NHS. Conclusion: Results suggest that incorporating metabolites identified in Black participants enhances the utility and generalizability of the MDS across more diverse populations."
2026-09-13,37,10.64898/2026.09.11.26362844,1,epidemiology,"Trends in Lyme disease incidence in England, 2013 to 2024","Olver, J. C.; Burdon, M. G.; Emanuel, E.; Datoo, A.; FermorDunman, V.; Ferguson, M.; I'Anson, J.; Vivancos, R.; Petridou, C.; Semper, A.","Official Lyme disease incidence figures for England are based on the number of cases with a laboratory-confirmed diagnosis from the national reference laboratory. However, these figures underestimate the true incidence of acute cases since patients can also be diagnosed clinically without the need for laboratory testing. The use of a multiplication factor has been proposed to estimate total Lyme disease incidence from the number of laboratory-confirmed cases. The current multiplication factor is derived from data spanning 1998 to 2016 and is thought to be outdated, in part due to the introduction of new national Lyme disease management guidance in 2018. The aim of this study was to analyse more recent laboratory and primary care data to identify trends in case numbers and to derive updated estimates of the total annual number of acute Lyme disease cases in England. Data spanning 2013 to 2024 from the national reference laboratory and a primary care data source were analysed using seasonal time series models. The presence of structural breaks was investigated using the PELT or BinSeg methods, and annual multiplication factors were estimated using a Poisson regression model. No substantial change was found in the number of laboratory-confirmed Lyme cases from 2013 to 2024 in England, whereas the number of cases diagnosed in primary care increased significantly over the same period, with an average of an additional 498 cases per year. This has increased our best estimate of the multiplication factor from 2.35 (95% confidence interval, 1.81 - 2.88) to 6.20 (6.17 - 6.24), which is the average for the years 2020 - 2024. Use of this updated multiplication factor should improve the accuracy of annual symptomatic Lyme disease case estimates for England."
2026-09-13,37,10.64898/2026.09.09.26362624,1,"public and global health","Meningococcal epidemiology in Ethiopia after MenAfriVac: A situational analysis of surveillance gaps and national meningococcal vaccine policy.","Regassa, L. D.; Trotter, C.; Assefa, N.; Scott, J. A. G.","Abstract Ethiopia introduced the MenAfriVac vaccine to control epidemics of serogroup A meningococcal disease (MenA) between 2013 and 2015. Since the campaign, no MenA epidemics have been reported. However, lacking a follow-up strategy, two critical questions remained unanswered: (1) is protection against MenA waning to a point where epidemics could re-emerge and (2) are non-A serogroups, known to cause outbreaks elsewhere in the meningitis belt, currently circulating in Ethiopia? To inform future policy, this situational analysis draws on historical records, post-2015 surveillance data, MenAfriVac campaign reports, and the current policy landscape to assess meningococcal epidemiology in Ethiopia. Available national data cannot answer either question. Disease notification relies on sentinel surveillance at three hospitals; none located in the epidemic risk western regions and none with a defined catchment population. Cases are rarely laboratory-confirmed, almost never serogrouped, and the resulting data are not reported in a timely manner. Primary carriage and serosurvey studies remain limited, and their methodological heterogeneity including diverse populations, sampling techniques and laboratory assays restricts their generalisability for population-level policy decisions. In the absence of quality primary data, indirect risk estimation based on campaign coverage and regional waning models indicates that population protection dropped from 85% in 2015 to 24% in 2024 and will fall further to 11% by 2030 without intervention. Despite this, the current E-NITAG prioritisation exercise relies on this sparse evidence base, excludes MenAfriVac from the candidate list, and does not incorporate costing or serogroup-coverage data. Addressing the meningococcal evidence gap requires rebuilding national surveillance into a tiered system. Under this structure, primary facilities manage clinical case detection, regional and zonal hospitals perform confirmatory testing, and representative tertiary hospitals conduct serogrouping and genomic characterization with national laboratory support. Until this longitudinal surveillance yields sufficient data for policy decisions, supplementary carriage and seroepidemiological studies remain necessary to assess circulating serogroups and population immunity."
