Date,ISOWeek,DOI,Version,Category,Title,Authors,Abstract
2026-09-21,39,10.64898/2026.09.18.26362745,1,epidemiology,"Imprints of chronic pain trajectories on brain volume and tissue properties","Dirupo, G.; Kherif, F.; Lutti, A.; Vollenweider, P.; Preisig, M.; Vaucher, J.; Marques-Vidal, P.; Suter, M.; Berna, C.; Draganski, B.","Despite advances in understanding the mechanistic underpinnings of chronic pain (CP) conditions, knowledge on the brain anatomy microstructure associated to CP trajectories is still scarce. We sought to fill this knowledge gap by combining longitudinal self-reported CP assessments with brain imaging in a community dwelling adult population (n = 976). Aiming to provide anatomical insights beyond morphometry (based on T1 brain images), we analyzed the derived relaxometry measures MTsat, R1 and R2* and we could investigate myelin and iron content. Participants were divided in three groups according to persistent, resolved or new CP and were compared to those without CP at timepoint. Participants with persistent CP exhibited lower grey matter (GM) in fronto-temporal cortical regions and reduced myelin-related signal in subcortical and thalamic areas, alongside higher iron-sensitive metrics in the entorhinal cortex. Those who recovered from CP showed reduced cortical GM and myelin encompassing subcortical nuclei, thalamus, frontal, parietal, and temporal regions. New-onset CP participants displayed reduced GM in cortical areas. Overall, we observed reduced GM volume in a widespread network of fronto-temporal cortical areas in participants with current, resolved and new-onset CP. Myelin-related metrics were lower in the subcortical nuclei and thalamus in participants with persistent and -to a greater extent-with resolved CP, whilst persistent CP was associated with higher iron-sensitive metrics in the entorhinal cortex. Hence, CP trajectories appear to leave differential imprints on brain morphometry and tissue microstructure, with each trajectory associated with distinct non-overlapping spatial and temporal patterns in GM, myelin, and iron content."
2026-09-21,39,10.64898/2026.09.14.26362721,1,epidemiology,"Repeated SARS-CoV-2 Introductions with Limited Local Establishment in Bangladesh, 2020-2025","Khair, S.; Karim, Y.; Begum, M. N.","Genomic surveillance has shown how SARS-CoV-2 lineage composition emerges in densely sequenced, high-income settings. Whether reconstruction is possible where sequencing is increasingly sparse, as in most low- and middle-income countries like Bangladesh, remains untested. To address this, genomes were collected in Bangladesh between March 2020 and July 2025 against a globally distributed background to infer a time-calibrated phylogeny and delineate Bangladeshi transmission lineages. Source attribution was tested against two independent null models that hold background sampling constant. Substitutions enriched in Bangladeshi genomes, relative to a comparator matched on lineage and collection month, were classified as imported or locally arising according to whether they were present at the root of their host lineage. Lineages were inferred at 361 introduction events, of which 51.8% left a single sampled genome with no detected onward transmission. India and the Gulf countries were jointly dominant as source regions, exceeding a rarefied null model by 10.8 and 8.1 percentage points, while East Asia, South-East Asia and Rest-of-World fell significantly below it. Eighteen enriched substitutions, clustered by shared carriers into eleven independent signals, generated 171 substitution-lineage occurrences, of which 53 arose after their host lineage had entered Bangladesh. Spike G446V arose locally in 17 of 19 host lineages and reached 267 of 291 genomes (91.8%) of an imported Delta lineage, indicating that a locally arising substitution could achieve clade expansion. Whether import dependence declined over time could not be evaluated, as the statistic is confounded with sequencing effort. Importation determined which lineages circulated in Bangladesh, while local evolution determined what happened within them. Local substitutions transmitted readily but rarely reached lineage-wide establishment because their host lineages remained under genomic observation for only a short interval."
2026-09-21,39,10.64898/2026.09.17.26363301,1,epidemiology,"Estimation of stratified seroprevalence directly from raw serological assay measurements with multi-level Bayesian mixture modelling","Wymant, C.; Kendall, M.; Hay, J. A.; Fraser, C.","Estimating seroprevalence for an infection--the proportion of individuals with antibodies--and its variability between subpopulations is a key first step for research and the allocation of resources for treatment and prevention. The relevant raw data is often serological assay measurements that serve as a proxy for antibody level, such as optical density values from enzyme-linked immunosorbent assays (ELISA). Analysis pipelines typically proceed through sequential steps of fitting calibration data independently in each separate batch, transforming assay measurements to antibody levels via each fitted calibration relationship, classifying antibody levels into discrete serostatus by comparison to a threshold, and finally comparing seropositive proportions between subpopulations. Such approaches have numerous limitations including loss of information, overconfidence (discarding uncertainty), and bias from inappropriate choice of threshold. We developed a Bayesian statistical model that replaces the sequential steps of the typical pipeline by multiple levels within a single hierarchical model, treating each samples antibody level as a model parameter rather than directly observed data. This integrates the connections from the raw assay measurements all the way through to subpopulation variability in seroprevalence, allowing partial pooling of information between related variables and the propagation of uncertainty from each part of the model throughout the whole of the rest of the model. We calculate observation probabilities for all assay measurements from both samples and calibration data, allowing easy identification of outlying measurements. We replace a single hard classification threshold for disease status by continuous probabilities that are adapted to each subpopulation. We allow a flexible multivariate random-effects logistic regression to capture variability in seroprevalence between subpopulations. Using simulated data we found that the typical stepwise approach gave prevalence estimates far from the true values with narrow confidence intervals. Our method, dvsb, had markedly greater accuracy. We report the run time and convergence of dvsb when applied to a real dataset for Lassa fever IgG antibodies measured with ELISA, comprising 72,863 measurements for 21,391 unique samples (results reported elsewhere). dvsb is available at https://github.com/BDI-pathogens/dvsb."
2026-09-21,39,10.64898/2026.09.18.26363427,1,epidemiology,"Distinct Type 2 Diabetes Components Exert Contrasting Effects on Abdominal Aortic Aneurysm Development","DeVaro, D. N.; Raghavan, S. N.; Walker, V.; Gaunt, T. R.; Larsson, S. C.; Levin, M. G.; Rhee, Y. H.; Tsao, P. S.; Yuan, S.; Damrauer, S. M.","BackgroundType 2 diabetes (T2D) has been associated with reduced abdominal aortic aneurysm (AAA) risk and slower growth in observational studies, but the mechanism for this paradoxical association remains unclear. We hypothesized that T2Ds mechanistic heterogeneity obscures opposing, pathway-specific effects on AAA.  MethodsWe performed two-sample Mendelian Randomization (MR) to investigate the effect of T2D (T2DGGI, 242,283 individuals with T2D and 1,569,730 without) on AAA (AAAgen, 37,214 individuals with AAA and 997,456 without) using 449 genetic instruments. We also performed MR within previously defined clusters representing different mechanisms of T2D. We extended the analysis to individual hyperglycemic, insulin-resistance, and insulin-sensitivity traits. Our hypothesis was tested in a porcine pancreatic elastase murine model of abdominal aortic aneurysm formation.  ResultsOverall T2D liability showed no net association with AAA liability (OR 1.00, 95% CI 0.96-1.04, P = 0.90), albeit with marked instrument heterogeneity (Cochrans Q = 1356, P = 5 x 10-92) and inconsistency across sensitivity analyses, with a notably protective MR-Egger result (OR 0.87, 95% CI 0.80-0.94, P = 0.0011) and non-zero intercept (P = 2 x 10-4). MR of T2D on AAA within mechanistic clusters showed opposing effects: lipodystrophy (OR 1.47, 95% CI 1.26-1.72) and obesity (OR 1.27, 95% CI 1.18-1.36) cluster membership associated with increased AAA risk, while beta-cell negative proinsulin (OR 0.83, 95% CI 0.76-0.90) and beta-cell positive proinsulin (OR 0.86, 95% CI 0.80-0.93) clusters were protective. This pattern was robust to clustering method. Traits indexing hyperglycemia (fasting glucose, 2-hour glucose, hemoglobin A1c) were associated with reduced AAA risk, while traits indexing insulin resistance (fasting insulin, BMI, waist-hip ratio, triglyceride-to-HDL ratio) were associated with increased AAA risk. In mice, those treated with a high fructose diet as a model for insulin resistance showed increased growth of the abdominal aorta compared with controls, whereas those treated with pancreatoxin streptozotocin as a model for isolated hyperglycemia showed blunted growth.  ConclusionDistinct components of T2D physiology may have differential effects on AAA development. Whereas insulin resistance may promote AAA, hyperglycemia appears to protect against it. Our findings support insulin sensitization as a rational direction for AAA pharmacotherapy and suggest that the pathways mediating the protective effect of hyperglycemia may harbor additional therapeutic targets."
2026-09-21,39,10.64898/2026.09.14.26362268,1,"public and global health","Boosting vaccination uptake using wastewater surveillance: a county-randomized controlled trial","Blatz, M. N.; Neigel, D.; Larsen, D. A.; Kmush, B. L.","Vaccine hesitancy remains a major public health challenge, highlighting the need for effective strategies to boost vaccine uptake. We conducted a county-randomized trial to evaluate whether a social media campaign grounded in alerts driven by community-level wastewater surveillance could increase COVID-19 and influenza vaccination. Forty New York State counties were selected for an 11-week campaign during fall 2024, with 20 counties assigned to the intervention and 20 serving as controls. The campaign reached more than 16.6 million impressions, with over 77K clicks on the call-to-action link, demonstrating substantial public engagement. During the campaign period, intervention counties administered significantly more COVID-19 vaccine doses ({beta} = 76.7, P = 0.01) but fewer influenza vaccine doses ({beta}= -140.9, P = 0.04) per 100,000 residents per week than control counties. However, season-level analysis showed no significant differences in COVID-19 or influenza vaccination uptake between groups. These findings highlight the potential of alerts from community-level wastewater surveillance to promote vaccination.  Trial registration# NCT06698497"
2026-09-21,39,10.64898/2026.09.17.26363290,1,"public and global health","Spatiotemporal dynamics, factors associated with neonatal mortality and health interventions in Mali: a modeling study","TRAORE, F. B.; Sidibe, C. S.; Keita, Y.; Sidibe, F.; Terera, I.; Traore, M.; Berthe, M.; Dembele, H.; Belem, B.; Kone, K.; Toure, A.; Dabo, A.; Diawara, F.; Guindo, I.; Maiga, A.","BackgroundNeonatal mortality in Sub-Saharan Africa remains high, accounting for approximately 46% of all neonatal deaths worldwide. In Mali, neonatal mortality stands at 29 deaths per 1,000 live births, with marked subnational disparities. This study aimed to assess the spatiotemporal dynamics of neonatal mortality in Mali from 2012 to 2023 and to project potential reductions in neonatal mortality by 2035 under different scenarios of scaling up three high-impact interventions.  MethodsWe analyzed data from the 2012-2013, 2018, and 2023-2024 Demographic and Health Surveys to assess spatiotemporal patterns in neonatal mortality across Mali. Multilevel mixed-effects logistic regression identified factors associated with neonatal mortality. Global Morans I and Local Indicators of Spatial Association assessed spatial dependence and identified high-high clusters. The Lives Saved Tool estimated potential reductions in neonatal deaths under alternative intervention scale-up scenarios through 2035.  ResultsNational neonatal mortality declined from 34 deaths per 1,000 live births (95% CI: 31-38) in 2012 to 29 (95% CI: 26-32) in 2023. Significant spatial clustering persisted across all survey rounds (Global Morans I, all p<0.001), with recurrent high-high clusters in Sikasso, Mopti, Segou and Tombouctou. Male neonates had higher odds of death (AOR, 1.66; 95% CI, 1.26-2.19), whereas birth intervals of at least 2 years (AOR range, 0.42-0.48), postnatal care (AOR, 0.42; 95% CI, 0.19-0.94), and improved sanitation (AOR, 0.42; 95% CI, 0.27-0.67) were associated with lower odds. LiST projections indicated that scaling up thermal care, neonatal resuscitation, and clean cord care could avert more than half of preventable neonatal deaths by 2035.  ConclusionsPersistent clusters of high neonatal mortality were identified in Sikasso, Segou, Mopti, and Tombouctou, highlighting the need for geographically targeted strategies. Scaling up high-impact neonatal interventions could substantially reduce preventable neonatal deaths in Mali."
2026-09-21,39,10.64898/2026.09.18.26363400,1,"infectious diseases","Promising prognostic factors in Cutaneous Leishmaniasis in regions of Leishmaniavirus 1 circulation","Ferreira da Silva-Junior, C.; dos Reis, S.; Santos, R. B.; de Souza Rodrigues, M. M.; Villalobos Salcedo, J. M.; Ferreira, G. E. M.; Cantanhede, L. M.; Cupolillo, E.","BackgroundCutaneous leishmaniasis (CL) caused by Leishmania (Viannia) may involve parasite dissemination from the primary skin lesion to clinically healthy mucosal sites, a process potentially relevant to the development of mucosal leishmaniasis. Parasite burden and Leishmania RNA Virus 1 (LRV1) have been proposed as factors influencing parasite persistence, dissemination, and treatment response. We investigated whether parasite load and LRV1 detection in skin lesions were associated with Leishmania in clinically healthy nasal mucosa and, in a subset of patients, with therapeutic outcome. We also assessed the relationship between LRV1 and parasite load.  Methodology/Principal findingsWe conducted a prospective observational cohort study. Parasite load and LRV1 were assessed by qPCR in skin lesions and clinically healthy nasal mucosa from patients with localized cutaneous leishmaniasis in Rondonia, Brazilian Amazon. Samples were evaluated before treatment (D0), at the end of treatment (D20), and during follow-up (D90-180). Among 178 patients screened, CL was confirmed in 113. LRV1 was detected in skin lesions in 34.51% of patients and in nasal mucosa in 24.13%. Leishmania DNA was detected in clinically healthy nasal mucosa in 12.38% of patients. LRV1 detection in the skin lesion was associated with detection of Leishmania in the nasal mucosa. Higher parasite loads were observed in more recent lesions. Among patients evaluated for therapeutic outcome, higher parasite load before treatment was associated with treatment failure and was the factor most strongly associated with an unfavorable response in multivariate analysis.  Conclusions/SignificanceLRV1 detection in cutaneous lesions was associated with Leishmania in clinically healthy nasal mucosa, although the significance of this association and its relationship with parasite dissemination require further investigation. In contrast, parasite burden was associated with therapeutic outcome, with higher pre-treatment loads observed in patients who experienced treatment failure. The absence of an association between LRV1 and parasite load suggests that these two parameters may provide distinct information regarding parasite detection at mucosal sites and therapeutic response.  Author SummaryCutaneous leishmaniasis is a neglected tropical disease that mainly causes skin lesions but, in some patients, parasites may also be found at distant sites, including the nasal mucosa, even when there are no signs of mucosal disease. Understanding the factors associated with this process and with treatment response may help identify patients who require closer follow-up. We investigated whether the amount of parasites in skin lesions and the presence of Leishmania RNA Virus 1, a virus that naturally infects some Leishmania parasites, were associated with parasite detection in clinically healthy nasal mucosa and with treatment outcome in patients from the Brazilian Amazon. We found that the presence of the virus in skin lesions was associated with Leishmania detection in clinically healthy nasal mucosa. In contrast, patients with higher amounts of parasites in their skin lesions before treatment were more likely to experience treatment failure. These findings suggest that the virus and parasite burden may provide different information about parasite presence at distant sites and treatment response."
2026-09-21,39,10.64898/2026.09.17.26363322,1,"infectious diseases","Geographic Distributions of Top Beef Salmonella Serovars in the U.S.","Katz, T. S.; Mortimer, T. D.; Siceloff, A. T.; Shariat, N. W.; Harhay, D. M.; Blackstock, J. M.; Wheeler, T. L.","We live in an era where advances in microbial detection, DNA sequencing technology, and the availability of big data have allowed inroads to the field of predictive microbiology. The tools presently in use, as well as those on the horizon, provide an opportunity to examine emerging infectious diseases in ways previously not possible. We analysed publicly available data to investigate where and why Salmonella is detected on raw beef products. In addition to analysing beef-related serovars across space and time, we utilised a machine-learning approach (Species Distribution Modelling) to identify areas and predictors of environmental suitability for the most frequent Salmonella serovars found in beef. Our results demonstrate that some serovars, such as Dublin, Montevideo, and Muenchen, exhibit strong regional prevalence while others, notably Anatum, are found broadly throughout the country. The Species Distribution Models show concurrence with these regional trends. Predictors that contributed 10% or more to multiple serovar models included ecoregions (7/15 serovars), avian flyways (8/15), the number of local cattle operations (3/15), and other environmental variables. Our work demonstrates that certain Salmonella serovars commonly associated with beef show regional trends that can be predicted."
2026-09-21,39,10.64898/2026.09.18.26363397,1,"infectious diseases","Evaluating prescriber preferences for the treatment of indeterminate Chagas disease (EPPIC study): an international survey","Ville-Benavides, R.; Forsyth, C.; Certo, M.; Gaspar, S. H.; Pinazo, M.-J.","BackgroundBenznidazole (BNZ) and nifurtimox (NFX) remain the only approved treatments for Trypanosoma cruzi infection, but both are associated with frequent adverse drug reactions (ADRs), long treatment duration, and limited accessibility, resulting in poor treatment adherence and premature discontinuation. Recent clinical trials have evaluated shorter and lower-dose regimens; however, the minimum level of efficacy considered acceptable by healthcare providers -in the context of improved safety and greater accessibility -has not been systematically investigated. This study aimed to identify prescriber-defined efficacy thresholds and the factors influencing prescribing preferences for new antiparasitic regimens for Chagas disease.  MethodsWe conducted an international, cross-sectional, web-based survey between June and August 2024 among healthcare providers, researchers, and public health practitioners with experience in Chagas disease from endemic and non-endemic countries. The survey assessed satisfaction with current antiparasitic drugs, perceived treatment disadvantages, and the willingness of practitioners to prescribe hypothetical new regimens with varying efficacy levels and additional clinical attributes.  ResultsThirty of 50 invited participants completed the survey (60% response rate); most were physicians or nurses (57%), and 76% had more than six years of experience managing Chagas disease. An efficacy threshold of 70% or above was associated with substantially higher prescribing willingness: 46.7% of respondents reported being likely or very likely to prescribe a regimen with 70-79% efficacy, compared with 20.0% for 60-69% and 6.7% for 50-59%. Willingness to prescribe regimens with moderate efficacy (60-69%) was increased when regimens offered prevention of mother-to-child transmission, reduced ADR frequency and severity, or the possibility of second-line use. Improved accessibility was an additional determinant for regimen in the lowest efficacy range. Respondents identified ADRs, long treatment duration, and limited drug availability as the main disadvantages of current therapies.  ConclusionsThis study provides preliminary, provider-level evidence that prescriber acceptance of new antiparasitic regimens for T. cruzi infection is shaped by the overall benefit-risk profile, not efficacy alone. A 70% efficacy threshold emerged as a critical inflection point for prescribing willingness, while prevention of mother-to-child transmission, improved tolerability, and greater accessibility were identified as key factors that could support the adoption of regimens with moderate efficacy. These findings may inform the design of future clinical trials and the development of treatment strategies aligned with real-world prescribing priorities.  Author summaryChagas disease affects an estimated 9-11 million people worldwide, yet treatment options remain limited to two approved drugs -benznidazole and nifurtimox -both of which are associated with frequent adverse effects and lengthy treatment courses that are difficult to complete. As new, potentially shorter and better-tolerated regimens are being developed, understanding what level of efficacy healthcare providers consider acceptable is essential for guiding future trial design and treatment development. We surveyed healthcare providers, researchers, and public health practitioners with experience in Chagas disease from both endemic and non-endemic countries. Our findings suggest that a 70% efficacy threshold is critical for prescriber acceptance, and that willingness to prescribe regimens with moderate efficacy can be meaningfully increased when such regimens offer prevention of mother-to-child transmission, reduced adverse effects, or improved accessibility. These insights can inform researchers designing future clinical trials and help align therapeutic strategies with the real-world needs of providers and patients living with Trypanosoma cruzi infection."
2026-09-21,39,10.64898/2026.09.15.26362995,1,epidemiology,"Protective effect of influenza vaccine in Brazilian patients hospitalised for severe acute respiratory infection, 2023-2025","Kupek, E.","IntroductionDespite a significant increase in influenza burden in Brazil in 2025, influenza vaccine effectiveness has not included the key end-of-winter period so far. Methods: The key exposure measure was the number of trivalent influenza vaccine doses received within a calendar year. In-hospital mortality and length of stay, use of the intensive care unit (ICU), and ICU stay were outcome measures. Secondary data from January 2003 to October 2025 were retrieved and analysed by Poisson regression.  ResultsInfluenza vaccine uptake among SARI-hospitalised patients dropped from about 70% in 2023 to a 40-50% level in 2024 and 2025. A single vaccine dose reduced outcomes by 10-13% compared to unvaccinated patients. Two doses per year significantly reduced mortality (32%), ICU admissions (52%), and ICU stay (28%).  ConclusionTwo doses of influenza vaccine were moderately effective in decreasing in-hospital mortality and stay among SARI-hospitalised influenza patients. Including 50-59-year-olds in a priority vaccination group may significantly reduce influenza-related adverse outcomes."
2026-09-22,39,10.64898/2026.09.16.26361740,1,"public and global health","How Autism impacts mothers in a selected autism center in Karachi, Pakistan- A qualitative study","Nighat, A.; Tariq, H.; Athar, F. B.","BackgroundThe mothers of children with autism spectrum disorder (ASD) are more stressed than those of neurotypical or any other children with special needs. There remains a notable lack of contextually grounded evidence on the experiences of mothers raising children with autism in resource-constrained settings of a lower middle-income country (LMIC).  MethodologyA qualitative phenomenological study was carried out at a government-run autism rehabilitation center over a period of six months. The main purpose of the study was to explore the lived experiences of the mothers of autistic children in a setting like Karachi, Pakistan. Twenty-five mothers of 3-18 years old children enrolled in the selected facility participated in two focus group discussions (FGD) and seven In-depth interviews (IDIs) until data saturation was achieved. Consolidated Criteria for Reporting Qualitative Research (COREQ) guidelines and Gubas constructs of trustworthiness were followed.  ResultsSeveral themes were derived, corresponding to the different layers of the Ecological Systems Theory. Themes included maternal emotional journey, interpersonal relationships, societal perceptions, access to support services and adaptation over time.  ConclusionMothers of children with Autism in Pakistan face significant challenges at the personal, family, societal, and support systems levels. Removing misconceptions and improving access and quality of services to children with Autism and their families is essential for easing their burden.  ARTICLE SUMMARYO_LIThis study provides in-depth insight into mothers lived experiences in an under-researched LMIC setting. C_LIO_LIMethodological rigor was enhanced through COREQ, triangulation, member checking, and an audit trail. C_LIO_LIConducting the study at a single public-sector center limits transferability. 4-Exclusion of fathers limits broader family perspectives C_LI  What is already known on the topicThe mothers of children with autism spectrum disorder (ASD) are more stressed than those of neurotypical or any other type of special needs children.  Socioeconomic problems, societal stigma and lack of service availability are reported as the major contributors to the caregiver strain experienced by them.  What this study addsThe study highlights key needs, barriers, and contextual realities faced by mothers of children with autism within the setting of an LMIC.  Effect on research, practice or policyIt can help greatly in managing stigma related to mental health through the perspective of the mothers. Another possible benefit can be the evidence-based formulation of policies and infrastructure required for inclusion of children with ASD into the society."
2026-09-22,39,10.64898/2026.09.16.26363278,1,"public and global health","Menstrual Health in South India: Knowledge, Stigma, and Barriers to Participation","Ravi, R.; Amitrano, J. A.; Seshadri, D.","Menstrual health remains a neglected public health challenge in India, where persistent stigma, incomplete education, inadequate sanitation, and limited access to menstrual health resources can adversely affect health and social participation. Institution-based educational programs represent an underexplored opportunity to improve menstrual health literacy while promoting more inclusive discussions surrounding menstruation. Bridging this gap, an exploratory, prospective educational evaluation was conducted at a hospital in Coimbatore, Tamil Nadu and an engineering college in Wayanad, Kerala. Anonymous pre- and post-course surveys assessed menstrual health knowledge, attitudes, practices, perceived barriers, and perspectives on emerging digital health technologies. Quantitative responses were summarized descriptively, and open-ended responses were reviewed to identify recurring perspectives that contextualized the quantitative findings. The standardized educational program integrated evidence-based menstrual health education with discussions of bioengineering and wearable technologies. Eighty-three participants completed the pre-course survey, 68 attended the educational program, and 20 completed the post-course survey. Because responses could not be linked at the individual level, the survey cohorts were compared descriptively. At baseline, 80 of 82 respondents (97.6%) recognized menstruation as a biological process, yet only 38 of 82 (46.3%) indicated that it was not solely a womans issue. The mean agreement that menstruation remained taboo was 7.44 of 10 (SD 1.99; n=78), and 51 of 77 respondents (66.2%) reported that they or others avoided activities during menstruation. Painful periods were identified as a barrier by 56 of 67 respondents (83.6%), and 18 of 67 (26.9%) considered institutional or community toilets insufficiently clean and private for menstrual management. Open-ended responses illustrated how pain, fear of leakage, stigma, and inadequate facilities constrained participation in school, physical activity, and social life. These findings document a marked gap between basic biological recognition and the social normalization and practical support of menstruation in two South Indian institutions, and support further evaluation of gender-inclusive, context-responsive menstrual health education using paired assessments, stronger follow-up, comparison groups, and long-term outcomes."
2026-09-22,39,10.64898/2026.09.16.26362193,1,urology,"CORRELATION OF SERUM ZINC WITH GLEASON SCORE AS A MARKER FOR PROSTATE CANCER AGGRESSIVENESS IN JOS.","Kwarshak, Y. K.; Dakum, N. K.; ofoha, C. O.; akpayak, I. C.; Ramyil, V. M.; Shuaibu, S. I.; Galam, Z. Z.","BACKGROUNDProstate cancer is a significant worldwide health issue. The prostate contains the highest zinc concentration among the bodys soft tissues. Zinc inhibits energy production, growth, and proliferation in normal prostate cells while suppressing the malignant potential and angiogenesis that are essential to prostate cancer aggressiveness. The study aimed to determine the correlation of serum zinc with Gleason score as a marker for prostate cancer aggressiveness  METHODOLOGYThis was a hospital-based cross-sectional analytical study carried out on forty-two (42) eligible participants with newly diagnosed histologically confirmed prostate adenocarcinoma over one year. The patients were fully evaluated, and 5 mL of venous blood was collected into a plain Vacutainer tube, and a colorimetric test was conducted using Atomic Absorption Spectrometry (AAS). Data for each participant were recorded on a pro forma using KoboCollect software.  The Statistical Package for the Social Sciences (SPSS) version 25 was used for data analysis. All descriptive variables were presented as proportions and numbers. Shapiro-Wilk testing was employed for normality of continuous variables, presented either as median and interquartile range or mean and standard deviation. Spearmans rank correlation was used to assess the relationship between serum zinc and prostate cancer aggressiveness as measured by the Gleason score. The impact of serum zinc level on the aggressiveness of severe prostate cancer was assessed using a binary regression model, adjusting for age as a confounder in the logistic regression model. A statistically significant P-value was set at [&le;] 0.05.  RESULTSThe mean age of participants was 67.12 {+/-} 9.68 years, with a range of 45-90 years. High-grade disease (Gleason [&ge;]8) was the most common, representing 57.1% of patients. The median serum zinc concentration was 71.5 {micro}g/dL, with an interquartile range of 47.6-88.5 {micro}g/dL. A statistically significant inverse correlation was observed between serum zinc and Gleason score (Spearman {rho} = -0.514, p < 0.001). Reduced zinc levels were significantly associated with higher Gleason scores (Mann-Whitney U = 140.0, p = 0.002). Low serum zinc independently predicted high-grade disease after adjusting for age.  CONCLUSIONThis study found a statistically significant inverse correlation between serum zinc concentrations and Gleason score in men with prostate cancer. This finding indicates that reduced serum zinc levels are associated with higher Gleason scores."
2026-09-22,39,10.64898/2026.09.20.26363488,1,"allergy and immunology","Multi-Ancestry Genome-wide Association Analyses Identify Shared and Specific Genetic Architecture in Mild and Moderate-to-Severe Asthma","Mendy, A.; Gautam, Y.; Rosen, B. H.; Castlen, J.; Fessler, M. B.; Zeldin, D. C.; Thorne, P. S.; Mersha, T. B.","BackgroundModerate-to-severe asthma affects 15-30% of asthma patients, but accounts for over 50% of healthcare costs and disproportionate morbidity. However, the genetic mechanisms underlying moderate-to-severe versus mild asthma remain poorly understood.  MethodsWe performed separate pooled multi-ancestry GWAS of mild (N = 14,372) and moderate-to-severe asthma (N = 7,096) versus non-asthma controls (N = 28,816) among adult participants in the NIH All of Us Research Program (version 8). European, African, and Latino/admixed ancestry-specific GWAS were combined using fixed-effect meta-analysis. Lung expression quantitative trait loci (eQTL) and pathway analyses were performed to identify candidate genes and biological pathways across asthma phenotypes.  ResultsMild and moderate-to-severe asthma shared susceptibility loci at IL1RL1, IKZF3, and the GTF3AP1-IL33, GTF3AP1-RANBP6, LINC02757-EMSY and HLA-DRB1-HLA-DQA1 regions. Shared lung eQTLs implicated IL18R1, IL18RAP, HLA genes, IL33, LRRC32, GRB7, MIEN1 and GSDMB. In contrast, the phenotypes exhibited distinct genetic architectures. Mild asthma was characterized by broader HLA class II signals and associations at SMAD3 and GSDMB, with enrichment of antigen presentation, T-helper cell differentiation, and TGF-{beta} regulation, consistent with adaptive immune mechanisms. Moderate-to-severe asthma was characterized by WDR36 and PTCH1, with lung eQTLs implicating TSLP, CAMK4, and FANCC. Pathway analysis identified enrichment of IL-13, IL-6, and IL-10 production, myeloid leukocyte differentiation, and oxidative stress responses, consistent with innate inflammation and pathways implicated in steroid resistance. The IL33 signals showed a severity-gradient effect, with stronger associations in moderate-to-severe asthma.  ConclusionMild and moderate-to-severe asthma exhibit shared and distinct genetic architectures that support existing biologic targets and suggest novel therapeutic candidates."
2026-09-22,39,10.64898/2026.09.16.26362263,1,"public and global health","Diagnostic Accuracy of WHO IMCI Visual Inspection for Neonatal Jaundice: A Prospective Multi-Country Cohort","Khan, A.; Shapiro, A.; Yazdani, N. S.; Abraham, S. G.; Akelo, V.; Asante, K. P.; Aweyo, F.; Cherian, A. G.; Jat, M.; Jehan, F.; K, I.; Kasadhe, K.; Kasaro, M.; Lee, A. C.; Mazhar, A.; Mazumder, S.; Mores, C.; Mutale, W.; Mwape, H.; Newton, S.; Nisar, M. I.; Ogala, L.; Ogola, N.; Sharma, N.; Spelke, M. B.; Sugirtha, J.; Wei, Y.; Yang, W.-C.; Hoodbhoy, Z.; Pan, Q.; Smith, E. R.","BACKGROUNDAdverse consequences of neonatal hyperbilirubinemia disproportionately affect babies in low- and middle-income countries. Laboratory measurement of total serum bilirubin is limited in low-resource settings, necessitating simpler alternatives. Our study aimed to evaluate the diagnostic accuracy of visual inspection of jaundice via the World Health Organization Integrated Management of Childhood Illnesses algorithm compared to transcutaneous bilirubinometry for the identification of hyperbilirubinemia in community settings.  METHODSHyperbilirubinemia was assessed by visual inspection for jaundice and transcutaneous bilirubinometry at 0-72 hours, 3-5 days, and 5-14 days postnatal in the PRISMA prospective cohort study in six sites in Asia and Africa. We assessed sensitivity, specificity, and positive and negative percent agreement.  RESULTSWe analyzed data from 14,331 infants, including 1,852 preterm infants. 15% had hyperbilirubinemia, as defined by transcutaneous bilirubin values and the NICE nomograms, at 3-5 days postnatal. Visual inspection had a sensitivity of 16%, specificity of 96%, positive percent agreement of 56%, and negative percent agreement of 86% at 3-5 days postnatal age, pooled across all sites and gestational ages, versus transcutaneous bilirubin defined by NICE nomograms.  CONCLUSIONThe poor sensitivity of visual inspection underscores an urgent need for accurate, affordable screening tools to improve screening for hyperbilirubinemia.  Impact StatementO_LIWe found poor sensitivity of visual inspection, identifying fewer than one in five neonatal jaundice cases, suggesting much worse diagnostic accuracy in this community-based context across five low- and middle-income countries (LMICs) as compared to the previous studies conducted in health facilities. C_LIO_LIAmong preterm infants, sensitivity was modestly higher than in term infants but remained clinically inadequate, reinforcing that visual inspection alone is insufficient for this high-risk group. C_LIO_LIDespite standardized training and biannual refresher sessions, our study suggests that training for health care workers alone is unlikely to make visual inspection a reliable case-detection tool. C_LIO_LIOur findings suggest that the WHO should re-evaluate the IMCI recommendations to include tools with higher diagnostic accuracy to identify neonatal jaundice. C_LIO_LICommunity-level jaundice screening should move beyond visual inspection alone towards validated, low-cost, objective tools; icterometers and smartphone apps with high diagnostic accuracy are promising alternatives. C_LI"
2026-09-22,39,10.64898/2026.09.21.26362162,1,"public and global health","SickMix: Temporal Changes in Social Contact Patterns among People with Acute Infection and Their Close Contacts","Ibiebele, J. C.; Tuli, A.; Lopes, G.; Lombard, G.; Shapiro, A.; Donald, J.; Schmidt, M. A.; Litvinova, M.; Chen, D.; Jenness, S.; Lopman, B.; Shioda, K.","Infected individuals drive infectious disease transmission, yet empirical data on social interactions during acute infection remain limited. We conducted a prospective longitudinal study of 1,000 medically attended acute gastroenteritis and acute respiratory infection cases and 709 household members in the northwestern United States from 2024 to 2025 to quantify illness-associated changes in social contacts and their implications for transmission modeling. Cases substantially reduced social contacts during peak illness; weighted mean number of contacts increased 2.0-fold (95% confidence interval, 1.8-2.2) over the two-week follow-up. In transmission modeling, the simulated outbreak trajectory and estimated effectiveness of interventions differed substantially between models that did and did not account for temporal reductions in social contacts during acute infection. These findings show that behavioral responses during acute infection could substantially influence transmission dynamics and intervention evaluation, and provide an empirical framework for incorporating illness-associated behavioral change into infectious disease models."
2026-09-22,39,10.64898/2026.09.21.26363575,1,"allergy and immunology","Divergent Eosinophilic and Paradoxical Inflammatory Adverse-Event Signatures Across Five Type 2 Asthma Biologics: A FAERS Active-Comparator Disproportionality Analysis","Iancu, A. C.; Kobtan, M.; Soliman, N.; Abdellatif, S.","BackgroundFive biologics target sequential nodes of the type 2 (T2) inflammatory axis in severe asthma and have each been anecdotally linked to eosinophilic or paradoxical inflammatory adverse events. Whether these reflect a class effect or drug-specific signatures is untested.  MethodsWe performed a case-noncase disproportionality analysis of FAERS, 2022-2024. Asthma-indication reports naming tezepelumab, dupilumab, mepolizumab, benralizumab, or omalizumab as primary suspect were compared against the pooled other four (active-comparator design) across 7 pre-specified eosinophilic, vasculitic (including EGPA), cutaneous, and ocular outcomes. A signal was robust if the reporting odds ratio (ROR) 95% CI lower bound exceeded 1 and a Bayesian criterion was also met.  ResultsAmong 50,360 reports (dupilumab n=29,652; mepolizumab n=8,846; omalizumab n=5,484; benralizumab n=4,372; tezepelumab n=2,006), benralizumab showed robust signals for EGPA (ROR 5.06), vasculitis (ROR 4.60), and peripheral eosinophilia (ROR 1.80). Mepolizumab showed a robust vasculitis signal (ROR 1.85); its similarly sized EGPA association narrowly missed the robustness criterion despite significance after correction for multiple testing. Dupilumab showed no EGPA/vasculitis excess but a robust ocular-inflammation signal (ROR 7.81). Tezepelumab and omalizumab showed no robust signal in any domain. EGPA/vasculitis onset occurred earlier after dupilumab (median 20-44 days) than anti-IL-5-axis agents (median 195-550 days; p[&le;]0.012); mepolizumabs signal did not reproduce over the full 2015-2024 window (calendar-time confounding).  ConclusionFAERS active-comparator analysis reveals drug-specific, not class-uniform, adverse-event reporting patterns: anti-IL-5-axis agents disproportionately report EGPA/vasculitis, and dupilumab disproportionately reports ocular inflammation with markedly earlier onset. These hypothesis-generating signals cannot establish causality and require confirmation through case-level or comparative pharmacoepidemiological studies."
2026-09-22,39,10.64898/2026.09.17.26363301,2,epidemiology,"Estimation of stratified seroprevalence directly from raw serological assay measurements with multi-level Bayesian mixture modelling","Wymant, C.; Kendall, M.; Hay, J. A.; Fraser, C.","Estimating seroprevalence for an infection--the proportion of individuals with antibodies--and its variability between subpopulations is a key first step for research and the allocation of resources for treatment and prevention. The relevant raw data is often serological assay measurements that serve as a proxy for antibody level, such as optical density values from enzyme-linked immunosorbent assays (ELISA). Analysis pipelines typically proceed through sequential steps of fitting calibration data independently in each separate batch, transforming assay measurements to antibody levels via each fitted calibration relationship, classifying antibody levels into discrete serostatus by comparison to a threshold, and finally comparing seropositive proportions between subpopulations. Such approaches have numerous limitations including loss of information, overconfidence (discarding uncertainty), and bias from inappropriate choice of threshold. We developed a Bayesian statistical model that replaces the sequential steps of the typical pipeline by multiple levels within a single hierarchical model, treating each samples antibody level as a model parameter rather than directly observed data. This integrates the connections from the raw assay measurements all the way through to subpopulation variability in seroprevalence, allowing partial pooling of information between related variables and the propagation of uncertainty from each part of the model throughout the whole of the rest of the model. We calculate observation probabilities for all assay measurements from both samples and calibration data, allowing easy identification of outlying measurements. We replace a single hard classification threshold for disease status by continuous probabilities that are adapted to each subpopulation. We allow a flexible multivariate random-effects logistic regression to capture variability in seroprevalence between subpopulations. Using simulated data we found that the typical stepwise approach gave prevalence estimates far from the true values with narrow confidence intervals. Our method, dvsb, had markedly greater accuracy. We report the run time and convergence of dvsb when applied to a real dataset for Lassa fever IgG antibodies measured with ELISA, comprising 72,863 measurements for 21,391 unique samples (results reported elsewhere). dvsb is available at https://github.com/BDI-pathogens/dvsb."
2026-09-23,39,10.64898/2026.09.21.26363552,1,"public and global health","Unmasking digital despair: A language model framework for predicting depression on social media","Xie, M.; He, H.; Xie, Z.","Depression is one of the most prevalent mental health disorders globally. Social media content can reflect emotional states, offering real-time signals of depressive symptoms. This study aimed to develop a deep learning model to predict depression using Twitter/X data, and to characterize potential causes of depression using a large language model (LLM). Twitter/X posts from April 20, 2023, to July 24, 2024, were obtained using the key phrase (""I"" or ""me"") and ""diagnosed with depression"". After data cleaning and GPT-4o labelling, 2,275 depressive Twitter users, and an additional 1,661 non-depressive users from tweets using the keyword ""today"", were identified. A deep learning RoBERTa model for predicting depression was built on tweets from both user groups, with an 80/20 training-testing split. GPT-4o models were subsequently employed to analyze depressive users posts to understand potential causes for depression. The RoBERTa model achieved strong performance in predicting depression among Twitter users from their tweets, with an accuracy of 0.822, an F1 score of 0.855, and an AUC of 0.809. Common reasons for depression identified by GPT-4o models included societal pressure, low self-esteem, cultural influences, and identity-related challenges. These findings highlight the potential of deep learning models in early screening of depression using social media data. Insights into potential reasons for depression may inform targeted prevention strategies, public health interventions, and improved mental health support for at-risk populations."
2026-09-23,39,10.64898/2026.09.18.26363380,1,"infectious diseases","Shared Clinical and Immunological Features of Post-Acute COVID-19 and Post-Acute COVID-19 Vaccination Syndromes","Dinser, J.; Anft, M.; Wiemers, L.; Skrzypczyk, S.; Kohut, E.; Kurek, J.; Stervbo, U.; Seibert, F. S.; Westhoff, T. H.; Rosiewicz, K.; Babel, N.","BackgroundPost-acute COVID-19 syndrome (PACS) can cause persistent disability involving fatigue, post-exertional malaise, neurocognitive symptoms, and autonomic manifestations. A clinically overlapping condition has been reported following COVID-19 vaccination and termed post-acute COVID-19 vaccination syndrome (PACVS), but its underlying mechanisms remain poorly understood. We investigated whether immune dysregulation, autoreactivity, antigen persistence, and viral reactivation--mechanisms implicated in PACS--are also present in PACVS.  MethodsThis cross-sectional study included 28 PACS patients, 29 PACVS patients, and 16 convalescent controls (CCG). Clinical manifestations were assessed using ME/CFS-related symptom questionnaires and the Bell Score. T-cell phenotypes and T cells reactive to SARS-CoV-2 Spike, {beta}1/{beta}2-adrenergic receptor, and M3/M4 muscarinic receptor antigens were analyzed by multicolor flow cytometry. Circulating Spike protein and GPCR autoantibodies were quantified by ELISA, and EBV load by qPCR.  ResultsPACS and PACVS showed substantial clinical overlap, although several symptoms were more severe in PACS. GPCR autoantibody profiles were comparable between patient groups, while {beta}2-adrenergic receptor autoantibodies were increased compared with CCG. Only three of 57 conventional immunophenotyping parameters differed between PACS and PACVS in unadjusted analyses, whereas both groups showed multiple alterations compared with CCG. Circulating Spike protein was detected in both patient groups, with the highest prevalence in PACVS. {beta}1/{beta}2- and M3/M4-reactive CD4+ T cells were increased, whereas Spike-specific CD4+ T cells were reduced compared with CCG. EBV reactivation was rare.  ConclusionsPACS and PACVS exhibit substantial clinical and immunological overlap, including GPCR-directed autoreactivity and altered receptor-reactive T-cell responses. These shared immune-mediated features suggest overlapping pathophysiological mechanisms and warrant investigation of whether therapeutic strategies currently explored for PACS may also be relevant to PACVS."
2026-09-23,39,10.64898/2026.09.17.26363232,0,"pharmacology and therapeutics","Varenicline as a Repurposable Drug Candidate for ADRD Prevention","Ma, P.; Zhou, J.; Cheng, Y.; McGeary, J. E.; Taveira, T. H.; Ahmed, A.; Wu, W.-C.; Zamrini, E.; Dugger, B. N.; Sevilla, L. N. C.; Nations, J. A.; Shao, Y.; Yin, Y.; Tsuang, D. W.; Logue, M. W.; Ayandeh, S.; Faselis, C.; Nelson, S. J.; Zeng-Treitler, Q.","ObjectiveEffective strategies to prevent Alzheimers disease and related dementias (ADRD) are limited. Implementing our Medication-Wide Association Study (MWAS+), we highlighted varenicline as a candidate. This study evaluated the association between varenicline use and risk of ADRD relative to nicotine replacement therapy (NRT).  MethodsUsing the All of Us Research Database, we identified adults aged 50 years or older with available lifestyle survey responses regarding tobacco use history who initiated smoking cessation therapy with either varenicline or NRT between 2006 and 2023. We limited our cohort to incident monotherapy users and designated the index date as the first prescription. Individuals with baseline ADRD or no follow-up were excluded. Baseline characteristics included demographics, comorbidities, BMI, and prior medication exposures. Outcomes were incident ADRD and a composite outcome of ADRD or death.  FindingsThe cohort consisted of 9,584 individuals (1,801 varenicline users and 7,783 NRT users). After propensity score matching, there were 1,758 individuals in each group with balanced baseline characteristics. Varenicline use was associated with a reduced risk of ADRD (HR 0.516, 95% CI: 0.353-0.754) and the composite outcome ADRD or death (HR 0.657, 95% CI: 0.501-0.861). Kaplan-Meier curves also demonstrated vareniclines sustained benefits through the study period.  ImplicationsVarenicline use is associated with a lower risk of ADRD among older adults receiving smoking cessation therapy. Further investigation of varenicline as a potential strategy for ADRD prevention is warranted. These findings underscored the value of explainable AI-guided approaches to drug repurposing.  HighlightO_LIArtificial Intelligence (AI) Medication-Wide Association Study (MWAS+) identified varenicline as candidate for ADRD prevention. C_LIO_LIVarenicline linked to lower ADRD risk vs NRT in propensity score matched cohort. C_LIO_LIConsistent results for ADRD and composite outcome ADRD or death. C_LI"
2026-09-23,39,10.64898/2026.09.17.26363232,0,"pharmacology and therapeutics","Varenicline as a Repurposable Drug Candidate for ADRD Prevention","Ma, P.; Zhou, J.; Cheng, Y.; McGeary, J. E.; Taveira, T. H.; Ahmed, A.; Wu, W.-C.; Zamrini, E.; Dugger, B. N.; Sevilla, L. N. C.; Nations, J. A.; Shao, Y.; Yin, Y.; Tsuang, D. W.; Logue, M. W.; Ayandeh, S.; Faselis, C.; Nelson, S. J.; Zeng-Treitler, Q.","ObjectiveEffective strategies to prevent Alzheimers disease and related dementias (ADRD) are limited. Implementing our Medication-Wide Association Study (MWAS+), we highlighted varenicline as a candidate. This study evaluated the association between varenicline use and risk of ADRD relative to nicotine replacement therapy (NRT).  MethodsUsing the All of Us Research Database, we identified adults aged 50 years or older with available lifestyle survey responses regarding tobacco use history who initiated smoking cessation therapy with either varenicline or NRT between 2006 and 2023. We limited our cohort to incident monotherapy users and designated the index date as the first prescription. Individuals with baseline ADRD or no follow-up were excluded. Baseline characteristics included demographics, comorbidities, BMI, and prior medication exposures. Outcomes were incident ADRD and a composite outcome of ADRD or death.  FindingsThe cohort consisted of 9,584 individuals (1,801 varenicline users and 7,783 NRT users). After propensity score matching, there were 1,758 individuals in each group with balanced baseline characteristics. Varenicline use was associated with a reduced risk of ADRD (HR 0.516, 95% CI: 0.353-0.754) and the composite outcome ADRD or death (HR 0.657, 95% CI: 0.501-0.861). Kaplan-Meier curves also demonstrated vareniclines sustained benefits through the study period.  ImplicationsVarenicline use is associated with a lower risk of ADRD among older adults receiving smoking cessation therapy. Further investigation of varenicline as a potential strategy for ADRD prevention is warranted. These findings underscored the value of explainable AI-guided approaches to drug repurposing.  HighlightO_LIArtificial Intelligence (AI) Medication-Wide Association Study (MWAS+) identified varenicline as candidate for ADRD prevention. C_LIO_LIVarenicline linked to lower ADRD risk vs NRT in propensity score matched cohort. C_LIO_LIConsistent results for ADRD and composite outcome ADRD or death. C_LI"
2026-09-23,39,10.64898/2026.09.18.26363422,0,"pharmacology and therapeutics","Clofazimine pharmacokinetics in novel rifampicin-resistant tuberculosis regimens: an analysis of the endTB and endTB-Q trials","Ngara, B.; Solans, B. P.; Yang, E.; Van Brantegem, P.; Guglielmetti, L.; Varaine, F.; Gouillou, M.; Mitnick, C. D.; LaHood, A. N.; Rich, M. L.; Seung, K. J.; Wiesner, L.; Hans, L.; Swart, R.; Abubakirov, A.; Khazhidinov, K.; Belgozhanova, A.; Mpinda, S.; Mohale, S.; Holtzman, D.; Vasquez, D. V.; Velarde, F. G.; Mucching-Toscano, S.; Aftab, A.; Arshad, M. S.; Ashraf, A.; Dinh, L. V.; Nguyen, H. T. T.; Phan, H. T. T.; Wasserman, S.; Ntuli, N.; Savic, R. M.; McIlleron, H.; Velasquez, G. E.; PandrTB Study Group,  ","IntroductionRifampicin-resistant tuberculosis poses a significant threat worldwide. Clofazimine is considered important for the construction of effective individualized multidrug regimens to treat rifampicin-resistant tuberculosis. Our goal was to characterize clofazimine pharmacokinetics in novel combination treatment regimens and to identify participant characteristics associated with variations in drug exposure.  MethodsClofazimine pharmacokinetic data were obtained from adults and adolescents enrolled in the PandrTB pharmacokinetic sub-study of the endTB and endTB-Q Phase 3 randomized controlled therapeutic trials for rifampicin-resistant tuberculosis. Plasma concentrations were analyzed using nonlinear mixed-effects modeling to quantify clofazimine exposure and explore the impact of relevant covariates.  Results100 participants from six countries with high burdens of rifampicin-resistant tuberculosis contributed pharmacokinetic data. Their median age was 34 years, 32% were female, 18% were living with diabetes mellitus, and 18% were living with HIV. Clofazimine plasma concentration values were best described by a 2-compartment pharmacokinetic model with first-order absorption. Co-administration with delamanid and HIV co-infection resulted in a 37% increase and 20% decrease in clofazimines bioavailability, respectively. Diabetes was associated with a 43% decrease in clofazimine clearance. Clofazimine remained in the body for a median of 2.5 years (95th percentile: 0.5 - 8) following 9 months of treatment.  ConclusionCo-administration with delamanid, diabetes mellitus, and HIV were associated with variation in clofazimine exposure. We estimated that clofazimine remained present in the body for longer than two years in over half of participants following 9 months of treatment. Follow-up studies are recommended to confirm these associations before adjusting clofazimine dose or clinical care decisions."
2026-09-23,39,10.64898/2026.09.18.26363422,0,"pharmacology and therapeutics","Clofazimine pharmacokinetics in novel rifampicin-resistant tuberculosis regimens: an analysis of the endTB and endTB-Q trials","Ngara, B.; Solans, B. P.; Yang, E.; Van Brantegem, P.; Guglielmetti, L.; Varaine, F.; Gouillou, M.; Mitnick, C. D.; LaHood, A. N.; Rich, M. L.; Seung, K. J.; Wiesner, L.; Hans, L.; Swart, R.; Abubakirov, A.; Khazhidinov, K.; Belgozhanova, A.; Mpinda, S.; Mohale, S.; Holtzman, D.; Vasquez, D. V.; Velarde, F. G.; Mucching-Toscano, S.; Aftab, A.; Arshad, M. S.; Ashraf, A.; Dinh, L. V.; Nguyen, H. T. T.; Phan, H. T. T.; Wasserman, S.; Ntuli, N.; Savic, R. M.; McIlleron, H.; Velasquez, G. E.; PandrTB Study Group,  ","IntroductionRifampicin-resistant tuberculosis poses a significant threat worldwide. Clofazimine is considered important for the construction of effective individualized multidrug regimens to treat rifampicin-resistant tuberculosis. Our goal was to characterize clofazimine pharmacokinetics in novel combination treatment regimens and to identify participant characteristics associated with variations in drug exposure.  MethodsClofazimine pharmacokinetic data were obtained from adults and adolescents enrolled in the PandrTB pharmacokinetic sub-study of the endTB and endTB-Q Phase 3 randomized controlled therapeutic trials for rifampicin-resistant tuberculosis. Plasma concentrations were analyzed using nonlinear mixed-effects modeling to quantify clofazimine exposure and explore the impact of relevant covariates.  Results100 participants from six countries with high burdens of rifampicin-resistant tuberculosis contributed pharmacokinetic data. Their median age was 34 years, 32% were female, 18% were living with diabetes mellitus, and 18% were living with HIV. Clofazimine plasma concentration values were best described by a 2-compartment pharmacokinetic model with first-order absorption. Co-administration with delamanid and HIV co-infection resulted in a 37% increase and 20% decrease in clofazimines bioavailability, respectively. Diabetes was associated with a 43% decrease in clofazimine clearance. Clofazimine remained in the body for a median of 2.5 years (95th percentile: 0.5 - 8) following 9 months of treatment.  ConclusionCo-administration with delamanid, diabetes mellitus, and HIV were associated with variation in clofazimine exposure. We estimated that clofazimine remained present in the body for longer than two years in over half of participants following 9 months of treatment. Follow-up studies are recommended to confirm these associations before adjusting clofazimine dose or clinical care decisions."
2026-09-23,39,10.64898/2026.09.21.26363605,0,"public and global health","Prevalence of malaria among pregnant women attending ANC at public health institutions in Damote-Gale district, Southern Ethiopia","Kussa, Y.; Lema, S.","BackgroundIn Ethiopia as other Sub-Sharan African countries malaria in pregnancy is a major public health threat particularly in the rural communities. Immunosuppression during pregnancy increases the risk of placental malaria; this, in turn, leads to anemia, low birth weight, preterm delivery, and stillbirth, causing severe complications that pose a life-threatening risk to both the mother and fetus. Hence, this study is aimed to assess the prevalence of malaria, and associated factors among pregnant women attending antenatal clinics in Damot Gale district, South Ethiopia.  MethodAn institutional-based cross sectional study was conducted from March 1 to May 30, 2024. A multistage sampling technique and pre-tested semi-structured questionnaires were used for data collection. Using standard parasitological methods, blood samples collected from 389 participants were analyzed through microscopic examination of Giemsa-stained thick and thin blood films. Logistic regression was used to assess factors associated with malaria. Adjusted odds ratio with 95% confidence interval was calculated and P-value < 0.05 was considered statistically significant.  ResultsIn this study the prevalence of malaria among pregnant women was 10.5% (95% CI: 7.7-13.6%). Among the malaria-positive pregnant women (9%) were P. falciparum infected, followed by P. vivax (1.3) and mixed infections (0.2%). In the multivariate analysis, multigravdae (AOR = 0.358; 95% CI: 0.14-0.92), utilization of LLINs (AOR = 0.286; 95% CI: 0.119-0.687) and use of IRS (AOR = 0.068; 95% CI: 0.027-0.172) were significantly associated with malaria among pregnant women.  ConclusionMalaria is still a public health problem among pregnant women in Damote-gale district. The present study indicated that adequate distribution and proper utilization of bed nets In addition seasonal proper spray of IRS might be helpful to prevent and control malaria."
2026-09-23,39,10.64898/2026.09.21.26363632,0,"public and global health","Nipah vaccine and monoclonal antibody introduction: Understanding endemic and at-risk country perspectives to inform demand forecasting","Dinkel, K. A.; Ruisch, A.; Mathur, I.; Bowe, R. T.; Windus, P.; Nonvignon, J.; Walker, D. G.; Torkelson, A. A.","BackgroundNipah virus (NiV) is a zoonotic pathogen in the Henipavirus genus that causes severe, often fatal disease in humans. The World Health Organization and the Coalition for Epidemic Preparedness Innovations (CEPI) have designated NiV as a priority pathogen with pandemic potential. While CEPI is funding research on medical countermeasures, including vaccines and monoclonal antibodies (mAbs), there remains limited understanding of how at-risk countries will use them. This study aims to address this gap through targeted interviews and demand forecasting for 10 countries: Australia, Bangladesh, Cambodia, India, Indonesia, Malaysia, the Philippines, Singapore, Thailand, and Vietnam.  Methodology/Principal FindingsInterviews with country and global stakeholders gathered data on regional sentiment, financing, and affordability. Profiles were developed to summarize each countrys perceived outbreak risk and their likely use of countermeasures. Demand was estimated by integrating these perspectives into models of likely country-level responses to three NiV outbreak scenarios: Expected, Amplified, and Extended. In the Expected scenario, countries focused on reactive use with global annual demand ranging from approximately 800 to 5,000 doses for vaccine-only, mAb-only, and combination interventions. Ring strategies were preferred given outbreak size and infrequency. Demand was highest for vaccine-only and combination interventions, with lower demand for mAbs-only due to affordability concerns and less familiarity in Bangladesh and India. In Amplified and Extended scenarios, countries expanded their responses to include preventive campaigns for healthcare workers and rural populations. These campaigns would require approximately 410,000 and 6,300,000 doses, respectively, if introduced in all 10 countries.  Conclusions/SignificanceThis study has revealed existing sentiments regarding Nipah disease and interventions and modeled demand across three outbreak scenarios. Given global annual demand based on current epidemiology, Nipah countermeasure markets are unlikely to be commercially viable solely on routine country-financed demand. Instead, market health will require external financing and stockpile mechanisms to maintain demand between sporadic outbreaks.  Author SummaryNipah virus (NiV), which causes severe and often fatal disease in humans, is recognized by the Coalition for Epidemic Preparedness Innovations (CEPI) as a priority pathogen with pandemic potential. In response, CEPI has supported the development of vaccines and monoclonal antibodies (mAb). However, limited evidence exists on how at-risk countries will deploy these medical countermeasures. We interviewed key decision-makers across 10 at-risk countries, along with global experts on NiV, to better understand disease prioritization, financing and affordability considerations, and countermeasure preferences. Interview findings informed the development of a demand forecast in response to Nipah outbreaks of varying intensity. At expected outbreak levels, countries focused their response on reactive strategies given outbreak size and infrequency. As outbreaks grew in size, countries considered expanding their response to include preventive campaigns targeting healthcare workers and at-risk, rural populations. This study provides new insights into country-level perspectives on NiV and medical countermeasures and quantifies expected demand across three outbreak scenarios and 10 countries. Our findings can provide a foundation for the strategic development of an international Nipah countermeasure stockpile, designed to address episodic NiV outbreaks and enhance pandemic preparedness."
2026-09-23,39,10.64898/2026.09.21.26363632,0,"public and global health","Nipah vaccine and monoclonal antibody introduction: Understanding endemic and at-risk country perspectives to inform demand forecasting","Dinkel, K. A.; Ruisch, A.; Mathur, I.; Bowe, R. T.; Windus, P.; Nonvignon, J.; Walker, D. G.; Torkelson, A. A.","BackgroundNipah virus (NiV) is a zoonotic pathogen in the Henipavirus genus that causes severe, often fatal disease in humans. The World Health Organization and the Coalition for Epidemic Preparedness Innovations (CEPI) have designated NiV as a priority pathogen with pandemic potential. While CEPI is funding research on medical countermeasures, including vaccines and monoclonal antibodies (mAbs), there remains limited understanding of how at-risk countries will use them. This study aims to address this gap through targeted interviews and demand forecasting for 10 countries: Australia, Bangladesh, Cambodia, India, Indonesia, Malaysia, the Philippines, Singapore, Thailand, and Vietnam.  Methodology/Principal FindingsInterviews with country and global stakeholders gathered data on regional sentiment, financing, and affordability. Profiles were developed to summarize each countrys perceived outbreak risk and their likely use of countermeasures. Demand was estimated by integrating these perspectives into models of likely country-level responses to three NiV outbreak scenarios: Expected, Amplified, and Extended. In the Expected scenario, countries focused on reactive use with global annual demand ranging from approximately 800 to 5,000 doses for vaccine-only, mAb-only, and combination interventions. Ring strategies were preferred given outbreak size and infrequency. Demand was highest for vaccine-only and combination interventions, with lower demand for mAbs-only due to affordability concerns and less familiarity in Bangladesh and India. In Amplified and Extended scenarios, countries expanded their responses to include preventive campaigns for healthcare workers and rural populations. These campaigns would require approximately 410,000 and 6,300,000 doses, respectively, if introduced in all 10 countries.  Conclusions/SignificanceThis study has revealed existing sentiments regarding Nipah disease and interventions and modeled demand across three outbreak scenarios. Given global annual demand based on current epidemiology, Nipah countermeasure markets are unlikely to be commercially viable solely on routine country-financed demand. Instead, market health will require external financing and stockpile mechanisms to maintain demand between sporadic outbreaks.  Author SummaryNipah virus (NiV), which causes severe and often fatal disease in humans, is recognized by the Coalition for Epidemic Preparedness Innovations (CEPI) as a priority pathogen with pandemic potential. In response, CEPI has supported the development of vaccines and monoclonal antibodies (mAb). However, limited evidence exists on how at-risk countries will deploy these medical countermeasures. We interviewed key decision-makers across 10 at-risk countries, along with global experts on NiV, to better understand disease prioritization, financing and affordability considerations, and countermeasure preferences. Interview findings informed the development of a demand forecast in response to Nipah outbreaks of varying intensity. At expected outbreak levels, countries focused their response on reactive strategies given outbreak size and infrequency. As outbreaks grew in size, countries considered expanding their response to include preventive campaigns targeting healthcare workers and at-risk, rural populations. This study provides new insights into country-level perspectives on NiV and medical countermeasures and quantifies expected demand across three outbreak scenarios and 10 countries. Our findings can provide a foundation for the strategic development of an international Nipah countermeasure stockpile, designed to address episodic NiV outbreaks and enhance pandemic preparedness."
2026-09-23,39,10.64898/2026.09.21.26363579,0,"public and global health","Predictors of modern contraceptive use among reproductive-aged women (15-49 years) in Mozambique: Evidence from Mozambique Demographic and Health Survey.","Shakurun, N.; Andre, F.; Muhajarine, N.","BackgroundModern contraceptive use remains low in many sub-Saharan African countries, including Mozambique, limiting progress towards sexual and reproductive health and Sustainable Development Goals (SDGs). Understanding the prevalence, determinants, and inequalities in modern contraceptive use based on Mozambique-wide national survey is critical to informing effective family planning interventions.  MethodWe analyzed the most recent data from the Mozambique Demographic and Health Survey (DHS), 2022-2023, focusing on a total of 11,783 reproductive-aged women (15-49 years). The outcome variable was current use of modern contraceptives. Several individual, household-related and community determinants of modern contraceptives were examined employing multivariable logistic regression. Adjusted odds ratio with corresponding confidence intervals and p-values were reported. Erreygers Concentration Index (ECI) and concentration curves were used to assess wealth-and empowerment-related inequalities. All analyses were conducted on weighted data.  ResultOverall, 27.6% of women reported current use of modern contraceptive methods. Younger age, higher education, being employed, higher parity, greater wealth, and a partner with higher education were positively associated with modern contraceptive use. Significant wealth-related (ECI = 0.32, p < 0.001) and womens empowerment-related (ECI = 0.26, p < 0.001) inequalities were observed, indicating that wealthier and more empowered women had higher use of modern contraceptive methods.  ConclusionModern contraceptive use in Mozambique is suboptimal and influenced by a combination of individual, household, and contextual factors, with marked socioeconomic and empowerment-related disparities. Policy interventions should focus on improving access to and encouraging use of contraceptives for economically disadvantaged and women with low-empowerment, promoting womens autonomy, enhancing male involvement, and leveraging media and community-based programs to increase awareness and uptake. Equity-focused strategies are essential to achieving national and global family planning targets."
2026-09-23,39,10.64898/2026.09.21.26363579,0,"public and global health","Predictors of modern contraceptive use among reproductive-aged women (15-49 years) in Mozambique: Evidence from Mozambique Demographic and Health Survey.","Shakurun, N.; Andre, F.; Muhajarine, N.","BackgroundModern contraceptive use remains low in many sub-Saharan African countries, including Mozambique, limiting progress towards sexual and reproductive health and Sustainable Development Goals (SDGs). Understanding the prevalence, determinants, and inequalities in modern contraceptive use based on Mozambique-wide national survey is critical to informing effective family planning interventions.  MethodWe analyzed the most recent data from the Mozambique Demographic and Health Survey (DHS), 2022-2023, focusing on a total of 11,783 reproductive-aged women (15-49 years). The outcome variable was current use of modern contraceptives. Several individual, household-related and community determinants of modern contraceptives were examined employing multivariable logistic regression. Adjusted odds ratio with corresponding confidence intervals and p-values were reported. Erreygers Concentration Index (ECI) and concentration curves were used to assess wealth-and empowerment-related inequalities. All analyses were conducted on weighted data.  ResultOverall, 27.6% of women reported current use of modern contraceptive methods. Younger age, higher education, being employed, higher parity, greater wealth, and a partner with higher education were positively associated with modern contraceptive use. Significant wealth-related (ECI = 0.32, p < 0.001) and womens empowerment-related (ECI = 0.26, p < 0.001) inequalities were observed, indicating that wealthier and more empowered women had higher use of modern contraceptive methods.  ConclusionModern contraceptive use in Mozambique is suboptimal and influenced by a combination of individual, household, and contextual factors, with marked socioeconomic and empowerment-related disparities. Policy interventions should focus on improving access to and encouraging use of contraceptives for economically disadvantaged and women with low-empowerment, promoting womens autonomy, enhancing male involvement, and leveraging media and community-based programs to increase awareness and uptake. Equity-focused strategies are essential to achieving national and global family planning targets."
2026-09-23,39,10.64898/2026.09.21.26363608,0,"public and global health","Childhood and adolescent immunisation intentions post-COVID-19 in Lusaka, Zambia","Nyasa, M.; Sharma, A.; Kerkhoff, A. D.; Ngosa, D.; Shamoya, B.; Sikombe, K.; Simbeza, S.; Zulu, N.; Geng, E. H.; Pry, J. M.; Tourneau, N.","BackgroundSince the COVID-19 pandemic, parental delays and refusals of well-established, safe, and effective childhood vaccinations have contributed to the resurgence of infectious diseases. This raises concerns that COVID-19 vaccine hesitancy may also extend to novel vaccines for children when introduced in the future. This study examined caregivers, who included healthcare workers (HCWs), perceptions of novel vaccinations for children ages 0-17 years old and intentions to vaccinate children and adolescents ages 12-17 years against COVID-19.  MethodsWe conducted a secondary data analysis of a larger cross-sectional survey administered to parents/caregivers of children ages 0-17 years in Lusaka, Zambia, between 13 November and 15 December 2023. Vaccination intention for COVID-19 was specifically focused on caregivers of adolescents ages 12-17 years, following COVID-19 vaccination guidelines during the study. Descriptive statistics were used to explore demographic characteristics, vaccination history, and caregivers COVID-19 vaccination status, along with their childrens routine childhood vaccine histories and perceptions of COVID-19 and novel vaccinations.  ResultsAmong 277 caregivers (66.8% women, median age: 35 years), 93.1% reported that their child had received all recommended routine childhood vaccinations. COVID-19 vaccine uptake was higher among HCWs (68.2% with [&ge;]2 doses) than among community members (40.8%) and having [&ge;]2 doses was associated with higher COVID-19 vaccine uptake among their adolescents ages 12-17 years. 58.0% of caregivers indicated that their 12-17 years old adolescents had received at least one COVID-19 vaccine dose. Overall intention to further vaccinate children against COVID-19, especially among those already unvaccinated, remained low, with 24.7% of caregivers reporting no intent to vaccinate their children. Protection from hospitalization and death from malaria, TB, HIV, pneumonia, influenza, and diarrheal diseases were the most cited reason (79.1%) for intention to vaccinate children with novel vaccines for these diseases. The most prominent reasons for reluctance towards future vaccines were the fear of potential side effects (45.5%) and insufficient knowledge about vaccination benefits and risks (31.8%). Caregivers most trusted the Ministry of Health (86.6%) and healthcare professionals (66.8%) as sources of vaccine information.  ConclusionsWhile routine childhood vaccine uptake remained high, acceptance of COVID-19 and future novel vaccines for children was lower and was influenced by caregivers own vaccination status. Targeted and transparent communication through trusted sources such as the Ministry of Health and healthcare professionals may be critical for addressing safety concerns and strengthening confidence in novel childhood vaccines."
2026-09-23,39,10.64898/2026.09.21.26363608,0,"public and global health","Childhood and adolescent immunisation intentions post-COVID-19 in Lusaka, Zambia","Nyasa, M.; Sharma, A.; Kerkhoff, A. D.; Ngosa, D.; Shamoya, B.; Sikombe, K.; Simbeza, S.; Zulu, N.; Geng, E. H.; Pry, J. M.; Tourneau, N.","BackgroundSince the COVID-19 pandemic, parental delays and refusals of well-established, safe, and effective childhood vaccinations have contributed to the resurgence of infectious diseases. This raises concerns that COVID-19 vaccine hesitancy may also extend to novel vaccines for children when introduced in the future. This study examined caregivers, who included healthcare workers (HCWs), perceptions of novel vaccinations for children ages 0-17 years old and intentions to vaccinate children and adolescents ages 12-17 years against COVID-19.  MethodsWe conducted a secondary data analysis of a larger cross-sectional survey administered to parents/caregivers of children ages 0-17 years in Lusaka, Zambia, between 13 November and 15 December 2023. Vaccination intention for COVID-19 was specifically focused on caregivers of adolescents ages 12-17 years, following COVID-19 vaccination guidelines during the study. Descriptive statistics were used to explore demographic characteristics, vaccination history, and caregivers COVID-19 vaccination status, along with their childrens routine childhood vaccine histories and perceptions of COVID-19 and novel vaccinations.  ResultsAmong 277 caregivers (66.8% women, median age: 35 years), 93.1% reported that their child had received all recommended routine childhood vaccinations. COVID-19 vaccine uptake was higher among HCWs (68.2% with [&ge;]2 doses) than among community members (40.8%) and having [&ge;]2 doses was associated with higher COVID-19 vaccine uptake among their adolescents ages 12-17 years. 58.0% of caregivers indicated that their 12-17 years old adolescents had received at least one COVID-19 vaccine dose. Overall intention to further vaccinate children against COVID-19, especially among those already unvaccinated, remained low, with 24.7% of caregivers reporting no intent to vaccinate their children. Protection from hospitalization and death from malaria, TB, HIV, pneumonia, influenza, and diarrheal diseases were the most cited reason (79.1%) for intention to vaccinate children with novel vaccines for these diseases. The most prominent reasons for reluctance towards future vaccines were the fear of potential side effects (45.5%) and insufficient knowledge about vaccination benefits and risks (31.8%). Caregivers most trusted the Ministry of Health (86.6%) and healthcare professionals (66.8%) as sources of vaccine information.  ConclusionsWhile routine childhood vaccine uptake remained high, acceptance of COVID-19 and future novel vaccines for children was lower and was influenced by caregivers own vaccination status. Targeted and transparent communication through trusted sources such as the Ministry of Health and healthcare professionals may be critical for addressing safety concerns and strengthening confidence in novel childhood vaccines."
2026-09-23,39,10.64898/2026.09.17.26363306,0,"public and global health","Meditation Practice and Long-Term Mortality in US Adults: A Doubly Robust Analysis of Pooled National Health Interview Survey Cohorts with a Trial-Informed Bayesian Subgroup Analysis","Shi, L.; Gu, Y.; Imtiaz, H.; Zhang, D. S.; Mancini, A. D.","IntroductionTrial evidence in older adults with hypertension suggests that meditation may lower mortality, but this association has not been tested in a nationally representative study with linked-mortality data. This study estimated meditation-mortality associations among US adults, examined variation by family income, and synthesized trial and survey evidence for the population matched to the trial evidence base.  MethodsWe pooled four National Health Interview Survey cohorts (2002-2017) with mortality follow-up through 2019 (N=90,041; 8,402 [9.3%] reported meditation practice in the past 12 months). Doubly robust survey-weighted Cox models combined stabilized inverse-probability weights with covariate adjustment, overall and by income stratum; 15-year risks were standardized using g-computation, and probabilistic bias analysis addressed exposure misclassification, including a differential-by-income scenario. For non-Hispanic Black adults [&ge;]55 years with hypertension (n=2,786), Bayesian synthesis combined subgroup estimates with a pooled randomized-trial prior.  ResultsOver 818,248 person-years of follow-up, 10,027 all-cause and 3,040 cardiovascular deaths occurred. Doubly robust hazard ratios (HR) were 1.02 (95% CI 0.90-1.16) for all-cause and 0.96 (95% CI 0.79-1.16) for cardiovascular mortality. Among individuals below 200% of the federal poverty level, HRs were 0.85 (All-cause: 95% CI 0.71-1.03) and 0.80 (Cardiovascular mortality: 95% CI 0.57-1.10), compared with 1.10 (95% CI 0.93-1.30) and 1.02 (95% CI 0.80-1.30) among those at/above that threshold (interaction p=0.19 and p=0.62). In the subgroup analysis, posteriors under a 50%-discounted trial prior were 0.84 (All-cause mortality: Pr[HR<1]=0.89) and 0.70 (Cardiovascular mortality: Pr[HR<1]=0.96). Conclusions: Meditation practice showed no overall association with mortality after doubly robust adjustment. However, estimates suggesting a protective effect were concentrated among adults below 200% of the federal poverty level, and trial-informed synthesis indicated probable benefit in cardiovascular mortality in the high-risk subgroup most comparable to trial participants. These hypothesis-generating findings motivate further study of effect modification using more detailed exposure measurement."
2026-09-23,39,10.64898/2026.09.17.26363306,0,"public and global health","Meditation Practice and Long-Term Mortality in US Adults: A Doubly Robust Analysis of Pooled National Health Interview Survey Cohorts with a Trial-Informed Bayesian Subgroup Analysis","Shi, L.; Gu, Y.; Imtiaz, H.; Zhang, D. S.; Mancini, A. D.","IntroductionTrial evidence in older adults with hypertension suggests that meditation may lower mortality, but this association has not been tested in a nationally representative study with linked-mortality data. This study estimated meditation-mortality associations among US adults, examined variation by family income, and synthesized trial and survey evidence for the population matched to the trial evidence base.  MethodsWe pooled four National Health Interview Survey cohorts (2002-2017) with mortality follow-up through 2019 (N=90,041; 8,402 [9.3%] reported meditation practice in the past 12 months). Doubly robust survey-weighted Cox models combined stabilized inverse-probability weights with covariate adjustment, overall and by income stratum; 15-year risks were standardized using g-computation, and probabilistic bias analysis addressed exposure misclassification, including a differential-by-income scenario. For non-Hispanic Black adults [&ge;]55 years with hypertension (n=2,786), Bayesian synthesis combined subgroup estimates with a pooled randomized-trial prior.  ResultsOver 818,248 person-years of follow-up, 10,027 all-cause and 3,040 cardiovascular deaths occurred. Doubly robust hazard ratios (HR) were 1.02 (95% CI 0.90-1.16) for all-cause and 0.96 (95% CI 0.79-1.16) for cardiovascular mortality. Among individuals below 200% of the federal poverty level, HRs were 0.85 (All-cause: 95% CI 0.71-1.03) and 0.80 (Cardiovascular mortality: 95% CI 0.57-1.10), compared with 1.10 (95% CI 0.93-1.30) and 1.02 (95% CI 0.80-1.30) among those at/above that threshold (interaction p=0.19 and p=0.62). In the subgroup analysis, posteriors under a 50%-discounted trial prior were 0.84 (All-cause mortality: Pr[HR<1]=0.89) and 0.70 (Cardiovascular mortality: Pr[HR<1]=0.96). Conclusions: Meditation practice showed no overall association with mortality after doubly robust adjustment. However, estimates suggesting a protective effect were concentrated among adults below 200% of the federal poverty level, and trial-informed synthesis indicated probable benefit in cardiovascular mortality in the high-risk subgroup most comparable to trial participants. These hypothesis-generating findings motivate further study of effect modification using more detailed exposure measurement."
2026-09-23,39,10.64898/2026.04.17.26351084,0,"public and global health","Tongue swab-based Targeted Universal Tuberculosis Testing in people living with HIV in KwaZulu-Natal, South Africa","Olson, A. M.; Wood, R. C.; Sithole, N.; Govender, I.; Grant, A. D.; Smit, T.; David, A.; Stevens, W.; Scott, L.; Drain, P. K.; Cangelosi, G. A.; Shapiro, A. E.","BackgroundTargeted Universal Tuberculosis Testing (TUTT) may increase tuberculosis (TB) case detection by including people who are not actively seeking TB care but are at high risk of the disease.Non-invasive tongue swab (TS) testing may facilitate TUTT. We evaluated two TS testing protocols in people with HIV (PWH) tested irrespective of TB symptoms.  MethodsStudy staff collected Copan FLOQSwab and Medline foam swab specimens, alongside urine and sputa, from PWH, most of whom were presenting for antiretroviral therapy initiation at primary healthcare clinics in KwaZulu-Natal, South Africa. FLOQSwabs were tested by sequence-specific magnetic capture (SSMaC) with qPCR (FLOQSwab-SSMaC). Foam swabs were tested by centrifuge-sedimentation and high-volume qPCR (foam-sedimentation). Urine lipoarabinomannan was detected using LF-LAM. The extended microbiological reference standard (eMRS) comprised any positive result on Xpert Ultra and/or liquid culture of sputum.  ResultsWe enrolled 251 participants (median age 34 years, 56% female, 67% with self-reported TB symptoms). Participants had a median CD4 count of 347 cells/{micro}l, and 16% (40/251) had prior TB. FLOQSwab-SSMaC was 43% sensitive (13/30) and 100% specific (131/131) relative to eMRS. Foam-sedimentation was 47% (9/29) sensitive and 100% (176/176) specific. Sensitivity increased to 52% (FLOQSwab-SSMaC) and 50% (foam-sedimentation) when sputum Xpert Ultra Trace positive results were excluded from eMRS. TS was more sensitive than urine LAM, and both sample types were more sensitive when CD4 counts were below 200.  DiscussionTS testing detected about half of PWH with TB and outperformed urine LAM within this population, including among PWH with low CD4 counts.  SummaryTB testing approaches using tongue swabs (TS), combined with molecular methods, have the potential to identify people with TB in settings where sputum collection is not practical. People living with HIV are an at-risk group that could benefit from non-sputum based targeted TB testing programs."
2026-09-23,39,10.64898/2026.04.17.26351084,0,"public and global health","Tongue swab-based Targeted Universal Tuberculosis Testing in people living with HIV in KwaZulu-Natal, South Africa","Olson, A. M.; Wood, R. C.; Sithole, N.; Govender, I.; Grant, A. D.; Smit, T.; David, A.; Stevens, W.; Scott, L.; Drain, P. K.; Cangelosi, G. A.; Shapiro, A. E.","BackgroundTargeted Universal Tuberculosis Testing (TUTT) may increase tuberculosis (TB) case detection by including people who are not actively seeking TB care but are at high risk of the disease.Non-invasive tongue swab (TS) testing may facilitate TUTT. We evaluated two TS testing protocols in people with HIV (PWH) tested irrespective of TB symptoms.  MethodsStudy staff collected Copan FLOQSwab and Medline foam swab specimens, alongside urine and sputa, from PWH, most of whom were presenting for antiretroviral therapy initiation at primary healthcare clinics in KwaZulu-Natal, South Africa. FLOQSwabs were tested by sequence-specific magnetic capture (SSMaC) with qPCR (FLOQSwab-SSMaC). Foam swabs were tested by centrifuge-sedimentation and high-volume qPCR (foam-sedimentation). Urine lipoarabinomannan was detected using LF-LAM. The extended microbiological reference standard (eMRS) comprised any positive result on Xpert Ultra and/or liquid culture of sputum.  ResultsWe enrolled 251 participants (median age 34 years, 56% female, 67% with self-reported TB symptoms). Participants had a median CD4 count of 347 cells/{micro}l, and 16% (40/251) had prior TB. FLOQSwab-SSMaC was 43% sensitive (13/30) and 100% specific (131/131) relative to eMRS. Foam-sedimentation was 47% (9/29) sensitive and 100% (176/176) specific. Sensitivity increased to 52% (FLOQSwab-SSMaC) and 50% (foam-sedimentation) when sputum Xpert Ultra Trace positive results were excluded from eMRS. TS was more sensitive than urine LAM, and both sample types were more sensitive when CD4 counts were below 200.  DiscussionTS testing detected about half of PWH with TB and outperformed urine LAM within this population, including among PWH with low CD4 counts.  SummaryTB testing approaches using tongue swabs (TS), combined with molecular methods, have the potential to identify people with TB in settings where sputum collection is not practical. People living with HIV are an at-risk group that could benefit from non-sputum based targeted TB testing programs."
2026-09-22,39,10.64898/2026.09.21.26362162,0,"public and global health","SickMix: Temporal Changes in Social Contact Patterns among People with Acute Infection and Their Close Contacts","Ibiebele, J. C.; Tuli, A.; Lopes, G.; Lombard, G.; Shapiro, A.; Donald, J.; Schmidt, M. A.; Litvinova, M.; Chen, D.; Jenness, S.; Lopman, B.; Shioda, K.","Infected individuals drive infectious disease transmission, yet empirical data on social interactions during acute infection remain limited. We conducted a prospective longitudinal study of 1,000 medically attended acute gastroenteritis and acute respiratory infection cases and 709 household members in the northwestern United States from 2024 to 2025 to quantify illness-associated changes in social contacts and their implications for transmission modeling. Cases substantially reduced social contacts during peak illness; weighted mean number of contacts increased 2.0-fold (95% confidence interval, 1.8-2.2) over the two-week follow-up. In transmission modeling, the simulated outbreak trajectory and estimated effectiveness of interventions differed substantially between models that did and did not account for temporal reductions in social contacts during acute infection. These findings show that behavioral responses during acute infection could substantially influence transmission dynamics and intervention evaluation, and provide an empirical framework for incorporating illness-associated behavioral change into infectious disease models."
2026-09-22,39,10.64898/2026.09.21.26362162,0,"public and global health","SickMix: Temporal Changes in Social Contact Patterns among People with Acute Infection and Their Close Contacts","Ibiebele, J. C.; Tuli, A.; Lopes, G.; Lombard, G.; Shapiro, A.; Donald, J.; Schmidt, M. A.; Litvinova, M.; Chen, D.; Jenness, S.; Lopman, B.; Shioda, K.","Infected individuals drive infectious disease transmission, yet empirical data on social interactions during acute infection remain limited. We conducted a prospective longitudinal study of 1,000 medically attended acute gastroenteritis and acute respiratory infection cases and 709 household members in the northwestern United States from 2024 to 2025 to quantify illness-associated changes in social contacts and their implications for transmission modeling. Cases substantially reduced social contacts during peak illness; weighted mean number of contacts increased 2.0-fold (95% confidence interval, 1.8-2.2) over the two-week follow-up. In transmission modeling, the simulated outbreak trajectory and estimated effectiveness of interventions differed substantially between models that did and did not account for temporal reductions in social contacts during acute infection. These findings show that behavioral responses during acute infection could substantially influence transmission dynamics and intervention evaluation, and provide an empirical framework for incorporating illness-associated behavioral change into infectious disease models."
2026-09-22,39,10.64898/2026.09.16.26362263,0,"public and global health","Diagnostic Accuracy of WHO IMCI Visual Inspection for Neonatal Jaundice: A Prospective Multi-Country Cohort","Khan, A.; Shapiro, A.; Yazdani, N. S.; Abraham, S. G.; Akelo, V.; Asante, K. P.; Aweyo, F.; Cherian, A. G.; Jat, M.; Jehan, F.; K, I.; Kasadhe, K.; Kasaro, M.; Lee, A. C.; Mazhar, A.; Mazumder, S.; Mores, C.; Mutale, W.; Mwape, H.; Newton, S.; Nisar, M. I.; Ogala, L.; Ogola, N.; Sharma, N.; Spelke, M. B.; Sugirtha, J.; Wei, Y.; Yang, W.-C.; Hoodbhoy, Z.; Pan, Q.; Smith, E. R.","BACKGROUNDAdverse consequences of neonatal hyperbilirubinemia disproportionately affect babies in low- and middle-income countries. Laboratory measurement of total serum bilirubin is limited in low-resource settings, necessitating simpler alternatives. Our study aimed to evaluate the diagnostic accuracy of visual inspection of jaundice via the World Health Organization Integrated Management of Childhood Illnesses algorithm compared to transcutaneous bilirubinometry for the identification of hyperbilirubinemia in community settings.  METHODSHyperbilirubinemia was assessed by visual inspection for jaundice and transcutaneous bilirubinometry at 0-72 hours, 3-5 days, and 5-14 days postnatal in the PRISMA prospective cohort study in six sites in Asia and Africa. We assessed sensitivity, specificity, and positive and negative percent agreement.  RESULTSWe analyzed data from 14,331 infants, including 1,852 preterm infants. 15% had hyperbilirubinemia, as defined by transcutaneous bilirubin values and the NICE nomograms, at 3-5 days postnatal. Visual inspection had a sensitivity of 16%, specificity of 96%, positive percent agreement of 56%, and negative percent agreement of 86% at 3-5 days postnatal age, pooled across all sites and gestational ages, versus transcutaneous bilirubin defined by NICE nomograms.  CONCLUSIONThe poor sensitivity of visual inspection underscores an urgent need for accurate, affordable screening tools to improve screening for hyperbilirubinemia.  Impact StatementO_LIWe found poor sensitivity of visual inspection, identifying fewer than one in five neonatal jaundice cases, suggesting much worse diagnostic accuracy in this community-based context across five low- and middle-income countries (LMICs) as compared to the previous studies conducted in health facilities. C_LIO_LIAmong preterm infants, sensitivity was modestly higher than in term infants but remained clinically inadequate, reinforcing that visual inspection alone is insufficient for this high-risk group. C_LIO_LIDespite standardized training and biannual refresher sessions, our study suggests that training for health care workers alone is unlikely to make visual inspection a reliable case-detection tool. C_LIO_LIOur findings suggest that the WHO should re-evaluate the IMCI recommendations to include tools with higher diagnostic accuracy to identify neonatal jaundice. C_LIO_LICommunity-level jaundice screening should move beyond visual inspection alone towards validated, low-cost, objective tools; icterometers and smartphone apps with high diagnostic accuracy are promising alternatives. C_LI"
2026-09-22,39,10.64898/2026.09.16.26362263,0,"public and global health","Diagnostic Accuracy of WHO IMCI Visual Inspection for Neonatal Jaundice: A Prospective Multi-Country Cohort","Khan, A.; Shapiro, A.; Yazdani, N. S.; Abraham, S. G.; Akelo, V.; Asante, K. P.; Aweyo, F.; Cherian, A. G.; Jat, M.; Jehan, F.; K, I.; Kasadhe, K.; Kasaro, M.; Lee, A. C.; Mazhar, A.; Mazumder, S.; Mores, C.; Mutale, W.; Mwape, H.; Newton, S.; Nisar, M. I.; Ogala, L.; Ogola, N.; Sharma, N.; Spelke, M. B.; Sugirtha, J.; Wei, Y.; Yang, W.-C.; Hoodbhoy, Z.; Pan, Q.; Smith, E. R.","BACKGROUNDAdverse consequences of neonatal hyperbilirubinemia disproportionately affect babies in low- and middle-income countries. Laboratory measurement of total serum bilirubin is limited in low-resource settings, necessitating simpler alternatives. Our study aimed to evaluate the diagnostic accuracy of visual inspection of jaundice via the World Health Organization Integrated Management of Childhood Illnesses algorithm compared to transcutaneous bilirubinometry for the identification of hyperbilirubinemia in community settings.  METHODSHyperbilirubinemia was assessed by visual inspection for jaundice and transcutaneous bilirubinometry at 0-72 hours, 3-5 days, and 5-14 days postnatal in the PRISMA prospective cohort study in six sites in Asia and Africa. We assessed sensitivity, specificity, and positive and negative percent agreement.  RESULTSWe analyzed data from 14,331 infants, including 1,852 preterm infants. 15% had hyperbilirubinemia, as defined by transcutaneous bilirubin values and the NICE nomograms, at 3-5 days postnatal. Visual inspection had a sensitivity of 16%, specificity of 96%, positive percent agreement of 56%, and negative percent agreement of 86% at 3-5 days postnatal age, pooled across all sites and gestational ages, versus transcutaneous bilirubin defined by NICE nomograms.  CONCLUSIONThe poor sensitivity of visual inspection underscores an urgent need for accurate, affordable screening tools to improve screening for hyperbilirubinemia.  Impact StatementO_LIWe found poor sensitivity of visual inspection, identifying fewer than one in five neonatal jaundice cases, suggesting much worse diagnostic accuracy in this community-based context across five low- and middle-income countries (LMICs) as compared to the previous studies conducted in health facilities. C_LIO_LIAmong preterm infants, sensitivity was modestly higher than in term infants but remained clinically inadequate, reinforcing that visual inspection alone is insufficient for this high-risk group. C_LIO_LIDespite standardized training and biannual refresher sessions, our study suggests that training for health care workers alone is unlikely to make visual inspection a reliable case-detection tool. C_LIO_LIOur findings suggest that the WHO should re-evaluate the IMCI recommendations to include tools with higher diagnostic accuracy to identify neonatal jaundice. C_LIO_LICommunity-level jaundice screening should move beyond visual inspection alone towards validated, low-cost, objective tools; icterometers and smartphone apps with high diagnostic accuracy are promising alternatives. C_LI"
2026-09-22,39,10.64898/2026.09.16.26361740,0,"public and global health","How Autism impacts mothers in a selected autism center in Karachi, Pakistan- A qualitative study","Nighat, A.; Tariq, H.; Athar, F. B.","BackgroundThe mothers of children with autism spectrum disorder (ASD) are more stressed than those of neurotypical or any other children with special needs. There remains a notable lack of contextually grounded evidence on the experiences of mothers raising children with autism in resource-constrained settings of a lower middle-income country (LMIC).  MethodologyA qualitative phenomenological study was carried out at a government-run autism rehabilitation center over a period of six months. The main purpose of the study was to explore the lived experiences of the mothers of autistic children in a setting like Karachi, Pakistan. Twenty-five mothers of 3-18 years old children enrolled in the selected facility participated in two focus group discussions (FGD) and seven In-depth interviews (IDIs) until data saturation was achieved. Consolidated Criteria for Reporting Qualitative Research (COREQ) guidelines and Gubas constructs of trustworthiness were followed.  ResultsSeveral themes were derived, corresponding to the different layers of the Ecological Systems Theory. Themes included maternal emotional journey, interpersonal relationships, societal perceptions, access to support services and adaptation over time.  ConclusionMothers of children with Autism in Pakistan face significant challenges at the personal, family, societal, and support systems levels. Removing misconceptions and improving access and quality of services to children with Autism and their families is essential for easing their burden.  ARTICLE SUMMARYO_LIThis study provides in-depth insight into mothers lived experiences in an under-researched LMIC setting. C_LIO_LIMethodological rigor was enhanced through COREQ, triangulation, member checking, and an audit trail. C_LIO_LIConducting the study at a single public-sector center limits transferability. 4-Exclusion of fathers limits broader family perspectives C_LI  What is already known on the topicThe mothers of children with autism spectrum disorder (ASD) are more stressed than those of neurotypical or any other type of special needs children.  Socioeconomic problems, societal stigma and lack of service availability are reported as the major contributors to the caregiver strain experienced by them.  What this study addsThe study highlights key needs, barriers, and contextual realities faced by mothers of children with autism within the setting of an LMIC.  Effect on research, practice or policyIt can help greatly in managing stigma related to mental health through the perspective of the mothers. Another possible benefit can be the evidence-based formulation of policies and infrastructure required for inclusion of children with ASD into the society."
2026-09-22,39,10.64898/2026.09.16.26361740,0,"public and global health","How Autism impacts mothers in a selected autism center in Karachi, Pakistan- A qualitative study","Nighat, A.; Tariq, H.; Athar, F. B.","BackgroundThe mothers of children with autism spectrum disorder (ASD) are more stressed than those of neurotypical or any other children with special needs. There remains a notable lack of contextually grounded evidence on the experiences of mothers raising children with autism in resource-constrained settings of a lower middle-income country (LMIC).  MethodologyA qualitative phenomenological study was carried out at a government-run autism rehabilitation center over a period of six months. The main purpose of the study was to explore the lived experiences of the mothers of autistic children in a setting like Karachi, Pakistan. Twenty-five mothers of 3-18 years old children enrolled in the selected facility participated in two focus group discussions (FGD) and seven In-depth interviews (IDIs) until data saturation was achieved. Consolidated Criteria for Reporting Qualitative Research (COREQ) guidelines and Gubas constructs of trustworthiness were followed.  ResultsSeveral themes were derived, corresponding to the different layers of the Ecological Systems Theory. Themes included maternal emotional journey, interpersonal relationships, societal perceptions, access to support services and adaptation over time.  ConclusionMothers of children with Autism in Pakistan face significant challenges at the personal, family, societal, and support systems levels. Removing misconceptions and improving access and quality of services to children with Autism and their families is essential for easing their burden.  ARTICLE SUMMARYO_LIThis study provides in-depth insight into mothers lived experiences in an under-researched LMIC setting. C_LIO_LIMethodological rigor was enhanced through COREQ, triangulation, member checking, and an audit trail. C_LIO_LIConducting the study at a single public-sector center limits transferability. 4-Exclusion of fathers limits broader family perspectives C_LI  What is already known on the topicThe mothers of children with autism spectrum disorder (ASD) are more stressed than those of neurotypical or any other type of special needs children.  Socioeconomic problems, societal stigma and lack of service availability are reported as the major contributors to the caregiver strain experienced by them.  What this study addsThe study highlights key needs, barriers, and contextual realities faced by mothers of children with autism within the setting of an LMIC.  Effect on research, practice or policyIt can help greatly in managing stigma related to mental health through the perspective of the mothers. Another possible benefit can be the evidence-based formulation of policies and infrastructure required for inclusion of children with ASD into the society."
2026-09-22,39,10.64898/2026.09.16.26363278,0,"public and global health","Menstrual Health in South India: Knowledge, Stigma, and Barriers to Participation","Ravi, R.; Amitrano, J. A.; Seshadri, D.","Menstrual health remains a neglected public health challenge in India, where persistent stigma, incomplete education, inadequate sanitation, and limited access to menstrual health resources can adversely affect health and social participation. Institution-based educational programs represent an underexplored opportunity to improve menstrual health literacy while promoting more inclusive discussions surrounding menstruation. Bridging this gap, an exploratory, prospective educational evaluation was conducted at a hospital in Coimbatore, Tamil Nadu and an engineering college in Wayanad, Kerala. Anonymous pre- and post-course surveys assessed menstrual health knowledge, attitudes, practices, perceived barriers, and perspectives on emerging digital health technologies. Quantitative responses were summarized descriptively, and open-ended responses were reviewed to identify recurring perspectives that contextualized the quantitative findings. The standardized educational program integrated evidence-based menstrual health education with discussions of bioengineering and wearable technologies. Eighty-three participants completed the pre-course survey, 68 attended the educational program, and 20 completed the post-course survey. Because responses could not be linked at the individual level, the survey cohorts were compared descriptively. At baseline, 80 of 82 respondents (97.6%) recognized menstruation as a biological process, yet only 38 of 82 (46.3%) indicated that it was not solely a womans issue. The mean agreement that menstruation remained taboo was 7.44 of 10 (SD 1.99; n=78), and 51 of 77 respondents (66.2%) reported that they or others avoided activities during menstruation. Painful periods were identified as a barrier by 56 of 67 respondents (83.6%), and 18 of 67 (26.9%) considered institutional or community toilets insufficiently clean and private for menstrual management. Open-ended responses illustrated how pain, fear of leakage, stigma, and inadequate facilities constrained participation in school, physical activity, and social life. These findings document a marked gap between basic biological recognition and the social normalization and practical support of menstruation in two South Indian institutions, and support further evaluation of gender-inclusive, context-responsive menstrual health education using paired assessments, stronger follow-up, comparison groups, and long-term outcomes."
2026-09-22,39,10.64898/2026.09.16.26363278,0,"public and global health","Menstrual Health in South India: Knowledge, Stigma, and Barriers to Participation","Ravi, R.; Amitrano, J. A.; Seshadri, D.","Menstrual health remains a neglected public health challenge in India, where persistent stigma, incomplete education, inadequate sanitation, and limited access to menstrual health resources can adversely affect health and social participation. Institution-based educational programs represent an underexplored opportunity to improve menstrual health literacy while promoting more inclusive discussions surrounding menstruation. Bridging this gap, an exploratory, prospective educational evaluation was conducted at a hospital in Coimbatore, Tamil Nadu and an engineering college in Wayanad, Kerala. Anonymous pre- and post-course surveys assessed menstrual health knowledge, attitudes, practices, perceived barriers, and perspectives on emerging digital health technologies. Quantitative responses were summarized descriptively, and open-ended responses were reviewed to identify recurring perspectives that contextualized the quantitative findings. The standardized educational program integrated evidence-based menstrual health education with discussions of bioengineering and wearable technologies. Eighty-three participants completed the pre-course survey, 68 attended the educational program, and 20 completed the post-course survey. Because responses could not be linked at the individual level, the survey cohorts were compared descriptively. At baseline, 80 of 82 respondents (97.6%) recognized menstruation as a biological process, yet only 38 of 82 (46.3%) indicated that it was not solely a womans issue. The mean agreement that menstruation remained taboo was 7.44 of 10 (SD 1.99; n=78), and 51 of 77 respondents (66.2%) reported that they or others avoided activities during menstruation. Painful periods were identified as a barrier by 56 of 67 respondents (83.6%), and 18 of 67 (26.9%) considered institutional or community toilets insufficiently clean and private for menstrual management. Open-ended responses illustrated how pain, fear of leakage, stigma, and inadequate facilities constrained participation in school, physical activity, and social life. These findings document a marked gap between basic biological recognition and the social normalization and practical support of menstruation in two South Indian institutions, and support further evaluation of gender-inclusive, context-responsive menstrual health education using paired assessments, stronger follow-up, comparison groups, and long-term outcomes."
2026-09-22,39,10.64898/2026.09.15.26362692,0,"public and global health","Promoting early childhood development through nurturing parenting: Feasibility of the ASCENDI program for adolescent mothers in the Dominican Republic","Badoui-Rodriguez, N.; Perez, L.; Fortuna-Mejia, H.; Sanchez-Vincitore, L. V.; Castro, A.","This study evaluated the feasibility and preliminary effectiveness of a 12-session group-based nurturing care intervention for adolescent mothers in the Dominican Republic. We conducted a one-group pretest-posttest feasibility study in Boca Chica, Dominican Republic. Participants were adolescent mothers under 20 years of age with a child enrolled in an early childhood development (ECD) center operated by the National Institute for Early Childhood Comprehensive Care. The intervention, based on the World Health Organizations Nurturing Care Framework, addressed ECD, affective care, positive discipline, and maternal well-being. We calculated effect sizes using Cohens d.  Of 14 adolescent mothers who started the program, 11 completed both assessments (78.6% retention). Participants had a mean age of 16.91 years (SD = 1.35), with children averaging 1.15 years (SD = 0.84). Two outcomes showed statistically significant improvements. Parental efficacy (1-4 scale) increased from M = 3.38 to M = 3.84 (d = 0.99, p = .008), with significant gains observed in three subdomains: protective (d = 1.21, p = .003), formative (d = 0.90, p = .014), and bonding competencies (d = 0.81, p = .023). Cognitive stimulation activities (0-1 scale) increased from M = 0.42 to M = 0.65 (d = 0.81, p = .036). Participant satisfaction was high (M = 4.64 on a 5-point scale).  ASCENDI demonstrated feasibility and preliminary effectiveness in improving parental efficacy and cognitive stimulation among adolescent mothers. Large effect sizes and high retention and satisfaction support the potential of group-based nurturing care interventions for adolescent mothers in resource-limited settings."
2026-09-22,39,10.64898/2026.09.15.26362692,0,"public and global health","Promoting early childhood development through nurturing parenting: Feasibility of the ASCENDI program for adolescent mothers in the Dominican Republic","Badoui-Rodriguez, N.; Perez, L.; Fortuna-Mejia, H.; Sanchez-Vincitore, L. V.; Castro, A.","This study evaluated the feasibility and preliminary effectiveness of a 12-session group-based nurturing care intervention for adolescent mothers in the Dominican Republic. We conducted a one-group pretest-posttest feasibility study in Boca Chica, Dominican Republic. Participants were adolescent mothers under 20 years of age with a child enrolled in an early childhood development (ECD) center operated by the National Institute for Early Childhood Comprehensive Care. The intervention, based on the World Health Organizations Nurturing Care Framework, addressed ECD, affective care, positive discipline, and maternal well-being. We calculated effect sizes using Cohens d.  Of 14 adolescent mothers who started the program, 11 completed both assessments (78.6% retention). Participants had a mean age of 16.91 years (SD = 1.35), with children averaging 1.15 years (SD = 0.84). Two outcomes showed statistically significant improvements. Parental efficacy (1-4 scale) increased from M = 3.38 to M = 3.84 (d = 0.99, p = .008), with significant gains observed in three subdomains: protective (d = 1.21, p = .003), formative (d = 0.90, p = .014), and bonding competencies (d = 0.81, p = .023). Cognitive stimulation activities (0-1 scale) increased from M = 0.42 to M = 0.65 (d = 0.81, p = .036). Participant satisfaction was high (M = 4.64 on a 5-point scale).  ASCENDI demonstrated feasibility and preliminary effectiveness in improving parental efficacy and cognitive stimulation among adolescent mothers. Large effect sizes and high retention and satisfaction support the potential of group-based nurturing care interventions for adolescent mothers in resource-limited settings."
2026-09-22,39,10.64898/2026.09.15.26363098,0,"public and global health","Spatiotemporal dynamics and environmental drivers of listeriosis hospitalizations in Spain (2016-2024): A One Health perspective","Garcia-Carretero, R.; Valle-Borrego, B.; Peiro-Villalba, C.; de-Juan-Alvarez, C.; Cenzual-Alvarez, G.; Quevedo-Soriano, S.-M.","BackgroundListeria monocytogenes causes invasive infections with high mortality. However, ecological studies linking human incidence to livestock and weather remain scarce. This retrospective study analyzed the geographical distribution of human listeriosis in Spain using nationwide hospitalization data, livestock censuses, and meteorological records.  MethodsNegative binomial regression models, spatial autocorrelation (Morans Index), and bivariate local indicators of spatial association (LISA) analysis were applied.  ResultsBetween 2016 and 2024, 4,391 hospital admissions were recorded. The national mean incidence was 1.03 per 100,000 inhabitants, peaking in 2019. Bovine density was the primary environmental driver, with an 11% increased risk per 10 heads/km2. Weather-livestock synergies were observed: bovine-associated risk increased exponentially at higher temperatures ([~]21{degrees}C) and lower humidity (53%), whereas caprine-associated incidence peaked at cooler temperatures ([~]13{degrees}C). Spatial mapping revealed northern clusters for bovine reservoirs and southern segregation for caprine reservoirs, with no associations for ovine or porcine livestock.  ConclusionsZoonotic risk is environmentally conditioned, with weather acting as a biological trigger. This study highlights the critical role of ruminant farming practices and the need for a ""One Health"" surveillance approach that integrates meteorological and farming data to predict seasonal outbreaks and optimize food chain safety."
2026-09-22,39,10.64898/2026.09.15.26363098,0,"public and global health","Spatiotemporal dynamics and environmental drivers of listeriosis hospitalizations in Spain (2016-2024): A One Health perspective","Garcia-Carretero, R.; Valle-Borrego, B.; Peiro-Villalba, C.; de-Juan-Alvarez, C.; Cenzual-Alvarez, G.; Quevedo-Soriano, S.-M.","BackgroundListeria monocytogenes causes invasive infections with high mortality. However, ecological studies linking human incidence to livestock and weather remain scarce. This retrospective study analyzed the geographical distribution of human listeriosis in Spain using nationwide hospitalization data, livestock censuses, and meteorological records.  MethodsNegative binomial regression models, spatial autocorrelation (Morans Index), and bivariate local indicators of spatial association (LISA) analysis were applied.  ResultsBetween 2016 and 2024, 4,391 hospital admissions were recorded. The national mean incidence was 1.03 per 100,000 inhabitants, peaking in 2019. Bovine density was the primary environmental driver, with an 11% increased risk per 10 heads/km2. Weather-livestock synergies were observed: bovine-associated risk increased exponentially at higher temperatures ([~]21{degrees}C) and lower humidity (53%), whereas caprine-associated incidence peaked at cooler temperatures ([~]13{degrees}C). Spatial mapping revealed northern clusters for bovine reservoirs and southern segregation for caprine reservoirs, with no associations for ovine or porcine livestock.  ConclusionsZoonotic risk is environmentally conditioned, with weather acting as a biological trigger. This study highlights the critical role of ruminant farming practices and the need for a ""One Health"" surveillance approach that integrates meteorological and farming data to predict seasonal outbreaks and optimize food chain safety."
2026-09-22,39,10.64898/2026.09.15.26363184,0,"public and global health","ADOLESCENT GIRLS KNOWLEDGE, ATTITUDES, AND PREVENTIVE PRACTICES TOWARD HIV: EVIDENCE FROM A SCHOOL-BASED SURVEY","Ohaike, S. I.; Emeh, R. C.; Onyekwelu, A. I.; Fatai, K. E.","BackgroundAdolescent girls remain a priority population in HIV prevention efforts in sub-Saharan Africa due to heightened biological, social, and structural vulnerabilities. In Nigeria, schools serve as critical platforms for HIV education; however, evidence suggests that awareness alone may not be sufficient to ensure consistent preventive practices among adolescents. Understanding the interplay between knowledge, attitudes, and behaviors is essential for designing effective interventions. This study examined HIV-related knowledge, attitudes, and preventive practices among female secondary school students in an urban Nigerian setting.  MethodsA cross-sectional, school-based survey was conducted among 150 female adolescents aged 14-18 years attending a public girls secondary school in southeastern Nigeria. Participants were recruited using a convenience sampling approach. Data were collected using a structured questionnaire that assessed HIV transmission knowledge, common misconceptions, attitudes toward prevention and testing, perceived self-efficacy, and reported preventive practices. The instrument was pilot-tested for internal consistency prior to data collection. Descriptive statistics were used for analysis. Adequate HIV knowledge was defined as achieving at least 70% correct responses across knowledge items.  ResultsOverall, 72.4% of respondents demonstrated adequate knowledge of HIV. Correct identification of sexual transmission was high (90.0%), as was awareness of blood-related transmission (85.3%). However, notable misconceptions persisted: 27.3% believed HIV could be transmitted through casual contact, and 21.9% perceived HIV as a condition affecting only specific groups. Attitudes toward HIV prevention were moderately positive, with 68.0% expressing willingness to undergo HIV testing and 61.3% reporting confidence in negotiating safer behaviours. Preventive practices were less robust; although 74.6% acknowledged the effectiveness of condoms, only 58.7% accurately identified all routes of mother-to-child transmission. Information sources were predominantly school-based (79.3%), followed by social media (65.4%) and parents or guardians (49.8%).  ConclusionsThe findings reveal moderate HIV knowledge and generally positive attitudes among adolescent girls, alongside persistent misconceptions and gaps in preventive practices. Strengthening school-based HIV prevention efforts should prioritize correcting misinformation, enhancing practical prevention skills, and leveraging both formal education and digital platforms to support informed and sustained protective behaviors among adolescents."
2026-09-22,39,10.64898/2026.09.15.26363184,0,"public and global health","ADOLESCENT GIRLS KNOWLEDGE, ATTITUDES, AND PREVENTIVE PRACTICES TOWARD HIV: EVIDENCE FROM A SCHOOL-BASED SURVEY","Ohaike, S. I.; Emeh, R. C.; Onyekwelu, A. I.; Fatai, K. E.","BackgroundAdolescent girls remain a priority population in HIV prevention efforts in sub-Saharan Africa due to heightened biological, social, and structural vulnerabilities. In Nigeria, schools serve as critical platforms for HIV education; however, evidence suggests that awareness alone may not be sufficient to ensure consistent preventive practices among adolescents. Understanding the interplay between knowledge, attitudes, and behaviors is essential for designing effective interventions. This study examined HIV-related knowledge, attitudes, and preventive practices among female secondary school students in an urban Nigerian setting.  MethodsA cross-sectional, school-based survey was conducted among 150 female adolescents aged 14-18 years attending a public girls secondary school in southeastern Nigeria. Participants were recruited using a convenience sampling approach. Data were collected using a structured questionnaire that assessed HIV transmission knowledge, common misconceptions, attitudes toward prevention and testing, perceived self-efficacy, and reported preventive practices. The instrument was pilot-tested for internal consistency prior to data collection. Descriptive statistics were used for analysis. Adequate HIV knowledge was defined as achieving at least 70% correct responses across knowledge items.  ResultsOverall, 72.4% of respondents demonstrated adequate knowledge of HIV. Correct identification of sexual transmission was high (90.0%), as was awareness of blood-related transmission (85.3%). However, notable misconceptions persisted: 27.3% believed HIV could be transmitted through casual contact, and 21.9% perceived HIV as a condition affecting only specific groups. Attitudes toward HIV prevention were moderately positive, with 68.0% expressing willingness to undergo HIV testing and 61.3% reporting confidence in negotiating safer behaviours. Preventive practices were less robust; although 74.6% acknowledged the effectiveness of condoms, only 58.7% accurately identified all routes of mother-to-child transmission. Information sources were predominantly school-based (79.3%), followed by social media (65.4%) and parents or guardians (49.8%).  ConclusionsThe findings reveal moderate HIV knowledge and generally positive attitudes among adolescent girls, alongside persistent misconceptions and gaps in preventive practices. Strengthening school-based HIV prevention efforts should prioritize correcting misinformation, enhancing practical prevention skills, and leveraging both formal education and digital platforms to support informed and sustained protective behaviors among adolescents."
2026-09-22,39,10.64898/2026.09.13.26362810,0,"public and global health","Regional Disparities in Undiagnosed Hypertension Among South Asian Adults in the Bay Area and Central Valley: The PRANA Heart Study","Nalluri, V.; Bhagat, D.; Gunasekar, S.; Zeng, B.; Policepatil, S.; Tseng, W.","BackgroundSouth Asians (from Bangladesh, Bhutan, India, the Maldives, Nepal, Pakistan, and Sri Lanka) experience a disproportionately high burden of cardiovascular disease, with hypertension serving as a major modifiable risk factor. Despite this elevated risk, hypertension often remains underdiagnosed, particularly in community settings with limited access to routine screening. This study assessed the prevalence of hypertension and undiagnosed hypertension among South Asian adults participating in community-based health screenings in Northern California and examined regional disparities between the San Francisco Bay Area and the Central Valley.  MethodsA cross-sectional survey-based study was conducted among adults attending screenings organized by Jeeva Clinic at religious and community institutions. Participants voluntarily completed a survey collecting demographic information, cardiovascular health history, lifestyle factors, and recent blood pressure measurements obtained either during screening or through self-report. A total of 300 participants were included in the final analysis.  ResultsAmong participants with sufficient blood pressure data for hypertension classification (n = 245), 82.9% met criteria for hypertension. Among participants with sufficient data to determine undiagnosed hypertension status (n = 244), 59.8% exhibited previously undiagnosed hypertension. Hypertension prevalence was significantly higher among participants in the Central Valley compared with the Bay Area (97.9% vs 71.0%, {chi}{superscript 2} = 31.2, p < 0.001). Undiagnosed hypertension was also substantially more prevalent in the Central Valley (91.7% vs 37.0%, {chi}{superscript 2} = 71.0, p < 0.001). In multivariable analysis, Central Valley region was associated with significantly higher odds of hypertension (OR = 14.29, 95% CI 2.89-70.63, p = 0.001), and higher BMI was independently associated with hypertension (OR = 1.26 per unit increase, 95% CI 1.10-1.43, p < 0.001).  ConclusionsThese findings highlight a high burden of hypertension and significant regional disparities among South Asian adults in Northern California, suggesting that a large proportion of cardiovascular risk in this population remains undetected in routine care settings. Community-based screening initiatives, such as Jeeva Clinic, may help identify individuals at elevated risk and improve early detection in underserved populations."
2026-09-22,39,10.64898/2026.09.13.26362810,0,"public and global health","Regional Disparities in Undiagnosed Hypertension Among South Asian Adults in the Bay Area and Central Valley: The PRANA Heart Study","Nalluri, V.; Bhagat, D.; Gunasekar, S.; Zeng, B.; Policepatil, S.; Tseng, W.","BackgroundSouth Asians (from Bangladesh, Bhutan, India, the Maldives, Nepal, Pakistan, and Sri Lanka) experience a disproportionately high burden of cardiovascular disease, with hypertension serving as a major modifiable risk factor. Despite this elevated risk, hypertension often remains underdiagnosed, particularly in community settings with limited access to routine screening. This study assessed the prevalence of hypertension and undiagnosed hypertension among South Asian adults participating in community-based health screenings in Northern California and examined regional disparities between the San Francisco Bay Area and the Central Valley.  MethodsA cross-sectional survey-based study was conducted among adults attending screenings organized by Jeeva Clinic at religious and community institutions. Participants voluntarily completed a survey collecting demographic information, cardiovascular health history, lifestyle factors, and recent blood pressure measurements obtained either during screening or through self-report. A total of 300 participants were included in the final analysis.  ResultsAmong participants with sufficient blood pressure data for hypertension classification (n = 245), 82.9% met criteria for hypertension. Among participants with sufficient data to determine undiagnosed hypertension status (n = 244), 59.8% exhibited previously undiagnosed hypertension. Hypertension prevalence was significantly higher among participants in the Central Valley compared with the Bay Area (97.9% vs 71.0%, {chi}{superscript 2} = 31.2, p < 0.001). Undiagnosed hypertension was also substantially more prevalent in the Central Valley (91.7% vs 37.0%, {chi}{superscript 2} = 71.0, p < 0.001). In multivariable analysis, Central Valley region was associated with significantly higher odds of hypertension (OR = 14.29, 95% CI 2.89-70.63, p = 0.001), and higher BMI was independently associated with hypertension (OR = 1.26 per unit increase, 95% CI 1.10-1.43, p < 0.001).  ConclusionsThese findings highlight a high burden of hypertension and significant regional disparities among South Asian adults in Northern California, suggesting that a large proportion of cardiovascular risk in this population remains undetected in routine care settings. Community-based screening initiatives, such as Jeeva Clinic, may help identify individuals at elevated risk and improve early detection in underserved populations."
2026-09-22,39,10.64898/2026.09.16.26363217,0,"public and global health","UNIVERSAL EPIDEMIC SCALING: INFLUENZA AND COVID-19","Below, D.; Mairanowski, F.","Conventional compartmental models may become difficult to parameterize over multi-wave epidemic horizons when susceptibility and transmission conditions change between successive epidemic regimes. This study introduces a reduced macroscopic framework that changes the scale of epidemic description from individual-level transmission structure to effective population-level dynamics. Epidemic waves are formulated as transport processes governed by deterministic boundaries, mass balance, and a small set of effective macroscopic parameters. The susceptible population is represented by a dynamic Effective Susceptible Pool that can be re-initialized at transitions between biologically distinct epidemic regimes, while transmission resistance and external control measures are incorporated at the macroscopic level. The resulting equations admit a dimensionless similarity representation and closed-form analytical solutions, enabling analytical estimation of epidemic trajectories and peak healthcare demand without computationally intensive numerical simulation. The framework is evaluated using comparative time-series data for SARS-CoV-2 and seasonal influenza A within the geographically and demographically consistent setting of Rhode Island. Despite their different biological and immunological regimes, the analyzed trajectories exhibit a common reduced asymptotic scaling form. The results support the use of a macroscopic, scale-reduced representation for cross-calibration of heterogeneous surveillance signals and analytical assessment of healthcare-system demand. Further validation across pathogens, populations, and open-system settings is required.  HighlightsO_LIEpidemic waves are modeled analytically as macroscopic transport processes in non-linear media. C_LIO_LIThe vulnerable population is redefined as a dynamic, re-initialized effective susceptible pool. C_LIO_LIMass immunization acts as a synchronized control operator suppressing the epidemic peak. C_LIO_LIA strict mass-balance deconvolution filter removes post-symptomatic shedding noise. C_LIO_LIPeak hospital capacity thresholds are predicted using an analytically tractable closed-form method. C_LI"
2026-09-22,39,10.64898/2026.09.16.26363217,0,"public and global health","UNIVERSAL EPIDEMIC SCALING: INFLUENZA AND COVID-19","Below, D.; Mairanowski, F.","Conventional compartmental models may become difficult to parameterize over multi-wave epidemic horizons when susceptibility and transmission conditions change between successive epidemic regimes. This study introduces a reduced macroscopic framework that changes the scale of epidemic description from individual-level transmission structure to effective population-level dynamics. Epidemic waves are formulated as transport processes governed by deterministic boundaries, mass balance, and a small set of effective macroscopic parameters. The susceptible population is represented by a dynamic Effective Susceptible Pool that can be re-initialized at transitions between biologically distinct epidemic regimes, while transmission resistance and external control measures are incorporated at the macroscopic level. The resulting equations admit a dimensionless similarity representation and closed-form analytical solutions, enabling analytical estimation of epidemic trajectories and peak healthcare demand without computationally intensive numerical simulation. The framework is evaluated using comparative time-series data for SARS-CoV-2 and seasonal influenza A within the geographically and demographically consistent setting of Rhode Island. Despite their different biological and immunological regimes, the analyzed trajectories exhibit a common reduced asymptotic scaling form. The results support the use of a macroscopic, scale-reduced representation for cross-calibration of heterogeneous surveillance signals and analytical assessment of healthcare-system demand. Further validation across pathogens, populations, and open-system settings is required.  HighlightsO_LIEpidemic waves are modeled analytically as macroscopic transport processes in non-linear media. C_LIO_LIThe vulnerable population is redefined as a dynamic, re-initialized effective susceptible pool. C_LIO_LIMass immunization acts as a synchronized control operator suppressing the epidemic peak. C_LIO_LIA strict mass-balance deconvolution filter removes post-symptomatic shedding noise. C_LIO_LIPeak hospital capacity thresholds are predicted using an analytically tractable closed-form method. C_LI"
2026-09-22,39,10.1101/2022.12.21.22283632,0,"public and global health","Where Are Rabies Cases Lost Along the Surveillance Pathway? A Comparative Evaluation of Participatory and Passive Rabies Surveillance in Urban Lilongwe, Malawi","Mastala, P. I.; Kalonde, P. K.; Chiweta, E.; Razemba, T.; Nyamwanza, M.; Chimbalanga, G.; Phiri, K. M.; Lambulira, D.; Dzimbiri, P.; Kamanga, L.; Msowoya, M.; Tefera, M.; Kapalamula, T. F.","BackgroundRabies remains under-ascertained in many endemic settings, limiting effective surveillance and timely public health interventions, particularly in low-resource countries. Participatory surveillance has the potential to improve case detection, but evidence of its effect on surveillance attrition, case ascertainment, and public health decision-making remains limited. We evaluated a participatory rabies surveillance programme implemented in urban Lilongwe, Malawi, during a six-month pilot (January-June 2020).  MethodsProgramme records from the pilot were retrospectively analysed. Surveillance progression was tracked from reporting through traceability assessment, investigation, and final case classification. Case retention, case ascertainment, and diagnostic yield were compared between participatory and passive surveillance pathways. Historical rabies diagnostic records from corresponding January-June periods during 2015-2019 served as a comparator.  ResultsOf 610 suspected rabies reports, 371 (60.8%) were lost before traceability could be established, and a further 89 (14.6%) did not progress from traceability assessment to investigation and final classification. Overall, only 150 reports (24.6%) completed the surveillance pathway. Participatory surveillance retained all reports through classification compared with 104 of 564 (18.4%) passive reports (p < 0.001). Among classified events, confirmed or probable rabies accounted for 13 of 46 (28.3%) participatory reports compared with 7 of 104 (6.7%) passive reports (OR 5.39, 95% CI 1.82-17.39; p = 0.001). Participatory surveillance identified 13 of 20 (65.0%) confirmed or probable rabies cases, including all nine laboratory-confirmed cases detected during the study period. Compared with historical routine surveillance, participatory surveillance was associated with a 2.4-fold increase in laboratory-confirmed rabies detection and a 4.8-fold increase in overall case ascertainment. Among investigated bite exposures, 136 of 141 (96.5%) initiated post-exposure prophylaxis (PEP), although only 16 (11.8%) were linked to confirmed or probable rabies exposures.  ConclusionRabies cases were lost predominantly between initial reporting and traceability assessment, with further attrition before investigation and final classification. Participatory surveillance reduced surveillance losses, improved case ascertainment, and generated more timely animal health evidence to support One Health public health decision-making, including more appropriate PEP use."
2026-09-23,39,10.64898/2026.09.22.26363548,0,"allergy and immunology","Immunophenotyping of B- and T-cell alterations in patients with autoimmune premature ovarian insufficiency following rituximab treatment","Wangriatisak, K.; Hooijsma, A.; Amnehagen, K.; Faustini, F.; Guillen, M. A.; Bjornsdottir, S.; Bensing, S.; Kampe, O.; Hirschberg, A. L.; Gunnarsson, I.; Malmstrom, V.","BackgroundPremature ovarian insufficiency (POI) is a condition affecting female fertility e.g., in the context of autoimmune disease. A recent proof-of-concept study showed that B-cell depletion with rituximab (RTX) temporarily restored ovarian function in patients with autoimmune POI. However, the underlying immunological mechanisms behind this response is unknown.  ObjectivesTo characterize B- and T-cell phenotypes before and after RTX therapy in the above-mentioned patients and associations with autoantibody levels and treatment response.  MethodsCryopreserved cell samples were available from six autoimmune patients with POI, four of whom were positive for autoantibodies against steroidogenic enzymes (21OH, 17OH and/or SCC). Patients received RTX and blood samples were collected at baseline, second infusion (2 weeks), 3, 8 and 12 months. Peripheral B- and T-cell phenotypes were analysed using spectral flow cytometry and correlated with autoantibody levels.  ResultsAt baseline, patients displayed signs of B-cell activation by alteration in subset composition compared to matched controls. Upon closer analysis, patients positive for steroidogenic enzyme autoantibodies had significantly increased frequency of CXCR3+switched memory (SWM) B-cells than autoantibody-negative patients, which correlated positively with anti-17OH and-SCC autoantibody levels. In parallel, increased Th1 cell frequencies were also observed in the same patient group. Longitudinal analyses showed expected B-cell depletion followed by repopulation after RTX. Changes in T-cell subsets were observed at 8 months with reduced frequencies of Th1 and Tfh cells.  ConclusionAutoimmune POI displayed altered B- and T-cell subsets implicating cell crosstalk, immune cell infiltration to sites of inflammation such as ovaries, and presence of Th1-driven immunopathogenesis.  Key messagesO_LIIncreased CXCR3+SWM B cells and Th1 cells were found in patients with autoimmune POI who were positive for autoantibodies against steroidogenic enzymes. C_LIO_LICXCR3 expression on SWM B cells positively associated with anti-17OH and anti-SCC autoantibody levels. C_LIO_LIRTX induced rapid B-cell depletion followed by repopulation and a delayed T-cell effect at 8 months with reduced Th1 and Tfh cell frequencies. C_LI  Capsule summaryRTX has recently been shown to restore fertility in autoimmune POI. Lymphocyte profiling identified Th1 bias accompanied by CXCR3+memory B cells that correlate with autoantibody levels. B-cell depletion appears to temporarily alleviate ovarian autoimmunity and ameliorate physiological function."
2026-09-22,39,10.64898/2026.09.21.26363575,0,"allergy and immunology","Divergent Eosinophilic and Paradoxical Inflammatory Adverse-Event Signatures Across Five Type 2 Asthma Biologics: A FAERS Active-Comparator Disproportionality Analysis","Iancu, A. C.; Kobtan, M.; Soliman, N.; Abdellatif, S.","BackgroundFive biologics target sequential nodes of the type 2 (T2) inflammatory axis in severe asthma and have each been anecdotally linked to eosinophilic or paradoxical inflammatory adverse events. Whether these reflect a class effect or drug-specific signatures is untested.  MethodsWe performed a case-noncase disproportionality analysis of FAERS, 2022-2024. Asthma-indication reports naming tezepelumab, dupilumab, mepolizumab, benralizumab, or omalizumab as primary suspect were compared against the pooled other four (active-comparator design) across 7 pre-specified eosinophilic, vasculitic (including EGPA), cutaneous, and ocular outcomes. A signal was robust if the reporting odds ratio (ROR) 95% CI lower bound exceeded 1 and a Bayesian criterion was also met.  ResultsAmong 50,360 reports (dupilumab n=29,652; mepolizumab n=8,846; omalizumab n=5,484; benralizumab n=4,372; tezepelumab n=2,006), benralizumab showed robust signals for EGPA (ROR 5.06), vasculitis (ROR 4.60), and peripheral eosinophilia (ROR 1.80). Mepolizumab showed a robust vasculitis signal (ROR 1.85); its similarly sized EGPA association narrowly missed the robustness criterion despite significance after correction for multiple testing. Dupilumab showed no EGPA/vasculitis excess but a robust ocular-inflammation signal (ROR 7.81). Tezepelumab and omalizumab showed no robust signal in any domain. EGPA/vasculitis onset occurred earlier after dupilumab (median 20-44 days) than anti-IL-5-axis agents (median 195-550 days; p[&le;]0.012); mepolizumabs signal did not reproduce over the full 2015-2024 window (calendar-time confounding).  ConclusionFAERS active-comparator analysis reveals drug-specific, not class-uniform, adverse-event reporting patterns: anti-IL-5-axis agents disproportionately report EGPA/vasculitis, and dupilumab disproportionately reports ocular inflammation with markedly earlier onset. These hypothesis-generating signals cannot establish causality and require confirmation through case-level or comparative pharmacoepidemiological studies."
2026-09-22,39,10.64898/2026.09.20.26363488,0,"allergy and immunology","Multi-Ancestry Genome-wide Association Analyses Identify Shared and Specific Genetic Architecture in Mild and Moderate-to-Severe Asthma","Mendy, A.; Gautam, Y.; Rosen, B. H.; Castlen, J.; Fessler, M. B.; Zeldin, D. C.; Thorne, P. S.; Mersha, T. B.","BackgroundModerate-to-severe asthma affects 15-30% of asthma patients, but accounts for over 50% of healthcare costs and disproportionate morbidity. However, the genetic mechanisms underlying moderate-to-severe versus mild asthma remain poorly understood.  MethodsWe performed separate pooled multi-ancestry GWAS of mild (N = 14,372) and moderate-to-severe asthma (N = 7,096) versus non-asthma controls (N = 28,816) among adult participants in the NIH All of Us Research Program (version 8). European, African, and Latino/admixed ancestry-specific GWAS were combined using fixed-effect meta-analysis. Lung expression quantitative trait loci (eQTL) and pathway analyses were performed to identify candidate genes and biological pathways across asthma phenotypes.  ResultsMild and moderate-to-severe asthma shared susceptibility loci at IL1RL1, IKZF3, and the GTF3AP1-IL33, GTF3AP1-RANBP6, LINC02757-EMSY and HLA-DRB1-HLA-DQA1 regions. Shared lung eQTLs implicated IL18R1, IL18RAP, HLA genes, IL33, LRRC32, GRB7, MIEN1 and GSDMB. In contrast, the phenotypes exhibited distinct genetic architectures. Mild asthma was characterized by broader HLA class II signals and associations at SMAD3 and GSDMB, with enrichment of antigen presentation, T-helper cell differentiation, and TGF-{beta} regulation, consistent with adaptive immune mechanisms. Moderate-to-severe asthma was characterized by WDR36 and PTCH1, with lung eQTLs implicating TSLP, CAMK4, and FANCC. Pathway analysis identified enrichment of IL-13, IL-6, and IL-10 production, myeloid leukocyte differentiation, and oxidative stress responses, consistent with innate inflammation and pathways implicated in steroid resistance. The IL33 signals showed a severity-gradient effect, with stronger associations in moderate-to-severe asthma.  ConclusionMild and moderate-to-severe asthma exhibit shared and distinct genetic architectures that support existing biologic targets and suggest novel therapeutic candidates."
2026-09-23,39,10.64898/2026.09.21.26354812,0,"infectious diseases","Isolation and Evaluation of a Lytic Staphylophage Specific to Methicillin Resistant Staphylococcus Aureus from Postsurgical Wound Infections in Surgical Wards at Mzuzu Central Hospital, Malawi.","Mwangomba, E.; Kaseka, R.; Namalawe, D.; Banda, P. B.; Bandawe, G. P.","BackgroundMethicillin-resistant Staphylococcus aureus (MRSA) is one the most common cause of post-surgical infections in Malawi and poses a significant public health challenge due to resistance to commonly used antibiotics. We isolated and evaluated the stability and lytic activity of a MRSA-specific bacteriophage (Staphylophage) from Mzuzu Central hospital (MZCH) sewage against MRSA strains isolated from surgical wards.  MethodsA prospective in vitro experimental study was conducted using 56 pus swabs collected from post-surgical patients at Mzuzu Central Hospital (MZCH), Malawi. Standard microbiological methods and VITEK analysis were used for bacterial isolation, identification and antimicrobial susceptibility testing of Staphylococcus aureus and MRSA according to the 2024 EUCAST guidelines. A lytic Staphylophage was isolated and purified from sewage wastewater using filtration, enrichment, and double-layer agar techniques. The purified Staphylophage was evaluated for its lytic activity through host range testing and stability under ultraviolet (UV) exposure (up to 60 minutes), different pH levels (2-12), and temperatures (4{degrees}C, -20{degrees}C, and -80{degrees}C).  ResultsOut of 56 bacterial isolates, 18 (32.1%) were S. aureus, of which 11 (61.1%) were MRSA. The isolated Staphylophage showed lytic activity against 87% of Staphylococcus species tested. The phage remained stable at temperatures between -80{degrees}C and 4{degrees}C and across a pH range of 2- 12. It also retained viability after UV exposure for up to 15 minutes, although a reduction in phage titre was observed after 30 minutes.  ConclusionsA lytic Staphylophage isolated from hospital sewage at MZCH demonstrated activity against Staphylococcus species, including MRSA strains from post-surgical wound infections. These findings illustrate the feasibility of generating candidate phages for alternative therapeutic approaches in a central hospital setting in Malawi."
2026-09-23,39,10.64898/2026.09.01.26361863,0,"infectious diseases","Association of Pluslife MiniDock MTB time-to-positivity with tuberculosis bacterial load: a diagnostic study in Indonesia","Korompis, M.; Veeken, L. D.; Hartati, S.; Fatma, Z. H.; Chaidir, L.; Eristiana, N.; Setiabudiawan, T.; van Ingen, J.; van Crevel, R.; Hill, P. C.; Houben, R. M. G. J.; Alisjahbana, B.; Koesoemadinata, R. C.","ObjectivesThe near point-of-care (nPOC) Pluslife MiniDock MTB (MiniDock) assay does not report semiquantitative values. We evaluated whether categorized MiniDock time-to-positivity (TTP) serves as a quantitative proxy for Mycobacterium tuberculosis (Mtb) bacterial load.  MethodsPresumptive tuberculosis (TB) patients enrolled across 27 health facilities in Indonesia were tested with sputum GeneXpert MTB/RIF Ultra (Xpert), MiniDock sputum swabs, and tongue swabs. Positive results were categorized using a median split at 13 minutes ([&le;]13, 13-25, and 25 minute). MiniDock TTP categories were evaluated against Xpert semiquantitative grades and BACTEC MGIT 960 liquid culture TTP (days).  ResultsOf 2974 presumptive TB participants tested with sputum Xpert, 426 (14.3%) were sputum Xpert-positive. MiniDock detected Mtb in 248/299 (83.0%) sputum and 263/382 (68.8%) tongue swab. Among 248 Minidock sputum-positive results, 99 (39.9%) turned positive [&le;]13 minutes, 107 (43.1%) between 13 and 25 minutes, and 42 (16.9%) at 25 minutes. Minidock TTP categories correlated with sputum and tongue swab semiquantitative results as well as with culture time to positivity (p<0.001).  ConclusionsMiniDock TTP categories ([&le;]13, 13-25, 25 minutes) provide meaningful stratification which correlates with both Xpert semiquantitative and culture TTP. Time to Positivity from nPOC could thus serve as a proxy for bacterial burden and infectiousness, strongly increasing its utility for clinical care, public health and research."
2026-09-23,39,10.64898/2026.09.17.26363367,0,"infectious diseases","Community-based assessment of mpox seroprevalence and undocumented exposures in Manitoba and Alberta, Canada","Gork, E.; Hunter, M.; Battle, N.; Wilson, N.; Polege, S.; Robles, C.; Vincent, V.; Meyer, G.; Visnjevac, A.; Wallace, H. L.; Saxinger, L.; Bullard, J.; Halbrook, M.; Merritt, S.; Hoff, N. A.; Noyce, R. S.; Vinh, D. C.; Souleymanov, R.; Shaw, S.; Mbala-Kingebeni, P.; Rimoin, A. W.; Meier-Stephenson, V.; Kindrachuk, J.","During the 2022 global mpox outbreak, gay, bisexual and other men who have sex with men (gbMSM) were disproportionately affected,s however, the true number of cases is likely higher than reported due in part to the stigma associated with mpox. This stigma may have played an even more influential role on health-seeking behaviour in politically conservative regions, such as the Canadian Prairies. The shifting epidemiology may have also led to misdiagnoses during initial months of the outbreaks. Seroprevalence studies can help assess these gaps in surveillance and population-level immunity. To address this, we conducted a cross-sectional seroprevalence study among 275 individuals who identified as potentially eligible to receive the mpox vaccine in the Canadian provinces of Manitoba and Alberta from June 2024 to December 2025 based on provincial vaccination criteria. This eligibility included, but was not exclusively limited to, gbMSM, gender diverse individuals, and sex workers. Dried blood spots were analyzed using the Meso Scale Discovery Orthopoxvirus assay targeting five orthologous mpox and vaccinia virus antigens. In total, 14.5% of individuals self-reported receiving the mpox vaccine and of those without reported Orthopoxvirus vaccination, 5.9% were seroreactive to multiple mpox antigens. These results suggest the potential for undetected mpox circulation within Manitoba and Alberta. While primarily men who have sex with men were eligible for the mpox vaccine, an expansive range of gender and sexual orientation identities were classified as seroreactive, suggesting a misalignment between those who were seroreactive and vaccine eligibility criteria. This emphasizes how broader mpox vaccine eligibility, not restricted by specific gender and sexuality requirements, may better encompass those at risk of infection."
2026-09-23,39,10.64898/2026.08.19.26360845,0,"infectious diseases","Effects of oral hygiene and food intake on tongue swab testing for tuberculosis in South Africa","Luabeya, A.; Olson, A.; van As, D.; Hadley, K.; Wood, R. C.; Mabwe, S.; Petersen, C.; Yan, A. J.; Weigel, K.; Yager, P.; Hatherill, M.; Cangelosi, G.","The WHO has recommended tongue swabs (TS) as alternative samples for microbiological diagnosis of tuberculosis. We evaluated the effects of oral hygiene and food/drink intake on TS performance in South Africa. Food/drink intake prior to sampling marginally decreased Mycobacterium tuberculosis DNA signal strength, but neither behaviour decreased diagnostic sensitivity."
2026-09-23,39,10.64898/2026.09.18.26363393,0,"infectious diseases","Predicting parental Human papillomavirus vaccine hesitancy: development and internal validation of machine learning models","Alabi, I. O.; Bekalo, D. B.; Kartsonaki, C.; Agbor, V. N.","ObjectivesCervical cancer is Cameroons second most common cancer among women. However, high parental Human papillomavirus (HPV) vaccine hesitancy impedes elimination, and no validated predictive tool exists. This study aimed to develop and internally validate machine learning models predicting parental HPV vaccine hesitancy in the Buea Health District and identify key predictors.  MethodsThis secondary analysis used cross-sectional survey data from 1,156 parents of children aged 9-18 years. Hesitancy was derived from self-reported vaccination status and intention. Twenty-six predictor groups were screened via group LASSO (17 retained for logistic regression; all 26 for tree-based models). Data were split 80/20 into training (n=925) and test (n=231) sets. Logistic regression, random forest, and XGBoost were tuned via repeated cross-validation while thresholds were set by Youdens J statistic. Discrimination, calibration, and Brier score were assessed on the test set. Predictions were interpreted using SHAP.  ResultsAll models showed comparable discrimination (AUC-ROC 0.841-0.870). XGBoost had the highest AUC (0.870, vs 0.869 for logistic regression, DeLong p=0.965); logistic regression had the highest sensitivity (73.1%), F1-score (74.9%), and lowest Brier score (0.1435). Calibration slopes exceeded 1 (1.12-1.46) across models. Insufficient vaccine information, perceived vaccine unsafety, and distrust in the Ministry of Health were the dominant predictors.  DiscussionThe three models achieved comparable, clinically meaningful discrimination, and algorithmic complexity did not improve prediction over standard regression. Hesitancy was more strongly predicted by information access and institutional trust than sociodemographic disadvantage.  ConclusionThese findings support trust-building engagement over broad demographic campaigns.  What is already known on this topicParental HPV vaccine hesitancy is a major barrier to HPV vaccination, but predictive modelling evidence from sub-Saharan Africa is limited and no internally validated model for parental HPV vaccine hesitancy has been developed in the region.  What this study addsWe developed and internally validated logistic regression, random forest and XGBoost models for predicting parental HPV vaccine hesitancy, with all three showing comparable discrimination (AUC-ROC 0.841-0.870) and logistic regression achieving the lowest Brier score and highest sensitivity and F1-score. Insufficient vaccine information, perceived vaccine unsafety and distrust in the Ministry of Health were the dominant predictors across the models and interpretability analyses.  How this study might affect research, practice or policyThe findings support the development and external validation of simple, interpretable prediction tools to identify parents who may benefit from targeted, trust-building vaccine communication and community engagement to support HPV vaccination and cervical cancer prevention."
2026-09-23,39,10.64898/2026.09.17.26363347,0,"infectious diseases","Microbiome Profiling Reveals Prognostic Heterogeneity in Staphylococcus aureus Pneumonia","Kitsios, G. D.; Sy, M. A.; Bain, W. G.; Hensley, M.; Qin, S.; Wang, X.; Inman, K.; Dela Cruz, C.; Robinson, K.; Nouraie, S. M.; Shah, F. A.; Benos, P. V.; McVerry, B. J.; Morris, A.","BackgroundStaphylococcus aureus is a leading cause of severe pneumonia in mechanically ventilated patients. Clinical cultures identify pathogen presence but may not reflect lower respiratory tract microbial ecology. Whether culture-confirmed S. aureus pneumonia encompasses compositional heterogeneity with prognostic implications remains unknown.  MethodsWe performed 16S rRNA gene sequencing and shotgun nanopore metagenomics on endotracheal aspirate samples from mechanically ventilated patients with culture-confirmed S. aureus pneumonia in a prospective ICU registry. We quantified Staphylococcus abundance, assessed correlations with culture characteristics and host inflammatory biomarkers, and examined associations with 60-day mortality using Kaplan-Meier and Cox hazards analyses.  ResultsAmong 109 patients, semi-quantitative culture growth and methicillin resistance showed no associations with outcomes. 16S sequencing (n=54) revealed marked heterogeneity in Staphylococcus relative abundance (range 0-96.7%), with only 33% demonstrating dominance (>50%). Dominance was associated with worse 60-day survival (50% vs. 80%,p=0.013) and remained independently predictive after adjusting for age, sex, and methicillin resistance (adjusted HR 3.24 [95%CI 1.12-9.36],p=0.030). Patients with dominance exhibited elevated pentraxin-3 (p=0.01) and reduced fractalkine (p=0.02). Nanopore metagenomics (n=28) validated these findings, with high absolute S. aureus read counts independently predicting mortality (adjusted HR 11.23 [95%CI 2.25-55.9],p=0.003). In an exploratory analysis of virulence genes (n=19), staphylokinase detection was associated with the hyperinflammatory phenotype (p=0.003) and mortality (p=0.046).  ConclusionsMetagenomic profiling reveals clinically meaningful heterogeneity within culture-confirmed S. aureus pneumonia, masked by conventional diagnostics. Staphylococcus dominance identifies a high-risk phenotype with elevated bacterial burden, dysregulated host responses, and increased mortality, challenging the assumption that culture positivity represents a uniform clinical entity."
2026-09-23,39,10.64898/2026.09.17.26363305,0,"infectious diseases","PCR Detection and Species Identification of Leishmania in Microscopy-Negative Smears from Suspected Cutaneous Leishmaniasis in Iran","Chari, F. Y.; Fakhar, M.","BackgroundDirect microscopy remains a practical first-line test for cutaneous leishmaniasis (CL), but it can miss infections when parasite numbers are low or lesions are chronic. We evaluated whether PCR could detect and identify Leishmania in Giemsa-stained smears that had already been reported as microscopy-negative.  MethodsWe retrospectively analyzed 131 microscopy-negative smears from patients with clinically suspected CL who attended health-center laboratories in Gonbad-e-Qabus and Torbat-e-Jam, Iran, between March 2013 and February 2015. DNA was recovered from the stained slides by phenol-chloroform-isoamyl alcohol extraction. kDNA PCR was used for molecular detection and species identification.  ResultsLeishmania DNA was detected in 34 of 131 microscopy-negative samples (25.9%; exact 95% CI, 18.7%-34.3%). Twenty-three positive samples (67.6%) were identified as L. major and 11 (32.4%) as L. tropica. All L. major-positive samples came from Gonbad-e-Qabus, whereas all L. tropica-positive samples came from Torbat-e-Jam. Most PCR-positive lesions (27/34, 79.4%) were chronic, secondarily infected, and/or clinically atypical. In a small laboratory verification panel, all 10 microscopy-positive smears were PCR-positive and all 10 non-leishmanial dermatosis controls were PCR-negative.  ConclusionsAbout one in four clinically suspected cases with a negative smear still had detectable Leishmania DNA. PCR of previously stained slides can therefore provide useful second-line confirmation and species information, especially when lesions are chronic or atypical. The small control panel supports assay performance in the study laboratory but is not large enough to provide precise estimates of clinical sensitivity or specificity."
2026-09-23,39,10.64898/2026.09.14.26362515,0,"infectious diseases","Exploring the role of social networks in shaping STI disclosure among adolescents and young people using a health behavioral model in Lusaka, Zambia","Witola, G.; Inambwae, S.; Silumbwe, A.; Belemu, S.; Phiri, G.; Sigande, L.; Ayles, H.; Simwinga, M.; Hensen, B.; Phiri, M. M.","Disclosure of sexually transmitted infections (STIs) is a key strategy for STI prevention and control. However, for adolescents and young people (AYP) aged 15-24, disclosure remains a challenge, usually shaped by several dynamics that affect AYPs choice of whether to disclose or not, and to whom. This study sought to understand what influenced AYP decisions to disclose their STI status and to whom, using the Capability, Opportunity, and Motivation-Behavior (COM-B) model, in Lusaka, Zambia. This qualitative study, conducted from April-August 2024, included twenty in-depth interviews with AYP who participated in a cross-sectional STI prevalence survey, including those diagnosed with an STI, self-reporting STI symptoms, and reported ever being treated (regardless of symptoms). Additionally, five focus group discussions (FGDs) with AYP and another six FGDs with community members were conducted. Data were then analysed thematically using the COM-B model. The capability to disclose was influenced by AYPs limited knowledge about STIs. Physical opportunity to disclose was shaped by the availability and accessibility of youth-friendly Sexual and Reproductive Health (SRH) services, while community and self-stigma, and relationships and household dynamics also shaped AYPs social opportunities to disclose their STI status. Motivation to disclose was influenced by concern for ones overall health, individual values and beliefs, and the need to seek support when experiencing an STI. However, fear of negative reactions reduced AYPs motivation and willingness to disclose their STI status. AYPs decisions to disclose an STI diagnosis is shaped by a network of personal and social influences. Social support plays an important role in disclosure, with supportive social networks facilitating the process and thus encouraging individuals to seek treatment. STI interventions should not only focus on individuals but also on increasing STI awareness, reducing stigma, and leveraging existing social support within the broader community context."
2026-09-23,39,10.64898/2026.06.01.26354267,0,"infectious diseases","Safety, Feasibility, and Preliminary Clinical Findings of an Oral Polypore Fungi Combination with Mild-to-Moderate COVID-19: A Randomized, Placebo-Controlled Phase I Clinical Trial","Saxe, G.; Shubov, A.; Smith, C. N.; Golshan, S.; Shekhtman, T.; Wilson, S.; Slater, D.; Bair, Z. J.; Beathard, C.; Davis, R. A.; MacElhern, L.; Kao, L. K.; Senowitz, P.; Gosnell, N.; Buchholz, D.; Aguilar-Carreno, H.","BackgroundUse of fungal mycelia, which have innate immunity-enhancing and antiviral properties, constitutes a novel early-wave, low-cost, at-home strategy in the early critical months of an outbreak when treatments or mass medical countermeasures are not yet available and the public health recommendations advise quarantining at home.  MethodsWe evaluated safety and feasibility of a fungal mycelial combination (Fomitopsis officinalis and Trametes versicolor, FoTv) for treatment of COVID-19 and explored its antiviral effects and potential to reduce symptoms. In a randomized, double-blind, placebo-controlled (26 FoTv, 24 Placebo), dual site (UCSD/UCLA medical centers) clinical trial conducted under an active FDA Investigational New Drug (IND) application, we examined non-hospitalized patients diagnosed with mild-to-moderate COVID-19 [&le;] 96 hours, and experienced symptom onset [&le;] nine days, before enrollment.  ResultsFoTv was safe, well-tolerated, and feasible for COVID-19 treatment. Mean values for renal, hepatic, and coagulation markers for both the FoTv and Placebo groups remained within normal levels. Unlike the Placebo, the FoTv group exhibited a minor reduction in estimated glomerular filtration rate across the treatment period, but both groups were equally likely to transition from normal to abnormal levels across the treatment period. Treatment adherence was high (97% FoTv, 95% Placebo) and dropout was low (0% FoTv, 4% Placebo). Exploratory analyses indicated that FoTv significantly reduced the number and severity of symptoms, particularly sore throat/cough, as well as the COVID-19 biomarker, C-reactive protein. A complementary in vitro study indicated that FoTv reduced SARS-CoV-2 (pseudovirus) cellular infection.  ConclusionsFoTv was safe, feasible, reduced viral cellular infection, and may reduce symptoms of COVID-19 associated with viral transmission. In our recent companion clinical trial, examining FoTv as a COVID vaccine adjunct, we observed a significant reduction in short-term vaccine side effects while preserving--and potentially increasing--long-term anti-SARS-CoV-2 antibody levels over six months (Saxe et al., 2026, BMC Immunology). Taken together, these studies elucidate a blueprint for a novel two-phase public health pandemic intervention. This blueprint involves use of a botanical immunomodulatory product, during the early critical months of an outbreak and, once vaccines become available, to improve their uptake and effectiveness.  Trial RegistrationClinicaltrials.gov registration:NCT04667247."
2026-09-22,39,10.64898/2026.02.01.26345288,0,"infectious diseases","No evidence for a classic transmission-duration tradeoff in human malaria infections","Greischar, M. A.; Childs, L. M.","Classic theory posits that pathogenic organisms are subject to a tradeoff between the rate and duration of transmission imposed by within-host ecology, an assumption that underpins much evolutionary theory. Here we test for a transmission-duration tradeoff using historical malaria infection data from an era prior to widespread use of antibiotics when humans were deliberately infected with malaria parasites as treatment for neurosyphilis (malariatherapy). Time series follow individual human infections until recovery or treatment with antimalarial drugs due to acute need (a proxy for virulence) and include data on the abundance of specialized transmission stages that govern parasite fitness. We fit a model to estimate initial parasite multiplication rates (PMRs) and find that initial PMRs exhibit strain-specific differences required for evolution by natural selection. However, faster PMRs extend time until recovery and enhance parasite fitness without a consistent cost of increased virulence, challenging the generality of a transmission-duration tradeoff."
2026-09-22,39,10.64898/2026.09.21.26363550,0,"infectious diseases","Cysteine supplementation reverses immune dysfunction in cancer patients with severe COVID-19","Merlinsky, T.; Rahman, J.; Johnson, W. T.; McGary, L.; Grassmann, S.; Zhang, J.; Abdulraouf, A.; Kalvin, H. L.; Panageas, K.; Nicodemus, J.; Cathcart, E.; Lin, Y.-H.; Hosszu, K. K.; Berisa, M.; Lyudovyk, O.; Salles, G.; Boelens, J. J.; Babady, N. E.; Cao, J.; Wolchok, J. D.; Sun, J. C.; Heath, J.; Greenbaum, B.; Vardhana, S.","Severe COVID-19 infection in patients with cancer is characterized by a unique pattern of immunologic dysfunction including muted adaptive immune responses. The molecular drivers of immune dysfunction in cancer patients with severe COVID-19 remain unclear, and therapeutic strategies to overcome immune dysfunction in this setting have not been identified.  We performed integrated proteomic and metabolomic profiling of matched cohorts of cancer and non-cancer patients with or without COVID-19 and identified dysfunctional cysteine metabolism as uniquely associated with severe COVID-19 in cancer patients. Treatment of patients with cancer and steroid-refractory COVID-19 with N-acetylcysteine in a prospective clinical trial (NCT04374461) improved clinical outcomes compared with disease severity-matched hospitalized patients during the period immediately preceding clinical trial initiation. N-AC treatment reduced circulating markers of innate inflammation, decreased severe disease-associated MHC-II low monocytes, and increased circulating CD8+ T cell abundance, activation, and effector differentiation. Mechanistically, N-AC reduced prostaglandin E2-driven interactions between suppressive monocytes and T cells, which we confirmed was sufficient to limit T cell expansion and effector differentiation in a dose- and avidity-dependent fashion. Moreover, N-AC reduced the activity of inhibitory, redox sensitive transcription factors such as KLF6, enabling clonal expansion and effector T cell differentiation. We confirmed these observations in two murine models of severe respiratory viral infection, in which N-AC treatment significantly enhanced lung-infiltrating CD8+ T cell abundance. These findings establish cysteine supplementation as a viable therapeutic strategy to reverse redox-driven immune dysregulation in severe respiratory viral infection, particularly in the high-risk cancer population.  One Sentence SummaryMerlinsky et al show that cysteine supplementation can therapeutically reverse immune dysregulation in cancer patients with severe COVID-19 infection."
2026-09-22,39,10.64898/2026.09.16.26363194,0,"infectious diseases","Immunogenicity and vaccine effectiveness of COVID-19 vaccines in people on immunosuppressive therapies","Stadler, E.; Khan, S. R.; Elias, K. M.; Egilmezer, E.; Phetsouphanh, C.; Hastak, P.; Hewavisenti, R. V.; Joshi, R. V.; Turner, T.; Cromer, D.; Sasson, S. C.; Davenport, M. P.; Khoury, D. S.","Neutralizing antibodies are a correlate of protection (CoP) of SARS-CoV-2 vaccine efficacy. However, data informing CoPs often explicitly exclude people on immunosuppressive therapies who are at an increased risk of symptomatic and severe COVID-19, delayed viral clearance, and death. Investigating the relationship between antibodies and protection for people on immunosuppressive therapies could provide insights into mechanisms of protection.  We performed a systematic search to identify studies reporting SARS-CoV-2 binding antibody levels after mRNA vaccination in people with hematological malignancies, neurological disorders, rheumatic diseases, and mixed immune-mediated inflammatory disorders (IMIDs) on immunosuppressive therapies including B-cell depletion, JAK inhibitors, and S1P inhibitors, as well as healthy controls. Binding antibody levels varied between cohorts receiving different immunosuppressive treatments. Compared to healthy controls the lowest antibody levels were observed in subjects treated with B-cell depletion (54.5-fold reduction, 95% CI: 34.5-86.2) and S1P inhibitors (24.8-fold reduction, 95% CI: 13.2-46.7).  To assess the association between antibody level and protection, we used data from a previous study of COVID-19 vaccine effectiveness in people with the same underlying conditions. We linked vaccine effectiveness estimates with the predicted antibody level in people on immunosuppressive therapies (using antibody data including this meta-analysis of binding antibody levels). Predicted neutralizing antibody levels were correlated with vaccine effectiveness both for infection and hospitalization (p<0.0001 and p<0.0001, respectively). However, we found that for any given antibody level, people who are immunosuppressed had lower protection against infection and hospitalization than a healthy population."
2026-09-22,39,10.64898/2026.09.15.26363106,0,"infectious diseases","A Framework for Analytical Validation of Genomic DNA-Based Shotgun Metagenomic Next-Generation Sequencing Workflows","Foo, K.; Toh, K. Y.; Lim, L.; Toh, T. S.; Saravanan, N.; Chan, M. K. L.; Lim, J.","ABSTRACTO_ST_ABSBackgroundC_ST_ABSMetagenomic next-generation sequencing (mNGS) is increasingly adopted as a rapid and unbiased alternative to culture-based pathogen detection. However, standardized approaches for analytical validation of mNGS workflows are lacking. Validation strategies based solely on comparison with culture are inherently limited due to low diagnostic yield of culture, and the inability to derive analytical parameters such as limit of detection (LoD) from clinical samples with unknown microbial loads. Systematic analytical approaches are therefore required to define mNGS workflow performance independently of clinical comparators. In addition to diagnostics, mNGS is widely applied to microbiome profiling, where preservation of microbial diversity at low DNA inputs is a key performance criterion.  Materials and MethodsThe analytical performance of the PaRTI-Seq mNGS workflow (Micronbrane, Taiwan), comprising host depletion, DNA extraction, library preparation, and bioinformatics analysis, was evaluated. Library-level ana0lytical sensitivity was assessed using quantified genomic DNA (gDNA) from Enterobacter hormaechei, Candida albicans, and Mycobacterium smegmatis. Workflow-level sensitivity was evaluated using enumerated suspensions of E. hormaechei, Staphylococcus aureus, M. smegmatis, Candida albicans and Aspergillus brasiliensis. Microbiome performance at low DNA input was evaluated using stool, saliva and gut mock community samples at 50ng, 5ng, and 0.5ng gDNA input and compared with an alternative low-input library preparation workflow.  ResultsThe library preparation module demonstrated analytical sensitivity down to 0.1 pg of E. hormaechei and C. albicans gDNA, and 1pg for M. smegmatis gDNA. Workflow-level LoDs were determined to be 1 CFU for E. hormaechei, 272 CFUs for S. aureus, 39 CFUs for A. brasiliensis, 36 CFUs for C. albicans and 3,702 CFUs for M. smegmatis. Differences in extraction efficiencies and extracted gDNA qualities appeared to be important determinants of workflow-level LoDs. For microbiome applications, Micronbranes Unison Ultra-low DNA input library preparation kit maintained more consistent bacterial diversity indices down to 5ng DNA input for stool and saliva samples, and the gut mock community than the comparator workflow.  ConclusionThis study outlines practical and generalizable analytical validation approaches for mNGS library preparation and complete workflows using defined spike-in models, providing a foundation for informed clinical interpretation and implementation of mNGS in diagnostic and microbiome applications."
2026-09-22,39,10.64898/2026.09.20.26363520,0,"infectious diseases","Penicillin-clavulanate susceptibility in clinical methicillin-resistant Staphylococcus aureus bloodstream infection strains from the CAMERA2 trial","Petersiel, N.; Duarte-Aguilera, M.; Daniel, D.; Hayes, A. S.; Davis, J. S.; Howden, B. P.; Giulieri, S. G.; Tong, S.; The Combination Antibiotics for Methicillin-Resistant Staphylococcus aureus (CAMERA2) Study Group,  ","ObjectivesAmong clinical methicillin-resistant Staphylococcus aureus (MRSA) bloodstream infection (BSI) strains, we sought to determine the prevalence of {beta}-lactam-{beta}-lactamase inhibitor (BLBLI) susceptibility, and its association with oxacillin susceptibility, genotypic factors, and patient characteristics.  MethodsClinical MRSA BSI strains were tested for susceptibility to penicillin-clavulanate by Etest (n=117, 36% of the dataset) and to oxacillin by disk diffusion assay (n=328, 100%). Penicillin-clavulanate susceptibility was defined as MIC[&le;] 2mg/L and oxacillin disk susceptibility as an inhibition zone >6mm. All strains were whole-genome sequenced, and alleles of mecA annotated. The sensitivity and specificity of the oxacillin disk to predict penicillin-clavulanate  susceptibility were assessed. Clinical and genomic associations with BLBLI  susceptibility were assessed by calculating odds-ratios (OR).  ResultsWe found 73/117 (62%) and 205/328 (62%) strains to be  susceptible to penicillin-clavulanate and oxacillin disk, respectively. Oxacillin disk susceptibility and penicillin-clavulanate susceptibility were highly correlated (sensitivity 97.3% and specificity 95.5%). We therefore used oxacillin disk susceptibility as a proxy for penicillin-clavulanate susceptibility. Comparative genomics of the mecA gene uncovered 8 alleles. The oxacillin disk  susceptible phenotype was associated with specific mecA alleles, community-associated MRSA sequence-types (OR 72.8, 95%CI 35.4-162), community acquisition of infection (OR 2.09, 95% CI 1.03-4.27), lower Charlson Comorbidity Index (OR 0.90, 95% CI 0.82-0.98) and SOFA (sequential organ failure assessment) scores at presentation (OR 0.88, 95% CI 0.79-0.98).  ConclusionBLBLI  susceptibility is common among MRSA strains and is strongly associated with the strain genotype. Infections caused by BLBLI  susceptible strains are associated with specific patients characteristics, namely younger age, fewer comorbidities, acquisition in the community and milder presentations.  SummaryIn an analysis of the CAMERA2 MRSA strains, {beta}-lactam-{beta}-lactamase inhibitors  susceptibility was strongly associated with the strain genotype and with specific patients characteristics, namely younger age, fewer comorbidities, acquisition in the community and milder presentations."
2026-09-22,39,10.64898/2026.09.13.26362951,0,"infectious diseases","Cost-Effectiveness of Sulbactam-durlobactam Compared with Colistin for Treating Carbapenem-Resistant Acinetobacter baumannii Infections in Critical Care Settings in the United States","Ologunowa, A. J.; Caffrey, A. R.; Cohen, S. A.; Kogut, S.","ObjectiveCarbapenem-resistant Acinetobacter baumannii (CRAB) infections present a significant public health challenge in the United States due to multidrug resistance, substantial added inpatient costs, and subsequently high mortality rates.  MethodA decision-analytic model was developed to evaluate the cost-effectiveness of sulbactam-durlobactam compared to colistin for treating CRAB infections, using data from the Acinetobacter Treatment Trial Against Colistin (ATTACK) trial, in which patients received either sulbactam-durlobactam or colistin alongside imipenem-cilastatin. The model incorporated survival rates, clinical outcomes (complete or incomplete cure), and the incidence and costs of acute kidney injury, which is more frequent in colistin-treated patients. Deterministic sensitivity analysis and two scenario analyses were performed.  ResultsThe base case analysis estimated an expected per-patient cost of $57,887 for sulbactam-durlobactam compared to $55,157 for colistin. Patients treated with sulbactam-durlobactam had higher survival than those treated with colistin (0.66 versus 0.46), corresponding to 0.19 additional life saved per patient. The incremental cost-effectiveness ratio (ICER) for sulbactam-durlobactam compared with colistin was $14,097 per additional life saved. The ICER was most sensitive to the proportion of survivors with incomplete clinical cure for both treatments, the costs of sulbactam-durlobactam and cefiderocol, and survival outcomes in patients treated with sulbactam-durlobactam. Scenario analyses showed that the cost-effectiveness of sulbactam-durlobactam was sensitive to clinical cure outcomes, with ICERs ranging from $69,758 per additional life saved to dominance favoring sulbactam-durlobactam under different assumptions.  ConclusionsAlthough treatment costs were higher, sulbactam-durlobactam has a favorable cost-effectiveness profile as compared with colistin when accounting for the costs of managing acute kidney injury."
2026-09-21,39,10.64898/2026.09.18.26363400,0,"infectious diseases","Promising prognostic factors in Cutaneous Leishmaniasis in regions of Leishmaniavirus 1 circulation","Ferreira da Silva-Junior, C.; dos Reis, S.; Santos, R. B.; de Souza Rodrigues, M. M.; Villalobos Salcedo, J. M.; Ferreira, G. E. M.; Cantanhede, L. M.; Cupolillo, E.","BackgroundCutaneous leishmaniasis (CL) caused by Leishmania (Viannia) may involve parasite dissemination from the primary skin lesion to clinically healthy mucosal sites, a process potentially relevant to the development of mucosal leishmaniasis. Parasite burden and Leishmania RNA Virus 1 (LRV1) have been proposed as factors influencing parasite persistence, dissemination, and treatment response. We investigated whether parasite load and LRV1 detection in skin lesions were associated with Leishmania in clinically healthy nasal mucosa and, in a subset of patients, with therapeutic outcome. We also assessed the relationship between LRV1 and parasite load.  Methodology/Principal findingsWe conducted a prospective observational cohort study. Parasite load and LRV1 were assessed by qPCR in skin lesions and clinically healthy nasal mucosa from patients with localized cutaneous leishmaniasis in Rondonia, Brazilian Amazon. Samples were evaluated before treatment (D0), at the end of treatment (D20), and during follow-up (D90-180). Among 178 patients screened, CL was confirmed in 113. LRV1 was detected in skin lesions in 34.51% of patients and in nasal mucosa in 24.13%. Leishmania DNA was detected in clinically healthy nasal mucosa in 12.38% of patients. LRV1 detection in the skin lesion was associated with detection of Leishmania in the nasal mucosa. Higher parasite loads were observed in more recent lesions. Among patients evaluated for therapeutic outcome, higher parasite load before treatment was associated with treatment failure and was the factor most strongly associated with an unfavorable response in multivariate analysis.  Conclusions/SignificanceLRV1 detection in cutaneous lesions was associated with Leishmania in clinically healthy nasal mucosa, although the significance of this association and its relationship with parasite dissemination require further investigation. In contrast, parasite burden was associated with therapeutic outcome, with higher pre-treatment loads observed in patients who experienced treatment failure. The absence of an association between LRV1 and parasite load suggests that these two parameters may provide distinct information regarding parasite detection at mucosal sites and therapeutic response.  Author SummaryCutaneous leishmaniasis is a neglected tropical disease that mainly causes skin lesions but, in some patients, parasites may also be found at distant sites, including the nasal mucosa, even when there are no signs of mucosal disease. Understanding the factors associated with this process and with treatment response may help identify patients who require closer follow-up. We investigated whether the amount of parasites in skin lesions and the presence of Leishmania RNA Virus 1, a virus that naturally infects some Leishmania parasites, were associated with parasite detection in clinically healthy nasal mucosa and with treatment outcome in patients from the Brazilian Amazon. We found that the presence of the virus in skin lesions was associated with Leishmania detection in clinically healthy nasal mucosa. In contrast, patients with higher amounts of parasites in their skin lesions before treatment were more likely to experience treatment failure. These findings suggest that the virus and parasite burden may provide different information about parasite presence at distant sites and treatment response."
2026-09-21,39,10.64898/2026.09.17.26363322,0,"infectious diseases","Geographic Distributions of Top Beef Salmonella Serovars in the U.S.","Katz, T. S.; Mortimer, T. D.; Siceloff, A. T.; Shariat, N. W.; Harhay, D. M.; Blackstock, J. M.; Wheeler, T. L.","We live in an era where advances in microbial detection, DNA sequencing technology, and the availability of big data have allowed inroads to the field of predictive microbiology. The tools presently in use, as well as those on the horizon, provide an opportunity to examine emerging infectious diseases in ways previously not possible. We analysed publicly available data to investigate where and why Salmonella is detected on raw beef products. In addition to analysing beef-related serovars across space and time, we utilised a machine-learning approach (Species Distribution Modelling) to identify areas and predictors of environmental suitability for the most frequent Salmonella serovars found in beef. Our results demonstrate that some serovars, such as Dublin, Montevideo, and Muenchen, exhibit strong regional prevalence while others, notably Anatum, are found broadly throughout the country. The Species Distribution Models show concurrence with these regional trends. Predictors that contributed 10% or more to multiple serovar models included ecoregions (7/15 serovars), avian flyways (8/15), the number of local cattle operations (3/15), and other environmental variables. Our work demonstrates that certain Salmonella serovars commonly associated with beef show regional trends that can be predicted."
2026-09-21,39,10.64898/2026.09.18.26363397,0,"infectious diseases","Evaluating prescriber preferences for the treatment of indeterminate Chagas disease (EPPIC study): an international survey","Ville-Benavides, R.; Forsyth, C.; Certo, M.; Gaspar, S. H.; Pinazo, M.-J.","BackgroundBenznidazole (BNZ) and nifurtimox (NFX) remain the only approved treatments for Trypanosoma cruzi infection, but both are associated with frequent adverse drug reactions (ADRs), long treatment duration, and limited accessibility, resulting in poor treatment adherence and premature discontinuation. Recent clinical trials have evaluated shorter and lower-dose regimens; however, the minimum level of efficacy considered acceptable by healthcare providers -in the context of improved safety and greater accessibility -has not been systematically investigated. This study aimed to identify prescriber-defined efficacy thresholds and the factors influencing prescribing preferences for new antiparasitic regimens for Chagas disease.  MethodsWe conducted an international, cross-sectional, web-based survey between June and August 2024 among healthcare providers, researchers, and public health practitioners with experience in Chagas disease from endemic and non-endemic countries. The survey assessed satisfaction with current antiparasitic drugs, perceived treatment disadvantages, and the willingness of practitioners to prescribe hypothetical new regimens with varying efficacy levels and additional clinical attributes.  ResultsThirty of 50 invited participants completed the survey (60% response rate); most were physicians or nurses (57%), and 76% had more than six years of experience managing Chagas disease. An efficacy threshold of 70% or above was associated with substantially higher prescribing willingness: 46.7% of respondents reported being likely or very likely to prescribe a regimen with 70-79% efficacy, compared with 20.0% for 60-69% and 6.7% for 50-59%. Willingness to prescribe regimens with moderate efficacy (60-69%) was increased when regimens offered prevention of mother-to-child transmission, reduced ADR frequency and severity, or the possibility of second-line use. Improved accessibility was an additional determinant for regimen in the lowest efficacy range. Respondents identified ADRs, long treatment duration, and limited drug availability as the main disadvantages of current therapies.  ConclusionsThis study provides preliminary, provider-level evidence that prescriber acceptance of new antiparasitic regimens for T. cruzi infection is shaped by the overall benefit-risk profile, not efficacy alone. A 70% efficacy threshold emerged as a critical inflection point for prescribing willingness, while prevention of mother-to-child transmission, improved tolerability, and greater accessibility were identified as key factors that could support the adoption of regimens with moderate efficacy. These findings may inform the design of future clinical trials and the development of treatment strategies aligned with real-world prescribing priorities.  Author summaryChagas disease affects an estimated 9-11 million people worldwide, yet treatment options remain limited to two approved drugs -benznidazole and nifurtimox -both of which are associated with frequent adverse effects and lengthy treatment courses that are difficult to complete. As new, potentially shorter and better-tolerated regimens are being developed, understanding what level of efficacy healthcare providers consider acceptable is essential for guiding future trial design and treatment development. We surveyed healthcare providers, researchers, and public health practitioners with experience in Chagas disease from both endemic and non-endemic countries. Our findings suggest that a 70% efficacy threshold is critical for prescriber acceptance, and that willingness to prescribe regimens with moderate efficacy can be meaningfully increased when such regimens offer prevention of mother-to-child transmission, reduced adverse effects, or improved accessibility. These insights can inform researchers designing future clinical trials and help align therapeutic strategies with the real-world needs of providers and patients living with Trypanosoma cruzi infection."
2026-09-21,39,10.64898/2026.09.16.26363189,0,"infectious diseases","Taxonomic identification and characterization of Leptospira from retrospective clinical samples in the Philippines","Realingo, A. M. L.; Manalo, J. I. G.; Dancel, L. L. M.; Alvarado-Dela Cruz, K.; Digman, A. N. A.; Roxas, C. B. A.; Argana, D. D.; Baterna, R. A.; Medina, E. J. G.; Nicolasora, A. D.; Dizon, T. J. R.; Polotan, F. G. M.; Larano, A. A. P.","Leptospirosis is a highly endemic neglected tropical disease in the Philippines, where conventional diagnostic methods such as the microscopic agglutination test (MAT) provide limited information on circulating Leptospira and are affected by serological cross-reactivity. This study evaluated the utility of shotgun metagenomic next-generation sequencing (mNGS) for pathogen detection and species-level characterization using 20 archived serum-derived total nucleic acid extracts collected from suspected leptospirosis cases. Samples were previously tested by quantitative real-time PCR (qPCR) and MAT, and sequenced using the Illumina MiSeq platform. Host-derived reads were removed using BWA and SAMtools prior to taxonomic profiling with KrakenUniq. Species-level Leptospira assignments were retained based on predefined KrakenUniq filtering criteria, including a minimum taxReads threshold and evidence of taxon-specific unique k-mers. Leptospira taxReads were detected in 58.8% (n=10/17) of qPCR-positive samples. Notably, mNGS detected pathogenic Leptospira in 60% (n=6/10) qPCR-positive but MAT-negative samples, demonstrating its potential to complement conventional serology for etiological characterization. MAT reactivity was predominantly against L. biflexa serovar Patoc (n=4/5), with one sample reacting to L. interrogans serovar Autumnalis in the MAT-positive samples. Meanwhile, mNGS identified a predominance of L. interrogans, with additional detection of L. borgpetersenii and L. kirschneri. The absence of detectable Leptospira in some qPCR-positive samples underscores the sensitivity limitations of mNGS in low-burden or archived samples. Overall, mNGS provided species-level information beyond conventional diagnostics and supports its potential application in Leptospira genomic surveillance in the Philippines.  IMPACT STATEMENTLeptospirosis remains an important public health concern in the Philippines, but genomic information on human Leptospira infections is limited. Shotgun metagenomic sequencing provided species-level information beyond routine qPCR and MAT. Leptospira interrogans predominated, alongside other pathogenic species. These findings establish an initial genomic baseline for Leptospira in Philippine clinical specimens and support future surveillance of strain and serovar diversity and transmission."
2026-09-21,39,10.64898/2026.09.15.26361876,0,"infectious diseases","Cost-Effectiveness of Ensitrelvir for COVID-19 Post-Exposure Prophylaxis Among High-Risk Household Contacts in Japan: A Model-Based Cost-Utility Analysis","Taniguchi, T.; Yahaba, M.; Yoshikawa, H.; Igari, H.; Sato, D.","BackgroundEnsitrelvir reduced symptomatic COVID-19 after household exposure in the SCORPIO-PEP trial, but its economic value as post-exposure prophylaxis is unknown.  ObjectiveTo estimate the cost-effectiveness of ensitrelvir post-exposure prophylaxis for high-risk household contacts in Japan.  MethodsWe developed a decision-analytic cost-utility model from the Japanese public healthcare payer perspective. Trial risks of symptomatic COVID-19 through day 10 were linked to Japanese evidence on hospitalization, mortality, costs, quality of life, and life expectancy. Because the trial observed no COVID-19-related hospitalization or death, downstream outcomes were modeled only through prevention of symptomatic disease. We performed deterministic, probabilistic, structural, subgroup, and threshold analyses.  ResultsEnsitrelvir increased costs by JPY 54,945 and gained 0.003267 QALYs per exposed contact, yielding an ICER of JPY 16.82 million/QALY. None of 10,000 simulations was cost-effective at JPY 5 million/QALY. Applying the overall-trial relative risk to the high-risk baseline yielded JPY 19.24 million/QALY. Restricting post-acute utility loss to 6 months, halving it, or excluding it yielded ICERs of JPY 23.62 million, JPY 26.76 million, and JPY 65.51 million/QALY, respectively. The drug acquisition-cost threshold was JPY 11,021 per course.  ConclusionsAt current Japanese costs, ensitrelvir post-exposure prophylaxis for high-risk household contacts was unlikely to be cost-effective at JPY 5 million/QALY. This conclusion remained unfavorable under conservative efficacy, post-acute utility, hospitalization-attribution, and mortality assumptions. Severe-outcome benefits remain model-based extrapolations rather than trial-observed effects.  Key Points for Decision MakersO_LIThe pivotal post-exposure prophylaxis trial showed a substantial reduction in symptomatic COVID-19, but no COVID-19-related hospitalization or death occurred; modeled severe-outcome benefits therefore depend on external Japanese evidence. C_LIO_LIAt current Japanese drug and delivery costs, the base-case ICER was JPY 16.82 million per QALY. The probability of cost-effectiveness was 0% at JPY 5 million per QALY and 2.28% at JPY 10 million per QALY. C_LIO_LIThe acquisition-cost threshold was approximately JPY 11,000 per course. Conservative efficacy and post-acute utility scenarios remained above JPY 19 million and JPY 23 million per QALY, respectively. C_LI"
2026-09-21,39,10.64898/2026.09.15.26362605,0,"infectious diseases","Time-resolved predictability of end-of-therapy outcome and relapse after cure in Phase 3 tuberculosis trials","Garger, D.; Burks, J. H.; Paton, N. I.; Sloan, D. J.; Maher-Edwards, G.; Theis, F.; Menden, M. P.; Casale, F. P.","Relapse after apparently successful tuberculosis (TB) therapy remains difficult to predict, and how relapse risk evolves throughout treatment remains unclear. Using harmonised clinical data from two Phase 3 trials (2,918 participants), we performed time-resolved prediction of end-of-therapy (EOT) outcomes and post-treatment relapse by training models using tabular data at monthly intervals from baseline to therapy end. Prediction of EOT outcomes improved after month 3 (ROC-AUC up to 0.84), driven by sputum-smear and solid culture. In contrast, relapse prediction among participants with favourable EOT outcomes and completed follow-up improved only modestly through month 3 (ROC-AUC 0.58-0.63) before declining, with age, sex, clinical symptoms and bacterial burden contributing most strongly to prediction. Models trained on large language model-derived embeddings, a more flexible representation of the same variables, matched tabular relapse models in performance throughout therapy, and outperformed tabular EOT outcome models at months 3 and 4 ({Delta}ROC-AUC: 0.12 and 0.14), with longitudinal modelling and sparse variable inclusion only improving relapse prediction at months 4-6 ({Delta}ROC-AUC: 0.09, 0.19 and 0.12), however with reduced interpretability. Models incorporating data after baseline provided incremental improvements in post-treatment relapse risk stratification compared with baseline cavitation and sputum smear alone (4-month relapse-free survival: 94.8%/78.5% for model-derived low/high risk groups, vs. 91.4%/82.9% for baseline easy-/hard-to-treat groups). Overall, these findings suggest that while routine clinical data collected after baseline can improve post-treatment risk stratification, it offers limited predictive value for relapse, underscoring the need for relapse-specific biomarkers."
2026-09-23,39,10.64898/2026.09.17.26363228,0,epidemiology,"Evidence for patterns of colonization risk in the nationwide hospitalized patient network in France","Bhuria, S.; Calmon, L.; Chaturvedi, M.; TEMIME, L.; Karch, A.; Donker, T.; Colizza, V.; Crepey, P.","Patient movement within and between hospitals creates a complex hospital network that facilitates the spread of antimicrobial-resistant bacteria and contributes to healthcare-associated infections. Yet most national-scale studies infer spread from aggregated hospital-to-hospital patient sharing, leaving patient-to-patient contact pathways and the role of routine patient mobility in shaping colonization risk poorly characterized. Using Frances 2023-2024 national hospital-discharge data, we reconstructed a temporal patient-based network of 10.4 million patients across 1,408 acute-care hospitals, comprising 326.6 million overnight ward co-location interactions. We simulated colonization over 365 days on the observed day-by-day temporal network using a stochastic susceptible-colonized-susceptible model, with a mean colonization duration of 180 days. We used national carbapenemase-producing Enterobacterales (CPE) surveillance data to calibrate differences in transmission risk across clinical settings. Across 2,000 simulations initiated on randomly selected dates in 2023, we calculated patient-level colonization probabilities and summarized risk across patients residential areas, wards, and hospitals. We further assessed hospital-level consistency between simulated risk and recorded CPE occurrence. Simulated risk was highly heterogeneous across patients and care settings. When mapped by place of residence, hospital-associated colonization risk showed strong spatial clustering in both urban and rural areas. Multivariable regression analyses identified patient- and hospital-level characteristics associated with heterogeneity in simulated colonization risk. Sensitivity analyses varying initial seeding and colonization duration showed that relative risk patterns remained highly stable. This nationwide framework shows how patient mobility and ward co-location patterns can reveal patterns of hospital-associated colonization risk and could support pathogen-specific surveillance and intervention evaluation.  Significance StatementAsymptomatic carriage allows antimicrobial-resistant bacteria to spread through healthcare systems while colonized patients may remain unrecognized in the absence of active screening. We reconstructed a nationwide, time-resolved network of ward co-location among hospitalized patients in France. We accounted for differences in transmission risk across clinical settings using national surveillance data on carbapenemase-producing Enterobacterales. Using a transmission model, we characterized colonization-risk patterns and identified patient- and hospital-level features associated with variation in risk. This framework offers health authorities a way to examine where patient movement and hospital care may contribute to concentrations of colonization risk, although pathogen- and context-specific adaptation and evaluation remain necessary to guide surveillance or interventions.  Author contributionsS.B., L.C., L.T., A.K., T.D., V.C., and P.C. designed research; S.B. and P.C. performed research; S.B. and P.C. analyzed data; S.B. and P.C. wrote the paper; all authors reviewed and edited the final manuscript."
2026-09-23,39,10.64898/2026.09.22.26363663,0,epidemiology,"Direct and indirect effects of COVID-19 on infant bronchiolitis: a population-wide registry study from Northern Italy","Nazzari, V.; Navarro Gallinad, A.; Ghirardi, L.; Gianbartolomei, C.; Paganoni, A. M.; Bardaji, A.; Zuccolo, L.","BackgroundCOVID-19 pandemic modified trends of infant bronchiolitis, leading cause of emergency room (ER) attendance in infants in high income countries, primarily due to Respiratory Syncytial Virus. Understanding recent pandemic-related epidemiological shifts could inform affordable prevention efforts to improve sustainability and coverage of prophylactic treatments beyond maternal vaccines and infant monoclonal antibodies.  MethodsWe estimated incidence rates (IR) of bronchiolitis ER presentations in 0-6month olds in 2012-2023 in a region-wide cohort of almost 1 million births using administrative health data from Lombardy, Italy. To assess potential contributors, we investigated direct and indirect COVID-19-related factors, including disease severity, shape of the epidemic peak, parental health seeking behaviour and vaccine coverage. We estimated COVID-19 maternal vaccination associations using mothers-infants data linkages and multivariable-adjusted logistic regression.  FindingsCompared to pre-pandemic levels, IRs doubled in 2021-2023 (from 2 to [&ge;] 4/100 person-time). The surge could not be explained by changes in infant age at ER visit, clinical severity or in the shape of the epidemic peak. Adjusted models showed little support for a role of infant routine or maternal COVID-19 vaccination on bronchiolitis episodes (respectively hazard ratio 1.09, 95%CI: 0.98-1.22 and odds ratio 0.91, 95%CI: 0.76-1.09).  InterpretationThe post-pandemic increase in infant bronchiolitis is likely driven by multiple epidemiological changes rather than a single factor. As maternal RSV vaccination and infant RSV monoclonal antibodies are introduced and scale up, identifying these mechanisms will be critical to maximise their public health impact, inform complementary prevention strategies, and improve preparedness for future RSV epidemics."
2026-09-23,39,10.64898/2026.09.18.26363378,0,epidemiology,"Prevalence of dementia among community-dwelling older adults in rural Uganda: findings from DEPEND Uganda (Dementia Epidemiology, unmet need and co-developing solutions in Uganda)","Prynn, J. E.; Alinaitwe, R.; Kimono, B.; Makanga, R.; Mubiru, M.; Nakasujja, N. E.; Peto, T.; Steves, C.; Okello, J. M.; Prince, M. J.","INTRODUCTIONThe number of people living with dementia in many African countries is anticipated to treble by 2050. However, data from Uganda are scarce, with no published prevalence studies using a comprehensive approach to dementia diagnosis.  We used methods developed by the 10/66 Dementia Research Group to estimate dementia prevalence in rural South-West Uganda, and its association with socio-demographics and functional status.  METHODSThe cross-sectional study was nested within the General Population Cohort. In Phase 1, all cohort participants aged 60+ underwent cognitive screening. In Phase 2, we invited all those with impaired cognition, 50% with mildly impaired cognition, and 15% with unimpaired cognition for assessment. We also assessed functional status using WHODAS-12, IDEA-IADL and reported care needs.  RESULTSOver 80% of eligible participants underwent screening, and of those sampled, over 90% were assessed. Dementia prevalence was 18.6%, and most cases were mild or very mild. Dementia was associated with increased age and lower educational attainment. People with dementia had lower performance at IADLs, but similar levels of disability and care needs.  DISCUSSIONDementia prevalence in Uganda is high, affecting nearly 1 in 5 people aged 60 and over. This is higher than most other estimates from the region, particularly others that have used two-phase approaches and clinical DSM diagnoses, which may under-estimate dementia prevalence due to attrition between study phases and cultural variations in reporting functional impairment by informants. Any planned health and social care services for older people should include support for people with dementia and their families."
2026-09-23,39,10.64898/2026.09.22.26363331,0,"infectious diseases","Worsening pre-existing health conditions in U.S. adults with Long COVID","Edwards, D. L.; Rollins, A. F.; Ford, N. D.; Pratt, C.; Bloodworth, R.; Pogreba-Brown, K.; Jones, R.; Sharma, V.; Reina Ortiz, M.; Saydah, S.; Track PCC Study Group,  ","PurposeLong COVID literature often describes new-onset symptoms or conditions following SARS-CoV-2 infection; however, Long COVID also encompasses the exacerbation of pre-existing conditions. We describe health conditions reportedly worsened by COVID-19 illness and associated concerns in U.S. adults.  MethodsWe collected longitudinal data from adults 18 years and older participating in the Track Post COVID-19 Conditions, an active Long COVID cohort surveillance project. Respondents completed surveys 3-, 6-, and 12- months after COVID-19 illness, beginning in July 2023. In each survey, respondents were asked whether they had any health conditions or concerns that were made worse by COVID-19. Those with an affirmative response were asked to specify the worsening condition(s) via free text. Some respondents used this free text to describe challenges or experiences related to their worsening conditions. This report categorizes and quantifies reported conditions and concerns by body system categories and qualitatively describes associated challenges and experiences using direct quotes from respondents free text responses.  ResultsAmong 2,227 adults, 263 (11.8%) respondents reported at least one worsening condition or concern following COVID-19 illness. Of these, nearly 32% reported a worsening respiratory condition or concern. Adults with worsening pre-existing conditions reported challenges accessing adequate care, completing daily activities, and managing their symptoms following COVID-19.  DiscussionWhile Long COVID literature often focuses on the development of new-onset long-term symptoms, more than 1 in 10 adults reported worsening of a pre-existing condition following COVID-19. Reported challenges with accessing care and daily activities highlight potential need for accommodations or support for adults with Long COVID."
2026-09-23,39,10.64898/2026.09.22.26363659,0,"infectious diseases","Whole genome sequencing reveals a decade of human adenovirus B114 circulation in England","McClure, P. J.; Muntean, M.; Cifelli, E.; Abiodun, O. J.; Lister, M.; Lambisia, A.; Quick, J.; Astbury, S.; Houldcroft, C. J.","BackgroundHuman Mastadenovirus B (HAdV-B) causes ocular and respiratory infections and is capable of causing outbreaks in healthcare settings. HAdV-B114, a recombinant genotype only formally recognised in 2023, has been reported predominantly from Germany, the USA, China and Japan; genomic data from UK clinical settings remain limited. This study analysed 68 HAdV-B whole genomes from ocular and respiratory-associated samples collected at a Nottingham hospital across the pre- and post-COVID-19 restriction periods (2017-2023).  MethodsClinical samples typed positive for HAdV-B by partial hexon Sanger sequencing were selected for whole-genome sequencing using a novel overlapping PCR amplicon strategy, sequenced on the Oxford Nanopore Technologies PromethION platform. Phylogenetic and pairwise difference analyses were used to characterise genotype composition and genomic relatedness. SimPlot and amino-acid comparison characterised divergence between sub-lineages.  ResultsWhole-genome phylogenetics confirmed that two species B genotypes were detected in Nottingham University Hospitals between 2017-23: HAdV-B114 (n=56) and HAdV-B7 (n=12). HAdV-B114 was detected before and after COVID-19 restrictions, with an increase in 2022-2023, consistent with post-restriction expansion of a pre-existing lineage. Pairwise difference analysis identified 24 genomically identical B114 sequences; associated metadata argued against a single nosocomial transmission chain interpretation, with the pattern more consistent with repeated detection of a widely circulating community strain, with the possibility of localised onward transmission. Within the B114 clade, multiple monophyletic groups were identified by whole-genome phylogenetics.  ConclusionsThis study adds whole-genome resolution to the existing UK HAdV-B114 data, demonstrates the utility of WGS for clinical adenovirus surveillance and shows the benefits of combining epidemiological data with genomic analysis."
2026-09-23,39,10.64898/2026.09.22.26363668,0,epidemiology,"Lung function variability and the burden of COPD and lung restriction in South Africa and Burkina Faso: results from the AWI-Gen study","Adonyo, E.; Chen, J.; John, C.; Packer, R.; Ramsay, M.; Batini, C.; Zyl-Smit, R. v.; Mer, M.; Boua, P. R.; Agongo, G.; Gomez-Olive, F. X.; Mashaba, R. G.; Tobin, M. D.; Guyatt, A. L.; Micklesfield, L.","BackgroundPopulation-based spirometry data from sub-Saharan Africa remain limited. We characterised lung function, chronic obstructive pulmonary disease (COPD), lung restriction and associated factors from two Sub-Saharan African countries.  MethodsWe performed spirometry using ndd Easy On-PC spirometers among adults aged [&ge;]40 years from population-based cohorts in four communities in Burkina Faso and South Africa from January 2019-April 2022. We included 1,619 participants (936 women, 683 men) with repeatable forced expiratory volume in one second (FEV1) and forced vital capacity (FVC). COPD was defined as FEV1/FVC<0.70 and lung restriction as FEV1/FVC[&ge;]0.70, with FVC<80% predicted. We used multivariable models to test factors associated with lung function measurements (FEV1, FVC and FEV1/FVC), COPD and lung restriction.  ResultsMedian FEV1 and FVC ranged from 1.940-2.273L and 2.521-2.883L, respectively. COPD prevalence was 16.1% (95% CI 14.4-18.0; site range 10.8%-24.5%) and lung restriction prevalence was 21.3% (95% CI 19.4-23.4; site range 11.3%-36.2%). Prior tuberculosis was associated with higher odds of COPD (OR 2.86, 95% CI 1.75-4.59) and lower FEV1, FVC and FEV1/FVC. HIV infection was associated with higher COPD odds (OR 1.67, 95% CI 1.01-2.72) and lower FEV1/FVC. Hypertension was associated with higher lung restriction odds (OR 1.46, 95% CI 1.07-2.00) and lower FEV1 and FVC. Diabetes was associated with lower COPD odds (OR 0.50, 95% CI 0.24-0.94), lower FVC and higher FEV1/FVC. Ever-smoking and older age were associated with higher COPD odds (OR 2.21, 95% CI 1.48-3.32; OR 1.05, 95% CI 1.03-1.07, respectively); older age was associated with higher lung restriction odds (OR 1.02, 95% CI 1.00-1.04).  ConclusionThis multisite study highlights substantial heterogeneity in COPD and lung restriction prevalence across African populations and identifies respiratory multimorbidity with infectious and cardiometabolic conditions. These findings provide population-based evidence to inform respiratory surveillance in sub-Saharan Africa."
2026-09-23,39,10.64898/2026.09.22.26363685,0,"public and global health","Age trajectories of infant mortality among Palestinian refugees born in 2010-2020: evidence from electronic health records","Koksal, S.; Chen, Y.; Jamaluddine, Z.; Akihiro, S.; Checchi, F.; Campbell, O.; Aburto, J. M.","ObjectivesTo estimate age trajectories of infant mortality among Palestinian refugees using electronic health records, addressing the scarcity of reliable mortality data in forced displacement settings.  SettingPalestinian refugees living in Gaza, West Bank, Jordan, Syria and Lebanon.  DesignWe fitted a Bayesian Negative Binomial model to observed death counts, using a flexible parametric function (a shifting power function) to capture the shape of the infant mortality curve, across strata to infer age trajectories of infant mortality.  ParticipantsPalestinian refugees born in 2010-2020 and registered with UNRWA health services in Gaza, West Bank, Jordan, Syria and Lebanon. The sample was stratified by sex, field, gestational age and birth cohort.  Main outcome measuresSurvival rate to age 1.  ResultsOverall, the survival rate to age 1 was 98.64%, with slightly lower rates for males (98.57%) than females (98.68%). Across settings, West Bank refugees had the lowest infant mortality (99.08% survival rate), and Jordan refugees had the highest (98.22% survival rate). Results by gestational age showed a 98.85% survival rate at age 1 among term births compared to a 73.32% survival rate among very preterm births. Survival rates by cohort (births up to 2015 or after) were 98.78% and 98.42%, respectively.  ConclusionOur findings highlight the potential of electronic health records for mortality monitoring in forced displacement settings as they reveal consistent mortality trajectories by sex and gestational age, while identifying meaningful variation across refugee settings and subgroups.  Summary boxesO_ST_ABSWhat is already known in this topicC_ST_ABSWe searched PubMed and Google Scholar for articles published between Jan 1, 2000, and Feb 20, 2026, in English, using the terms ""Palestinian refugees,"" ""infant mortality,"" ""neonatal mortality,"" and ""UNRWA."" We found a handful of studies estimating infant mortality among Palestinian refugees, mostly based on household surveys (eg, MICS, national statistical office surveys) or UNRWA surveys using preceding birth techniques. The preceding birth technique has notable limitations, including recall bias, small sample sizes, and selection bias. The majority of these studies focus exclusively on Palestinian refugees residing in Gaza. Estimates for Gaza suggest a sustained decline, from around 127 deaths per 1,000 births in 1960 to 20.2 per 1,000 births in 2006, with a slowdown thereafter and an increase in more recent years. A combined estimate (excluding Syria) across four settings where Palestinian refugees reside measures infant mortality at 18 per 1,000 births in 2011.  What this study addsThis study uses a unique data linkage bringing together UNRWAs obstetric and child health records, providing more extensive information and a larger sample size than previous studies. This is also the first study to assess the data quality of these electronic records and to estimate age trajectories of infant mortality among Palestinian refugees. We developed a statistical strategy that estimated infant mortality trajectories covering all five UNRWA fields (Gaza, Jordan, Lebanon, Syria, and the West Bank) for children born in 2010-2020, and examined differences across subpopulations by sex, field, gestational age and cohort."
2026-09-25,39,10.64898/2026.09.24.26363858,0,"infectious diseases","Toward personalized and longitudinal antibiograms--a proof-of-concept for in vivo assessments of immunological-antibiotic-bacterial interactions","Iandiorio, M. J.; Ioannidis, A.; Kempaiah, P.; Fasina, F. O.; Madaki, P. D.; Fazio, J. C.; Fasina, M. M.; Rojas Gil, A. P.; Chatzipanagiotou, S.; Gerotziafas, G.; Hoogesteijn, A. L.; Fair, J. M.; Rivas, A. L.","Introduction: In vivo, temporal, and personalized data on immunological-antibiotic interactions may provide richer, earlier information that improves infection treatment. To test this hypothesis, we applied a proof-of-concept approach to evaluate a non-reductionist methodology. Methods: A non-reductionist, data-driven, pattern recognition-based combinatorial method that captures relationships was evaluated with blood leukocyte data collected from 401 individuals from Greece [n=331] and the US [n=70] who experienced sepsis, pneumonia, endocarditis, tuberculosis, syphilis, skin and soft tissue, intra-abdominal, or urinary tract infections associated with meningitis. Results: While ambiguity was observed when variables were measured in isolation by a reductionist alternative, ambiguity was prevented and hidden information was uncovered when complex dynamics were assessed by the non-reductionist method. The combinatorial approach grouped together observations that displayed similar immune profiles, distinguished those with different mortality risks, identified antibiotics that modulated specific leukocytes, differentiated two types of non-responsiveness (associated or not associated with antibiotics), and facilitated earlier and personalized evaluation of therapies. For instance, in tuberculosis, blood monocytes were modulated by isoniazid-related antimicrobials. Discussion: Across numerous syndromes, the non-reductionist method extracted more information from the same data than the reductionist alternative. If corroborated, non-reductionist methodologies may promote research and support personalized medicine."
2026-09-25,39,10.64898/2026.09.22.26363724,0,"infectious diseases","Development and validation of a laboratory-developed test on Panther Fusion(R) system for detection of macrolide resistance in Bordetella pertussis","Sadeesh Kumar, L.; Sait, M.; Howden, B. P.; Sherry, N. L.","Macrolides remain the first-line antimicrobial treatment for pertussis, primarily caused by Bordetella pertussis. Emergence of macrolide-resistant B. pertussis in Australia and globally presents a growing concern for clinical management. As molecular diagnosis predominates for pertussis, limited numbers of cultures are available for antimicrobial susceptibility testing. The A2037G mutation in the 23S rRNA gene is most commonly associated with macrolide resistance in B. pertussis, yet no commercial molecular assay is available for its detection. In this study, we adapted and validated a previously published real-time PCR assay as a laboratory developed test (LDT) on the Panther Fusion(R) system using Open Access functionality to detect the macrolide resistance-associated mutation in B. pertussis from culture isolates and clinical specimens. Total turnaround time was ~2.5 h for the first result and 2-3 min for subsequent results in the same batch, with an estimated cost of AUD 18 per sample, excluding labour. A total of 30 samples were included in the validation panel to assess assay performance. All isolates and clinical specimens in the validation panel produced results concordant with the expected mutation status, demonstrating 100% accuracy, sensitivity and specificity. The assay demonstrated a limit of detection of 1.5 x 103 CFU/mL (22 CFU/reaction). This Panther Fusion(R) LDT provides a rapid and fully automated approach for molecular detection of the targeted mutation associated with macrolide resistance in B. pertussis. Its integration into routine molecular workflows as a reflex test following identification of B. pertussis may facilitate timely identification of resistant infections."
2026-09-25,39,10.64898/2026.09.22.26363745,0,epidemiology,"Individual-Level Double Burden of Malnutrition among Ethiopian Women: Prevalence, Machine-Learning Prediction and Explainability Using the 2024/25 Ethiopian Demographic and Health Survey","Gebiru, A. M.; Genet, G. B.; Ambelie, S. T.; Mihret, S. A.; Azene, D.; Zeleke, m. e.; Abereha, A. y.; Shibabaw, Y. Y.","ABSTRACT Background: The double burden of malnutrition, combining overweight or obesity with anemia is vital in nutritional transitions. Evidence regarding its national distribution and prediction using routine survey data in Ethiopia remains limited. Objective: To estimate the national prevalence of individual-level double burden of malnutrition among non-pregnant Ethiopian women aged 15-49 years and evaluate machine-learning models using data from the 2024/25 Ethiopian Demographic and Health Survey. Methods: we analyzed 14250 non-pregnant women. Double burden of malnutrition was defined as a body mass index equal to or greater than 25.0 kilograms per square meter with an altitude- and smoking-adjusted hemoglobin concentration below 12.0 grams per deciliter. Data were split into an 80% training set and a 20% holdout test set. Six algorithms were evaluated using cross-validation, while SHapley Additive exPlanations described feature contributions. Results: the weighted national double burden of malnutrition prevalence was 8.4% (95% confidence interval 7.9%-8.9%), higher in urban residents (20.0% versus 4.0%) and the richest wealth quintile (26.7% versus 2.7%). Extreme Gradient Boosting achieved an area under the receiver operating characteristic curve of 0.892 (95% confidence interval 0.875-0.909) and an area under the precision-recall curve of 0.764 outperforming logistic regression (area under the receiver operating characteristic curve of 0.781). Extreme Gradient Boosting sensitivity was 82.1%, specificity was 81.4% and the Brier score was 0.068. Household wealth, residence and respondent age were top predictors. Conclusions; the double burden of malnutrition affected one in twelve non-pregnant Ethiopian women unevenly across groups. Routine characteristics effectively discriminated double burden of malnutrition cases though external validation is needed prior to clinical use."
2026-09-25,39,10.64898/2026.09.22.26363747,0,"public and global health","Epidemiological patterns and factors associated with mortality among diphtheria cases in Kano State, Nigeria (2022-2025): A retrospective cohort study","Wekunda, P. W.; Ogunbode, O.; Okunromade, O.","Introduction: Nigeria continues to report one of the highest burdens of diphtheria globally, with Kano State accounting for a disproportionate share of cases and deaths. Understanding epidemiological patterns and mortality determinants is essential for guiding targeted interventions. Objectives: To describe the distribution of diphtheria cases in Kano State by socio-demographic and clinical characteristics, Local Government Area, and month of reporting, and identify independent predictors of mortality. Methods: We conducted a retrospective cohort study of 21,369 patients with clinically compatible and laboratory-confirmed diphtheria using secondary data from medical records (2022-2025). Descriptive statistics summarized patient characteristics and disease distribution. Associations with mortality were assessed using chi-square or Fishers exact tests. Multivariable logistic regression identified predictors of mortality, reported as adjusted odds ratios (aORs) and 95% confidence intervals (CIs). Results: Of 21,369 patients, 13,557 (63%) were female, with a median age of 11 years (IQR: 7-13.6). Children aged 5-9 years accounted for 29% of cases. Prior contact with a case was reported in 2,633 (12%) patients, while 168 (1%) were laboratory-confirmed. Overall, 13,468 (63%) patients were unvaccinated and 5,381 (25%) fully vaccinated; Diphtheria antitoxin DAT was administered to 2,035 (10%). Cases occurred in all local government areas (LGAs), with four accounting for 60% of cases. Transmission occurred year-round, peaking in March 2024 and August 2023 and 2025. Overall, 1,131 deaths occurred (CFR: 5.3%). Compared with patients aged [&ge;]20 years, younger age groups had higher odds of mortality: 0-4 years (aOR = 26.74, 95% CI: 17.64-42.72), 5-9 years (aOR = 19.77, 95% CI: 13.17-31.33), 10-14 years (aOR = 8.21, 95% CI: 5.41-13.13), and 15-19 years (aOR = 2.46, 95% CI: 1.45-4.26). Prior contact with a case was associated with lower odds of mortality (aOR = 0.42, 95% CI: 0.30-0.55), whereas laboratory confirmation (aOR = 2.33, 95% CI: 1.48-3.56) and DAT receipt (aOR = 2.55, 95% CI: 2.19-2.96) were associated with higher odds. Prior vaccination was associated with lower odds of mortality among fully vaccinated (aOR = 0.52, 95% CI: 0.44-0.61) and partially vaccinated patients (aOR = 0.61, 95% CI: 0.47-0.80). Conclusions and recommendations: During the study period, diphtheria was more common among younger children, females, and the unvaccinated. Although concentrated in a few LGAs, transmission was widespread and varied seasonally. Mortality was associated with younger age, laboratory-confirmed infection, and use of diphtheria antitoxin, whereas vaccination and prior contact were protective. Reducing the burden requires sustained efforts to strengthen routine immunization, implement targeted vaccination campaigns, ensure early detection and prompt treatment, and improve contact tracing and case management."
2026-09-25,39,10.64898/2026.09.24.26363829,0,"public and global health","Alternative PFAS Are Associated with Ovarian Cancer-Related Lipidomic Remodeling and Cross-Matrix Metabolic Signatures","Liu, H.; Ni, J.; Gao, N.; Zhang, C.; Li, X.; Jiang, N.; Wang, S.; Chen, X.","Per- and polyfluoroalkyl substances (PFAS) are persistent environmental contaminants with the potential to disrupt metabolic processes and contribute to carcinogenesis; however, molecular evidence linking alternative and emerging PFAS to ovarian cancer (OC) remains limited. We conducted a biomarker-based case-control study integrating exposureomics with multi-omics profiling. Plasma samples from 128 patients with OC and 128 controls were analyzed for 26 PFAS, untargeted metabolomics, lipidomics, and clinical phenotypes, while urine samples from an additional 100 patients and 100 controls underwent untargeted metabolomic and clinical profiling. Single-compound, burden-based, and mixture models were integrated with PFAS-omics association scans, cross-matrix metabolite prioritization, observational exposure-omics-clinical association-chain analyses, and repeated internal cross-validation. Higher PFAS burdens were consistently associated with OC case status, and DONA, GenX, PFNA, PFPeS, PFUdA, and PFTrDA constituted an OC-prioritized six-PFAS mixture. DONA and GenX exhibited the broadest lipid-related bridging signals, particularly across phospholipids, lysophospholipids, sphingolipids, neutral lipids, and acylcarnitines. Integrated plasma and urine analyses further identified five shared metabolites-elaidic acid, hippuric acid, betaine, corticosterone, and taurocholic acid-that provided incremental and complementary discrimination beyond reference models based on clinical variables and tumor markers in internal cross-validation. Collectively, these findings demonstrate that both alternative and emerging PFAS are associated with a distinct OC-related molecular phenotype involving coordinated lipidomic, metabolomic, and hematologic alterations, while highlighting DONA and GenX as the most prominent exposure-related signals."
2026-09-25,39,10.64898/2026.09.23.26363804,0,nephrology,"Spatially resolved transcriptomics of glomerular diseases","Shin, T.; Weissbach, S.; Capodieci, P.; Henry-George, J.; Opitz, C.; Barbieri, S.; Wang, X.; Meliambro, K.; McConnell, M.; Dubost, V.; Olson, E.; Wild, S.; Wu, J.; Perner, J.; Tortelli, F.; Loureiro, J.; Cravedi, P.","Understanding the shared and disease-specific mechanisms that drive glomerular injury remains a major unmet need for developing more precise and effective treatments for glomerular diseases. Here, we integrate histology-guided spatial transcriptomics with trajectory inference and cell-state deconvolution to resolve glomerular injury across Membranous Nephropathy, Focal Segmental Glomerulosclerosis, and Lupus Nephritis. Herein, we show that glomerular diseases arising from distinct initiating mechanisms converge on common pathways during progressive loss of kidney function. We used spatial transcriptomics to analyze kidney biopsies from 59 individuals with glomerular diseases and controls and identified 792 glomeruli, including structurally injured glomeruli missed by transcriptomic clustering alone. Glomeruli shared interferon- and complement- associated inflammatory programs together with suppression of oxidative and lipid metabolic pathways, while retaining disease-preferential transcriptional features. Increased pseudotime correlated with lower estimated glomerular filtration rate, and cell- state deconvolution linked progression to podocyte loss and cellular remodeling. Parallel analysis of passive Heymann nephritis, a rat model of membranous nephropathy, recapitulated complement activation and localized complement activity to multiple renal cell populations extending into the periglomerular niche. These findings define a spatially resolved, cross-disease continuum of glomerular injury and identify coordinated local complement activation as a convergent feature of progressive glomerular damage."
2026-09-25,39,10.1101/2025.10.26.25338756,0,"public and global health","Feasibility of a Community Health Worker-delivered Tobacco Cessation Intervention During Pregnancy: Protocol for the Smoke-Free HOPE Pilot Randomized Controlled Trial","Petersen, A. B.; Rosas, B.; Belliard, J. C.; Tsoh, J.; Oshiro, B.; Yao, R.; Singh, P. N.","Background: In the US, maternal tobacco use is more prevalent in pregnant individuals reporting less than a high school education, low income, rural residence, no private insurance coverage, a mental health diagnosis, and/or race/ethnicity as being American Indian/Alaska Native, Black/African American, or White. Prior evaluation of a large state-funded multi-component maternal smoking cessation program in San Bernardino County demonstrated strong short-term abstinence but substantial dropout and relapse, highlighting the need for alternative delivery models. Objective: To address these challenges, the Smoke-Free HOusehold and ParEnt (Smoke-Free HOPE) protocol was developed to deliver tobacco cessation support through community health worker (CHW) visits. This study protocol describes a pilot randomized controlled trial designed to evaluate the feasibility and acceptability of Smoke-Free HOPE, a CHW-delivered tobacco cessation intervention tailored for pregnant individuals. Methods: This protocol uses a sequential mixed-methods design under a Capability, Opportunity, Motivation-Behavior (COM-B) framework. The study includes (a) a stakeholder analysis for intervention design, and (b) a two-arm pilot feasibility randomized controlled trial enrolling 30 pregnant individuals who want to quit habitual use of tobacco products. The stakeholder analysis will be conducted through a Community Advisory Board. Participants will be randomized to one of two CHW-led models that deliver home or telehealth visits: (a) CHW-Brief Advice (CHW-BA) delivers a maternal smoking cessation curriculum (SCRIPT) adapted for CHWs and cessation of all tobacco products, and (b) CHW-Patient Navigation (CHW-PN) delivers patient navigation and ongoing support for enrollment and engagement using a CHW-curated list of community-based cessation programs. Primary outcomes will assess feasibility (recruitment, retention, and engagement) and acceptability (participant satisfaction, perceived support, and motivation to quit), alongside qualitative evaluation of participant, CHW, and provider experiences; workflow integration; and behavioral and contextual barriers and facilitators influencing implementation and engagement. Results: The study was funded by the Tobacco-Related Disease Research Program (TRDRP), administered by the University of California Office of the President. Participant recruitment occurred over an 18-month period between 2024 and 2026 and concluded in May 2026. Follow-up activities are nearing completion, while data management and preliminary analyses are underway. Study findings are expected to be submitted for publication in 2026. Conclusions: This protocol evaluates two CHW-delivered models for maternal tobacco cessation tailored to pregnancy. Intervention components were selected to address individual, social, and structural barriers to maternal tobacco cessation. Findings will inform refinement of intervention components, implementation strategies, and outcome selection for a future definitive trial. Trial registration: ClinicalTrials.gov NCT06438549 Key words: pilot feasibility trial; community health workers; tobacco cessation; pregnancy; prenatal care Protocol version: Version 2.0"
