Date,ISOWeek,DOI,Version,Category,Title,Authors,Abstract
2026-06-29,27,10.64898/2026.06.24.734375,1,genomics,"High-fidelity rare structural variant detection with HiFiRE3 reduced representation via restriction enzyme ends","Stewart, J. A.; Mishler, J.; Ahmed, S.; Schwer, B.; Glover, T. W.; Wilson, T. E.","High-fidelity detection of rare structural variants (SVs) remains challenging because library preparation and sequencing techniques generate artifactual junctions that obscure true single-molecule events. Here, we present HiFiRe3, an error-minimized sequencing framework that combines artifact-aware library design with error suppression and correction strategies to enable rare SV detection and frequency assessment across long and short-read sequencing platforms. We first systematically characterized major classes of SV artifacts, including chimeric PCR products, intermolecular ligation, sequencing platform-specific artifacts, and mapping errors. HiFiRe3 supports error correction of these artifact junctions by combining reduced representation restriction fragments with pre-ligation size selection to enable computational filtering via independent forced restriction enzyme end (FREE) and <1N size logics. In nanopore libraries, these approaches enabled targeted detection of single-molecule SVs at replication stress hotspots in cultured human cells exposed to genotoxicants and in long genes in untreated mouse brains, while markedly reducing singleton translocation artifacts. HiFiRe3 extends to PacBio sequencing for joint SV and SNV error correction and to short-read platforms for cost-efficient high-fidelity nonhomologous SV analysis. Together, HiFiRe3 is a flexible framework for accurately detecting rare genomic structural variation with broad applicability to targeted and genome-wide studies by selective application of its error correction approaches."
2026-06-29,27,10.64898/2026.06.09.731232,2,genomics,"Interspecies variation of 45S ribosomal DNA in vertebrates","Kang, L.; Formenti, G.; O'Connor, T.; Michalak, P.","Ribosomal DNA (rDNA) remains one of the least resolved components of complex genomes despite its central role in cellular function and evolutionary inference. Using chromosome-scale assemblies from the Vertebrate Genomes Project, we present a comparative analysis of the 45S rDNA locus across vertebrates. rDNA organization varies widely among clades, with lineage-specific differences in chromosomal distribution, copy number, and positional bias. Mammals and birds typically restrict rDNA to few, often terminal loci, whereas amphibians and several fish lineages exhibit highly dispersed architectures, including extreme cases spanning dozens of chromosomes. Copy number varies by more than an order of magnitude and does not scale simply with repeat-unit size or predicted functional demand, consistent with rDNA functioning as a flexible genomic reservoir rather than a direct proxy for ribosome production. At the sequence level, the 45S unit resolves into distinct evolutionary regimes. Genes encoding rRNAs (18S, 5.8S, 28S) remain highly conserved and retain strong phylogenetic signal, whereas internal transcribed spacers show rapid divergence, lineage-specific expansion, and pronounced asymmetry between intergenic spacers ITS1 and ITS2. Sequence-structure analyses reveal a gradient of constraint across the locus, from tightly coupled evolution in rRNA-encoding regions to increasingly permissive regimes in spacers. Structure-informed phylogenetic inference yields modest but consistent improvements under high divergence, highlighting its value when sequence signal degrades. Together, these results establish the 45S rDNA locus as a multi-layered evolutionary system integrating deep conservation with structural plasticity across vertebrates."
2026-06-29,27,10.1101/2025.09.23.676583,2,bioinformatics,"The structural context of mutations in proteins predicts their effect on antibiotic resistance","Green, A. G.; Tasmin, M.; Vargas, R.; Farhat, M. R.","In Mycobacterium tuberculosis, a prevalent and deadly pathogen, resistance to antibiotics evolves primarily through non-synonymous mutations in proteins. Sequence-based analyses are currently used to understand the genetic basis of antibiotic resistance, either via genotype-phenotype association, or via signals of convergent evolution. These methods focus on primary sequence and often neglect other biological signals such as protein structural information. We hypothesize that integrating the structural context of mutations improves the prediction of effects on function and phenotype. We curate high confidence structural annotations for the M. tuberculosis proteome from 1,371 crystallography and 2,316 AlphaFold predictions, and combine the structures with mutations from over 31,000 clinical M. tuberculosis isolates. We demonstrate that mutations in proteins known to cause resistance are clustered in 3D space, even in proteins where inactivating mutations at any position are thought to cause resistance. We develop a statistic to search the M. tuberculosis proteome for signal of clustered mutations, finding over 450 proteins that display this signal, many of which have a known relationship with antibiotic resistance. We show that a supervised classifier trained on 3D distance to known resistance sites alone has an F1 score of 94.6% at classifying mutations as resistance-conferring across proteins. This work demonstrates that protein structure provides useful information for categorizing which variants may cause antibiotic resistance, even when the majority of structures are AI-predicted."
2026-06-29,27,10.64898/2026.06.11.731513,2,biochemistry,"Digging deeper into the immunopeptidome with TripleToolWF","Mayer, R. L.; Mechtler, K.","While the field of immunopeptidomics has matured substantially over the last years, high input amounts of cellular or tissue material are still required to obtain a somewhat complete profile of the immunopeptidome. Here we present a simple platform termed TripleToolWF (derived from Triple Tool workflow) to increase the number of identified and quantified immunopeptides combining the outputs of three search engines such as PEAKS Online 12, Sequest HT with INFERYS rescoring and MSFragger. For assessing the false discovery rate (FDR) an entrapment approach is used. The platform improved peptide identifications by 6-14% and peptide quantitations by 11-25% compared to the best individual search engine for two independent, previously published, bacterial infection datasets. Peptides were mostly 9-12mers as expected and >90% of the obtained 9mers were predicted binders by the stringent majority voting approach of Immunolyser 2.0 which indicates high confidence of the identified immunopeptides. The FDR was monitored using dedicated entrapment searches against shuffled databases. The resulting entrapment FDR was assessed before and after result pooling and showed only a minor increase upon pooling compared to the worst individual search engine. It remained even below the target of 1% peptide FDR in 40% of the experiments. Compared to the original publications, the number of high confidence bacterial immunopeptides was drastically elevated by 53% and 2800% for the Listeria monocytogenes and Mycobacterium bovis BCG projects, respectively, when applying strict filters. Of these additional bacterial sequences, >92% of the 9mer sequences were predicted as binders by at least one of the prediction algorithms of Immunolyser 2.0 illustrating their actual HLA binding nature. TripleToolWF hence provides a simple tool to further increase the number of obtained sequences from MS-based immunopeptidomics experiments to facilitate a deeper view of the immunopeptidome for refined vaccine candidate prioritization."
2026-06-29,27,10.1101/2025.11.03.686231,3,bioinformatics,"Svirlpool: structural variant detection from long read sequencing by local assembly","May, V.; Hartmann, T.; Beule, D.; Holtgrewe, M.","MotivationLong-Read Sequencing (LRS), and Oxford Nanopore Technologies (ONT) in particular, has greatly improved the detection of structural genome variants (SVs). Fast alignment-based ONT callers achieve strong benchmark performance, but they necessarily reduce the read sequence to alignment-derived signals when deciding whether variants are shared across samples. This can be limiting for cohort and clinical analyses, especially for insertions and repeat regions where sequence representation matters. We present Svirlpool, a multi-sample SV caller for ONT data that builds local consensus assemblies of candidate SV regions and retains the assembled sequence up to the final joint-calling step, where merging tolerances are scaled by a reference-independent noise estimate derived from the reads.  ResultsWe validated Svirlpool on two ONT family datasets: the recent high-quality HG002 Ashkenazi trio and the older Platinum Pedigree family, using the Genome in a Bottle and T2TQ100 benchmarks on the GRCh38, GRCh37, and CHM13v2 references and the Mendelian consistency of native multi-sample calls. We compare against current native joint callers and post-hoc merging workflows. Svirlpool produces highly Mendelian-consistent insertion calls in trio analyses (95.2% on GRCh38 and 95.1% on CHM13v2 at 30x), and on CHM13v2 it reaches the highest insertion and deletion consistency among all tested approaches. Sawfish and Sniffles achieve the highest SV benchmark F1 scores on recent high-quality ONT data, whereas Svirlpool enters the competition with more conservative SV calls. Svirlpool features native, sequence-aware joint calling with retained local consensus sequences and shows a very high Mendelian consistency with sequencing data from different batches and chemistries, which is a common situation in clinical application. Availability and Implementation: Source code, container images, and documentation available at https://github.com/bihealth/svirlpool.  Contactvinzenz.may@bih-charite.de"
2026-06-29,27,10.1101/2025.10.17.683150,3,bioinformatics,"NPTX2-Centered Cognitive Resilience Mechanisms in the Context of AD Pathology","Lao, Y.; Xiao, M.-F.; Ji, S.; Piras, I. S.; Kim, K.; Bonfitto, A.; Song, S.; Aldabergenova, A.; Sloan, J.; Trejo, A.; Geula, C.; Na, C.-H.; Rogalski, E. J.; Kawas, C. H.; Corrada, M. M.; Serrano, G. E.; Beach, T. G.; Troncoso, J. C.; Huentelman, M. J.; Barnes, C. A.; Worley, P. F.; Colantuoni, C.","BackgroundCognitive resilience to Alzheimers disease (AD) pathology is associated with preserved expression of NPTX2, an activity-regulated synaptic protein involved in circuit plasticity, excitation-inhibition balance, and complement-linked synapse regulation. However, the broader molecular programs coordinated with NPTX2 in resilient individuals remain unclear.  MethodsWe analyzed postmortem middle temporal gyrus tissue using targeted PRM-MS proteomics in 135 individuals and bulk RNA-seq in an expanded 575-sample cohort. NPTX2-associated molecular coordination was assessed within cognitively normal low-pathology controls (CN-Lo), cognitively normal high-pathology controls (CN-Hi), mild cognitive impairment (MCI), and AD. Correlation-based approaches were applied using NPTX2 protein and NPTX2 mRNA expression as anchors to define resilience mechanisms in CN-Hi subjects.  ResultsNPTX2 protein abundance was preserved across all controls regardless of age and pathology but reduced in MCI and AD. NPTX2 mRNA expression was also invariant across pathology within controls and reduced in MCI and AD but decreased markedly with age. Targeted proteomics identified NPTX2 relationships with synaptic and inhibitory-circuit proteins that were preserved across control groups, alongside CN-Hi-specific recruitment of trafficking, lysosomal, metabolic, and proteostasis-associated proteins. Transcriptome-wide correlations with NPTX2 revealed differences in gene co-expression between groups, identifying a prominent activity-dependent program including BDNF, VGF, SCG2, SST, SERTM1, DUSP4, and EGR4, that was preserved in both CN-Lo and CN-Hi subjects, while genes recruited to the NPTX2 network specifically in CN-Hi implicated immune, neuroprotective, translation, and proteostasis-related pathways. Coupling differential gene expression analysis with co-expression, we further identified five candidate resilience genes whose expression and NPTX correlation was preserved across controls, but lost in MCI and AD: SST, MAL2, TAC1, SERTM1, and RFK. Expression of genes in distinct NPTX2 co-expression classes can be freely explored in our bulk RNA-seq data and other public AD transcriptomic datasets at NeMO Analytics.  ConclusionFindings suggest that cognitive resilience in the context of AD neuropathology engages a coordinated molecular state distinct from both persevered cognition without pathology and MCI/AD, which is organized around preserved and selectively remodeled NPTX2-associations. Rather than reflecting broad transcript abundance changes, resilience was characterized by maintained synaptic and inhibitory programs, and adaptive proteostasis and trafficking pathways that distinguish resilient high-pathology individuals from low-pathology controls or symptomatic AD."
2026-06-29,27,10.64898/2026.06.26.734730,1,biochemistry,"Lipid-Coated Water-in-Oil Droplets as a Passivation-Free Platform for Cost-Effective Fluorescence Spectroscopy","Trowbridge, J. W.; Lakic, A.; Brodbeck, A.; Cox, D.; Mason, A. F.; McAlary, L.","Fluorescence correlation spectroscopy (FCS) provides valuable information about molecular dynamics, however, experimental setup typically requires labour-intensive passivation to prevent non-specific binding of molecules to sample containers. Furthermore, precious samples can be wasted by having to use relatively high sample volumes in existing sample containers. We overcome these major issues using a simple method of sample encapsulation into  water-in-oil droplets, using purified proteins and cell lysates as proof-of-concept. FCS of fluorescently labelled protein samples in the nanomolar (nM) range confirmed that water-in-oil droplets yield more accurate measurements than conventional open-chamber methods. We first optimized the droplet composition to prevent protein coating at the water-oil interface using pegylated-lipids. We then utilized FCS to accurately measure protein concentrations and diffusion speeds in nanolitre volumes. Additionally, we used fluorescence cross-correlation spectroscopy (FCCS) to measure enzymatic cleavage of substrate inside our droplet system, demonstrating the capacity of this platform to measure biological processes at the nanoscale. Overall, conducting FCS in droplets offers a cost-effective, robust, and accessible alternative for measuring molecular dynamics, with promising potential for high-throughput and resource-limited applications.  TOC Image + Text  O_FIG O_LINKSMALLFIG WIDTH=200 HEIGHT=37 SRC=""FIGDIR/small/734730v1_ufig1.gif"" ALT=""Figure 1""> View larger version (25K): org.highwire.dtl.DTLVardef@fca50dorg.highwire.dtl.DTLVardef@b80e87org.highwire.dtl.DTLVardef@1c1da0eorg.highwire.dtl.DTLVardef@1d2cf0f_HPS_FORMAT_FIGEXP  M_FIG C_FIG Conventional single-molecule fluorescence requires slow, expensive glass passivation procedures to prevent proteins adsorbing to surfaces. By encapsulating proteins in lipid-coated nanolitre water droplets, the passivation requirement is removed, enabling accurate measurement of protein dynamics in low nanolitre volumes. Water-in-oil droplets thus provide a passivation-free platform for fluorescence correlation spectroscopy."
2026-06-29,27,10.64898/2026.06.26.734876,1,biochemistry,"Genetic Code Expansion for Site-Specific Encoding of a Switchable, Intrinsic Fluorophore-Quencher Pair to Monitor Protein Dynamics","Giri, P.; Yarra, V.; Mathis, M.; Hurley, C.; Jones, C.; Eteme, O. N.; Hostetler, Z.; Cooley, R. B.; Kohli, R.; Mehl, R.; Petersson, E. J.","Precisely modifying proteins at multiple sites in their native, folded structures offers unique opportunities to answer molecular and cellular-level biological questions. Here, we present a genetic code expansion strategy for site-specific integration of a fluorophore-quencher pair comprising two non-canonical amino acids--acridonylalanine (Acd) and methyltetrazinyl phenylalanine (Tet) -- into a protein expressed in E. coli. The Acd and Tet pair requires no post-translational labeling, and quenching can be switched off by biorthogonal or photochemical reactions of Tet for convenient internal control experiments. Mechanistic studies based on Stern-Volmer quenching, fluorescence lifetime measurements, and ""proline ruler"" peptides established the distance dependence of quenching. As proof-of-concept, we applied this strategy to study: 1) calmodulin, a calcium-sensing protein, 2) RecA, a DNA damage sensor in bacteria, and 3) LexA, a transcriptional repressor whose activation by RecA governs acquired antibiotic resistance in bacteria. Using these proteins, we demonstrate that dual Acd/Tet labeling provides molecular-level insights into protein dynamics, enables high-throughput drug screening, and advances tools for studying protein structure-function relationships."
2026-06-29,27,10.64898/2026.06.24.734161,1,genomics,"A Draft Male Genome Assembly of the Slipper Lobster (Thenus australiensis) Reveals an XY System and a Validated Diagnostic Marker for Monosex Aquaculture.","Tran Nguyen, A. H.; Ha, G.-H.; Tran, D.-P.; Le, N. T.; Glendining, S.; Fitzgibbon, Q.; Herzig, V.; Luu, P.-L.; Ventura, T.","The slipper lobster (Thenus australiensis) is rapidly emerging as a high-potential species for commercial aquaculture. Because females exhibit superior growth characteristics due to less frequent moulting after sexual maturity, developing monosex breeding strategies is highly desirable for industry profitability. However, the lack of genomic resources and early sex-identification tools has hindered this development. Here, we report the first draft male genome assembly for T. australiensis, generated using a combination of whole-genome shotgun sequencing, DArT-seq, and multi-tissue transcriptomics. The curated assembly spans 0.913 Gbp with high functional completeness (93.0% BUSCO), providing a robust repertoire of 30,100 protein-coding genes. Through k-mer subtraction and population-level DArT-seq genotyping, we provide definitive evidence that T. australiensis utilizes an XX/XY sex-determination system. Crucially, by identifying male-specific structural variations within a neo-Y locus, we developed a diagnostic PCR assay targeting a male-exclusive sequence. This 171 bp marker achieved 100% accuracy in phenotypic sex identification across wild-caught populations. Ultimately, these foundational genomic resources, combined with a highly reliable molecular sexing tool, provide the critical framework necessary for early sex sorting, broodstock management, and the commercial advancement of monosex slipper lobster farming.  HighlightsO_LIFirst draft genome of slipper lobster (0.913 Gbp) assembled. C_LIO_LIMulti-omics approach confirms an XX/XY sex-determination system. C_LIO_LIDeveloped a 171 bp diagnostic PCR sex marker with 100% accuracy. C_LIO_LIFacilitates early sex sorting for profitable monosex aquaculture. C_LI"
2026-06-29,27,10.64898/2026.06.24.734199,1,bioinformatics,"Single-cell transcriptomics reveals chondrocyte state transitions and ECM remodeling in osteoarthritic knee cartilage","Bo, Z.; Xu, H.; Liang, Y.","BackgroundOsteoarthritis cartilage contains heterogeneous chondrocyte states, but molecular programs linked to state transitions within human cartilage remain incompletely resolved using public single-cell data.  MethodsA retrospective reanalysis was conducted of a public human knee cartilage single-cell RNA sequencing dataset (GSE255460) including 8 osteoarthritis donors and 3 non-osteoarthritis donors (19 samples). Cells underwent sample-wise quality control and doublet removal, followed by batch-corrected clustering, chondrocyte subclustering with marker-based annotation, and trajectory inference using Slingshot. Regulatory chondrocytes were prioritized for osteoarthritis versus control differential expression, with downstream Gene Ontology/KEGG enrichment (Benjamini-Hochberg false discovery rate <0.05) and protein-protein interaction network hub screening.  ResultsAfter quality control, 27,036 cells were retained. Chondrocytes formed multiple transcriptional states with branching-like continuous relationships, and regulatory chondrocytes localized near the main manifold and adjacent to multiple inferred branches, consistent with a transition-adjacent state. In regulatory chondrocytes, osteoarthritis versus control differential expression was enriched for collagen-containing extracellular matrix and extracellular matrix organization, endoplasmic reticulum lumen-associated secretory/proteostasis processes, cell-matrix adhesion (including focal adhesion), and transforming growth factor beta/SMAD-related signaling. Protein-protein interaction analysis of regulatory-chondrocyte differential genes identified five high-connectivity hub genes: COL5A1, COL5A2, COL6A1, COL1A2, and COL3A1.  ConclusionThis public-dataset reanalysis supports a transition-adjacent regulatory chondrocyte program in osteoarthritis characterized by coordinated extracellular matrix remodeling with concurrent secretory/proteostasis and adhesion-transforming growth factor beta signatures, nominating collagen-network hubs as candidates for downstream validation."
2026-06-29,27,10.64898/2026.06.24.734195,1,biophysics,"Collinearity of Decomposed Energy Terms in MM-GBSA Binding Free Energy Calculations","Sevim, A.; Kocak, A.","The molecular mechanics-generalized Born surface area method (MM-GBSA) is one of the most commonly used end state approaches used for the calculation of the binding free energy towards computational drug design and screening studies. It is customary to break up the free energy into van der Waals, electrostatic, polar solvation (GB), and nonpolar solvation (SA) terms and then either correlate these terms with experiment or assign physical meaning to each term. Here, we demonstrate that this assumption of independent fitting coefficients for decomposed energy terms could be invalid. Through analytic derivation and large-scale molecular dynamics simulations, we show that (i) the protein-ligand Coulomb interaction energy and the GB solvation correction are almost perfectly collinear (R2[&ge;]0.99) reflecting their designed role as vacuum electrostatics plus solvent screening, and (ii) the van der Waals interaction and SA term likewise exhibit strong correlation, as both depend primarily on buried surface area. Interaction entropy and C2 entropy corrections are also found to be strongly dependent on underlying electrostatic fluctuations, further reinforcing redundancy. These findings hold both at the level of instantaneous trajectory fluctuations and when averaged across a diverse set of 139 protein-protein complexes and persist in both single-trajectory and three-trajectory MM-GBSA protocols. Our results caution against using decomposed MM-GBSA terms as independent predictors in regression models and suggest instead combining correlated terms into effective polar, nonpolar, and entropic contributions. Our study provides a systematic diagnosis of collinearity in MM-GBSA and highlights pathways toward more interpretable and statistically robust predictive modeling."
2026-06-29,27,10.64898/2026.06.26.734736,1,microbiology,"Functional export of NDM-7 to outer membrane vesicles in Klebsiella pneumoniae compromises imipenem and cefiderocol activity","Gonzalez, A. M.; Quiroz, V.; Soto, K.; Schuh, C. M. A. P.; Diaz, L.; Arias, C. A.; Vila, A. J.; Munita, J. M.; Lopez, C.","The carbapenemases KPC and NDM are the most widespread determinants of carbapenem resistance in Klebsiella pneumoniae. Whereas KPC is a soluble periplasmic serine-{beta}-lactamase, NDM is a membrane-anchored metallo-{beta}-lactamase (MBL), a feature that promotes its incorporation into outer membrane vesicles (OMVs). OMVs are naturally released nanoparticles that deliver diverse bioactive cargo, including enzymes, virulence factors, and signaling molecules, and may contribute to antibiotic resistance. Here, we investigated the export and activity of carbapenemases in OMVs produced by carbapenem-resistant Klebsiella pneumoniae clinical isolates expressing NDM-7, an emerging variant, or KPC-2, as well as in isogenic laboratory-derived K. pneumoniae strains producing NDM-1, NDM-7 or KPC-2. NDM enzymes were detected in vesicles released by NDM-producing strains, whereas KPC-2 remained confined to the cellular fraction and was not observed in OMVs. OMVs contained catalytically active NDM enzyme and conferred protection to susceptible K. pneumoniae against imipenem. Importantly, NDM-positive OMVs also partially restored bacterial growth in the presence of cefiderocol, a siderophore cephalosporin used to treat infections caused by MBL producers. This protective effect was more pronounced for NDM-7 than for NDM-1. Together, these findings show that the clinically emerging NDM-7 variant is efficiently packaged into OMVs in K. pneumoniae and remains enzymatically active, allowing extracellular antibiotic degradation and conferring protection to susceptible bacteria exposed to carbapenems and cefiderocol."
2026-06-29,27,10.64898/2026.06.26.734696,1,microbiology,"Effect of CSFV on Differential Genes of Histone Lactylation at H3K18 in the PI3K-AKT Signaling Pathway","Zhang, H.; Han, Z.; Zhao, X.; Zhu, J.; Shao, N.; Sun, K.; Li, W.; Yao, Y.; Liang, X.; Yang, M.; Gao, Y.; Chen, J.; Liang, Y.; Liu, Q.; Li, X.; Cao, Z.","Classical swine fever (CSF) is a highly contagious disease caused by Classical swine fever virus (CSFV), posing a serious threat to the global swine industry. This study aimed to investigate the effect of CSFV on differential genes of histone lactylation at the H3K18 site in the PI3K-AKT signaling pathway. The site with the most significant change in histone lactylation antibody level was screened by Western blot. Omics analysis was performed using CUT&Tag technology to identify differential genes in the PI3K-AKT pathway between the CSFV-infected group and the mock group, followed by validation using RT-qPCR. Functional analysis of significantly differential proteins was conducted, and the protein expression level of THBS4 was detected by Western blot. The results showed that after CSFV infection of 3D4/21 cells, the H3K18la site exhibited the most significant difference in antibody level. A total of 8,859 differential genes at the H3K18la site were identified by CUT&Tag analysis, including 6,349 up-regulated genes and 2,510 down-regulated genes. Further focusing on the PI3K-AKT signaling pathway, 10 differential genes were identified, comprising 6 up-regulated genes and 4 down-regulated genes. Compared with the control group, the mRNA expression levels of CD19, LAMA1, PDGFRA, BDNF, ANGPT4, and THBS4 were up-regulated in the CSFV-infected group, while FOXO3 and NRTN were down-regulated. Western blot results showed that the protein expression level of THBS4 increased after CSFV infection. These findings lay an important foundation for understanding the molecular mechanisms regulating viral replication and immune evasion, and have significant scientific implications and potential application value."
2026-06-29,27,10.64898/2026.06.23.733936,1,bioinformatics,"Context-dependent correlations mislead transcriptomic network inference in bulk and single-cell data","Asiaee, A.; Bombina, P.; McGee, R. L.; Reed, J.; Abrams, Z. B.; Abruzzo, L. V.; Coombes, K. R.","BackgroundCorrelation is the dominant input to co-expression module discovery and miRNA-target inference. Both rely on an implicit assumption: a Pearson coefficient pooled across heterogeneous samples, whether tissues, cancer types, or cell types, estimates one biologically meaningful quantity. Simpsons paradox makes this assumption fragile in principle, since between- group mean shifts can dominate or reverse within-group associations. How often this happens in real transcriptomic data has not been quantified.  ResultsAcross 8,890 TCGA tumors from 31 cancer cohorts and 23,170,038 miRNA-mRNA pairs, 94.8% of pairs showed both positive and negative within-cohort correlations. Restricting to the high-variance domain of one million pairs, 13.3% of pooled correlations with |rglobal|[&ge;]0.2 reversed against the within-cohort majority at sign tolerance{varepsilon} = 0.05. Heterogeneity was the rule rather than the exception (median I2 = 0.86, IQR 0.80-0.90), and 99.5% of pairs rejected equal correlation across cohorts at FDR < 0.05. Of 692,770 experimentally validated miRTarBase v10 targets measurable in our data, only 0.9% were uniformly negative across cohorts. The pattern recurred across modalities. In GTEx, 21.0% of pooled signs disagreed with the tissue majority, and 23.5% of pairs flipped sign after tissue-mean removal. In 10x PBMC scRNA-seq, 13.1% of gene-gene correlations flipped after cell-type-mean removal; in CITE-seq, 37.9% of protein-RNA pairs flipped under a joint WNN partition of cells. Refining context reduced reversal, though by how much depended on the partition: within BRCA, 5.5% of pairs reversed under molecular PAM50 subtypes versus 0.35% under clinical IHC receptor status, and refining T cells into transcriptome-defined subtypes cut PBMC reversal from 11.8% to 0.13%.  ConclusionsA single pooled correlation coefficient can invert direction relative to its within-context constituents at rates that are not negligible. Correlations should be reported with their context: the within-context distribution, a heterogeneity statistic, and a diagnostic that separates between-context mean shifts from within-context association. We provide a small R interface that computes these summaries."
2026-06-29,27,10.64898/2026.06.25.733848,1,biophysics,"Mechanistic basis of EMRE's essential role in the regulation of mitochondrial calcium uniporter complex","Kumari, A.; Nguyen, D. M.; Disilvestre, D.; Dirda, N. D. A.; Kethanapalli, S. H.; Kao, J. P. Y.; Garg, V.","Mitochondrial Ca2+ uptake through the mitochondrial calcium uniporter complex (MCUcx) is a critical determinant of cellular metabolism, integrating Ca2+ signaling with ATP production and redox control. Yet how MCUcx activity is constrained to prevent Ca2+ overload and cell injury, and how the essential MCU regulator (EMRE), a subunit required for channel activity, mechanistically supports MCUcx function remains incompletely defined. Here, using a newly developed high-sensitivity assay to quantify MCUcx function in intact mitochondria, we uncover two fundamental roles of EMRE. First, EMRE is required for robust matrix Ca2+-dependent inhibition of MCUcx, acting through a juxtamembrane site via a mechanism distinct from MICU1-mediated inhibition at low cytosolic Ca2+. Second, by decoupling channel function from regulation, we demonstrate that EMRE promotes robust ion permeation through MCUcx, elevating its role from a structural scaffold to an active determinant of channel throughput. Together, our findings refine current models of mitochondrial Ca2+ regulation, establish EMRE as an essential multifunctional regulator of uniporter activity, and highlight the utility of our assay for probing MCUcx biophysical mechanisms and enabling the discovery of uniporter modulators.  Significance StatementMitochondria use Ca2+ signals to adjust energy production to cellular demand, but excessive Ca2+ entry can trigger cell death. How the mitochondrial calcium uniporter balances these opposing needs remains fundamentally unresolved. Using a high-sensitivity approach that isolates uniporter permeation from Ca2+-dependent confounders in intact mitochondria, we characterize a matrix Ca2+-dependent inhibitory mechanism that depends on EMRE and is functionally distinct from MICU1-mediated regulation. We further show that EMRE, a small regulatory subunit unique to higher organisms, not only enables channel function but promotes robust ion permeation through the pore. Together, these findings refine current models of mitochondrial Ca2+ regulation and provide a unified framework for understanding EMRE-dependent uniporter regulation in intact mitochondria."
2026-06-29,27,10.64898/2026.06.26.734760,1,genomics,"H3K4me3 exhibits length-dependent deposition patterns at transcription initiation regions in Trypanosoma cruzi and correlates with transcriptional activity","Lopez, M. d. R.; Gitman, I. F. B.; Prego, A. F.; Lavignolle-Heguy, R.; Zambrano-Siri, R. T.; Carena, S.; Arguello, R. J.; Vilchez-Larrea, S. C.; Alonso, G. D.; Ocampo, J.","In trypanosmatids genes, transcribed by RNA polymerase II do not have canonical promoters and are organized into directional gene clusters that mature into monocistronic transcripts by a co-transcriptional process known as trans-splicing. Even though gene expression is regulated mainly post-transcriptionally, it is currently understood that chromatin and epigenetics are also involved in this regulation. In eukaryotes, specific signals are normally required for the occurrence of an appropriate transcription initiation. Among them, trimethylation of histone H3 in lysine 4 is the most conserved signal normally detected at transcription start sites of actively transcribed genes. Unlike many model organisms, trypanosomes do not have defined promoters. Instead, transcription initiates in a bidirectional manner from dispersed regions coincident with divergent strand switch regions located between directional gene clusters (DGCs). In T. cruzi, H3K4me3 was observed at the origins of transcription coincident with divergent strand switch regions (dSSRs) in epimastigotes, but it has not been mapped throughout the whole genome at base-pair resolution or in other life stages so far.  Here, we set up the CUT&RUN technique for T. cruzi epimastigotes and trypomastigotes. Consistent with a predominant post-transcriptional regulation along the life cycle, we did not find significant differences between life stages. We corroborated that H3K4me3 is enriched at dSSR adjacent to actively expressed DGCs. Moreover, we noticed that this histone mark exhibits different patterns that correlate with the genomic span of the transcription initiation regions and with transcriptional activity. Furthermore, we unveiled that the most actively transcribed DGCs are associated with shorter dSSRs and are located within the core compartment of the genome displaying a more accessible chromatin."
2026-06-29,27,10.64898/2026.06.29.735100,1,biochemistry,"Structural basis of the nucleotide incorporation cycle of bacterial DNA polymerase III","Xu, Z.-Q.; Jergic, S.; Zhu, Q.; Yu, H.; Lewis, J. S.; Brown, S. H.; Bouwer, J.; Ghodke, H.; Lewis, P. J.; Tolun, G.; Oakley, A.; Dixon, N. E.","Bacterial DNA polymerase III (PolIII) is the primary replicative polymerase responsible for faithful genome duplication, yet high-resolution structural snapshots of the enzyme during DNA synthesis and proofreading have remained elusive. Here we determine cryo-EM structures of the Escherichia coli PolIII core-clamp-DNA binary, ternary and proofreading complexes at 2.4-2.7 [A] resolution, revealing the structural basis of nucleotide selection, incorporation and proofreading. Binding of an incoming nucleotide expels the single-stranded template overhang from the polymerase central channel and induces a large rotation of the polymerase index finger, which closes around the incoming nucleotide to form a compact nascent base-pair-binding pocket. A conserved tyrosine on the finger stacks against the incoming nucleotide to impose stringent steric constraints that promote nucleotide selection, whereas a conserved histidine acts as a steric gate to exclude ribonucleotides. The proofreading structures capture key intermediates that reveal how PolIII transfers a mismatched primer terminus to the 3'-5' exonuclease active site and excises the misincorporated nucleotide while avoiding unnecessary degradation of correctly paired DNA. Together, these findings define the molecular mechanism by which the bacterial replicative polymerase couples rapid and processive DNA synthesis with exceptional replication fidelity."
2026-06-29,27,10.64898/2026.06.28.735147,1,bioengineering,"Development and Characterization of Ultrasound-Activated Polymeric Microdroplets for Targeted Chemotherapy","Whiting, J. A.; Dara, A. Y. A. H.; Kwan, J. F.; Kubanek, J.","Potent antineoplastics, such as afatinib and freebase doxorubicin, are associated with systemic toxicity. To address this issue, we developed a carrier that releases drugs, including afatinib and doxorubicin, specifically at the focus of low-intensity ultrasound. This remotely triggered and focal approach enables the release of drugs specifically at the ultrasound focus, thus mitigating undesirable off-target effects, and at concentrations governed by the duration of the applied ultrasound.We produced ultrasound-sensitive microdroplets with high encapsulation efficiencies (39.6% for afatinib and 46.6% for doxorubicin).The microdroplets consist of an ultrasound-sensitive drug delivery system based on a methoxy poly(ethylene glycol)-poly(D, L-lactide) diblock copolymer (mPEG-PDLLA) and perfluorooctyl bromide (PFOB). Antineoplastic agents were encapsulated within these microdroplets via co-evaporation during particle synthesis. The microdroplets released doxorubicin and afatinib in an ultrasound-pressure-dependent manner, with fitted half-maximal release pressures (P50) of 0.61 MPa and 0.72 MPa, respectively. Together, the effective encapsulation of hydrophobic antineoplastic agents and the dose-dependent ultrasound-triggered release provide a new method for targeted drug delivery and a foundation for future targeted chemotherapies."
2026-06-29,27,10.64898/2026.06.28.735093,1,bioengineering,"High-throughput whole-brain scattering imaging resolves Amyloid plaques through clearing-assisted contrast modulation","Chen, C.; Gu, P.; Ren, J.","Label-free scattering imaging is widely used in pathology because it enables sensitive tissue assessment without exogenous contrast agents. Yet its limited optical penetration has prevented scattering-based methods from being applied to whole-organ pathology mapping. Here we present clearing-assisted scattering tomography (CAST), a high-throughput, label-free whole-brain mesoscope enabled by selective lipid clearance for scattering enhancement (SELiC). SELiC modulates endogenous refractive-index heterogeneity in cleared tissue, providing whole-brain optical penetration while retaining strong scattering contrast from amyloid plaques and white-matter fibre bundles. CAST enables volumetric imaging of intact mouse brains and brain-wide mapping of amyloid plaque pathology across anatomical regions. This platform establishes a scalable route for label-free, system-level analysis of amyloid pathology and tissue architecture in Alzheimers disease (AD) models."
2026-06-29,27,10.64898/2026.06.25.734657,1,bioinformatics,"Retention, not flux: endpoint confounding caps computational prediction of peptide skin penetration, with a delivery-aware reframing","Komianos, N.; Prakash, P.","Bioactive peptides are now central to cosmetic and dermatological actives, yet predicting whether a given sequence will reach its site of action in skin remains unsolved. We contend that the dominant framing, predicting a single binary ""skin permeability"" label from sequence, is ill-posed, and that this, rather than a shortage of modelling power, explains the fields stalled predictive performance. The scope of the claim is narrow: barrier-crossing propensity is a legitimate, learnable function of molecular structure, whereas the vehicle- and endpoint-agnostic binary label that the literature supplies is not. We support this with a first-principles analysis and a study of public-source data. First, the experimental endpoint most commonly reported, transdermal flux into a diffusion-cell receptor compartment (OECD Test Guideline 428), conflates two opposite outcomes (genuine deep delivery and undesired systemic transport) and is, for a cosmetic active, frequently a failure signal rather than a success signal. That receptor flux is an imperfect measure of cutaneous bioavailability is long established in dermatopharmacokinetics; our contribution is to show that the same confound, inherited through scraped labels, is what caps machine learning from sequence. Second, reported ""permeability"" is a property of the sequence x delivery-vehicle x measurement-compartment triad, two terms of which are usually unrecorded. Third, on public-source data, a physicochemical intrinsic-permeability estimate (Potts-Guy) carries no positive predictive signal for scraped penetration labels (grouped AUC 0.45, 95% CI 0.40-0.51); sequence-only classifiers plateau in the mid-0.70s with diminishing returns as labels accumulate (AUC 0.70-0.77); and the same descriptor pipeline on a clean single-endpoint membrane dataset scores materially higher (AUC 0.83, non-overlapping CI). Our proposed reframing separates barrier-crossing (data-driven, sequence-level) from depth-and-retention (physics-driven, delivery-aware) and treats intrinsic transdermal flux as a regulatory risk axis; we close by proposing a triad-annotated reporting schema and a seed benchmark."
2026-06-29,27,10.64898/2026.06.26.734659,1,bioinformatics,"Causally measuring aging and rejuvenation through transcriptomic damage","Zhang, S.; Iqbal, S.; Tyshkovskiy, A.; Gladyshev, V. N.","Aging is caused, fully in large part, by the progressive accumulation of damage, yet quantifying age-related damage across tissues and conditions remains a challenge. Here, we present a computational framework to quantify damage from standard RNA-sequencing data. It captures four classes of aberrant transcript structures, including premature termination upon intron retention, domain-disrupting splice variants, repeat elements, and gene fusion events, each reflecting distinct forms of RNA integrity loss. Using this method, we revealed a robust age-associated increase in transcriptomic damage across tissues. To integrate these measurements into a unified biomarker, we constructed a transcriptomic damage-based aging (tDamAge) clock using machine learning models trained across mouse tissues or human peripheral blood. It could predict age and detect transcriptomic shifts under both pro-aging and anti-aging conditions. Progeroid models exhibited accelerated tDamAge, whereas interventions such as caloric restriction, rapamycin, and methionine restriction lowered tDamAge. Cross-dataset analysis showed that diverse anti-aging interventions converge on shared transcriptomic signatures, particularly RNA processing and chromatin organization pathways, and these age-associated patterns could be reversed by interventions. We further identified elevated damage age acceleration in Alzheimers disease and observed rejuvenation-like reductions during embryonic development. Together, our findings establish transcriptomic damage as a causal, quantifiable and biologically interpretable feature of aging and demonstrate that tDamAge could detect age progression, acceleration, deceleration, and reversal."
2026-06-29,27,10.64898/2026.06.24.734263,1,genomics,"Integrated RNA sequencing reanalysis reveals reproducible matrix-immune signatures in idiopathic pulmonary fibrosis","Nandimandalam, S.; He, J.; Mias, G. I.","In idiopathic pulmonary fibrosis (IPF), the lung is remodeled through coordinated epithelial, stromal, and immune-associated programs, but individual transcriptomic cohorts are often too small to separate shared disease signals from demographic and study-level variation. To increase statistical power while preserving study-aware interpretation, we integrated raw bulk lung RNA sequencing (RNA-seq) data from five well-annotated studies and analyzed 223 samples in a common framework that modeled sex, age, library layout and repeated sampling. IPF showed a broad and reproducible expression shift, with 2,443 genes meeting the differential-expression threshold of false discovery rate (FDR) < 0.05 and absolute log2 fold change at least 1. The dominant program combined extracellular matrix remodeling, stromal and epithelial activation, complement and B-cell-related pathways, cilium-associated processes, and relative depletion of oxidative phosphorylation and proteasome pathways. Sex-stratified analyses recovered a shared fibrotic core with smaller sex-skewed components, whereas age-related disease effects were weaker and centered on immune activation. A leave-one-study-out elastic-net analysis using fixed disease-gene panels classified IPF across held-out studies, supporting cross-study portability of the core signature. This integrated reanalysis strengthens evidence for a stable matrix-immune IPF program and reinforces the view that core disease-associated transcriptional programs are reproducible across heterogeneous cohorts."
2026-06-29,27,10.64898/2026.06.24.734243,1,biophysics,"Critical Scaling Laws and Universality Classes in Biomolecular Condensates","Song, H.; Hu, G.; Wu, X.; Zhang, X.; Li, J.","Biomolecular condensates are widespread cellular self-assembled structures with essential functions. There are suggestions of condensates formed by different proteins being near criticality. However, systematic investigation of the criticality of condensates is absent, and critical exponents defining their universality class have not been found. Here, using long-time simulations, we show that condensates exhibit typical critical phenomena, including scale-free spatiotemporal correlations, critical slowing down, divergence of correlation length and dynamic scaling. From these scaling behaviors, a set of critical exponents is determined. Based on dynamic critical exponent, diverse condensates can be divided into two distinct universality classes, arising from differences in their molecular components and interaction types."
2026-06-29,27,10.64898/2026.06.24.734321,1,immunology,"Antibiotics promote susceptibility to C. difficile infection through a CCR5-dependent immune response","Uddin, M. J.; Natale, N. R.; Naz, F.; Tian, J.; McMillan, R.; Hart, D. J.; Schenck, S.; Petri, W. A.","Antibiotics (ABXs) represent the current standard of care for treating Clostridioides difficile infection (CDI). Paradoxically, ABX-induced dysbiosis is the primary risk factor for CDI, as disruption of the colonic microbial ecosystem creates an opportunity for C. difficile colonization. Given that ABXs can also alter immune responses, we investigated whether ABXs prime the colonic immune milieu for CDI susceptibility. Here, we implicate ABXs in driving CDI severity through the emergence of pathogenic CCR5-reliant immune populations in the mouse colon. High-throughput immune cell profiling revealed that ABXs shift the colonic immune compartment toward a CCR5-associated type I immunity signature, marked by an expansion of CCR5+ ILC1s and CCR5+ Th1 cells. A partial genetic deletion of CCR5 reversed CDI severity, alleviating colonic inflammation and improving survival. Pharmacological inhibition of the CCL3/4/5-CCR5 circuit also recapitulated these favorable disease outcomes, which we attribute to reduced colonic CCR5+ ILC1, CCR5+ Th1, and CCR5+ CD8 T cell populations during CDI. Together, our findings extend beyond dysbiosis as the canonical CDI risk factor and establish ABX-induced immune imbalance as an underappreciated determinant of CDI susceptibility."
2026-06-29,27,10.64898/2026.06.24.734380,1,immunology,"Circulating T-follicular helper and type I regulatory T cells have overlapping phenotypes in P. falciparum malaria and are maintained by parasite exposure.","Nalubega, M.; Oyong, D.; Andrew, D. W.; Soon, M. S. F.; Loughland, J. R.; Pava, Z.; Dooley, N. L.; Musinguzi, K.; Nankya, F.; Ssewanyana, I.; Rek, J.; Arinaitwe, E.; Kamya, M. R.; Feeney, M. E.; Jagannathan, P.; Engwerda, C.; Boyle, M. J.","Immunity to P. falciparum malaria develops slowly, requiring repeated infection in areas of high transmission, and wanes rapidly in the absence of parasite exposure. Key to this immunity, is the development of antibodies which is supported by CD4 T follicular helper (Tfh) cells that drive robust germinal centre responses. However, in malaria, the malaria-specific CD4 T cell compartment in peripheral blood is dominated by Type 1 regulatory T cells (Tr1), which produce high levels of IL-10 in response to parasites. Tr1-like Tfh cells (Tfh10) have been reported in several settings of repeated antigen stimulation but have not been investigated in malaria. Here we used single-cell RNA sequencing and multiparameter flow cytometry to characterise malaria-specific Tfh and Tr1 cells in a longitudinal cohort of highly exposed individuals and assessed their persistence after transmission interruption. Malaria-specific Tfh and Tr1 cells shared overlapping profiles, and Tr1 cell-like transcriptional signatures and phenotypes were detectable within the Tfh cell compartment. Tfh10 cell subsets were the dominant phenotype of malaria-specific Tfh cells. Following disruption of malaria transmission, the frequencies of malaria-specific Tr1 and Tfh10 cells declined. These findings highlight a close relationship between Tfh and Tr1 cells and show that the Tfh cell compartment in malaria is dominated by Tfh10 cells. The rapid waning of these cells in the absence of continuous exposure is consistent with requirements of persistent antigen in maintaining regulatory CD4 T cell phenotypes."
2026-06-29,27,10.64898/2026.06.28.734737,1,microbiology,"Evaluation of selectively-activatable, caged fluorescent probes as species selective markers for beta-alanine aminopeptidase positive bacterial species","Soh, L.; Hind, C. H. K.; Askarzadeh, M.; Rahman, K. M.; Sutton, J. M.","Aminopeptidases are widely distributed in bacteria, but outside of a few model strains, their function is largely unexplored. Focussing on beta-alanine aminopeptidase activity, a new series of selectively-activatable, caged fluorescent probes were designed and synthesised. A beta alanine amino acid was coupled to resorufin or 7-hydroxycoumarin via a self-imolative linker, such that amino acid removal led to gain of fluorescence. These were used to probe selectivity and specificity of probe activation, against a range of priority drug-resistant pathogens. When added to bacterial growth curves run in Muller Hinton broth, these probes allowed essentially real time fluorescence measurement of activation by bacterial species, modelled on the standard microbroth dilution method. Activation was observed for all Pseudomonas aeruginosa and Burkholderia spp strains tested. Selective activation was seen for Ochrabactrum species, with the probe activated by O.anthropii (2/4 strains) but not O.intermedium and strain-specific activation was seen for some isolates of Serratia marcescens (2/4 strains). No activation was observed in any isolates of Klebsiella pneumoniae, Escherichia coli, Acinetobacter baumannii or Staphylococcus aureus or Eneterocccus faecium/faecalis  PAO1 transposon mutants in the putative beta-alanine aminopeptidase gene (annotated as bapF or dmpA; PW3678) showed no activation of the probe in growth assays, confirming the specificity of the probe for beta-alanine aminopeptidase. Transposon mutants in other aminopeptidase genes, including those encoded by pepN, PepP and the prolyl aminopeptidase gene had no effect on probe activation in PAO1. Based on the operon structure in PA01, transposon mutants in two adjacent genes were also tested for probe activation. Mutants in both a putative transcriptional regulator (PW3674) and a predicted amino acid permease (PW3676) retained their ability to activate the beta-alanine probes with activation significantly higher than the wild type, when assessed by the total fluorescence yield after 10 hours growth. This points to both redundancy in permease function and perhaps the presence of a feedback regulatory mechanism controlling beta alanine aminopeptidase activity in P.aeruginosa. Given that the operon structure is conserved in other species, this may point to a common mechanism of beta alanine aminopeptidase function, perhaps related to exploiting beta-alanine containing peptides in certain environmental niches."
2026-06-29,27,10.64898/2026.06.29.735234,1,microbiology,"PML nuclear bodies orchestrate the storage and degradation of aggregated HBc in the nucleus and reduce CAM-A-induced apoptosis.","Janovec, V.; Meiss-Heydmann, L.; Taverniti, V.; Satratzemis, C.; Weber, J.; Lubyova, B.; Hirsch, I.; Lupberger, J.; Vanrusselt, H.; Debing, Y.; Baumert, T. F.; Verrier, E. R.","The lack of effective anti-hepatitis B virus (HBV) therapies highlights the need for a new type of treatment that targets different stages of the viral life cycle. The HBV core protein (HBc) is a critical component of this cycle. Various capsid assembly modulators (CAMs) have been developed to target the HBc and inhibit HBV replication. We recently described a subset of capsid assembly modulators (CAMs) that induce the formation of aberrant structures from the HBc in the nucleus, leading to cell death via annexin A1 (ANXA1)-driven apoptosis. Thus, we further elucidated the mechanism of HBc aggregation in the nucleus, with a particular focus on the interplay between nuclear HBc aggregates and PML nuclear bodies. We found that long-term treatment with CAM-A induced the formation of enlarged PML bodies, approximately 1-2 {micro}m in diameter, that accumulated aggregated HBc. PML silencing in HBc-overexpressing HepG2-NTCP cells led to a dramatic increase in apoptosis following CAM-A-induced HBc aggregation, which was associated with elevated ANXA1. Next, we showed that PML nuclear bodies orchestrate proteasomal degradation of nuclear HBc aggregates via sumoylation-dependent recruitment of RNF4. Collectively, our results suggest that PML nuclear bodies act as storage compartments for aggregated HBc proteins in the nucleus, thereby counteracting the apoptotic elimination of cells. Further study of PML function and the targeting of PML nuclear bodies in HBV-infected hepatocytes could reveal new ways to enhance the effectiveness of CAMs."
2026-06-29,27,10.64898/2026.06.29.735172,1,microbiology,"Optical flow reveals motility signatures for inferring pathogenic bacterial mixture compositions via temporal convolutional networks","Fujita, Y.; Nagase, Y.; Pathak, S.; Moro, A.; Suzuki, H.; Koiwai, K.; Umeda, K.","With the rapid expansion of global food demand, aquaculture has become a critical pillar for future food security. However, aquaculture systems remain highly vulnerable to pathogenic bacteria, and rapid identification of antagonistic microbes is essential for sustainable disease control. Conventional evaluation approaches rely on fluorescence labeling or post-culture assays, limiting the ability to quantify dynamic interactions in mixed microbial populations in a real-time and label-free manner. Here, we propose a computational framework for classifying the mixing ratio of Vibrio harveyi and environmental bacteria using time-series motion features extracted from microscopy videos. We defined 24 interpretable motility descriptors and employed a Temporal Convolutional Network (TCN) to learn their temporal structure. The proposed method achieved a classification accuracy of 93.3%, outperforming conventional static statistical approaches and alternative machine learning models. These findings indicate that mixture discrimination in microbial communities is governed not by absolute motility magnitude, but by collective alignment and its temporal stability. Our study establishes a time-resolved computational framework for quantifying dynamic collective order in mixed microbial populations and highlights its potential for label-free automated screening and robotic microbiological applications.  Author summaryBacterial infections pose a major threat to aquaculture, and rapid identification of antagonistic microbes is essential for sustainable disease management. Existing screening approaches often require fluorescent labeling or post-culture analysis, making real-time evaluation of mixed bacterial populations difficult. In this study, we show that mixture ratios of Vibrio harveyi and environmental bacteria can be accurately classified from time-series motion features extracted from microscopy videos. By applying TCN to 24 interpretable motility descriptors, we achieved high classification accuracy without relying on fluorescent markers. Our analysis demonstrates that collective directional alignment and its temporal stability, rather than absolute swimming speed, are the key determinants of mixture discrimination. This work introduces a computational strategy for quantifying dynamic collective order in microbial communities and supports the development of label-free, automated screening platforms for microbiological applications."
2026-06-29,27,10.64898/2026.06.29.734755,1,microbiology,"Host adaptation drives genome evolution and virulence diversification in a bacterial zoonotic pathogen","Giraud-Gatineau, A.; Weke, K.; Ouazahrou, R.; Pulido, F.; Monot, M.; Benaroudj, N.; Veyrier, F.; Petrosova, H.; Picardeau, M.","Understanding how zoonotic pathogens diversify across reservoir hosts remains a central question in evolutionary biology and infectious disease research. Here, we address this challenge using Leptospira interrogans, a globally distributed bacterial pathogen with an extremely wide range of animal reservoirs, as a model. After defining 13 distinct genogroups that largely align with serogroups, we selected the strongly host-adapted rodent-associated lineage, which is more frequently associated with fatal outcomes in patients, and the cattle-associated lineage for further analysis. A comprehensive approach integrating multi-omics analyses and host-specific infection assays showed that these two genogroups have followed distinct evolutionary trajectories associated with host specialization. Genomics demonstrated that specialized genogroups are genetically less diverse, characterized by divergence in membrane and signaling genes, and by the acquisition of host-adaptive functions. Changes in gene expression and protein production revealed distinct regulatory programs, predominantly affecting virulence pathways in rodent-borne lineage and stress responses in cattle-borne lineage. Consistently, rodent-borne lineage causes greater disruption of human epithelial barrier integrity and elicits an attenuated host-dependent macrophage inflammatory response relative to cattle-borne lineage. Collectively, these findings reveal distinct host-adaptive strategies and remarkable evolutionary plasticity in a major zoonotic bacterium, highlighting the central role of intraspecies heterogeneity in shaping host specialization."
2026-06-29,27,10.64898/2026.06.29.735155,1,microbiology,"Industrialization restructures the domestic dog gut microbiome while preserving host specificity","Gautam, A.; Bhandari, D.; Gurung, K.; Gyawali, A.; Gurung, K.; Yadav, P.; Smith, K. C. M.; Ahmad, A.; Shrestha, D.; Heugten, K. A.-v.; Weyrich, L.; Karna, A. K.; Jha, A.","Industrialization has reshaped human gut microbiomes, but its effects on other human-associated mammals remain poorly understood. Domestic dogs provide an informative comparative system because they have shared human environments and food systems for millennia yet retain distinct host biology. However, most canine microbiome studies have focused on industrialized companion animals, limiting our understanding of the ecological range of the domestic dog gut microbiome. We analyzed fecal 16S rRNA gene profiles from 261 dogs sampled across Nepal, Thailand, the United Arab Emirates, and the United States, spanning forager, agrarian, pastoralist, urban, and industrialized lifestyles; 257 dogs remained after excluding recent antibiotic exposure. Lifestyle was the strongest measured correlate of canine gut microbiome composition, and this structure persisted in restricted analyses of mature, non-shelter dogs sampled from temperate climate regions. Industrialized dogs differed from non-industrialized dogs through directional genus-level turnover, restructuring of VANISH- and BloSSUM-like microbial guilds, and shifts in predicted functional potential. Non-industrialized dogs were not microbiologically uniform: pastoralist dogs carried non-industrialized microbiome profiles but diverged from a simple forager-to-industrialized continuum. Cross-species comparisons with humans sampled across matched lifestyle categories showed parallel lifestyle-associated restructuring in both hosts, but host species remained the dominant axis of variation and the genera responding to industrialization were largely host-specific. These findings expand the ecological baseline for the domestic dog gut microbiome and identify industrialization as a major axis of microbiome restructuring in a long-term human-associated mammal. More broadly, they show that shared lifestyle transitions can impose parallel ecological pressures across host species without overriding host-specific community assembly."
2026-06-29,27,10.64898/2026.06.28.735065,1,microbiology,"Fluorescence in situ hybridization reveals endophytic and epiphytic root colonization of the novel plant growth-promoting bacterium Citrobacter sedlakii CESi7","Inoue, H.; Maeda, M.; Koga, T.; Salman, Z.; Chin, C. F. S.; Zainudin, H. M.; Ramli, N. B.; Hassan, M. A.; Tashiro, Y.; Sakai, K.","Plant growth-promoting bacteria are gaining significant attention as promising biofertilizers. However, the inconsistency between in vitro plant growth-promoting traits and actual field performance remains a challenge, driven partly by a limited understanding of in situ colonization. This study characterized the colonization patterns of Citrobacter sedlakii CESi7, a novel plant growth-promoting bacterium, isolated from oil palm waste compost, during Brassica rapa cultivation. The in situ behavior of CESi7 was observed in both sterilized medium and non-sterilized soil using fluorescence in situ hybridization with a strain-targeting probe. The results revealed that CESi7 can establish both epiphytic and endophytic populations that transiently colonize roots. In a sterilized medium, CESi7 was widely distributed throughout the root tissues. Conversely, in non-sterilized soil, the bacterium formed dense aggregates specifically at the root tips. This study provides direct microscopic evidence of the colonization strategy of CESi7, offering crucial insights for its development as an effective biofertilizer."
2026-06-29,27,10.64898/2026.06.28.735134,1,microbiology,"Soil-derived Bacillus pumilus strains demonstrate antagonistic activity against Magnaporthe oryzae and multiple plant growth-promoting traits","Kemmerer, L. E.; Johnson, T. R.; Ellward, G. L.; Kalicharan, R. E.; Payne, N.; Czyz, D. M.; Fernandez, J.","Biological control strategies are increasingly being explored as sustainable alternatives for managing rice blast disease caused by Magnaporthe oryzae. In this study, we characterized three Bacillus pumilus isolates (DC01, DC09, and DC13) and evaluated their antifungal and plant-beneficial properties against M. oryzae. Whole genome sequencing revealed multiple biosynthetic gene clusters associated with the production of antimicrobial metabolites. All three isolates inhibited fungal growth in dual-culture assays, whereas heat-stable diffusible antifungal activity was primarily associated with the cell-free supernatants of DC09 and DC13. Exposure to bacterial supernatants disrupted fungal development, inducing abnormal hyphal morphology characterized by bulbous swelling, altered polarity, and increased branching in M. oryzae. Volatile organic compound assays further revealed that the DC isolates suppress fungal growth in the absence of physical contact. The isolates additionally inhibited the growth of other phytopathogenic fungi and selected human bacterial pathogens. All strains exhibited plant growth-promoting traits, including indole-3-acetic acid production and osmotic stress tolerance, whereas DC09 also displayed phosphate-solubilizing activity. Importantly, root inoculation with the DC isolates significantly reduced rice blast disease severity and induced expression of defense-associated genes involved in jasmonic acid/ethylene signaling and immune priming. Collectively, these findings identify the DC isolates, particularly DC09 and DC13, as promising multi-mechanistic biological control agents for sustainable rice blast management."
2026-06-29,27,10.64898/2026.06.29.735229,1,microbiology,"The Two-Component System CrdRS Mediates Sub-inhibitory Antibiotic-Induced Biofilm Formation in Helicobacter pylori via Bidirectional Regulation of Transporters PlpA and GlnP","Zhang, W.; Zhang, L.; Sun, Y.; Zhao, M.; Xu, S.; Yu, H.; Wang, W.; Liu, J.; Ma, W.; Wang, X.; Zhang, Z.; Sun, Y.","Biofilm formation by Helicobacter pylori is a major driver of antibiotic tolerance and treatment failure, yet the signaling pathways that trigger biofilm development under sub-inhibitory antibiotic pressure remain poorly understood. Here, we show that sub-MIC levels of metronidazole, amoxicillin, and ciprofloxacin potently induce dense H. pylori biofilms. Through transcriptomic and genetic analyses, we identify the two-component system CrdRS as a central signaling hub that orchestrates this response via the bidirectional regulation of two ATP-binding cassette (ABC) transporters. Phosphorylated CrdR binds to AC-rich promoter motifs to directly activate plpA, which encodes a substrate-binding protein that drives exopolysaccharide secretion and matrix assembly. Concomitantly, CrdR represses glnP, which encodes an inner-membrane permease, thereby relieving transcriptional inhibition of the L-asparaginase gene ansB. This derepression triggers aberrant reactive oxygen species (ROS) accumulation, which promotes oxidative stress-dependent biofilm maturation. Through phenotypic analysis of crdRS deletion mutants, phosphorylation-defective point mutants (CrdRD53A and CrdSH173A), and exogenous hydrogen peroxide (H2O2) induction, we demonstrate that CrdRS specifically responds to antibiotic-induced stress signals in a manner genetically separable from ROS sensing. Collectively, our findings establish a dual-mechanism model in which CrdRS orchestrates antibiotic-induced biofilm formation by simultaneously controlling matrix production and intracellular ROS generation. Notably, glnP expression was significantly lower in clinical multidrug-resistant isolates than in drug-sensitive ones, whereas plpA showed the opposite trend. These findings provide a mechanistic foundation for developing CrdRS-targeted strategies to combat biofilm-associated H. pylori infections."
2026-06-29,27,10.64898/2026.06.24.734305,1,genetics,"Intestinal lipid metabolism controls immune response through NHR-68 and gut-brain signaling in C. elegans","Ren, J.; Sang, Y.; Nakayasu, E. S.; Kim, Y.-M.; Aballay, A.","Animals must allocate limited energetic resources across competing defense programs in response to infection. Here, we show that the conserved nuclear hormone receptor NHR-68 integrates fatty acid metabolism with the neural control of molecular and behavioral immunity in Caenorhabditis elegans. Acting in parallel with NHR-10, NHR-68 controls genes involved in polyunsaturated fatty acid (PUFA) metabolism. Loss of NHR-68 disrupts linoleic acid (LA) homeostasis, impairing pathogen avoidance behavior. Supplementation with LA restores avoidance, and fat-3 inhibition, which elevates LA, enhances pathogen avoidance, whereas loss of LA synthesis by fat-2 inhibition diminishes this behavior, indicating that LA promotes behavioral immunity. We further show that NHR-68 acts in the intestine to regulate linoleic acid homeostasis, and that changes in intestinal lipid metabolism influence an AWC-dependent pathogen-avoidance circuit through intestine-to-neuron communication. NHR-68 suppresses activation of the PMK-1/p38 MAPK and DAF-16/FOXO pathways, which mediate molecular immune responses. These findings identify a gut-brain transcriptional circuit that connects intestinal lipid metabolism to neural and immune outputs, revealing a mechanism by which the metabolic state coordinates behavioral and molecular defenses to optimize host protection."
2026-06-29,27,10.64898/2026.06.25.734557,1,genetics,"Gut-derived serine protease reduces sleep but extends lifespan","Moore, R. S.; Xiong, R.; Astacio, E.; Williams, J. A.; Brooks, T.; Grant, G.; Stucynski, J.; Fazelinia, H.; Nash, E.; Spruce, L.; Sehgal, A.","Sleep has historically been viewed through a brain-centric lens with little known about the contribution of the periphery. Through a targeted screen of secreted peptides from the fat body, gut, and body wall muscle in Drosophila, we identified CG11037, a trypsin-like serine endopeptidase secreted from midgut enterocytes, as a previously unrecognized regulator of sleep. Loss of CG11037 reduces daily sleep, as well as sleep following injury/infection, although recovery is enhanced suggesting reduced need for sleep during sickness. Proteomic analysis of flies with reduced CG11037 revealed altered oxidative stress response pathways including cytochrome P450-related proteins. Indeed, gut-specific knockdown of Cyp6a2 or Cyp28d1 phenocopies CG11037 sleep defects, and loss of CG11037 or P450 elevates reactive oxygen species (ROS) selectively in the gut without affecting brain ROS. Rescue of sleep by antioxidant treatment demonstrates that peripheral ROS accumulation drives the behavioral phenotype. Strikingly, despite physiological dysfunction and reduced sleep, CG11037 or Cytochrome P450 knockdown extends lifespan in a ROS-dependent manner, suggesting that stress adaptation of these knockdowns allows them to live longer. Together, these findings uncover a mechanism for the unexpected association of reduced sleep and extended lifespan."
2026-06-29,27,10.1101/2025.06.27.660101,3,genomics,"Mammal placental phenotypes are predictable from microRNA repertoires.","Fenn, J.; Edge, J. C.; Ovchinnikov, V.; Amelkina, O.; Sinclair, M.; De Bem, T. H. C.; Bridi, A.; Malo-Estepa, I.; Gonella-Diaza, A.; Perecin, F.; da Silveira, J. C.; Pugliesi, G.; Meirelles, F. V.; Butt, Z.; Tinning, H.; Formenti, G.; Jarvis, E.; Fromm, B.; McInerney, J. O.; Forde, N.; O'Connell, M. J.","Similar placental morphologies evolved multiple times independently in the history of mammal evolution1,2. Yet the genetic architecture that repeatedly guides distinct mammal lineages towards similar complex placental phenotypes has remained elusive. MicroRNAs (miRNAs), despite their diversity in mammals3-7 and known roles as developmental regulators8-10, remain under-examined as drivers of morphological innovation. We identified presence-absence patterns for 429 miRNA gene families across 398 mammalian genomes and discovered that placental phenotype is highly predictable from genomic miRNA repertoires (classification accuracy 74.5-95.8%). We identified 42 miRNA gene families significantly associated with placentation type, whose gene targets are enriched for developmental processes. Notably, convergent placental morphologies consistently involve identical miRNA families, revealing that evolution of this trait is constrained to predictable genetic pathways. We demonstrate that MIR-11986, uniquely associated with cotyledonary placentation, has tissue-specific expression in key reproductive tissues. MiRNA-mediated regulation therefore constrains placental morphological diversification into reproducible programs, offering insights into how genetic architecture shapes the predictability of convergent evolution. This striking pattern reveals a fundamental principle of evolution: that the miRNA regulatory networks available to control and guide complex placental morphological innovation are constrained and predictable."
2026-06-29,27,10.1101/2025.02.16.638549,2,bioengineering,"Inertial interface cavitation creates complex, flow-like structures within a soft solid","Yang, J.; McGhee, A.; Tong, Z.; Radtke, G.; Rodriguez, M.; Franck, C.","BackgroundInertial cavitation near soft material interfaces generates highly asymmetric bubble dynamics, intense stress localization, and complex fluid-structure interactions. However, the subsurface deformation fields within soft solids remain poorly resolved due to limitations in ultrafast, full-field measurement techniques.  ObjectiveThis study aims to quantify the spatiotemporal deformation of soft hydrogels during laser-induced inertial cavitation near a gel-water interface.  MethodsWe integrate single-pulse laser-induced inertial cavitation, an embedded internal Digital Image Correlation (DIC) speckle patterning method, and DIC to resolve in situ, full-field subsurface kinematics at 1-2 million frames per second.  ResultsAmong all the tested different non-dimensional stand-off distances, four distinct cavitation-interface interaction regimes are identified, spanning symmetric bulk-like oscillations to strongly asymmetric collapses accompanied by interface indentation, jet reversal, and bubble penetration. Full-field measurements reveal stagnation points, vortex-like deformation patterns, and large localized strains that depend on the non-dimensional bubble stand-off distance.  ConclusionsThis work establishes an experimental framework for quantifying inertial cavitation dynamics near a compliant gel-water interface. Using ultrafast imaging and DIC, we captured full-field deformation, strain localization, and jet formation across a wide range of stand-off distances near gel-water interfaces."
2026-06-29,27,10.64898/2026.06.24.734320,1,bioinformatics,"GCBM-DCT-HV-Bio-NL-Grow-CHG-CSM-RHEC: A Unified Geometric, Biological, Causal, and Regenerative Framework for Mechanism-Aware Tissue and Connectome Modeling","Xu, T.; Hu, Z.; Sun, X.; Jin, L.; Xiong, M.","Modern biological prediction problems increasingly require models that go beyond Euclidean feature regression and local graph smoothing. Tissue, cellular, and connectome systems are nonlinear, geometry-dependent, intervention-sensitive, history-dependent, and subject to regenerative or homeostatic constraints. We propose GCBM-DCT-HV-Bio-NL-Grow-CHG-CSM-RHEC, a unified model for mechanism-aware biological prediction. The model integrates geometric connectome dynamics, differentiable charted tissue geometry, Hamiltonian latent transport, nonlinear biological kinetics, nested latent memory, continual growth without overwriting, causal hypergraph structure, causal structure modeling, and regenerative homeostatic error correction. Unlike Euclidean baselines, which treat observations as flat vectors, and local graph baselines, which use neighborhood smoothing without mechanistic structure, the proposed model represents biological states (Trapnell 2015) as coupled geometric, dynamical, causal, and regenerative objects.  We evaluate the model on four synthetic toy studies, Toy A-D, designed to reflect increasing biological complexity: local Euclidean structure, nonlinear mechano-chemical interaction, causal intervention response, and out-of-distribution regenerative shift. Compared with Euclidean and local graph baselines, the full model achieves the lowest mean squared error across all four toy studies. Relative to the Euclidean baseline, the full model reduces MSE by approximately 63.0%, 89.1%, 89.0%, and 90.9% on Toy A, Toy B, Toy C, and Toy D, respectively. These results support the value of integrating geometry, mechanism, causal structure, adaptive growth, and regenerative correction into a single predictive architecture (Figure 1).  O_FIG O_LINKSMALLFIG WIDTH=200 HEIGHT=142 SRC=""FIGDIR/small/734320v1_fig1.gif"" ALT=""Figure 1""> View larger version (71K): org.highwire.dtl.DTLVardef@9e9eorg.highwire.dtl.DTLVardef@add398org.highwire.dtl.DTLVardef@1eb1f1org.highwire.dtl.DTLVardef@1346720_HPS_FORMAT_FIGEXP  M_FIG O_FLOATNOFigure 1.C_FLOATNO GCBM-DCT-HV-Bio-NL-Grow-CHG-CSM-RHEC, a unified model for mechanism-aware biological prediction.  C_FIG"
2026-06-29,27,10.64898/2026.06.28.735057,1,bioinformatics,"Homology-aware cross-validation strategies for generalization assessment in RNA structure prediction","Bugnon, L.; Kulemeyer, G.; Gerard, M.; Di Persia, L.; Stegmayer, G.; Milone, D. H.","RNA secondary structure prediction is a fundamental challenge in bioinformatics, essential for understanding the functional roles of non-coding RNAs. Recently, deep learning models have transformed the field with impressive results, leading to critical discussions regarding the validity of current cross-validation strategies. On the one hand, traditional random partitioning yields overoptimistic results due to data leakage from uncontrolled homology. On the other hand, removing from the training set all sequences that exhibit even the slightest resemblance to the testing sequences penalizes learning-based methods by requiring generalization to completely out-of-distribution sequences. While it is very simple to remove sequences and retrain a machine learned model, it is very difficult to remove the experimental data used for parameter tuning and the sequences used for the development of classical thermodynamic methods. Thus, these methods often benefit from an implicit knowledge leakage. In this work we critically review existing cross-validation strategies for RNA secondary structure prediction: random splitting, clustering-based splitting, and leaving one RNA family out for testing. We analyze the advantages and limitations of each strategy, also expanding them towards the future directions to ensure fair comparisons across the full range of sequence similarities, with the same rigor for both classical and learning-based methods.  Data and source code are available at https://github.com/sinc-lab/xvalRNAfolding"
2026-06-29,27,10.64898/2026.06.27.735025,1,bioinformatics,"Function-guided design of active enzymes","Hu, M.; Wu, L.; Yang, Y.; Li, F.; Zhu, L.","Designing enzymes from functional descriptions remains challenging because catalytic activity is governed by sequence-structure-function relationships. Here we present EnzymeArt, a function-conditioned enzyme-design framework centred on a generative sequence model. EnzymeArt couples function-conditioned sequence generation with structure-guided refinement, annotation checks and substrate-aware computational prioritization to select candidates for synthesis and biochemical testing. Across alcohol dehydrogenase (ADH), malate dehydrogenase (MDH) and triacylglycerol lipase design campaigns, 57 of 60 synthesized designs showed crude-lysate activity above matched background controls. Purified representatives further showed quantitative steady-state catalytic activity. The best designed ADH reached kcat = 223.7 s-1 and exceeded a wild-type reference under matched conditions, an MDH reached kcat = 267.57 s-1 despite having only 33% sequence identity to its closest BLASTP hit, and a designed lipase hydrolysed both short- and long-chain triglycerides with apparent activity modestly above that of a commercial lipase reference. Together, these results establish a route for converting functional descriptions into experimentally validated enzyme designs with quantitative steady-state kinetic activity."
2026-06-29,27,10.64898/2026.06.29.735303,1,microbiology,"Transition of a Yeast Endosymbiont from a Free-living to Host-reliant Lifestyle Through Gene Loss and Horizontal Gene Transfer","Roychoudhury, T.; Pallavi, J.; Roy, A.; Seal, A.","Endosymbiosis is widespread throughout the tree of life. Understanding how the transition of a bacterial endosymbiont from facultative to host-dependent obligate life occurs is an important question for defining the origin of endosymbiosis. A novel gram-positive bacillus, Brevibacillus sp. TJ4 was isolated from the nitrogen-fixing yeast Rhodotorula mucilaginosa JGTA-S1, which houses several endobacteria within its cells. TJ4 can survive independently of yeast but exhibits genomic and metabolic features characteristic of an evolving endosymbiont, slowly assuming a host-dependent, obligate lifestyle. The TJ4 genome contains several incomplete pathways for carbohydrate, amino acid, vitamin, and cofactor metabolism, which is reflected in its increased reliance on host-derived nutrients and auxotrophy compared with that of other Brevibacillus spp. Comparative genomics revealed widespread genome rearrangements, loss of synteny, and multiple cross-genus and inter-kingdom horizontal gene transfer (HGT) events in TJ4 compared to other Brevibacillus spp. These HGTs include the acquisition of genes from bacteriophages and co-resident endobacteria of JGTA-S1. One such horizontally acquired gene, Type II 3-dehydroquinate dehydratase (AroQ), appears to have originated from the Rhodotorula host itself. This acquisition functionally restores the shikimate pathway in strain TJ4, as evidenced by the phylogenetic placement of AroQ from TJ4 within the clade of fungal AroQ homologs. Potential exploitation of the host JGTA-S1 appears to be a probable mode of endosymbiosis of TJ4, an evolving endosymbiont that we named Brevibacillus rhodotorulae sp. nov."
2026-06-29,27,10.1101/2024.07.09.602755,4,genetics,"Dynamic neuro-immune regulation of psychiatric risk loci in human neurons","Retallick-Townsley, K. G.; Lee, S.; Williams, S. E.; Cartwright, S.; Cohen, S.; Sen, A.; Jia, M.; Young, H.; Dobbyn, L.; Deans, M.; Fernandez-Garcia, M.; Huckins, L. M.; Brennand, K. J.","The immune environment influences neurodevelopment and subsequent clinical trajectories for psychiatric outcomes in childhood and adolescence. Yet it remains unclear if the impact of maternal and fetal immune activation varies with distinct polygenic risk profiles. Therefore, here we catalogue genotype and environment (GxE) interactions, contrasting allele-specific regulatory activity between inflammatory cues. We report a cue-specific neuronal massively parallel reporter assay (MPRA) of 152 loci from genome-wide association study (GWAS) linked to ten brain traits/disorders, empirically dissecting the impact of interleukin-6 (IL-6) and interferon-alpha (IFN) on transcriptional activity. In human induced pluripotent stem cell (hiPSC)-derived glutamatergic neurons, 1,156 active candidate regulatory risk sequences (MPRA-active CRSs) are resolved, including 267 with variant-specific effects (MPRA-emVars) and 61 with variant-by-cytokine interaction effects (interaction MPRA-emVars). Broadly, neuronal immune-mediated regulatory activity is associated with differences in transcription factor binding and chromatin accessibility, the gene targets of which show pleiotropic enrichments for brain, metabolic, and immune disorders. Dynamic genetic regulation mediates neuroimmune effects, informing our understanding of the genomics of psychiatric and neurological traits, mechanisms governing pleiotropy across disorders, and how immune mechanisms mediate genetic risk."
2026-06-29,27,10.1101/2024.04.02.587783,3,genomics,"How and why ampliconic genes survive on the human Y chromosome","Pal, K.; Greshnova, A.; Park, S.; Ko, B. J.; Palova, H.; Steinegger, M.; Kosakovsky Pond, S. L.; Canzar, S.; Makova, K. D.","The mammalian Y chromosome is an evolutionary paradox: it cannot recombine across most of its length and has lost many genes, yet it retains multicopy gene families required for sperm production. How these genes survive has been difficult to resolve because their near-identical copies collapse in most genome assemblies and are difficult to analyze accurately with short RNA reads. Using telomere-to-telomere assemblies of seven ape genomes together with long-read testis transcriptomes, protein-structure predictions, and selection tests, we show that these gene families vary extensively but encode structurally conserved proteins. We demonstrate that, while copy number varies across and within species, palindromes and tandem arrays are equally effective in homogenizing copies via gene conversion--a result we could obtain only with complete assemblies. We detect extensive transcript variation arising from alternative splicing and inter-copy sequence differences. Yet this variation collapses into only a few predicted protein-structure clusters per family. Furthermore, we find evidence of purifying selection acting on gene families (and domains) encoding ordered protein structures--the majority of multicopy families on the human Y. Thus, copy number and (to a lesser degree) sequence, and transcript structure and sequence all vary, whereas protein structure, which is important for spermatogenic function, is held nearly constant. Together, our results show that palindrome- and array-mediated homogenization and purifying selection aimed at preserving protein structure jointly enable the survival of fertility-related genes on the non-recombining Y chromosome. These results will inform diagnostic approaches to human Y-linked infertility and studies of the conservation of non-human great apes."
2026-06-29,27,10.64898/2026.06.25.734018,1,genomics,"A Highly Contiguous Reference Genome for Scalesia gordilloi (Asteraceae), a Critically Endangered Plant Endemic to the Galapagos Islands","Pozo, G.; Rivas-Torres, G.; Velez-Darquea, E.; Barragan-Orbe, D.; Torres, M. d. L.","Scalesia gordilloi is a critically endangered species endemic to San Cristobal Island in the Galapagos archipelago and represents one of the most unique and vulnerable lineages within the adaptive radiation of the genus Scalesia. Despite its evolutionary distinctiveness and conservation importance, no genomic resources have been available for this species. Here, we present the first high-quality reference genome of S. gordilloi, generated using Oxford Nanopore long-read sequencing. Across three PromethION R10.4.1 flow cells, we obtained 80.5 Gb of long reads ([~]25x coverage), which enabled a highly contiguous 3.61 Gb assembly composed of only 549 contigs and an N50 of 106.6 Mb. BUSCO completeness reached 98.6%, with assembly metrics comparable to other high-quality Asteraceae genomes. Repeat annotation revealed that 76.2% of the genome is composed of interspersed elements, dominated by LTR retrotransposons. Structural annotation resulted in 47,913 high-confidence protein-coding genes, consistent with expectations for large, repetitive Asteraceae genomes. This genome provides a critical foundation for conservation genomics, enabling assessments of genetic diversity, inbreeding, and adaptive potential in the species. It further establishes a framework for comparative genomics across the Scalesia radiation and supports future efforts to protect and restore one of the most threatened plant lineages of the Galapagos Islands."
2026-06-29,27,10.64898/2026.06.25.734527,1,bioinformatics,"OpenGerminal: an open-source implementation of the Germinal antibody design pipeline","Han, B.; Li, S.","Germinal is a recently described computational pipeline for de novo antibody design that combines AlphaFold-Multimer hallucination with antibody language model guidance to generate epitope- targeted antibodies. Germinal identified binders with nanomolar-to-low-micromolar affinities by testing only 43-101 designs per target across four diverse antigens, establishing it as a practical tool for epitope-directed antibody design accessible to standard academic laboratories. As this architecture is itself very recent, systematic replacement and benchmarking of its individual components remains largely unexplored, yet offers a valuable opportunity to probe the robustness of the underlying design. We present OpenGerminal, which replaces PyRosetta with a fully open- source stack comprising OpenMM 8.5.1, FreeSASA, FASPR, Biopython, and sc-rs v1.0.0, and adopts AbLang1 (ablang2 v0.2.1) as the sole antibody language model in place of IgLM. Benchmarking on two VHH targets (PD-L1 and IL-3) reveals that OpenGerminal achieves a markedly higher cofolding pass rate (PD-L1: 33.7% vs. 18.6%; IL-3: 24.6% vs. 8.0%) with equivalent or improved Chai-1 structural confidence metrics in accepted designs, at the cost of a modest increase in per-trajectory computation time ([&ge;]1.5x). Multi-chain target support is also extended and verified to run without error on the official insulin example. OpenGerminal provides the first systematic benchmarking of IgLM versus AbLang1 within the Germinal architecture, and its fully open-source component stack broadens the range of deployment contexts in which the pipeline can be used.  Availability and ImplementationSource code is freely available at https://github.com/teaninja/OpenGerminal under the Apache 2.0 license. Persistent archives with DOIs are available at https://doi.org/10.5281/zenodo.20755400 (code) and https://doi.org/10.5281/zenodo.20756013 (container image). OpenGerminal is implemented in Python and distributed as an Apptainer container (opengerminal_v1.0.0.sif). Installation instructions and example configurations are provided in the repository.  Contactbh7bu@virginia.edu  Supplementary informationSupplemental Figure 1 is available online."
2026-06-30,27,10.64898/2026.06.24.734351,1,immunology,"T cell receptor-ligand affinity quantitatively tunes transcriptome remodelling in vivo, inversely regulating cell division and interferon response","Panova, V.; Muir, A.; Armingol, E.; Burton, O.; Quantrill, J.; Lewis, D. A.; Cook, S. J.; Turner, M. J.; Liston, A.; Vento-Tormo, R.; Richard, A. C.","The strength of T cell receptor (TCR) engagement by antigenic ligands governs naive T cell activation, expansion and differentiation. However, the molecular changes underpinning this process in vivo remain incompletely understood. To address this, we coupled an influenza infection model of varied TCR-ligand affinity with high-dimensional protein and RNA measurements. As previously reported, high affinity stimulation drove greater expansion, with disproportionately abundant effector subsets. Experiments using a KLRG1-fate reporter showed that differentiation state biases affected cells from both direct and indirect memory differentiation trajectories. Early post-infection, these biases manifested in differential metabolic and proliferative activities. Examination of T cells showing signs of initial priming in vivo revealed that TCR-ligand affinity primarily changed the magnitude of TCR-induced transcriptome remodelling, not the genes involved. This quantitative tuning drove affinity-dependent amplification of ribosome biogenesis and suppression of interferon response genes before mitogenic diversion, and was associated with elevated TCR-induced transcription factor activity. Together, these data demonstrate the in vivo underpinnings of affinity-dependent responses and reveal how accumulation of TCR-induced signalling outputs translates binding properties into appropriate differentiation outcomes."
2026-06-30,27,10.64898/2026.06.24.734385,1,immunology,"TRIM52 downregulates IFN-β production by targeting TBK1 for proteasome degradation.","Qin, Q.; Zheng, C.","The IFN-I (type I interferon) signaling pathway is the first line of defence against foreign pathogens. Stringent control of signalling pathways is necessary to maintain host immune responses and homeostasis. However, the underlying mechanism for its tight regulation is yet completely understood. In this study, we demonstrated that the TRIM family protein tripartite motif-containing 52 (TRIM52) is a novel negative regulator of IFN-{beta} production. Ectopically expressed TRIM52 markedly inhibited the activation of the IFN-{beta} promoter by ectopic expression of cGAS/STING, RIG-IN, or TRIF, MAVS, STING, and TBK1 but not by IRF3/5D, indicating that TRIM52 targets TBK1. TRIM52 also significantly inhibited the IFN-{beta}, ISG54, and ISG56 production, the dimerization of IRF3 and the nuclear localization of IRF3-YFP induced by ectopic expression of TBK1. Co-immunoprecipitation experiment revealed that TRIM52 specifically interacted with TBK1. Furthermore, the TBK1 protein, but not its mRNA, decreased considerably with increasing expression of TRIM52, and TRIM52 did not decrease the expression of the cGAS, STING, or IRF3 proteins. In addition, proteasome inhibitor MG-132 blocked the reduced TBK1 induced by TRIM52, indicating that TRIM52 caused TBK1 degradation via the proteasome pathway. Co-IP and ubiquitination assays demonstrated that TRIM52 promotion of K48-linked ubiquitination of TBK1, which depends on its E3 ubiquitin ligase. Collectively, our findings identify a previously unrecognized role of TRIM52 in regulating the IFN-I signalling pathway through targeting TBK1 for polyubiquitination and degradation."
2026-06-30,27,10.64898/2026.06.25.734236,1,genetics,"Epigenetic signatures of infection within and across generations in the endangered Loggerhead sea turtle","Bazely, J. O.; Yen, E. C.; Balard, A.; Gilbert, J. D.; Fairweather, K.; Lopes, A.; Taxonera, A.; Rossiter, S. J.; Eizaguirre, C.","Infection can substantially reduce host fitness and influence population dynamics, yet it is often difficult to detect and quantify in wild animal populations. Molecular tools offer a valuable means of identifying cryptic infection in natural systems. Using whole-genome bisulfite sequencing, we examined whether infection with the parasitic leech Ozobranchus margoi is associated with DNA methylation variation in loggerhead sea turtles (Caretta caretta), while also assessing the potential value of this variation as a biomarker of parasite infection. In nesting females, we identified infection-associated differentially methylated CpG sites associated with genes implicated in immune signalling and cellular regulation. Offspring of infected females also showed infection-associated methylation patterns, despite not being directly exposed to the parasite themselves. Differential methylation analyses identified genes involved in immunity, neurodevelopment and metabolic activity, with limited overlap in associated genes and no overlap in differentially methylated sites between generations. Maternal and offspring genome-wide methylation levels showed a non-linear association that differed subtly with maternal infection status, indicating that infection modifies intergenerational methylation associations. Finally, methylation profiles showed strong discriminatory power for maternal infection status in both maternal and hatchling samples using machine learning models, supporting their potential as candidate biomarkers of cryptic infection. Together, these results show that parasite infection is associated with distinct, generation-specific DNA methylation signatures, and highlight the potential value of epigenetic data for monitoring cryptic infection states in conservation-relevant systems."
2026-06-30,27,10.64898/2026.06.25.734473,1,genomics,"A gapless Landrace pig genome resolves centromeres and telomeres and highlights telomere repeat structures in different pig breeds","Grove, H.; Stenlokk, K. S. R.; Lien, S.; Gjuvsland, A. B.; Arnyasi, M.; van Son, M.; Kent, M.","The Duroc-derived reference genome Sscrofa11.1 has provided a critical foundation for pig genomics, providing a high-quality reference genome for accurate variant detection and comparative genomics but does not capture breed-specific variation. Here, we present a near-complete, gap-free genome assembly for the Landrace pig (Landrace_v1, GCA_963921485.1), spanning all 20 chromosomes and totaling 2.6 Gb, including 176 Mb of sequence absent from Sscrofa11.1. Comparative analyses with recently published high-quality pig genomes reveal a conserved centromere organization across breeds, accompanied by substantial variation in repeat composition and length, and identify a pig specific pattern of telomere variant repeats across eight pig breeds. The improved resolution of repetitive regions in Landrace_v1 enables more complete reconstruction of complex gene families, including olfactory receptors, and uncovers structural variation at the KIT proto-oncogene receptor tyrosine kinase locus not represented in the Duroc reference. Together, these findings highlight the limitations of single-reference genomes and demonstrate the value of breed-specific assemblies for capturing genomic diversity and improving downstream analyses."
2026-06-30,27,10.64898/2026.06.25.734481,1,bioinformatics,"A pan-cancer benchmark of integrated ferroptosis, cuproptosis and disulfidptosis prognostic signatures","Demir, A. Y.; Yasar, E.","Integrated prognostic signatures combining ferroptosis, cuproptosis, and disulfidptosis are increasingly reported in oncology as advances in risk stratification, yet their added value over simpler pathway-specific or proliferation-related models remains unclear. Here, we developed an integrated regulated cell-death signature and evaluated it through an adversarial pan-cancer benchmark. Using the TCGA pan-cancer cohort comprising 9,808 tumours across 33 cancer types, we curated 118 genes associated with the three cell-death programmes, characterised inter-pathway crosstalk, and derived a 26-gene LASSO-Cox risk signature. The model showed reproducible prognostic performance across cancers, with a pan-cancer concordance index of 0.573 (95% CI, 0.552-0.594), and was independently validated in METABRIC and CGGA cohorts, remaining significant after adjustment for standard clinical variables. However, benchmarking revealed that the integrated signature, although superior to size-matched random gene sets (empirical p < 0.001), did not outperform a ferroptosis-only model (DeLong p = 0.81), indicating no measurable gain from pathway integration. Moreover, much of the prognostic signal reflected tumour proliferation rather than regulated cell death. After adjustment for the proliferation meta-signature (meta-PCNA), ferroptosis performance declined from 0.573 to 0.504, while the integrated model decreased to 0.554. High-risk tumours were more sensitive to anti-proliferative drugs, and the risk score was most strongly associated with E2F, MYC, and G2M target programmes. The signature stratified prognosis but did not predict immune-checkpoint blockade response in IMvigor210 (AUC {approx} 0.50). Importantly, the underlying biology was not merely a modelling artefact. Signature genes showed concordance with protein abundance in CPTAC cohorts, and the three cell-death programmes co-varied within individual malignant cells, with correlations ranging from {rho} = 0.46 to 0.66. Overall, our findings indicate that integrated multi-death signatures are reproducible and biologically grounded, yet prognostically redundant and substantially confounded by proliferation. This study provides a cautionary benchmark for the rapidly expanding use of composite regulated cell-death signatures in cancer prognosis."
2026-06-30,27,10.64898/2026.06.25.734475,1,bioinformatics,"Integrating Semantic Retrieval, LLM-based Refinement, and Structured Expert Curation for Scalable AOP Gene Mapping","Schaffert, A.; Fratello, M.; Kangas, K.; Torres Maia, M.; del Giudice, G.; Mobus, L.; Accardi, C.; Al-Abdulraheem, Z.; Campini, L.; Galardo, F.; Federico, A.; Ciancaleoni, G.; Juppi, H.-K.; Paparella, M.; Serra, A.; Greco, D.","Toxicogenomics can support regulatory toxicology, but its use is limited by the difficulty of translating molecular responses into mechanistic, decision-relevant interpretations. Adverse Outcome Pathways (AOPs) provide a framework for this translation, yet omics applications require scalable mapping of Key Events (KEs) to molecular features. Here, we present an AI-assisted, multi-step workflow for KE-to-gene mapping that uses embedding-based semantic retrieval to identify candidate ontology/pathway terms, large language model-assisted refinement to filter these candidates, and double-independent expert group curation with rule-based consolidation to finalize mappings and derive confidence scores. Compared with earlier NLP-based approaches, the workflow improves KE-to-ontology/pathway mapping performance and generates candidate annotations that better align with expert judgment while substantially reducing the need for manual augmentation. Explicit gene and protein mentions in KE titles were additionally grounded to improve specificity, and each curated mapping was assigned curator reason codes to support transparent, traceable, and confidence-aware reuse. Applied across AOP-Wiki, the workflow produced a comprehensive KE-to-gene set resource covering 1,254 KEs across 523 AOPs and linking 15,833 human genes. Utility is demonstrated through CTD-based AOP fingerprinting of curated reference chemical groups, highlighting expanded coverage and confidence-informed interpretation of chemical-associated gene signatures in an AOP context. The workflow and resulting resource provide a practical bridge between toxicogenomics and AOP-based mechanistic interpretation and support routine updating and future extension to additional omics layers within OECD Omics2AOP."
2026-06-30,27,10.64898/2026.06.25.734445,1,immunology,"Immune responses to infection modulate peripheral sympathetic neuron functions","Trevizan-Bau, P.; Ringuet, M. T.; Daglas, M.; Devi, S.; Monard, S. C.; Loi, K.; Luo, Z.; Weier, A.; Dryburgh, L.; Alexandre, Y. O.; Lee, H. J.; Li, S.; Rawlinson, D.; Canner, E. A.; Schienstock, D.; Horsnell, H. L.; Burn, T. N.; Fransos, Z.; Mohammed, S. F.; Kedzierski, L.; Foo, I. J. H.; Di Natale, M.; Moreira, M. D. L.; Molero, J. C.; Dodd, G. T.; Kedzierska, K.; Mackay, L. K.; Haque, A.; Sloan, E. K.; Schroeder, J.; McAllen, R. M.; Furness, J. B.; Mueller, S. N.","The central nervous system interprets inflammatory signals in the body and directs the modulation of inflammatory responses by reflexively engaging peripheral sympathetic neurons1,2. This includes sympathetic neurons that innervate the spleen, which can regulate immune functions3-5 and modulate inflammation6-8. Yet, it is unclear if neuroimmune interactions involve specialised immunoregulatory sympathetic neurons, and if the immune system can reciprocally regulate peripheral sympathetic neurons to control these responses. Using retrograde tracing and single-cell transcriptomics, we find that spleen-innervating neurons are heterogeneous but do not exhibit a distinct transcriptional program indicative of specialisation for immune communication. However, we report that immune responses induced by pathogens can regulate postganglionic sympathetic neuron functions. Cytokines produced by immune cells downregulate expression of the neurotrophin nerve growth factor in spleen mesenchymal cells, leading to organ-specific sympathetic nerve retraction from the spleen. Concurrently, splenic type I interferon signalling induces inflammatory gene expression in neurons and suppresses neuron excitability. Chemogenetic activation of sympathetic neurons demonstrates an impaired anti-inflammatory capacity in the spleen during infection. These results reveal regulation of sympathetic neuronal functions by the immune system, which could support optimal generation of immune responses against pathogens."
2026-06-30,27,10.64898/2026.02.12.705563,2,immunology,"A new humanized TCR transgenic mouse model to study citrullinated tenascin C reactive T cells relevant to rheumatoid arthritis","Schuelein, M.; Afonso, M.; Sijbranda, M.; Pulgarin, D. V.; Dubnovitsky, A.; Hansson, M.; Rethi, B.; Wermeling, F.; Winkler, A.; Klareskog, L.; Espinosa, A.; Malmstrom, V.; Raposo, B.","ObjectivesAutoreactive T cells recognizing citrullinated antigens, although rare and difficult to study, are implicated in rheumatoid arthritis (RA). To allow functional studies and manipulation of such T cells, we have generated and characterized transgenic mice expressing a TCR cloned from an RA patient and reactive with a prominent target, citrullinated tenascin C (citTNC).  MethodsA humanized TCR transgenic (hTCR-tg) mouse recognizing the citrullinated TNC22 (citTNC22) antigen in an HLA-DRB1*04:01 (HLA-DR4) restricted manner was developed by genetically engineering a chimeric TCR expressing murine constant domains and human V(D)J sequences. hTCR-tg mice were immune phenotyped in murine H-2b and humanized HLA-DR4 backgrounds using full spectrum flow cytometry, cytokine ELISAs and fluorospot assays at steady-state and after antigen challenge. Additionally, we investigated the presence of antibodies to citTNC and arthritis following citTNC protein immunization.  ResultsThymic selection of hTCR T cells differed between the two MHC-II alleles, with a normal CD4+ T cell development observed solely under HLA-DR4 restriction. The chimeric hTCR maintained its citTNC22 specificity in vitro and ex vivo, without cross-reactivity to native TNC22 or other citrullinated autoantigens. hTCR-tg CD4+ T cells responded to antigen challenge in vivo and provided support to IgG class-switch and antigen-specific antibody production. Moreover, protein immunized hTCR-tg mice developed arthritis after periarticular challenge with citTNC.  ConclusionshTCR-tg mice expressing an RA patient-derived autoreactive TCR develop functional antigen-specific and HLA-restricted CD4+ T cells. The combination of humanized HLA-DR4 and TNC22 mice will be a valuable tool in the development of antigen-specific therapies translatable to human disease."
2026-06-30,27,10.64898/2026.02.20.707067,2,immunology,"Simplifying principles underlying the highly complex peptide motif of the promiscuous chicken class I molecule, BF2*21:01","Harrison, M.; Chappell, P. E.; Halabi, S.; Danysz, M.; Mararo, E. M.; Magiera, L.; Hermann, C.; Deery, M. J.; Lilley, K. S.; Wallny, H.-J.; Avila, D. W.; Mwangi, W.; Nair, V.; Lea, S. M.; Ternette, N.; Kaufman, J.","In chickens and humans, classical class I molecules of the major histocompatibility complex (MHC) have a spectrum of correlated properties, including cell surface expression and peptide repertoire. Understanding the impact of these promiscuous generalists and fastidious specialists is of considerable interest. The promiscuous BF2 molecule from the chicken B21 haplotype, BF2*21:01, binds a wide range of peptides by remodelling the peptide-binding site, allowing co-variation of the anchor residues at peptide positions P2 and Pc-2, and binding of an anchor residue at Pc. Using in vitro refolding assays with peptides and peptide libraries, determining thermostability and crystal structures, and analysing a chicken B21 cell line by immunopeptidomics, we found that BF2*21:01 will accommodate many possible combinations at P2 and Pc-2, as well as several hydrophobic amino acids at Pc. However, marked preferences for particular peptide lengths, particular amino acids at the three anchor residues, and particular combinations of amino acids at P2 and Pc-2 as well as at P3 and Pc-3 together lead to high frequencies of major peptides while still allowing the possibility of presenting a wide peptide repertoire. These simplifying principles may eventually allow predictions of pathogen peptides with stable binding for this iconic promiscuous class I molecule, as well as providing the data for more sophisticated peptide prediction methods."
2026-06-30,27,10.64898/2026.06.29.735386,2,genomics,"GeneBench-Pro: Evaluating Multistage Statistical Reasoning in Genomics, Quantitative Biology, and Translational Biomedicine","Li, J. H.; Ho, A. J.","We introduce GeneBench-Pro, an expanded and improved version of GeneBench that comprises harder problems across a wider breadth of domains. GeneBench-Pro is a benchmark for AI agents performing realistic multi-stage scientific analyses in genomics, quantitative biology, and translational biomedicine which seeks to capture the complexity of real-world problems that computational life scientists face when tasked with producing a conclusion upon which a downstream scientific or translational decision is contingent. The benchmark comprises 129 evaluations targeting quantities of direct practical relevance across 10 primary domains and 21 terminal subdomains, with a genomics-centered core. Similarly to GeneBench, each problem provides the agent with brief context, a target estimand, and minimal guidance otherwise; the agent must then navigate multiple dependent decision points; i.e., substantive inferential forks where a plausible wrong choice changes the downstream analysis, to identify and execute the correct analysis workflow and arrive at the correct answer. Relative to GeneBench, GeneBench-Pro adds 29 new problems, drops three, and introduces significantly redesigned versions of 54 of the remaining 100 overlapping problems. 82 of the 129 problems were reviewed by external domain experts, whose findings led to prompt/data modifications and redesign of those problems whose targets were not sufficiently identifiable. Ten externally reviewed problems are released publicly, 50 held-out problems were provided to Artificial Analysis for independent third-party model benchmarking, and the remainder are retained as an internal holdout. In evaluations over the full 129-problem suite, GPT-5.6 Sol reaches an eval-level pass rate of 28.7% at the max reasoning level, and GPT-5.6 Sol Pro reaches 31.5% in separately reported GPT Pro runs. GPT-5.5 reaches 12.0%, GPT-5.4 reaches 8.9%, and the strongest non-GPT baseline, Claude Opus 4.8, reaches 16.0%. As with GeneBench, models often complete substantial portions of the workflow but exhibit a consistent gap between noticing and acting by identifying local diagnostic signals but failing to propagate the implications to the corresponding analysis decision. As a result, models often select wrong estimators or persist on initially plausible but incorrect analysis paths. GeneBench-Pro therefore measures an emerging capability of long-horizon biological reasoning that remains unreliable."
2026-06-30,27,10.64898/2026.06.25.734429,1,biophysics,"DNA: A Nanoscale Archimedes Screw","Mleziva, X.; Maffeo, C.; Aksimentiev, A.","Rotating helices have been utilized for many purposes, including the transport of solid material and fluids within man-made machines, for a little over two millennia. Here, we show that the rotation of a biological helical molecule--a DNA duplex--can move water and ions through a nanoscale pore. While the rotation-induced flow of water is generated by the steric shape of the DNA molecule, an even faster transport of cations is caused by electrostatic interactions. The rotation-induced ion flux is found to depend on the cation type, offering potential utility for ion separation. Finally, we show that the torque-driven duplex can move ions against a concentration gradient, realizing the Archimedes screw principle at the nanoscale.    O_FIG O_LINKSMALLFIG WIDTH=200 HEIGHT=84 SRC=""FIGDIR/small/734429v1_ufig1.gif"" ALT=""Figure 1""> View larger version (29K): org.highwire.dtl.DTLVardef@13c1040org.highwire.dtl.DTLVardef@4f14daorg.highwire.dtl.DTLVardef@1e22bc3org.highwire.dtl.DTLVardef@1a72deb_HPS_FORMAT_FIGEXP  M_FIG C_FIG"
2026-06-30,27,10.64898/2026.06.25.734240,1,"pharmacology and toxicology","Basal Internalization and Subcellular Localization of XCR1","Li, Q.; Pfersdorf, F.; Salgado-Polo, F.; Gustavsson, M.","Chemokines orchestrate immune cell trafficking through receptor-mediated signaling and are implicated in inflammatory, autoimmune, and neuropathic disorders. The XCL1-XCR1 axis is of particular interest because XCR1 is selectively expressed on mature conventional type 1 dendritic cells (cDC1s), where it supports communication with activated CD8+ T cells and NK cells and promotes antigen cross-presentation. This selectivity has made XCR1 an attractive target for dendritic cell-based cancer vaccines, while emerging evidence also links XCL1-XCR1 signaling to neuroinflammation and pain.  Despite its therapeutic potential, the mechanisms governing XCR1 activation and trafficking remain understudied. Here, we characterize XCR1 expression, membrane trafficking, and basal internalization to define mechanisms that may influence therapeutic targeting. We show that XCR1 undergoes constitutive internalization through a {beta}-arrestin-independent but adaptor protein 2 (AP2)-dependent pathway, distinguishing it from other chemokine receptors with constitutive endocytosis. Furthermore, we identify specific sequence motifs critical for its subcellular localization and intracellular trafficking. These findings provide new mechanistic insights into XCR1 regulation and may inform the development of targeted therapeutics and antigen-delivery strategies in cancer and inflammation."
2026-06-30,27,10.64898/2026.06.30.735557,1,genomics,"A refined Saccharomyces cerevisiae reference transcriptome from Direct RNA Sequencing, with a reusable pipeline for UTR annotation updates","Rossini, O.; Cleynen, A.; Shirokikh, N. E.","Untranslated regions (UTRs) flanking the coding sequence govern mRNA translation, localisation, stability, and decay, making accurate UTR boundaries essential for quantitative RNA sequencing and the study of post-transcriptional control in Saccharomyces cerevisiae and beyond. Reference transcriptomes built from short-read sequencing have been invaluable to the yeast community, yet in a genome as gene-dense as that of S. cerevisiae, short reads frequently cannot be assigned to a single transcript of origin, leaving roughly one quarter of transcripts without a confidently defined UTR. Here we use Oxford Nanopore Direct RNA Sequencing (DRS), in which each full-length polyadenylated molecule is read end to end, to resolve this ambiguity and deliver two complementary resources. First, an updated, ready-to-use S. cerevisiae S288C reference: change-point segmentation of per-gene DRS coverage defined boundaries for 5,416 of the 6,695 annotated genes, and a merge-max rule retaining the longer UTR from each source ensures no gene loses existing annotation. The result adds previously absent UTRs to 927 (5') and 896 (3') genes and extends 29.4% of 5' and 26.1% of 3' boundaries among comparable genes. Second, the complete, documented pipeline so that any laboratory can rebuild or update a transcriptome from its own DRS data. Validation on two independent datasets shows improved mapping rates, reduced soft-clipping, and metagene profiles consistent with genuine transcript signal."
2026-06-30,27,10.64898/2026.03.14.711208,3,biochemistry,"Modulating radical propagation in proteins by proton-coupled electron transfer and hydrogen bonding","Zawistowski, R. K.; Chauvire, T.; Manna, S.; Ananth, N.; CRANE, B. R.","Long-range protein electron transfer (ET) often depends on tryptophan and tyrosine residues acting as radical relay sites. For example, cytochrome c peroxidase (CcP) generates a W191*+ radical to increase ET from cytochrome c (Cc) to the active center. W191 substitution to Tyr reduces ET rates, but introduction of an adjacent general base (as Glu or His) at position 232 (Y191:E/H232 CcP) recovers activity. E232 fluorination lowers the pKa of the conjugate base and confirms that a hydrogen bond is critical to elevate the Y191* formal potential for effective ET. Photoinitiated ET between Zn-porphyrin (ZnP) CcP (ZnCcP) and Cc also depends on activating Y191 with a basic residue, but through a different mechanism than for the peroxide-driven system. In ZnCcP, pH dependencies and solvent isotope effects indicate that proton-coupled electron transfer to the basic residue and ZnP*+, respectively, facilitates Y191* formation. Replacing Cc with the irreversible oxidant [Co(NH3)5Cl]2+ isolates distinct protein radicals for characterization by Electron Paramagnetic Resonance (EPR) spectroscopy. Radical distributions reveal that W191*+ only lies [~]15 mV in potential below ZnP*+ and that the two radicals exchange on a slow time scale despite their close separation. Remarkably, Y191:E/H232 ZnCcP variants propagate radicals differently to peripheral sites depending on the nature of the 232 residue. QM/MM calculations support radical exchange between ZnP*+/Trp*+ and the importance of a hydrogen bond to Y191* for maintaining a high potential to oxidize peripheral donors. These resolved reactivity patterns of CcP/ZnCcP have general relevance for engineering proton management to separate and migrate charge in proteins and potentially other molecular systems."
2026-06-30,27,10.64898/2026.06.30.735469,1,microbiology,"The hand microbiome is sensitive to topical antibiotics and has varying sensitivity to liquid soaps","Stenton, M.; Henderson, S. R.","Hand eczema has been described as having an increased prevalence in persons with increased frequency of hand washing. This study investigated the differences in the hand microbiome of persons with and without a history of eczema and secondly the sensitivity of these microbes to commercial liquid soap as a potential trigger for eczema flares. The study identified Staphylococcus to be the most populus genus on the hands in both groups, but the distribution of species was different. Additionally, there was no difference in the number of soaps that produced zones of inhibition but there were some differences in the overall sensitivity to the different soaps tested. Overall, it was determined that liquid soap can cause bactericidal effects on some species of the commensal microbiome, but further work is required to determine if this could be the cause of hand eczema."
2026-06-30,27,10.64898/2026.03.17.712112,2,microbiology,"Functional validation of the Plasmodium falciparum K13 C580Y mutation in recently collected Ethiopian isolates","Mukherjee, A.; Assefa, A. B.; Turlo, C. V.; Needham, L. C.; Shoue, D.; Qahash, T.; Belachew, M.; Tadesse, D.; Kassie, E.; Berihun, M.; Brhane, B. G.; Parr, J. B.; Ferdig, M. T.; Members of the MAREE Consortium,  ","Recent genomic investigation in Ethiopia identified the first detection of the Plasmodium falciparum kelch13 (K13) C580Y substitution in the Horn of Africa. To assess its functional impact, we introduced C580Y into two recently collected Ethiopian clinical isolates using CRISPR-Cas9 genome editing. Ring-stage survival assays showed significantly elevated in vitro dihydroartemisinin (DHA) survival in edited parasites relative to isogenic controls, demonstrating that C580Y confers artemisinin tolerance in contemporary Ethiopian parasite genetic backgrounds."
2026-06-30,27,10.64898/2026.06.29.735399,1,microbiology,"Oligella otitidis sp. nov., isolated from middle ear discharge of children with chronic suppurative otitis media","Beissbarth, J.; Atto, B.; Mandal, P. K.; Cleanthous, A.; Harrison, B.; Gill, N. J.; Smith-Vaughan, H. C.; Kleinecke, M.; Rigas, V.; Leach, A. J.; Morris, P. S.; Marsh, R. L.","Oligella otitidis MSHR-50489EDL strain (ATCC: TSD-462-; DSMZ: DSM 118617) is a new species of the genus Oligella that was isolated from a middle ear discharge swab from a child with chronic suppurative otitis media (CSOM). This Gram-negative coccobacillus produces small, circular, smooth, whitish-opaque and occasionally mucoid colonies. It grows in aerobic conditions at a temperature range from 25-42{degrees}C. Phylogenetic analysis demonstrates a relationship to other species of the genera Oligella and average nucleotide identity and digital DNA-DNA hybridization values indicate a distinct species in comparison to other Oligella species. Thus far, the majority of isolates exhibit resistance to ciprofloxacin, the first line treatment for CSOM."
2026-06-30,27,10.1101/2025.09.24.677144,2,immunology,"Insulin-deficient diabetes impairs vaccine-mediated antibody and germinal center B-cell formation in mice","Genito, C. J.; Ariel, P.; Heise, M. T.; Thurlow, L. R.","Individuals with diabetes are at increased risk for severe outcomes from vaccine-preventable infections and often mount weaker immune responses to vaccination. The factors underlying this impaired immunity remain unclear, and defining them is critical to improve vaccine strategies for this vulnerable population. Here, we focused on insulin deficiency as a contributing factor. Following immunization with an alum-adjuvanted protein subunit vaccine, insulin-deficient mice exhibited reduced antigen-specific IgG antibody responses, decreased lymphocyte numbers, and lower germinal center B-cell counts within the vaccine-draining lymph node. Three-dimensional whole-organ light sheet microscopy combined with virtual reality-assisted analysis revealed significantly smaller germinal center volumes in insulin-deficient mice than controls. These findings indicate that insulin deficiency can significantly constrain germinal center responses and impair antibody production from vaccination. Our results provide foundational evidence that diabetes-associated metabolic changes can significantly and negatively influence the quality of vaccine-induced immunity and highlight insulin deficiency as a potential physiological factor."
2026-06-30,27,10.64898/2026.01.07.697569,3,microbiology,"Host CD59 Potentiates the Type III Secretion System in Yersinia pseudotuberculosis","Davis, K. J.; Sheahan, K.-L.; Murphy, C. S.; Whiteley, J. J.; Aldridge, B. B.; Isberg, R. R.","Type III secretion systems (T3SS) play critical roles in disease for many Gram-negative pathogens. Although the structural details of T3SS assembly have been extensively studied, the intimate interactions between T3SS components and the target host plasma membrane are poorly characterized. A previous RNA interference (RNAi) study identified the GPI-linked surface protein CD59 as a critical host component that supports the movement of Yersinia pseudotuberculosis (Yptb) T3SS effectors into the host cytosol. We show here that both depletion and increased levels of CD59 reduced Yptb T3SS pore formation and Yop translocation into host target cells. CD59 is unlikely to act as a receptor for the T3SS translocon, as physical blockade of CD59 or enzymatic removal of all GPI-linked surface proteins had no effect on T3SS function. Consistent with its importance in supporting T3SS function, efficient bacterial effector-mediated focal adhesion disassembly was dependent on CD59. Surprisingly, depletion of CD59 interfered with the rearrangement of the lipid raft marker GM1 that occurs after Yptb adhesion to host cells, indicating that CD59 supports lipid microdomain dynamics. Consistent with a role in modulating lipid composition, the loss of CD59 led to the accumulation of phosphatidylcholine and alterations in both fatty acid chain lengths and saturation levels. This work points to a role for CD59 in maintaining plasma membrane dynamics necessary for efficient T3SS translocon function. In addition, a polarization index is described that quantifies the asymmetric association of membrane compartments with organelles."
2026-07-01,27,10.64898/2026.06.26.734908,1,genomics,"Gene model for the ortholog of tgo in Drosophila busckii","Perez, J.; Giunta, A. A.; Wittke-Thompson, J. K.","Gene model for the ortholog of tango (tgo) in the Sep. 2015 (UC Berkeley ASM127793v1/DbusGB1) Genome Assembly (GenBank Accession: GCA_001277935.1) of Drosophila busckii. This ortholog was characterized as part of a developing dataset to study the evolution of the Insulin/insulin-like growth factor signaling pathway (IIS) across the genus Drosophila using the Genomics Education Partnership gene annotation protocol for Course-based Undergraduate Research Experiences."
2026-07-01,27,10.64898/2026.01.24.701325,2,"pharmacology and toxicology","Small molecules targeting ARF1 interaction with C9orf72:SMCR8:WDR41 complexes suppress its overactivation implicated in ALS/FTD","Dixon, E.; Azimian, F.; Joby-Chacko, A.; Tatum, R.; Boykin, C.; Chen, Y.-H.; Lu, Q.","The hexanucleotide repeat expansion in C9orf72 gene is the most common genetic cause of amyotrophic lateral sclerosis (ALS)/frontotemporal dementia (FTD). The C9orf72 protein forms a complex with SMCR8 and WDR41 (CSW), which functions as a GTPase-activating protein (GAP) regulating ARF1 and RAB small GTPases. While these findings implicated ARF1-GAP dysregulation in ALS/FTD and supported ARF1 suppression as potential intervention, small molecules that modulate ARF1-CSW interactions are lacking.  In this study, we demonstrated upregulation of tyrosine-phosphorylated (Tyr-782) ASAP1 (also known as AMAP1, DDEF1, or Centaurin {beta}4), an ARF-GAP, in human motor cortex of both sporadic ALS and ALS with C9orf72 mutations. Ectopic C9orf72 expression partially mimicked the effects of a known ARF1 inhibitor brefeldin A to disperse Golgi apparatus. Computer-aided rational drug design with high-throughput in-silico screening identified MCULE-5095997944 (Named as SCC944) as a ARF1-CSW modulator. SCC944 binds directly to ARF1 and reduced GTP-bound ARF1 levels upon ARF1 activation. SCC944 demonstrated brefeldin A-like ARF1-dependent alteration of organelle organization including Golgi, microtubules, and mitochondria, but also a protein trafficking pattern that is distinct from brefeldin A mechanism. These studies identified the first small molecule targeting ARF1-CSW interaction and further support ARF1 modulation as a potential therapeutic approach for ALS/FTD."
2026-07-01,27,10.64898/2026.06.30.735481,1,microbiology,"A distinct signature of interferon-stimulated genes linked to cross-protection against secondary viral infections in primary bronchial epithelial cells","Tymchenko, A.; Fierville, M.; Esteves, P.; Gourdan, P.; Germain, S.; Ben-Sghaier, R.; Faure, M.; Roger, B.; Rayne, F.; Landrein, N.; Magnone, V.; BARBRY, P.; Berger, P.; Beaufils, F.; Zaragosi, L.-E.; Wodrich, H.; Trian, T.","Respiratory viral infections, such as those caused by rhinovirus, adenovirus, influenza, respiratory syncytial virus (RSV), and SARS-CoV-2, represent a major global health challenge. Despite extensive research, effective and specific antiviral treatments for these infections are still lacking, with patient care often limited to symptomatic relief. The SARS-CoV-2 pandemic, alongside the emergence of avian flu H1N1 and Nipah virus, has underscored the critical role of the respiratory tract as a critical viral target. Respiratory viral infections exhibit marked variability in infectivity and disease severity across different age groups. Epidemiological and cell-based evidence highlights distinct impacts on pediatric and adult populations. For instance, the COVID-19 disproportionately affected the elderly, while viruses like rhinovirus and adenovirus often cause severe morbidity in children. Additionally, clinical studies indicate that a primary respiratory infection can provide transient protection against subsequent infections by the same or different respiratory viruses.  In this study, we utilized a differentiated bronchial epithelial (BE) model derived from pediatric and adult donors to assess age-dependent differences under resting conditions and during viral infections. We investigated how donor age influences infection susceptibility and viral spread within the BE, focusing on the transcriptional response to rhinovirus types A and C, and adenovirus type 5. Importantly, we demonstrate that prior viral infection confers protection against subsequent infections, regardless of donor age or the initial virus type. This cross-protection is driven by interferon signaling, leading to the expression of a narrow and specific set of interferon-stimulated genes (ISGs) in both infected and bystander cells. Notably, IFI44L shows the strongest correlation with the level of cross protection and that its overexpression alone significantly reduces viral infection of BE. These findings suggest a distinctive, interferon-driven innate immune response profile in the BE, offering critical insights for the development of new therapeutic strategies against respiratory viral infections."
2026-07-01,27,10.64898/2026.06.30.735531,1,biochemistry,"A High-Affinity Nanobody Recognizing mNeonGreen Enables Versatile Biochemical, Cellular, and in vivo Applications.","Gere-Becker, M.; Funk, L.-M.; Groeger, M.; Kilisch, M.; Najafi, P.; Koenig, F.; Aloisi, F.; Song, X.; Davis, L. C.; Galione, A.; Hafeez, S.; Martin, B. L.; Fornasiero, E. F.; Kalienkova, V.; Reinmuth, L.; Kursula, P.; Goetzke, H.; Opazo, F.; Frey, S.","mNeonGreen (mNG) is among the brightest and most photostable monomeric green fluorescent proteins and is widely used for protein tagging. Here, we present sdAb(mNG), a high-affinity single-domain antibody (sdAb) that enables biochemical capture, imaging, and manipulation of mNG-tagged proteins. A 1.26 [A] crystal structure reveals an extensive interaction surface between mNG and sdAb(mNG), accounting for its high affinity (KD = 0.39 nM) and robust target recognition across diverse experimental conditions. This allows a single sdAb to support applications that typically require multiple specialized tools. We demonstrate the utility of sdAb(mNG) in several example applications including highly specific immunoprecipitation, direct immunofluorescence, and super-resolution imaging. Importantly, sdAb(mNG) retains high-performance target recognition even in intracellular environments. When expressed as an intrabody in living mammalian cells, sdAb(mNG) enables relocalization of mNG-tagged proteins to defined compartments or visualization of synaptic vesicle transport in primary neurons. In zebrafish, fusion of sdAb(mNG) to an F-box degradation domain induces cell-autonomous depletion of an endogenous mNG-tagged transcription factor and produces a clear developmental phenotype. These findings establish sdAb(mNG) as a versatile and robust affinity reagent that converts mNG from a passive fluorescent reporter into a multifunctional handle for imaging, proteomics, and programmable manipulation of endogenous and engineered proteins."
2026-07-01,27,10.64898/2026.06.29.735432,1,biochemistry,"Sortase-mediated enrichment of ubiquitinated proteins from complex samples","Raniszewski, N.; Beckley, K.; Hintzen, J.; Noel, M.; Burslem, G.","Despite its importance in cellular signaling and protein fate, the detection of protein ubiquitination in proteomics experiments presents many challenges for researchers. Importantly, current techniques that often rely on antibodies specific for lysine sidechain modifications may miss non-canonical ubiquitination sites in experiments. We envisioned a strategy that uses sortase, a bacterial transpeptidase enzyme, to selectively modify ubiquitination sites with a Biotin tag for enrichment and downstream proteomics experiments. In this work, we demonstrate our ability to selectively modify N-terminal diglycine remnants in digested proteins with a Biotin-modified peptide, enabling downstream enrichment of previously ubiquitinated proteins. We show this proof of concept on several recombinant proteins, revealing a site of autoubiquitination in the E2 conjugating enzyme Ubc13. We show that elution of the enriched peptides can be achieved by using common guanidinium elutions or by leveraging the reversibility of sortase. Finally, we include a bifunctional peptide that is labile to trypsinization to better streamline this strategy for downstream proteomics approaches. We envision that this approach will provide an accessible strategy for the detection of ubiquitinated proteins in proteomics experiments, with the goal of enabling researchers to better detect noncanonical protein ubiquitination."
2026-07-01,27,10.64898/2026.06.29.735353,1,biochemistry,"ConfDock: Atom-specific Uncertainty Quantification for Molecular Docking via Conformal Prediction","Hao, H.; Elhendawy, N.; Wang, Y.; Lu, C.","Molecular docking is widely used in structure-based drug discovery, yet most approaches provide point estimates without rigorous uncertainty quantification. This limitation makes it difficult to assess when a predicted pose should be trusted, especially when docking methods are applied to diverse protein-ligand systems. We present ConfDock, a conformal prediction (CP) framework for constructing atom-specific prediction intervals for ligand docking poses. ConfDock combines graph neural network (GNN) based quantile estimation with split conformal calibration, producing intervals that adapt to local protein-ligand environments while retaining distribution-free finite-sample coverage guarantees. We evaluate ConfDock on 238 protein-ligand complexes across four docking methods representing distinct computational paradigms. The proposed approach yields substantially narrower prediction intervals compared to standard split CP (57.2% average reduction in mean interval width, up to 74.5%) while maintaining target coverage across all evaluated settings. Ablation analysis indicates that the GNN captures the dominant structure-dependent variability in uncertainty, whereas the conformal calibration step provides a bounded adjustment to ensure coverage guarantees. These results demonstrate that combining learned, structure-aware quantile estimation with conformal calibration enables rigorous uncertainty quantification for molecular docking at atom-level resolution."
2026-07-01,27,10.64898/2026.06.30.735398,1,biochemistry,"Rhizobial enzyme reveals pH-driven catalytic switching and ʟ-amino acid incorporation by ʟ,-transpeptidases","Rady, B. J.; Bahadur, R.; Evans, C. A.; Mesnage, S.","Nearly all bacteria are surrounded by a mesh-like macromolecule called peptidoglycan that gives them their shape and helps them resist turgor pressure. To grow and maintain their peptidoglycan, bacteria produce a wide range of enzymes, including the relatively understudied ,[x1D05]-transpeptidase (LDT) family. LDTs can catalyse several different reactions and vary widely in copy number: some bacteria have none, whilst others have more than twenty. To better understand why some bacteria have so many LDTs, we examined 18 putative ones from Rhizobium johnstonii, a nitrogen-fixing, symbiotic bacterium. Heterologous expression revealed several highly active enzymes, one of which, LdtRj8, we further characterized in detail. In vitro assays showed that LdtRj8 was capable of ,[x1D05]-transpeptidation, carboxypeptidation, substitution, and endopeptidation, but that its preferred activity differed at different pHs. LdtRj8 particularly excelled at ,[x1D05]-substitution, utilizing all of the tested [x1D05]-amino acids, and, surprisingly, most of the -amino acids as well. LdtRj8s pH-modulated activity could help R. johnstonii respond to acidic conditions encountered throughout the rhizobium-legume symbiosis, and its -amino acid substitution activity, which we show to be a more general property of LDTs, may regulate ,[x1D05]-transpeptidation and explain the existence of isomeric muropeptides often reported in the literature."
2026-07-01,27,10.64898/2026.06.26.734559,1,bioinformatics,"MintCNA: A Unified Framework for Integrative Copy Number Profiling with Single-Cell Multi-Omics Data","Bao, W.; Qin, F.; Xiao, F.","Chromosomal copy number alterations (CNAs) are key drivers of tumor evolution, disease progression and therapeutic resistance, and the identification of them is an important step to delineate tumor clonal structure. However, accurately resolving CNA landscapes from single-cell data remains challenging. Most existing tools analyze one omics layer at a time and are susceptible to assay-specific noises, limiting their ability to recover shared or modality-specific CNAs. Recent single-cell multi-omics techniques enable joint sequencing of multiple molecular layers in the same cells, yet in silico methods that fully exploit such complementary multi-modal data for CNA analysis are still missing. Here we present a single-cell multi-omics integration framework, MintCNA, a unified framework for CNA detection from paired multi-omics data. MintCNA integrates traditional statistical modeling with embedded deep learning structure to enhance CNA profiling across multi-omics. We use an attention-guided convolutional autoencoder for data denoising and perform multivariate change-point detection utilizing a sliding-window screening and ranking procedure. Missingness-adjusted CUSUM statistics are constructed which jointly aggregate omics features by a data-adaptive projection to detect genome-wide chromosomal breakpoints. Across various simulations and applications to a colorectal cancer multi-omics dataset, MintCNA consistently outperforms existing single-omics CNA callers in detection accuracy. MintCNA provides a single-cell CNA tool that integrates paired scDNA-seq and scRNA-seq, supporting the study of intra-tumor heterogeneity and tumor evolution."
2026-07-01,27,10.64898/2026.06.26.734786,1,biophysics,"Tyrosine kinases sample unique activation ensembles","Zhu, Y.; Degiacomi, M. T.; Mey, A. S. J. S.; Singh, S.","Protein kinase activation is driven by conformational changes across multiple structural components, including the conserved Asp-Phe-Gly (DFG) motif, but whether these transitions follow a universal mechanism remains unclear. Here we combine over 8.3 milliseconds of distributed unbiased molecular dynamics simulations with Markov state models (MSMs) to compare the conformational landscapes of the ABL1, EGFR and MET kinase domains. To maximize unbiased sampling of functionally relevant conformational space, we use a transfer seeding strategy that steers AlphaFold2 models derived from homologous templates to sample MET conformational states absent from available experimental databases. We find that related DFG-motif geometries separate into distinct kinetic networks. These shared structural states are connected by kinase-specific activation pathways with different regulatory elements controlling the slowest step of activation. Our findings reveal that the shared nomenclature masks distinct transition mechanisms between kinase domains, revealing new regions critical for activity and targetable conformations for inhibitor design."
2026-07-01,27,10.64898/2026.06.26.734744,1,biophysics,"FPGA-based scanner and SerialEM server for 4D-STEM Electron Tomography","Seifer, S.; Elbaum, M.","Four-dimensional scanning transmission electron microscopy (4D-STEM) enables the acquisition of diffraction patterns at every probe position in a dense array. For imaging applications this approach offers significant benefits in terms of spatial resolution and contrast enhancement. In this work, we present the development of a synchronous scan generator integrated with SerialEM software to enable automation of complex experimental protocols such as tomography. The proposed hardware functions as an interface between SerialEM, the scan controls of the microscope, a fast annular dark-field detector, and a synchronized trigger for a pixelated detector. Our previous implementation, named SavvyScan, relied on a dedicated computer equipped with a multichannel acquisition and signal-generation cards, as well as a separate microcontroller for synchronization. Here, we report a low-cost implementation based on a Red Pitaya board, utilizing direct programming of its embedded FPGA and Linux server components. We provide detailed instructions for system installation and operation, along with practical guidance for modifying the source code. System performance is validated through oscilloscope measurements and imaging of a replica grating sample. The utility of the approach is further demonstrated by generating a 3D electron tomogram of a cryogenic sample of mitochondria from a tilt series of shadow montage projections."
2026-07-01,27,10.64898/2026.06.28.735056,1,immunology,"Novel human monoclonal antibodies with enhanced sensitivity for lipoarabinomannan antigens present in urines of TB patients","Choudhary, A. K.; Patel, D.; Honnen, W.; Kolloli, A.; Reichman, C.; Kaur, K.; Zheng, R. B.; Nakabugo, E.; Nasinghe, E.; Nakiyingi, L.; Lowary, T.; Pinter, A.","Lipoarabinomannan (LAM) is a useful biomarker for detection of M. tuberculosis infection and disease. Related antigens can be detected in urine samples of TB patients by combinations of monoclonal antibodies (mAbs) directed against specific epitopes expressed in LAM. While sensitive for samples from patients with active TB disease who have HIV-1 co-infections, these assays are less effective for other populations, and there is therefore a need for more sensitive antibodies that can improve the sensitivity of these assays. Here we characterize the antigen and epitope specificities, sequence diversity and isotype dependencies of eight LAM-specific human mAbs that target five distinct arabinose- and mannose-dependent epitopes present in LAM and lipoarabinomannan (LM). Whereas all of the mAbs recognized ManLAM, only a few, including A194-01, consistently detected antigens in TB+ urine samples. Converting A194-01 from the IgG1 to the IgM isotype resulted in broader recognition of poly-Ara glycan epitopes, and increased sensitivity for clinical antigens when combined with several capture reagents, including RU95-C1, a novel antibody targeting the mannan domain of LAM. These results define novel epitopes that are differentially expressed in bacterial and urinary forms of LAM, and identify novel antibody combinations which possess enhanced diagnostic utility for clinical forms of LAM."
2026-07-01,27,10.64898/2026.06.26.734379,1,genomics,"Pericystic brain transcriptomics reveals molecular signatures of immune activation and neurovascular remodelling in viable and post-treatment porcine neurocysticercosis","Apaza-Quiroz, C. A.; Rojas-Portocarrero, C. C.; Gutierrez Guarnizo, S. A.; Ponce-Nakatahara, E. K.; Bustos, J. A.; Arroyo, G.; Gilman, R. H.; Garcia, H. H.; Zimic, M.","Neurocysticercosis (NCC), the infection of the central nervous system by Taenia solium larvae, is a leading cause of acquired epilepsy in endemic regions. While viable cysticerci can persist asymptomatically for extended periods, their spontaneous or drug-induced degradation triggers marked perilesional inflammation and severe neurological symptoms. Despite well-documented histopathological characterisation of these lesion states, the host transcriptional programmes associated with viable parasite persistence and early post-treatment lesion disruption remain poorly understood. To address this gap, we performed the first bulk RNA sequencing of pericystic brain tissue using a physiologically relevant porcine model of NCC. Comparing uninfected controls (n = 3), infected untreated pigs with intact viable cysts (n = 6), and antiparasitic-treated pigs with disrupted cysts (n = 3), we identified distinct transcriptional signatures associated with each disease state. Viable infection was associated with broad transcriptional changes (461 upregulated and 175 downregulated genes), characterised by local immune activation alongside suppression of blood-brain barrier (BBB) remodelling, vascular, and neuronal signalling molecular signatures. The post-treatment state with confirmed BBB disruption was associated with a smaller but directionally distinct response (160 upregulated and 57 downregulated genes), marked by inflammatory signalling and increased expression of genes associated with endothelial activation, vascular regulation, and BBB-associated remodelling. Together, these findings suggest that, while immune engagement is a feature shared across both lesion states, the BBB-associated transcriptional axis shifts substantially following treatment. These results provide an exploratory transcriptomic framework for understanding parasite persistence, treatment-induced neuroinflammation, and neurovascular remodelling in NCC, and highlight candidate pathways and genes for future mechanistic investigation.  Author SummaryNeurocysticercosis is a major cause of epilepsy in regions where Taenia solium is endemic. Brain cysts can remain viable for long periods with limited symptoms, but parasite degeneration, whether spontaneous or drug-induced, can trigger damaging neuroinflammation. In this study, we used RNA sequencing in a pig model that closely resembles human disease to characterise how brain tissue responds to viable cysts and to early treatment-induced cyst disruption. We found that viable infection was associated with local immune activation alongside reduced expression of genes involved in blood-brain barrier function. Following antiparasitic treatment, disrupted lesions showed an increased expression of genes linked to vascular and barrier remodelling. These findings suggest that the host transcriptional environment changes substantially after parasite disruption, and highlight molecular pathways that may contribute to neuroinflammation, blood-brain barrier changes, and neurological disease in NCC. As an exploratory first transcriptomic survey in this model, these results provide a candidate framework for future studies aimed at identifying biomarkers and adjunctive therapeutic targets in NCC."
2026-07-01,27,10.64898/2026.06.26.734767,1,bioinformatics,"Direct probabilistic quantification of mosaic loss of chromosome Y from sequencing data","Lin, J.-R.; Chang, Y.-C.; Maslov, A. Y.; Song, Y.; Gao, T.; Shan, J.; Bennett, D. A.; Milman, S.; Barzilai, N.; Vijg, J.; Montagna, C.; Zhang, Z.","Loss of chromosome Y (LOY) is the most common aneuploidy in aging men and is increasingly recognized as a marker of aging and genomic instability. Because LOY occurs in mosaic form, its degree reflects the fraction of cells lacking the Y chromosome. Existing SNP-array- and sequencing-based methods rely largely on single genomic features and indirect transformations to estimate this fraction. We developed BaySeq-Y, a Bayesian method that directly estimates LOY mosaicism from sequencing data using VCF files with read depth (DP) and allelic depth (AD). Within a rigorous Bayesian framework, BaySeq-Y integrates complementary LOY-associated genomic features, including decreased read depth and allelic imbalance, and can additionally leverage haplotype phasing to improve precision. In simulations and fluorescence in situ hybridization validation (FISH), BaySeq-Y provided accurate estimates and outperformed existing methods. Applications to ROSMAP and GTEx supported its biological relevance through transcriptomic validation, demonstrating its utility for quantifying LOY across diverse sequencing datasets."
2026-07-01,27,10.64898/2026.06.26.732348,1,bioinformatics,"MCD Stitcher: An open-source tool for whole-slide stitching and conversion of Imaging Mass Cytometry data","Chaurasia, P.","Imaging Mass Cytometry (IMC) combines metal-tagged antibody labelling with laser ablation mass spectrometry to generate highly multiplexed spatial images of tissue sections. However, the area that can be acquired within a single region of interest (ROI) is limited by hardware and software constraints, requiring large tissues to be imaged as multiple tiled ROIs. Reconstructing these ROIs into whole-slide images requires additional processing, while the proprietary .mcd file format can hinder integration with standard bioimage analysis workflows.  Here, we present MCD Stitcher, an open-source Python package for converting .mcd files into OME-TIFF images with automated whole-slide stitching. The tool supports rectangular and polygonal ROIs, accommodates variable pixel sizes between ROIs, and uses memory-aware chunked reading during data ingestion to process large datasets on standard workstations. The generated OME-TIFF outputs preserve spatial, channel, and acquisition metadata for downstream analysis in tools such as QuPath, napari, and ImageJ/Fiji.  MCD Stitcher provides a reproducible workflow for converting raw IMC data into interoperable image formats, enabling whole-slide spatial analysis without reliance on vendor-specific software."
2026-07-01,27,10.64898/2026.06.26.734647,1,biophysics,"CryoGO enables high-resolution structural profiling of endogenous cellular macromolecules","Li, Y.; Zhang, Y.; Wu, C.; Zhu, C.; Xiong, Y.","Resolving macromolecular structures within their native cellular environment is essential for connecting molecular architecture to physiological function, yet the field lacks accessible, high-throughput methods for generating suitable specimens from cells. Here, we introduce cryoGO (on-Grid Opening cryo-electron microscopy), a simple, rapid, and scalable strategy that mechanically opens cells directly on EM grids to produce cell-derived specimens for high-resolution single-particle cryo-EM. This approach enables near-atomic structure determination of diverse endogenous macromolecular assemblies spanning a broad molecular-weight range. We show that cryoGO captures the rich ribosomal conformational and compositional landscape while preserving physiological state distributions and aspects of spatial heterogeneity originating from cells. Furthermore, this rapid workflow enables time-resolved structural profiling, capturing both long-term cellular adaptation and acute remodeling on timescales of seconds. Compatible with standard cryo-EM infrastructure and diverse biological samples, while requiring only small numbers of cells, cryoGO lowers the technical barrier to high-resolution native structural biology."
2026-07-01,27,10.64898/2026.06.26.732000,1,biophysics,"Molecular Basis of Core Fucosylation-Dependent Modulation of IgG1-FcCD16a Binding","Mani, N.; Polozova, A.; Chakraborty, S.","Core fucosylation of the IgG1 Fc N297 glycan is known to reduce binding affinity to the Fc{gamma}RIIIa (CD16a) receptor and attenuate antibody-dependent cellular cytotoxicity (ADCC), yet the structural mechanisms underlying this effect remain incompletely understood. Here, we use extensive all-atom molecular dynamics simulations to systematically investigate how Fc glycosylation modulates the structural, energetic, and dynamical landscape of the IgG1 Fc-CD16a complex across multiple systems with fucosylation and galactosylation. Relative binding free energy calculations reproduce experimentally established trends, showing that afucosylation consistently strengthens Fc-CD16a interactions. Mechanistically, dual fucosylation (on both Fc arms) increases inter-glycan packing between the Fc N297 glycans, restricts Fc glycan conformational sampling, and destabilizes the conformational organization of the CD16a N162 glycan. These glycan-mediated perturbations propagate to the protein interface. The result is reduced Fc-CD16a contact persistence, redistribution of energetically important residues away from the canonical binding interface, and broader, less stable receptor-bound conformational states. Dynamic cross-correlation analysis further reveals that afucosylated systems maintain substantially stronger coordinated motions across the Fc-CD16a assembly, whereas fucosylation disrupts long-range dynamic coupling between the receptor and antibody domains. Across these different energetic, structural, conformational, and dynamical readouts, fucosylation systematically shifts the Fc-CD16a assembly from a compact, interface-stabilized binding mode toward a more heterogeneous and weakly coupled receptor-bound ensemble. Together, our findings set forth a mechanistic basis for Fc glycosylation regulating receptor engagement through ensemble-level conformational and dynamical reorganization rather than simple local steric effects. These results provide mechanistic design principles for rational Fc glycoengineering and the development of therapeutic antibodies with enhanced effector functions. More broadly, this work highlights how glycan composition can be leveraged as a tunable molecular design parameter for engineering protein recognition, conformational stability, and immune effector function in therapeutic glycoproteins."
2026-07-01,27,10.64898/2026.06.26.734809,1,immunology,"Multi-compartment immune and tumor cell reprogramming by IFNa2 overcomes colon cancer immunotherapy resistance","Tiamiyu, Z.; Czabala, P.; Worthy, J.; Zarate, L. V.; Zheng, M.; Poschel, D. B.; Fick, K.; Yang, D.; Monnig, H. R.; Rashmi, R.; Bombin, S.; Redd, P. S.; Liu, K.","Tumor cell PD-L1 represses IFN signaling to limit anti-tumor immunity, despite an IFN-responsive immunophenotype predicting colorectal cancer response to immune checkpoint inhibitor therapy. Lipid nanoparticle (LNP)-encapsulated IFN2-encoding nanoplasmid (LNP-mIFN2) gene therapy suppresses tumor progression, however, the underlying mechanism and therapeutic trade-offs of the accompanying proinflammatory cytokine response triggered by nucleic acid delivery remain undefined. Here, we show that LNP-mIFN2 selectively transfects tumor cells to restore local IFN2 production in lung metastases, suppressing colon cancer lung metastasis in syngeneic and humanized mouse models and sensitizing tumors to ICI therapy. Efficacy required canonical IFNAR1 signaling, and was further enhanced by neutralizing co-induced IL6. Single-cell RNA sequencing revealed coordinated tumor microenvironment reprogramming with SPP1+ macrophages underwent apoptosis while incoming monocytes acquired an IFN-responsive identity, Tpex cells lost their quiescence program and expanded, and tumor cells lost their high-cycling phenotype while increasing antigen presentation and immune-cell-recruiting chemokines. Tumor cells also shifted away from a hypoxia/HIF-1-driven cuproptosis-resistance program, with increased Fdx1 and copper-importer expression and decreased metallothionein Mt1, suggesting sensitization to coproptosis pathway. The LNP-mIFN2-treated tumor microenvironment transcriptionally recapitulated T cell and myeloid signatures of pembrolizumab-responsive patients. Our findings establish LNP-delivered IFN2 as a multi-compartment TME regulator that reprograms myeloid suppression, reinvigorates exhausted T cells, and restores tumor immunogenicity.  Key pointsLNP-mIFN2 eliminates SPP1+ TAMs and reprograms monocytes to an IFN-responsive state LNP-mIFN2 relieves Tpex quiescence to expand Tpex and contract Tex-term cells Tumor cells lose a high-cycling state and a HIF1-driven cuproptosis-resistance phenotype LNP-mIFN2-reprogrammed mouse TME mirrors pembrolizumab-responsive human tumors"
2026-07-01,27,10.64898/2026.06.26.733622,1,immunology,"ARL15 promotes inflammatory fibroblast activation and disease severity in rheumatoid arthritis: integrated transcriptomic and collagen-induced arthritis model analyses","Kashyap, S.; Pandey, A. k.; Saini, M.; Vijaya, K.; Kunnoth, S.; Mahajan, P.; Kundu, S.; Kumar, U.; Thelma, B.","BackgroundADP-ribosylation factor-like protein 15 (ARL15) is a rheumatoid arthritis (RA) susceptibility gene identified through GWAS. Previous studies suggested a role for ARL15 in synovial fibroblast (SF) pathogenicity, but its contribution to inflammatory arthritis remains unclear. We investigated the inflammatory role of ARL15 and its therapeutic potential in RA.  MethodsARL15 was overexpressed in MH7A cells followed by bulk RNA sequencing and pathway enrichment analyses. Therapeutic relevance was evaluated in collagen-induced arthritis (CIA) mouse model using anti-ARL15 monoclonal antibodies, ARL15-targeting siRNA, or isoquinoline. Arthritis scores, histopathology, micro-CT and serum cytokines were assessed. Publicly available single-cell RNA sequencing (scRNA-seq) datasets were analyzed to determine ARL15 expression in RASF subsets.  ResultsARL15 overexpression induced a pro-inflammatory transcriptional program characterized by upregulation of IL1A, IL1B, IL6, IL8, CXCL1, CXCL10, and CCL20. Gene set enrichment analysis revealed activation of IL6-JAK-STAT, TNF, interferon-response, and KRAS signaling pathways, with suppression of oxidative phosphorylation, lipid metabolism, and mTORC1 signaling. In CIA mice, ARL15 inhibition significantly reduced arthritis severity, inflammatory infiltrates, and joint destruction while preserving cartilage and bone integrity. Serum TNF-, IL-6, and IL-1{beta} levels were markedly decreased following ARL15 blockade. Combination monoclonal antibody treatment demonstrated the greatest therapeutic benefit. scRNA-seq analysis showed broad ARL15 expression across RA fibroblast populations, with enrichment in inflammatory lining and SF subsets.  ConclusionsARL15 is a pro-inflammatory regulator of SF activation and arthritis progression. Integrated transcriptomic, single-cell, and in vivo analyses identify ARL15 as a therapeutic target for RA and support further translational development of ARL15 based therapies."
2026-07-01,27,10.64898/2026.06.26.734859,1,immunology,"Viral capsid delivery of cGAMP enhances STING-dependent antitumor immune response","Huang, P.; Jo, Y.; Martin, H. S.; Luteijn, R. D.; Raulet, D. H.; Francis, M. B.","Therapies to activate the STING immune response pathway represent promising potential anticancer treatments. However, the native STING activating molecule, 2,3-cGAMP, is a poor drug candidate due to its susceptibility to nuclease degradation and its relatively poor cell uptake. In this study, we present a nanoscale delivery vehicle based on the bacteriophage MS2 virus-like particle that can both protect cGAMP and deliver it into cells to access and bind cytosolic STING. MS2-delivered cGAMP achieved greatly increased STING activation potency relative to both free cGAMP and a nuclease-resistant synthetic cGAMP analog. In an in vivo murine colon carcinoma model, MS2-cGAMP elicited significant and prolonged antitumor activity in a STING-dependent manner at 50-fold lower concentrations relative to free cGAMP and synthetic analogs. These results demonstrate that MS2 delivery of cGAMP can yield a highly potent STING agonist immunotherapy with in vivo anticancer activity."
2026-07-01,27,10.64898/2026.06.26.734820,1,immunology,"CD56dimCD16dim NK cells are the dominant effector cells against HIV-infected primary T-cells","Howell, W.; Branch, C.; Ward, J.; Davis, Z.; Geatches, E.; Barker, E.","Despite being rare among circulating natural killer (NK) cells and expressing 10-fold less CD16 than the predominant CD56dimCD16bright population, CD56dimCD16dim NK cells are expanded in HIV long-term elite controllers, yet their capacity to kill HIV-infected cells remained untested. Here, we show that these rare cells are the dominant effectors against HIV-infected T-cells, mediating approximately 4-fold higher direct cytotoxicity and 3-4-fold higher antibody-dependent cellular cytotoxicity (ADCC) than CD56dimCD16bright cells, and serially engaging multiple targets. This advantage is intrinsic, unexplained by cytotoxic granule content or inhibitory receptors recognizing MHC class I. Direct killing depends on NKG2D recognition of Vpr-induced ligands, with NKG2D elevated on CD56dimCD16dim cells; ADCC requires both NKG2D and ADAM17-mediated CD16 turnover for serial engagement. These findings explain the elite-controller reorganization, reveal that NK effector dominance is target-tuned rather than fixed (CD56dimCD16negative cells dominate against K562 cells), and identify high-NKG2D CD56dimCD16dim cells as the effector population HIV therapies should reproduce."
2026-07-01,27,10.64898/2026.06.26.733976,1,genomics,"Nitrogen use efficiency in pigs is associated with transcriptomic signatures related to amino acid metabolism, immune activity, and nutrient partitioning","Monney, B.; Ewaoluwagbemiga, E. O.; Kasper, C.","Dietary protein restriction challenges the allocation of amino acids to growth and other physiological functions and therefore requires coordinated metabolic adaptation. Domestic pigs provide an informative system in which to study such responses, because nitrogen retention directly affects lean growth and can be quantified accurately under controlled feeding and housing conditions. Under reduced-protein diets, pigs differ in how effectively they retain nitrogen, and this variation has a genetic basis, making them well suited to investigate the molecular regulation of nitrogen use efficiency (NUE). Here, we characterise differential gene expression and enriched pathways in liver and skeletal muscle of more than 80 pigs with two divergent NUE phenotypes (high and low) maintained under the same protein-reduced, ad libitum dietary conditions. The two NUE phenotypes were clearly distinct at the transcriptomic level, with 177 differentially expressed genes in the liver and 133 in the muscle. In the liver, differential expression and enrichment analyses indicate reduced amino acid catabolism, lower inflammatory and detoxification activity, and a metabolic state that favours lipid processing and insulin-related regulation over the use of amino acids as energy sources. In skeletal muscle, they point to reduced lipid uptake, lower reliance on amino acid oxidation, and a greater emphasis on protein synthesis, translational regulation, mitochondrial energy metabolism, and growth-related processes. These gene-level patterns were supported and extended by pathway and gene-set enrichment analyses. Together, the results suggest that high and low-NUE pigs differ through coordinated, tissue-specific molecular adaptations. Overall, variation in NUE appears to reflect coordinated, tissue-specific differences in how nutrients are allocated between energy use, storage, and lean tissue growth."
2026-07-01,27,10.64898/2026.07.01.735766,1,biochemistry,"Deciphering the nucleotide driven kinetic and oligomeric dynamics in IMPDH regulation","Ayoub, N.; Raynal, B.; Gelin, M.; Labesse, G.; Haouz, A.; Munier-Lehmann, H.","Inosine monophosphate dehydrogenase (IMPDH) controls guanine nucleotide biosynthesis. Here, using biochemical and integrative structural biology approaches, we characterize the class II bacterial IMPDH from Burkholderia thailandensis. We demonstrate that MgGTP acts as a direct allosteric inhibitor independently of MgATP, promoting tetramer-to-octamer assembly via the Bateman domain. When both nucleotides are present, the enzyme exhibits a biphasic response: low MgGTP concentrations enhance activity, whereas higher concentrations restore inhibition. Structural analyses reveal distinct octameric conformations and capture a pre-catalytic Michaelis complex with substrates and effectors bound. These findings uncover a regulatory mechanism where the Bateman domain integrates opposing nucleotide signals to dynamically control guanine nucleotide biosynthesis, highlighting IMPDH as a potential antimicrobial target in pathogenic Burkholderia species."
2026-07-01,27,10.64898/2026.07.01.735776,1,biochemistry,"DESI-MS-Based Analysis of Drug Distribution in Human Renal Cystic Tissue Using the Chorioallantoic Membrane (CAM) as a 3D In Vivo Model","Dettmer, K.; Hehemann, A. M. E.; Schueler, J.; Heckscher, S.; Gross, V.; May, M.; Nuebel, B.; Wullich, B.; Buchholz, B.; Werner, J. M.; Jantsch, J.; Gronwald, W.; Takats, Z.; Oefner, P. J.; Schmidt, K. M.; Haerteis, S.","The chorioallantoic membrane (CAM) model represents a promising three-dimensional in vivo platform for preclinical drug testing in human tissues. In this study, we investigated whether the tissue penetration and distribution of benzbromarone, a known inhibitor of the Ca2+ activated chloride channel TMEM16A and potential therapeutic agent for autosomal dominant polycystic kidney disease (ADPKD), can be successfully visualized in human renal cyst tissue cultured on the CAM. To this end, desorption electrospray ionization mass spectrometry imaging (DESI-MSI) combined with an ultrahigh-resolution time-of-flight mass spectrometer was employed. We achieved spatially resolved molecular mapping of endogenous metabolites and lipids as well as the applied compound.  MSI enabled clear differentiation between CAM and cystic tissue based on their distinct lipid profiles. Benzbromarone was reproducibly detected in the cyst specimens and exhibited selective accumulation along the cyst epithelium, which is considered the principal site of action. These observations were complemented by multivariate analyses including Uniform Manifold Approximation and Projection (UMAP), and sparse multinomial logistic zero-sum classification. The data-driven approach confirmed molecular differences between tissue types and allowed accurate classification of drug-treated and untreated regions.  This study demonstrates that topically applied benzbromarone penetrates human renal cyst tissue in the CAM model and localizes to pharmacologically relevant tissue regions, notably the location of the Ca2+ activated chloride channel TMEM16A in the epithelial lining. The integration of high-resolution DESI-MSI with advanced statistical analysis provides a robust and label-free method to study drug distribution in human tissue grafts. Our findings contribute to the advancement of translational research in analytical chemistry and pharmacology."
2026-07-01,27,10.64898/2026.06.30.735289,1,microbiology,"Population dynamics of Pelagibacterales clonal lineages: ecological-consortia and frequency modulation","Rodriguez-Valera, F.; Haro-Moreno, J. M.; Martin-Cuadrado, A.-B.","Pelagibacterales gMED is the dominant epipelagic genomospecies in the western Mediterranean Sea. We used the O-chain biosynthesis gene clusters, OBCs, as clonal barcodes to analyse strain-level population structure. In total, 385 OBC-defined clonal lineages were tracked across Mediterranean metagenomes spanning 14 years and depths from 5 to 90 m within the photic zone, with between 128 and 336 detected per metagenome. The relative conservation of dominant OBC types across years, seasons, and geographic locations indicated a persistently high and stable clonal diversity."
2026-07-01,27,10.64898/2026.06.30.734947,1,microbiology,"Characterization of Chromium-Resistant and Reducing Bacteria from Poultry Litter Ecosystems","Zerin, T.; Bethe, M. I.; Sultana, S.; Aktar, S.; Akter, M.; Masud, A. I.; Osail, S. M.","Compact poultry raising has turned poultry litter into an environmental problem, as it may all be packed with heavy metals and drug-resistant germs. Of all the metals, chromium contamination not only disturbs the general environment but is also a source of concern for public health. Poultry litters were taken from 14 farms in different places, and the bacteria characters from different places were tested for their capacity to tolerate Cr(VI). A total of 31 bacterial isolates were initially screened, and three of them (AH-2, AZ-1, and AMF-3) appeared to be very resistant to chromium. The isolates were able to survive at the highest concentration, 800 mg/L of the Cr(VI); however, AH-2 was the most resistant one (MIC: 900 mg/L; MBC: 1000 mg/L). Chromium reduction tests showed that AMF-3 at high concentration showed the maximum chromium reduction, while AH-2 achieved higher chromium reduction at medium concentration. Phenotypic and biochemical analysis showed that the isolates were Staphylococcus spp., which was confirmed by 16S rRNA gene sequencing as S. cohnii, S. saprophyticus, and S. gallinarum. Moreover, chromium was detected at higher levels in poultry litter compared to the feed, with the highest accumulation in AZ farm litter (4464.0 g/kg). The highlighting feature of our article is the presence of chromium-tolerant and reducing bacteria in poultry environments. Besides that, the level of chromium in poultry litter is really high, and it points to the need for better waste management."
2026-07-01,27,10.64898/2026.07.01.735774,1,microbiology,"ABCE1-dependent translational control links Fe-S cluster biogenesis to parasite growth and lipid homeostasis in Toxoplasma gondii","Maupin, A. J. M.; Gonzalez Durany, M.; Renaud, E. A.; Graindorge, A.; Demolombe, V.; Berry, L.; Rofidal, V.; Besteiro, S.","Toxoplasma gondii relies on tightly regulated protein synthesis to adapt to diverse host environments and to progress through its developmental stages. Here, we investigated the role of the ATP-binding cassette protein ABCE1, a broadly-conserved factor involved in ribosome recycling and translational control. Using a conditional knockdown approach, we demonstrate that depletion of TgABCE1 severely impairs parasite growth and disrupts global protein synthesis, confirming its essential role in maintaining translational capacity. TgABCE1 function depends on the incorporation of iron-sulfur (Fe-S) clusters, likely mediated by the cytosolic iron-sulfur assembly (CIA) pathway component HCF101. Depletion of TgABCE1 phenocopies the defects observed in TgHCF101-depleted parasites, supporting a functional link between these proteins. Notably, loss of TgABCE1 also disrupts lipid homeostasis, resulting in the accumulation of lipid droplets. Together, these findings uncover a critical link between translational regulation, Fe-S cluster biogenesis, and lipid homeostasis, highlighting the central role of proteostasis in parasite survival and development."
2026-07-01,27,10.64898/2026.07.01.735803,1,microbiology,"Boosting carbon fixation and microbial dynamics in the coastal sediment ecosystem through large-scale cultivation of Gracilariopsis lemaneiformis","Pei, P.; Chen, Y.; Aslam, M.; Wu, C.; Zeng, W.; Du, H.","Microorganisms are the key drivers of carbon cycling in coastal marine sediment ecosystems, significantly influencing carbon storage and release during Gracilariopsis lemaneiformis cultivation. This study employed 16S rRNA sequencing, a high-throughput qPCR chip, and carbon isotope labeling to assess the impact of G. lemaneiformis cultivation on carbon cycling processes in coastal sediments. A comparative analysis was conducted between cultivated zones (GZ) of G. lemaneiformis and adjacent control zones (CZ). The results indicated that macroalgae cultivation significantly modified sediment-seawater exchange dynamics and accelerated carbon cycling within coastal marine sediment ecosystems. Furthermore, G. lemaneiformis cultivation increased the abundance of genes linked to polysaccharide degradation and carbon fixation pathways, thereby enhancing carbon cycling efficiency. The ecosystem multifunctional index, calculated based on carbon fixation gene abundance, was significantly higher in GZ compared to CZ. Incubation experiments using 13C-NaHCO3 demonstrated that cultivation markedly elevated the carbon fixation rate of sediment, emphasizing a higher potential for carbon sequestration in sedimentary environments cultivated with macroalgae. Additionally, cultivation significantly altered sediment microbial communities, simplifying their structural complexity. Key microbial taxa identified via k-core species analysis--including Subgroup10 of Desulfobacterota and MBNT15, correlated strongly with carbon fixation rates, indicating their pivotal roles in sediment carbon cycling processes. This study provides critical insights into how large-scale macroalgae cultivation influences coastal carbon dynamics and informs strategies for optimizing carbon management in aquaculture ecosystems."
2026-07-01,27,10.64898/2026.06.30.735675,1,microbiology,"Bacterial and human exonucleases mediate interkingdom antiviral immunity","Santos, C. R.; El-Guindy, A.; Embry, A.; Martin, A. E.; Alto, N. M.; Gammon, D. B.; Forsberg, K. J.","All kingdoms of life have developed strategies to limit viral infection. In humans, interferons induce a suite of antiviral factors that collectively provide immunity. Some human immune genes are homologous with antiphage defense genes in bacteria, though the extent of this overlap is not known. Here, we screened a panel of human innate immune genes for phage defense in Escherichia coli and found that the RNA exonuclease ISG20 potently restricts the RNA phages MS2 and Q{beta}. Purified ISG20 trims the 3-prime untranslated regions (UTRs) of RNA phage genomes, explaining its ability to block phage replication in E. coli. Homologs of ISG20 from bacteria function similarly, exhibiting nuclease-dependent antiphage defense in bacteria and UTR-trimming in vitro. When expressed in human cells, these bacterial exonucleases also restrict human RNA viruses with similar potency as the human antiviral protein ISG20. Thus, antiviral genes from both humans and bacteria can function interchangeably. This bidirectional, interkingdom immunity suggests that viral targets overlap, implying that both bacterial and human factors recognize ancient features of RNA viruses."
2026-07-01,27,10.64898/2026.06.30.735446,1,microbiology,"Mutations in mfd cause Staphylococcus aureus mucoid hyper-biofilm phenotype in chronic rhinosinusitis","Houtak, G.; Monk, I. R.; Awad, M.; Nepal, R.; Ramezanpour, M.; Psaltis, A. J.; Wormald, P.-J.; Bouras, G.; Stinear, T. P.; Vreugde, S.","Chronic Rhinosinusitis (CRS) is a common chronic inflammation of the paranasal sinus mucosa. Staphylococcus aureus contributes to its severity through biofilm formation. In this study, we isolated eight sequential methicillin-resistant S. aureus (MRSA) isolates from a patient with severe CRS over a period of 672 days (T1-T8). The isolates were phenotypically and genomically characterised, and the extracellular biofilm proteome analysed. We identified an accumulation of mutations that included the acquisition of an IS21 family insertion sequence inactivating the icaR gene and nucleotide variants in various genes including the transcription repair coupling factor (mfd). The genomic changes were associated with a switch to a mucoid phenotype from T3 onwards (Day 178), with a significant increase in biofilm-forming capacity and the secretion of multiple enterotoxins. Targeted mutagenesis confirmed mfd is a regulator of strain mucoidy with enhanced biofilm and enterotoxin production. These findings support mfd as a target for novel anti-virulence therapies."
2026-07-01,27,10.64898/2026.06.29.735370,1,microbiology,"Quantifying the mechanisms of vaccine-induced serotype replacement in Streptococcus pneumoniae using genome-informed modelling","Assad, Z.; La, k.; Levy, C.; Cohen, R.; El Mniai, A.; Fafi, I.; Valtuille, Z.; Bechet, S.; Corrard, F.; Werner, A.; Rodriguez, C.; N'Debi, M.; Lo, S. W.; Blanquart, F.; Osei, L.; Jaboyedoff, M.; Angoulvant, F.; Bonacorsi, S.; Bidet, P.; Birgy, A.; de Pontual, L.; Basmaci, R.; Varon, E.; Morel-Journel, T.; Ouldali, N.","Streptococcus pneumoniae is a colonizer of the childs nasopharynx and a leading cause of invasive pneumococcal disease (IPD). Despite widespread use of pneumococcal conjugate vaccines, recent rebounds in IPD incidence have coincided with serotype replacement. Whether this phenomenon is driven by the replacement of serotypes within lineages or the replacement of the lineages themselves is unclear. Here, we quantified the relative contribution of these two mechanisms to serotype replacement in carriage and their consequences for IPD. We combined nationwide longitudinal surveillance of carriage and IPD in children from 2002 to 2023 with whole-genome sequencing. Observed lineage-specific carriage rates across PCV-related periods were fitted with polynomial logistic regression and compared with two counterfactual scenarios, each isolating one mechanism with: (i) fixed serotype composition within varying lineages and (ii) serotype shifts within fixed lineage carriage rates over time. Carriage dynamics were consistent with an 82% contribution of serotype shifts within persistent lineages. Estimates of serotype-specific IPD incidence derived from this predominant scenario correlated with observed IPD trends. These findings quantify the dominant role of serotype replacement within persistent lineages, disentangling the vaccine-driven adaptive history of S. pneumoniae."
2026-07-01,27,10.64898/2026.07.01.735841,1,microbiology,"Delayed onset and heterogeneous collective organization characterize twitching motility in Acinetobacter baumannii","Dessenne, C.; Henriques, A.; Vidal, O.; Dauvillee, D.; Rossez, Y.; Couseaux, A.; Spriet, C.","Type IV pili (T4P) mediate twitching motility and contribute to surface colonization, biofilm formation, and host interactions in Acinetobacter baumannii. However, the prevalence, dynamics, and diversity of twitching motility across A. baumannii populations remain poorly understood. Here, we compared twitching motility in a collection of 35 A. baumannii strains originating from clinical, environmental, and animal sources, using Pseudomonas aeruginosa PAO1 as a reference. Standardization of assay conditions revealed a strong influence of agar composition on twitching motility, with Eiken agar supporting the most robust surface translocation. Under these conditions, 14 of 35 A. baumannii isolates exhibited detectable twitching motility. Time-lapse microscopy revealed major differences between A. baumannii and P. aeruginosa. Whereas PAO1 initiated twitching within minutes after inoculation and formed characteristic multicellular rafts, motile A. baumannii strains displayed a prolonged non-motile phase before movement initiation and exhibited distinct patterns of collective organization. Two major expansion phenotypes were identified, termed Homogeneous Front (HF) and Raft-Like Front (RLF), together with Early-Onset Motility (EOM) and Delayed-Onset Motility (DOM) subgroups. Quantitative analyses further revealed substantial variation in speed, directional persistence, and migration dynamics among strains. Because a majority of isolates were non-motile, we investigated the contribution of the minor pilin FimT. Although deletion of fimT abolished twitching motility and specific substitutions modulated motility efficiency, sequence variation in FimT alone could not account for the observed phenotypic diversity. Collectively, these findings reveal extensive heterogeneity in T4P-mediated surface motility in A. baumannii and identify delayed twitching activation and distinct collective migration strategies as key features of surface colonization in this species.  HighlightsO_LIPopulation analysis reveals extensive twitching diversity in A. baumannii C_LIO_LIDelayed motility onset distinguishes A. baumannii from P. aeruginosa C_LIO_LIHomogeneous and raft-like fronts define distinct migration strategies C_LIO_LIFimT contributes to motility but not all non-motile phenotypes C_LI"
2026-07-01,27,10.64898/2026.07.01.735768,1,microbiology,"Stress-induced Membrane Insertion at the β-Barrel Assembly Machinery Complex Regulates BepA Metalloprotease Activity","Voedts, H.; Nguyen, P. C.; Nguyen, V.-S.; Leverrier, P.; Iorga, B. I.; Cho, S.-H.; Remaut, H.; Collet, J.-F.","Proteases must be tightly regulated to prevent uncontrolled degradation, yet the mechanisms ensuring such control remain poorly understood. Members of the widespread M48 metalloprotease family are kept inactive by an autoinhibitory plug that blocks catalytic water activation, but how this plug is released was unknown. Here, using genetic, biochemical and cryo-EM approaches, we discover the activation mechanism of BepA, a quality-control protease that preserves outer membrane integrity by surveilling the {beta}-barrel assembly machinery (BAM) in Gram-negative bacteria. Our cryo-EM analysis of BepA engaged with a stalled BAM-substrate assembly complex revealed that a flexible, unstructured 6-lid covering the active site in the latent protein functions as a molecular harpoon, inserting into the outer membrane when a substrate stalls at BAM and thereby docking BepA at the complex. This membrane anchoring promotes displacement of the autoinhibitory plug and unlocks protease activity precisely where and when it is needed. Thus, a dual enzyme activation mechanism is coupled to membrane association under stress, ensuring that BepA remains inactive until properly localized. Our findings reveal how membranes themselves can license protease activation, a principle that may extend beyond M48 metalloproteases."
2026-07-01,27,10.64898/2026.06.29.735005,1,microbiology,"Data selection choices influence the inferred movement patterns of Plasmodium sporozoites in skin","Biswas, S.; Hurtado, E.; Ganusov, V. V.","Motility of Plasmodium sporozoites (SPZs) in the skin is a key determinant of successful host infection. Earlier studies have described rapid movement of both murine and human SPZs in skin following syringe inoculation. It is typical to classify SPZ trajectories into ""motile"" and ""immotile"" and restrict the analysis of movement patterns to motile SPZs. Because criteria to define motile SPZs are dependent on the study and are often qualitative, it remains unclear if sub-selection of motile tracks introduces biases in characterization of SPZ movement in vivo. We processed imaging data (22 movies) from a recent study of movement of P. falciparum (Pf) and P. yoelii (Py) SPZ in skin. We proposed a novel metric - maximal spatial spread (MSS or S) -- that is the maximum Euclidean distance between any two recorded positions in a trajectory. We used MSS to classify SPZ trajectories as immotile (S [&le;] Sthreshold) or motile (S > Sthreshold) for a given threshold value Sthreshold. Larger Sthreshold values naturally resulted in a smaller fraction of tracks classified as motile, and subsequently, in an increased overall displacement, instantaneous and mean speeds, decreased mean turning angle, and higher initial slopes of the mean squared displacement (MSD) curves. We found that at intermediate values of Sthreshold Pf SPZs had a lower average speed than Py SPZs suggesting that host environment may impact SPZ movement. Both species exhibited a small but statistically significant decline in average speed with time after inoculation but this was also dependent on the Sthreshold value. Our analysis of MSD curves and turning angle distributions suggests that both Pf and Py SPZs undergo correlated random walks - a type of Brownian walk with short-term superdiffusive displacement. By using a novel methodology of hidden Markov models (moveHMM package in R) we found that SPZ movement is best described by three movement states; however, none of these states corresponded to previously described circling gliding. Taking together, our results suggest that inference of SPZ movement patterns depends on the criteria used to define tracks as motile or immotile. Standardized preprocessing criteria are therefore important when comparing motility across Plasmodium species, experimental time points, or laboratories. Analysis of turning angle distributions and application of hidden Markov models provided additional metrics to quantify distinct modes of SPZ movement in vivo."
2026-07-01,27,10.64898/2026.06.29.735237,1,microbiology,"Site, Fertilization and Season Structure the Soil Microbiome and its Interactions with Bdellovibrio and Like Organisms Predators","Kumari, A.; Lood, R.; Matan, O.; Cytryn, E.; Laor, Y.; Eshel, G.; Jurkevitch, E.","The contribution of predation between bacteria to microbial community dynamics in agricultural fields has hardly been investigated. Here. dynamics of general prokaryotes (GEP) and of the predators Bdellovibrionales (Bd) and Bacteriovoracales (Bac) (Bdellovibrio-and-Like Organisms, BALOs) were studied in two agricultural fields differing in organic and mineral input regimes, for one year. Season, but not fertilization, affected absolute sizes of GEP and of BALO communities. 16S rRNA gene community analysis identified numerous novel Bd and Bac lineages, with none of the dominant BALOs related to characterized isolates. A few dominant BALO amplicon sequence variants (ASVs) persisted year-round, whereas others showed seasonal- or treatment specific responses. GEP, Bd, and Bac ASV a-diversity was mostly influenced by season, with some changes due to fertilization in Bd, and Bac communities. Seasonal changes, site, and fertilization regimes influenced -diversity of GEP, Bd and Bac communities and determined the structure of BALO-gram-negative bacteria interaction networks, signaling that niche segregation acts at the microbiome-BALO interface. Accordingly, we suggest that shifts in GEP community structure triggered by environmental changes and agricultural practices cascade to BALO predators, in turn affecting BALO-microbiome interactions. These dynamics may be harnessed to manipulate the soil microbiome to benefit sustainable environmental and agricultural outcomes.    O_FIG O_LINKSMALLFIG WIDTH=200 HEIGHT=119 SRC=""FIGDIR/small/735237v2_ufig1.gif"" ALT=""Figure 1""> View larger version (30K): org.highwire.dtl.DTLVardef@11ff7corg.highwire.dtl.DTLVardef@19c2c14org.highwire.dtl.DTLVardef@120f51org.highwire.dtl.DTLVardef@1abb1c0_HPS_FORMAT_FIGEXP  M_FIG C_FIG The soil microbiome and the microbial predators Bdellovibrio and Like Organisms (BALOs) are influenced by environmental parameters (season) and agricultural practice (fertilization) in their population dynamics, diversity and interactions. BALO diversity is high, and novel clades are found with BALOs differing in abundance and persistence. Microbiome-BALO interactions suggest environment and agricultural practice-dependence of niche segregation in BALOs. BALOs - and other micro-predators- may thus be integrated in the development of soil microbiome manipulations for environmental and agricultural applications."
2026-07-01,27,10.64898/2026.06.30.735391,1,microbiology,"Phycosphere-associated bacteria differentially impact accessibility of dust-bound iron to model diatom Phaeodactylum tricornutum","Coffey, N. R.; Newell, B. N.; Manning, K.; Rolison, K. A.; Mayali, X.; Stuart, R. K.; Boiteau, R. M.","In marine ecosystems, phytoplankton growth is frequently limited by iron, a micronutrient, due to its poor solubility from major sources such as atmospheric dust. Many phytoplankton cannot access dust-bound iron independently, and processes that solubilize this iron remain poorly understood. Here, we investigated whether bacterial partners can enhance phytoplankton growth under iron-limited conditions by facilitating utilization of dust-bound iron. Our study focused on Phaeodactylum tricornutum, a model diatom that is adapted to low iron growth conditions, grown in co-culture with bacteria isolated from its phycosphere. In iron-limited experiments using mineral dust as the sole iron source, the addition of Marinobacter significantly enhanced diatom growth compared to axenic controls, whereas Stappia significantly suppressed it. However, under iron-replete conditions, neither bacterium affected growth. These results indicated that under low-iron conditions, Marinobacter actively alleviates iron deficiency. Co-cultured bacterial cell abundances remained at least an order of magnitude lower than diatom cells. Marinobacter also enhanced algal growth within days of dust addition to established Fe-limited co-cultures, indicating its beneficial effect on P. tricornutum was not unique to a system in which it was newly introduced. Exometabolomic profiling comparing the axenic diatom and co-cultures revealed a suite of condensed aromatic organosulfur and peptide-like compounds associated with bacterial presence, as well as compounds that appeared to be unique to each co-culture, hinting at a molecular underpinning of each strains impact. Our findings demonstrate that low-abundance members of the phycosphere community can have a significant impact on host growth by modulating the accessibility of dust-bound Fe."
2026-07-01,27,10.64898/2026.07.01.735832,1,microbiology,"The natural history of bacterial bloomers in a decade-long time series","Deulofeu Capo, O.; Garcia-Comas, C.; Rey-Velasco, X.; Auladell, A.; Logares, R.; Garces, E.; Ferrera, I.; Sanchez, O.; Gasol, J. M.; Sebastian, M.","Bacterial bloomers--populations that experience rapid and significant increases in abundance in response to environmental triggers--briefly dominate marine microbial communities, potentially impacting the ecosystem by channeling large amounts of nutrients and affecting carbon fluxes. Due to their ephemeral nature, bacterial bloomers are challenging to capture, and it remains unknown whether they are restricted to specific taxonomic groups or whether they exhibit recurrent patterns. We analyzed a decade-long time series from the Blanes Bay Microbial Observatory (BBMO, NW Mediterranean Sea) to investigate bacterial bloomers in two size fractions (free-living (0.2-3 {micro}m) and particle-attached (3-20 {micro}m) communities. We identified 57 Amplicon Sequence Variants (ASVs), less than 1% of the total bacterial richness, exhibiting recurrent or chaotic blooming-like behavior. Bloomers spanned diverse phyla, though some taxonomic coherence appeared within families containing multiple blooming taxa. Monthly sampling detected bloom events on average 4.6 {+/-} 1.9 times per year across both size fractions. Once seasonality was accounted for, blooms showed weak associations with biological and physicochemical variables, likely a consequence of monthly sampling resolution. Nonetheless, a marked shift in the blooming community within the particle-attached size fraction coincided with ecosystem disturbances from the nearby harbour restoration, suggesting that bloomers may act as disturbance sentinels. Metagenomic data showed that blooms led to marked shifts in the community functional potential. Overall, our findings underscore the importance of investigating bloom dynamics to understand microbial contributions to biogeochemical cycles and stress the need for higher-frequency sampling to accurately capture these transient but ecologically relevant events."
2026-07-01,27,10.64898/2026.06.30.735679,1,microbiology,"Adaptation of Methylobacterium extorquens to alternating carbon sources identifies the regulator CstR as an intersectional hub of cellular carbon metabolic dynamics and stress response","Bruger, E. L.; Ikobe, I.; Hellenbrand, C. N.; Zigmund, U.; Bazurto, J. L.","Bacteria frequently face challenges adapting to changing environmental conditions, such as shifting resource utilization, to survive and thrive. Methylotrophs capable of growth on reduced single-carbon compounds are prevalent in the phyllosphere (aerial plant surfaces), where they face continual and predictable shifts in the availability of different plant-produced carbon sources. We examined the ability of the methylotroph Methylobacterium extorquens PA1 to adapt to repeated shifts between two different carbon and energy sources: the one-carbon compound methanol and the multi-carbon organic acid succinate, both present in the phyllosphere. Evolved lineages of wild-type cells all increased their capacity for rapid transition between the carbon sources through high frequencies of loss-of-function mutations affecting a previously uncharacterized gene, named cstR for carbon source transition regulator, which encodes an orphan single-domain response receiver. Characterization showed that mutant strains were more competitive bidirectionally in the succinate-methanol transition. Though evolved populations of the {Delta}efgA and {Delta}ttmR strains, which are defective in the succinate-to-methanol transition, experienced similar phenotypic improvements in carbon-source transitions, we did not observe cstR mutations rise to prominence as extensively or frequently in these lineages.  Transcriptomic work revealed loss-of-function to cstR impacted expression of genes involved in motility/chemotaxis, energy metabolism, and stress response, among others, suggesting that it coordinates responses to metabolic cues that are prevalent in certain carbon source and growth phase transitions. Loss of cstR function did not compromise exogenous formaldehyde tolerance in the {Delta}efgA and {Delta}ttmR mutants, breaking a previously described tradeoff between these two phenotypes. However, this loss did lead to defects under exposure to certain stressors, including heat, desiccation, oxidative stress agents, and particularly pH stress. Altered levels of NAD+/NADH across conditions, improved growth under acidic pH, and diminished ATP and increased mortality under heightened pH together support a model where CstR is responsible for coordinating cell signaling to manage the balance between growth and maintaining stress resilience.  ImportanceThe ability of heterotrophic bacteria to navigate transitions between different carbon sources is critical to their growth and success. Facultative methylotrophs can grow upon multiple types of carbon sources, including reduced single-carbon compounds, and frequently exist in host-beneficial associations on the leaf surfaces of plants. The exposure to the methylotrophic substrate methanol is known to come in temporal bursts for bacteria residing in the phyllosphere. The utilization of methanol is accompanied by obligatory conversion and exposure to the toxic compound formaldehyde. We sought to investigate the capacity of Methylobacterium extorquens to adapt to repetitive transitions between multi-carbon succinate and single-carbon methanol, and in the process identified a novel signaling protein: a single-domain response regulator receiver that mediates cellular growth response to carbon source transitions, at the cost of resistance to certain stressors including oxidative stress and alkaline pH exposure."
2026-07-01,27,10.64898/2026.06.30.735665,1,microbiology,"Environmental Drivers and Distribution of Pathogenic Vibrio Species in the Teign Estuary, UK","Boote, H.; Coyle, N. M.; Forde, A.; Alexa, I.; Burchell, M.; Reynolds, S.; Studholme, D. J.; Wagley, S.","Climate-driven increases in sea surface temperature have been associated with the expansion of Vibrio species and a corresponding rise in vibriosis cases in both human populations and aquaculture systems. Coastal waters across the south of England are increasingly becoming suitable for the growth and establishment of both human- and aquaculture-associated Vibrio species, potentially increasing vulnerability to the types of infections and disease outbreaks already reported elsewhere in the world. In this study, we report the presence of a diverse and well-established Vibrio community within the Teign Estuary, (Southwest, UK), including the human-pathogenic species V. parahaemolyticus, V. cholerae (non-O1/non-O139), V. alginolyticus, and V. diabolicus, as well as the important aquaculture pathogens V. jasicida, V. aestuarianus, and V. anguillarum. We identified V. diabolicus, a species that was indistinguishable from V. alginolyticus using conventional biochemical identification methods and could only be accurately resolved by whole-genome sequencing and developed novel PCR targets to differentiate these species in the lab. Using the insect infection model Galleria mellonella, we demonstrate that environmental isolates of V. cholerae (non-O1/non-O139), V. parahaemolyticus, and V. alginolyticus possess virulence potential. We also investigated the effects of sewage effluent on the growth of Vibrio isolates from the Teign Estuary and found that sewage can preferentially promote the growth of Vibrio species. Furthermore, several Vibrio isolates were multidrug resistant and carried antimicrobial resistance genes, highlighting the potential role of environmental Vibrio populations in the Teign Estuary as reservoirs of antimicrobial resistance. Together, these findings demonstrate how rising sea surface temperatures and sewage pollution may influence the emergence, persistence, and public health and aquaculture significance of Vibrio species in UK coastal waters."
2026-07-01,27,10.64898/2026.01.14.699417,2,biochemistry,"Gβγ engages PLCβ3 at multiple sites to reorient and facilitate its activation","Fisher, I. J.; Senarath, K.; Outlaw, K.; Muralidharan, K.; Garland-Kuntz, E. E.; Van Camp, M. M.; Komay, T.; Inoue, A.; Kostenis, E.; Lambert, N. A.; Lyon, A.","Phospholipase C {beta} (PLC{beta}) enzymes are activated by heterotrimeric G protein subunits, increasing hydrolysis of phosphatidylinositol-4,5-bisphosphate (PI(4,5)P2) at the plasma membrane. All four human PLC{beta} isoforms (PLC{beta}1-4) are activated by Gq, while PLC{beta}1-3 are activated to varying extents by G{beta}{gamma}. The binding sites for Gq on PLC{beta} are well-established and much has been learned about its mechanism of activation, but comparatively little is known about G{beta}{gamma}-dependent activation. In this work, we used cryo-electron microscopy (cryo-EM) single particle analysis (SPA), functional assays, and bioluminescence resonance energy transfer (BRET) to investigate how G{beta}{gamma} interacts with PLC{beta}3 in concert with activated Gq to regulate phospholipase activity. G{beta}{gamma} heterodimers bind multiple surfaces of PLC{beta}3 to promote activation but alone do not recruit the enzyme to the plasma membrane. Instead, G{beta}{gamma} facilitates activation by Gq, most likely by reorienting the phospholipase catalytic site at the membrane to maximize PI(4,5)P2 hydrolysis and downstream Ca2+ release. Cell-based functional assays demonstrate that G{beta}{gamma} is required for maximal PLC{beta}3 activation even when Gq heterotrimers are the sole source of G{beta}{gamma}. Together, these findings demonstrate that G{beta}{gamma} acts as a critical positive allosteric modulator that regularly acts in concert with Gq to activate PLC{beta}3 at the plasma membrane."
2026-07-01,27,10.64898/2026.06.30.735492,1,bioinformatics,"Revisiting the base pair maximization approach for RNA secondary structure prediction with SQUARNA","Serdakov, M. D.; Bohdan, D. R.; Nikolaev, G. I.; Bujnicki, J. M.; Baulin, E. F.","Non-coding RNAs play diverse roles in a wide range of cellular processes, with their spatial structure being pivotal to their function. RNA secondary structure is a key determinant of its overall fold. Given the scarcity of experimentally determined RNA 3D structures, understanding secondary structure is vital for discerning RNA function. Currently, there is no universally effective solution for de novo RNA secondary structure prediction. Existing methods are becoming increasingly complex without marked improvements in accuracy and often overlook critical features such as pseudoknots and alternative folds. Here, we introduce SQUARNA, a new approach to de novo RNA secondary structure prediction that is suitable for both individual RNA analysis and large-scale structural searches. SQUARNA revisits the concept of base pair maximization and develops it into a stem maximization idea coupled with the widely used free energy minimization (MFE) framework. SQUARNA can predict alternative structures and handle pseudoknots of arbitrary complexity. Benchmarking shows that SQUARNA outperforms existing methods, including deep learning models, in both single-sequence and alignment-based RNA secondary structure prediction. SQUARNA seamlessly integrates sequence and alignment information with experimental data, such as residue reactivities obtained by chemical probing, as well as other structural restraints, including automated searches for Rfam database templates, G-quadruplex patterns, and protein-binding motifs. SQUARNA is available as a standalone tool at https://github.com/febos/SQUARNA and as a web server at https://larnal.imol.institute."
2026-07-01,27,10.64898/2026.06.30.735580,1,bioinformatics,"DDTRN: Predicting Bacterial Transcriptional Regulatory Networks Based on Gene Sequences using Dual Descriptor","Nie, P.; Ma, B.-G.","Accurate computational reconstruction of bacterial transcriptional regulatory network (TRN) from sequence information alone remains a fundamental challenge in systems biology, particularly for non-model organisms lacking extensive transcriptomic data. We present DDTRN, a sequence-driven framework that formulates TRN inference as a binary classification task over concatenated regulator-target gene sequence pairs and employs a Dual Descriptor (DD) model to predict regulatory interactions. The DD architecture represents a sequence into two learnable components: Composition Weight Map (CWM) and Position Weight Function (PWF). We comprehensively evaluate DDTRN against six conventional machine learning baselines across eight benchmark bacterial datasets, including E. coli (DREAM5, RegulonDB), B. subtilis, S. enterica, C. glutamicum, M. tuberculosis, P. aeruginosa, and S. coelicolor. DDTRN achieves superior overall performance, attaining average AUROC and AUPR scores of 0.869 and 0.868, respectively, with particularly pronounced advantages at lower descriptor ranks where positional weighting compensates for limited sequence context. Systematic sensitivity analyses of rank, embedding dimension, and basis function count reveal stable optimal operating regimes, while subsampling experiments demonstrate strong robustness even with limited training data. Interpretability analyses show that PWF learns distinct periodic contributions across different rank granularities and that CWM preferentially weights meaningful k-mers. A case study on E. coli dataset further illustrates that DDTRN identifies method-specific candidate targets complementary to those proposed by conventional approaches. By operating solely on genomic sequence, DDTRN provides a scalable, interpretable, and data-efficient framework for bacterial TRN inference in species where expression data are scarce, and it establishes a foundation for future multimodal integration with condition-specific regulatory information."
2026-07-01,27,10.64898/2026.06.30.735598,1,microbiology,"Genomes of Betacoronavirus gravedinis from white-footed mice in New York City and a phylogenetically weighted model of its probable distribution in North America","Kaza, B.; Catchen, M.; de Gennaro, G.; Zehr, J.; Lilly, M.; Plimpton, L.; Diuk-Wasser, M.; Murrell, C.; Ishee, A.; Goodman, L.; Whittaker, G.; Gamble, A.; Olarte-Castillo, X.","Rodents are an important reservoir of zoonotic viruses and are ubiquitously present in densely populated urban areas. Betacoronaviruses in the Embecovirus lineage are well known to infect both humans and animals and have established rodent reservoirs. Here three Betacoronavirus gravedinis genomes were sequenced and characterized in white footed mice (Peromyscus leucopus, commonly white footed mice) collected in New York City, the second most populous city in North America. The genomes were distinct from mouse hepatitis virus (MHV), the prototype mouse betacoronavirus, and highly similar and identical in one case to previously characterized B. gravedinis sequences from white footed mice in Connecticut. Codon aware evolutionary models were used to identify specific sites under positive selection within the spike protein of B. gravedinis. A novel method was developed to predict the probable geographic distribution of the virus using publicly available data from the Global Biodiversity Information Facility to generate a weighted distribution map highlighting overlapping potential host ranges based on the evolutionary distance using a high resolution cytocrome B (CYTB) phylogeny of rodent species with potentially overlapping ranges. Our models predict three current hotspots of circulation in North America under different possible transmission regimes, and an additional fourth hotspot was predicted to arise in a warming future. This study highlights the continued need for biodiversity-informed surveillance of potential zoonotic pathogens in rodents."
2026-07-01,27,10.64898/2026.07.01.735799,1,microbiology,"Interaction of Bunyamwera Virus Non-Structural Protein NSm with Cellular BNIP1 is Required for Efficient Viral Gene Expression and Replication","Wartnaby, R. F.; Fontana, J.; Barr, J. N.","Bunyamwera virus (BUNV) is the prototypical member of the Peribunyaviridae family of arthropod-borne viruses and possesses a genome comprising three segments of negative-sense RNA, named small, medium and large. The medium segment encodes a polyprotein that is processed to form Gn and Gc spikes and a non-structural protein, NSm. The role of NSm during replication in mammalian cells is poorly characterized, although it associates with a Golgi-derived structure called the virus factory (VF), the site of BUNV genome replication and virion assembly. To further define NSm function, we generated an epitope-tagged BUNV and used co-immunoprecipitation and quantitative proteomics to identify host interacting partners. NSm interacted with BCL-2 interacting protein 1 (BNIP1), a SNARE protein involved in COPI vesicle trafficking, with the importance of this interaction demonstrated by siRNA-mediated knockdown of BNIP1 expression, which significantly reduced BUNV gene expression and virion production. Interestingly, NSm also interacted with components of the NRZ complex, involved in COPI vesicle tethering in association with BNIP1, and inhibition of COPI complex formation resulted in loss of NSm expression. Taken together, our results identify BNIP1 as a host cell factor necessary for efficient BUNV replication and suggest the cellular localization of NSm at the VF is COPI-dependent."
2026-07-01,27,10.64898/2026.06.29.735333,1,microbiology,"Microbial Growth in an Enceladus Ocean Analog Medium Informed by Mineral Stability Modeling","Elkassas, S. M.; Ely, T.; Zhivkova, T.; Patterson, A.; Weeks, K.; Mitchell, S.; Hayes-Guastella, L.; Nathan, V.; Serres, M.; Shock, E.; Girguis, P.; German, C.; Klein, F.; Seewald, J.; Huber, J. A.","Evidence from the Cassini mission confirmed that Saturn's moon Enceladus hosts a subsurface alkaline ocean where rock-water reactions may generate redox disequilibria capable of supporting microbial metabolisms. To investigate potential microbial survival under simulated Enceladus ocean conditions, we used thermodynamic modeling to develop a salt formulation consistent with one possible Enceladus ocean composition and supplemented it with putative microbial energy sources to create a growth medium. The medium was inoculated with samples from diverse ocean world analog environments on Earth to determine which microorganisms could persist under Enceladus-like conditions. The microorganisms persisting in this geochemically bounded medium were heterotrophic, metabolically versatile bacteria with low carbon requirements. Genomic and physiological analyses further showed the presence of multiple stress-response pathways, sodium- based bioenergetic systems, osmoregulation strategies, and other adaptations consistent with survival in alkaline, low-nutrient settings. These results suggest that some stress-tolerant heterotrophic bacteria may serve as useful model organisms for life in Enceladus' subsurface ocean. These findings demonstrate the value of geochemically modeled media as a framework for constraining habitability, identifying relevant biosignatures, and probing potential microbial survival strategies beyond Earth."
2026-07-01,27,10.64898/2026.06.29.735295,1,microbiology,"Declaration of Fermentation: Community-Embedded Wild Yeast Bioprospecting as a Model for Place-Based CURE Design","Gray, S. J.; Taylor, K.; Shumaker, K. A.; Bochman, M. L.","Course-based undergraduate research experiences (CUREs) are widely recognized as a high-impact practice in biology education, yet most existing CURE frameworks treat the research organism as an interchangeable teaching prop rather than a genuine scientific contribution. We argue that place-based, community-embedded CUREs - in which students isolate, characterize, and publicly deploy a locally meaningful wild organism - constitute a qualitatively distinct model warranting broader adoption. As proof of concept, we present the Declaration of Fermentation project at Indiana University Bloomington: graduate researchers isolated a wild Saccharomyces cerevisiae strain from the bark of a campus landmark tree, confirmed its wild provenance by whole-genome sequencing and phylogenomics, and partnered with local craft breweries to produce a colonial-era inspired ale released publicly for the 250th anniversary of the Declaration of Independence. Volunteer sensory panels at two independent public tasting events (combined n = 33-34 per attribute) confirmed a fruity-funky profile consistent with wild-strain fermentation, with no significant differences between events (Mann-Whitney U, Benjamini-Hochberg-corrected p > 0.05 for all 11 attributes). We describe three design principles - genomically confirmed strain identity, mandatory community partnership, and place-based historical narrative - that distinguish this model from prior wild yeast brewing CUREs, discuss how these principles generalize to other institutions and fermentation vehicles, and identify next steps for formal learning assessment. Complete implementation protocols are provided as supplemental Appendices 1-6, and the bioinformatics pipeline is freely available at https://doi.org/10.5281/zenodo.20679384."
2026-07-01,27,10.64898/2026.06.28.735079,1,genomics,"simSOMA: a cell-lineage based simulator of the somatic VAF spectrum in plants","Johannes, F.","Plants accumulate somatic mutations during growth, and some of these mutations can spread from local cell lineages into branches, organs, or reproductive tissues. There is growing interest in these variants because they can underlie bud-sport traits in crops, contribute to within-organism somatic selection, and provide genetic variation that may be transmitted vegetatively or sexually to future generations. Recent genomic sequencing of bulk and layer-enriched plant tissues has shown that de novo somatic variants can generate complex variant allele-frequency (VAF) spectra. Interpreting these spectra requires understanding how mutations arising during mitotic cell division are filtered or amplified through shoot growth, branching, and organ formation. Because these processes interact across multiple scales, their combined effects are difficult to derive analytically. Here, we present simSOMA, a modular simulator that links rooted plant topologies to explicit cell-lineage dynamics. simSOMA models somatic mutation accumulation during stem-cell self-renewal in the shoot apical meristem, clonal expansion from the stem-cell niche to the meristem periphery, branch founding, and organ formation. Applying simSOMA across diverse growth scenarios revealed how individual processes can be isolated, varied, and combined to assess their effects on organ-level VAF spectra and among-organ variant sharing. The same simulated spectra can also be transformed to represent bulk or layer-enriched sampling and phased or unphased variant readouts, separating effects of developmental history from those introduced by tissue composition and allele counting. Because simSOMA is organized around modules with defined input-output interfaces, individual developmental components can be replaced or extended as new empirical information becomes available. This makes simSOMA a flexible tool for testing alternative models of somatic mosaicism in plants and for guiding the design and interpretation of VAF-based sequencing studies. The simulator is available at https://github.com/jlab-code/simSOMA."
2026-07-01,27,10.64898/2026.06.14.732127,2,bioengineering,"Selectivity of Lateral Epidural Spinal Cord Stimulation with Varying Electrode Diameters and Stimulation Configurations","Ansah, G. J.; Del Brocco, M.; Bhowmick, S.; Duran, M. A.; Gopinath, C. H.; Jantz, M. K.; Lempka, S. F.; Fisher, L.","Objective. Our prior studies have demonstrated that lateral spinal cord stimulation can evoke somatosensory percepts in the missing foot in individuals with a lower-limb amputation. However, subjects reported concurrent sensations in their residual limb. In this study, we evaluate the hypothesis that using high-density paddle electrodes with smaller contact sizes, and multipolar stimulation configurations could evoke more focal sensations in the foot over a wide range of stimulation amplitudes. Approach. We used a combination of electrophysiology and computational modelling methods to investigate the selective activation of distal nerve branches in response to lateral spinal cord stimulation in cats. In six acute feline experiments, we performed an L3-S1 laminectomy and placed custom 32-electrode paddles laterally over the dura of the spinal cord. We recorded antidromic action potentials in the distal branches of the sciatic and femoral nerve trunks in response to stimulation using three contact diameters (150, 500 and 1000 {micro}m) and two stimulation configurations - monopolar and bipolar stimulation. We replicated the neural recruitment patterns from those experiments in a computational model of the feline lumbar spinal cord. We then used the model to examine neural recruitment with 1.8 mm and 2.5 mm contacts, as well as a tripolar guarded-cathode configuration. Main results. In the electrophysiology experiments, the 500 {micro}m-diameter electrodes achieved the most selective nerve activation (68%) compared to 62% for both 150 and 1000 {micro}m-diameter electrodes. The minimum amplitudes for recruiting nerve branches (i.e., threshold) as well as the dynamic ranges were largely similar for the different contact diameters (median: 35 {micro}A) and stimulation configurations (30 {micro}A for bipolar stimulation; 35 {micro}A for monopolar stimulation). The computational model reproduced the finding that selectivity did not differ significantly among the three contact sizes tested in cat experiments, though it revealed that increasing contact diameter above 1000 {micro}m raised the minimum amplitude required for selective activation and reduced spinal root selectivity. Across both approaches, we consistently recruited large-diameter afferents that are critical for somatosensory applications of spinal cord stimulation. Significance. Our results indicate that, relative to clinical electrodes, reducing the contact diameter of stimulation electrodes can evoke focal sensations, but further reductions below 1000 {micro}m may fail to improve selectivity. This study highlights potential constraints with achieving focal selectivity that are not dependent on the design of the electrodes."
2026-07-01,27,10.64898/2026.06.03.729912,3,biophysics,"Multi-Domain Interplay Controls Full-Length TDP-43 Phase Separation and Condensate Dynamics","Ping, X.; Badr, R. G. M.; Hutten, S.; Chen, X.; Baltz, L.; Yadav, M.; Hoeppner, J. S.; Schmid, F.; Dormann, D.; Stelzl, L. S.","TDP-43 (TAR DNA-binding protein 43) is a 414-amino acid protein with a structured N-terminal domain (NTD), two RNA recognition motifs (RRM1 and RRM2), and a long disordered C-terminal low complexity domain (LCD). TDP-43 forms phase-separated condensates as part of its physiological function in RNA processing. However, aberrant TDP-43 condensation, changes in condensate material properties, and subsequent aggregation are linked to the development of neurodegenerative diseases. Using explicit-solvent, near-atomic resolution coarse-grained simulations we demonstrate how the interplay among different domains drives phase separation of the full-length protein.We directly capture how the secondary structure of a conserved helix in the LCD modulates phase separation, and follow the effect of phosphomimicking mutations on the condensation of full-length TDP-43. C-terminal phosphomimicking mutations rewire the interactions of the LCD by increasing solvation locally and enhancing Na+ binding to the LCD. Our simulations and in vitro experiments emphasize the importance of the aromatic residues in the LCD but also of N-terminal residues 1-101 including the NTD for full-length TDP-43 condensation. With a Go-type approach we capture not just conformational flexibility but also specific dimer formation through NTD-NTD interactions and how they modulate the phase behavior as well as the dynamic and interfacial properties of full-length TDP-43 condensates."
2026-07-01,27,10.64898/2026.04.28.721417,2,microbiology,"Clostridioides difficile stimulates CCL20 expression in human colonoid monolayers in a transwell-based co-culture system that supports its anaerobic growth","Zucchi, P.; Gladden, A. D.; Day, A. W.; Dressler, J.; Govind, R.; Almeqdadi, M.; Roper, J.; Tai, A.; Batorsky, R.; Kumamoto, C. A.","ABSTRACT The pathogenic bacterium Clostridioides difficile is a major cause of antibiotic-associated diarrheal disease. Treatment of the disease is challenging because antibiotics used for treatment may also perpetuate the conditions that contributed to initial susceptibility. Elucidating the mechanisms of C. difficile/intestinal epithelium interaction is needed to facilitate the development of new therapeutic options. The studies described in this communication demonstrate the development of a tissue culture system that supported the growth of C. difficile in co-culture with a model of the human intestinal epithelium produced from colonoids, organoids derived from human colonic biopsies. Epithelial cell responses to C. difficile included upregulation of CCL20, encoding a chemokine that was previously shown to be upregulated in response to C. difficile challenge. Additionally, bacteria associated with the monolayer in a non-toxin dependent manner. This system will support future investigation of epithelium/C. difficile interactions during CDI and identification of mechanisms that drive pathogenesis by C. difficile in the human intestine."
2026-07-02,27,10.1101/2025.02.10.637517,2,genomics,"Frequent, context-dependent effects of human genetic variation on Cas9 activity revealed by population-scale GUIDE-seq-2 and deep combinatorial CHANCE-seq profiling","Tsai, S.; Flory, A. R.; Lazzarotto, C.; Li, Y.; Chyr, J.; Yang, M.; Katta, V.; Urbina, E.; Lee, G.; Wood, R.; Matsubara, A.; Rashkin, S. R.; Ma, J.; Cheng, Y.","Genome editing enzymes can introduce targeted changes to DNA in living cells1-4, transforming biological research and enabling the first approved gene editing therapy for sickle cell disease5. However, their activity can be altered by genetic variation at on- or off-target sites6-8, potentially impacting both their precision and therapeutic safety. Due to a lack of scalable methods to measure genome-wide editing activity in cells from large populations and diverse target libraries, the frequency and extent of these variant effects on editing remain unknown. Here, we present the first systematic, population-scale study of how genetic variation affects the cellular genome-wide activity of CRISPR-Cas9, enabled by a novel, sensitive, and unbiased cellular assay, GUIDE-seq-2, with improved scalability and accuracy compared to the original broadly adopted method9. Analyzing Cas9 genome-wide activity at 1,115 on- and off-target sites across six guide RNAs in cells from 95 individuals spanning four genetically diverse populations, we found that genetic variants frequently overlap off-target sites, with 14% significantly altering Cas9 editing activity. To understand the effect of mismatches in more diverse sequence contexts, we developed a novel method, combinatorial high-throughput analysis of nuclease cleavage effects (CHANCE-seq), the first massively parallel biochemical approach that can quantify Cas9 activity across millions of mismatched target sites. We leveraged this large-scale CHANCE-seq dataset to train a context-aware deep neural network model, CHANCE-net, to accurately predict and interpret the effects of single-nucleotide variants on off-targets with up to six mismatches. Our deep combinatorial profiling of Cas9 off-target activity revealed frequent, context-dependent synergistic effects of mismatches. Taken together, our findings illuminate an approach to accounting for genetic variation when designing genome-editing strategies for research and therapeutics."
2026-07-02,27,10.64898/2026.06.12.731927,2,biochemistry,"ConformFlow: scalable normalizing flow for protein conformational ensemble generation","Liu, Y.; Lin, G.; Chen, M.","Molecular dynamics (MD) simulations remain the standard tool for characterizing protein conformational landscapes, but their high computational cost limits large-scale and long-timescale applications. Recent generative models, especially diffusion-based approaches, provide promising alternatives by learning equilibrium conformational distributions across diverse protein systems. We present ConformFlow, the first scalable normalizing-flow framework for sequence-conditioned protein conformational ensemble generation. ConformFlow combines a continuous backbone latent representation with a RealNVP-style flow parameterized by sequence-aware Transformer coupling networks, enabling exact likelihood training, single-step sampling, and plug-and-play conditioning on flexible geometric constraints. Across diverse protein systems, ConformFlow generates ensembles that agree well with reference MD simulations, generalizes to proteins beyond its training data, and achieves substantially faster sampling than diffusion-based baselines. These results establish ConformFlow as an efficient and controllable alternative for protein conformational ensemble generation."
2026-07-02,27,10.1101/2025.09.14.676067,3,bioinformatics,"SpatialFuser: a unified framework for integrative analysis of unpaired spatial multi-omics data","Cai, W.; Li, W.","Recent advances in spatial multi-omics technologies provide unprecedented opportunities to interpret molecular features in tissue microenvironments, but integrative analysis across heterogeneous datasets remains challenging. Here we present SpatialFuser, a deep learning framework for integrative analysis of unpaired spatial multi-omics data across epigenomics, transcriptomics, proteomics, and metabolomics. SpatialFuser consists of three coordinated modules: MCGATE, a Multi-head Collaborative Graph Attention auToEncoder that learns multi-scale spatial representations to decipher fine-grained spatial heterogeneity beyond predefined spatial neighbourhoods; an optional geometric pre-matching module that provides coarse initialization under tissue geometry mismatch; and an iterative matching-fusion module that couples geometry-constrained optimal transport matching with contrastive-learning-guided modality fusion for cross-slice alignment and integration. Systematic benchmarks demonstrate superior performance and reliability compared with existing state-of-the-art methods in spatial domain identification, cross-slice alignment, and multi-omics integration. Applications to real datasets illustrate that SpatialFuser resolves precise spatial molecular patterns, reveals developmental dynamics, and recovers complementary signals across modalities. Cross-resolution integration of weakly correlated modalities by our method further uncovers previously obscured biological variation. The generalizability and versatility of our framework enable customized analytical scenarios and potential extension for emerging omics."
2026-07-02,27,10.1101/2025.08.05.668641,2,biophysics,"Attachment performance of cuttlefish (Sepia officinalis) suckers depends on the interaction between papillae and substrate topography","te Lindert, J. S.; Klaassen van Oorschot, B.; Geelen, T.; te Lindert, E. L.; Giesbers, M.; Zhang, B.; Lankhof, Y. T.; Gussekloo, S. W.; Muijres, F. T.; Amador, G. J.","Cephalopods are versatile predators, with many species using suckers to capture prey. These suckers attach to substrates ranging from the stiff, rough exoskeletons of crustaceans to the soft, smooth tissues of other cephalopods. Despite generating higher suction pressures than octopuses, less attention has been given to the biomechanics of cuttlefish suckers. Cuttlefish suckers exhibit a stiff, rough papillated rim that acts as a seal. We hypothesise that these papillae have evolved to attach to rough substrates matching their rugosity to expel water at the contact interface. To test this hypothesis, we investigated the passive attachment performance of common cuttlefish (Sepia officinalis) suckers ex vivo on a variety of artificial substrates that differed in stiffness and roughness. We found that sucker attachment forces varied significantly with substrate roughness, with the highest forces occurring on roughnesses that coincided with the average sucker papillae height (root-mean-square [~] 6.84 {micro}m). Additionally, attachment forces were higher on stiffer substrates. We developed a mathematical model for predicting leakage across the sucker rim that qualitatively agrees with our experimental results. These findings indicate that the papillae may aid attachment performance, particularly to natural prey, and could inform the design and development of versatile bioinspired suction cups."
2026-07-02,27,10.64898/2026.06.27.734946,1,"pharmacology and toxicology","The effects of estrogen exposure on survival, growth, and fecundity of Daphnia magna","Boyle, S.; Schaack, S.","High concentrations of steroidal hormone compounds are a growing source of concern for environmental pollution in aquatic ecosystems. In this study, we examine the effects of two estrogenic compounds (estriol and 17-ethinylestradiol) on fitness traits in the aquatic microcrustacean, Daphnia magna, a key bioindicator species for toxicology studies. The impacts were compared of two forms representing a natural and synthetic estrogenic compound. Growth and reproduction traits were assayed by exposing Daphnia to each estrogen type at four concentrations reflecting potential environmental exposure conditions up to acute toxicity levels (ranging from 0.1 - 50 {micro}g/L). Assaying the effects at a variety of concentrations is important given that it is known that hormone exposures can often result in non-monotonic responses. Both forms of estrogen impact a subset of the traits assessed, in some cases leading to beneficial changes and others causing harm. Estriol, the naturally-occurring estrogen, and EE2, the synthetic version, at high doses shift fitness traits in opposite directions such as adult growth rate as do at low doses for fecundity. In conclusion, our results support the need to assay a wide array of traits using multiple forms of steroidal hormones at a range of doses in order to assess non-monotonic patterns and their impact on an organismal fitness. In particular, assays that extend beyond the conventional measurements of lethality during acute exposure windows will be essential for understanding the impact of increased levels of hormone pollution on aquatic organisms and ecosystem health."
2026-07-02,27,10.64898/2026.05.19.726215,2,microbiology,"Mesophilic inmates of a geothermal vent-head as providers of critical ecosystem services","Dutta, S.; Pekety, A.; Chatterjee, S.; Ghosh, J.; Pillutla, S. P.; Mondal, N.; Mondal, M.; Sarkar, J.; Saha, S.; Dhar, A.; Chakraborty, R.; Mazumdar, A.; Ghosh, W.","Geothermal vent-heads exclusively support the proliferation of (hyper)thermophilic microorganisms. However, diverse mesophiles are stochastically thrust into these ecosystems by local geodynamic forces, and their population-level responses to the unfamiliar stressor hold critical implications for life's intrinsic resilience to biophysical adversities. Here, we report a time-course exploration of the boiling vent-water of a Trans-Himalayan geothermal spring to determine the population dynamics, in situ functionalities, and potential ecological roles of mesophilic incomers in the context of indigenous (hyper)thermophiles. The temporally-consistent (hyper)thermophilic core-community, predominated in turn by a few Aquificia and Thermoproteota, was delineated as metagenome-assembled genomes. Mesophiles/moderate-thermophiles were identified as MAGs and/or pure-cultures, and whether temporally-consistent/inconsistent, had far lower prevalence. Overall, in situ transcriptional activity and prevalence had significant positive correlation; but many species exhibited high activity despite low prevalence and vice versa, implicating the decoupling of global metabolism from growth/proliferation. Bulked metatranscriptomic signatures identified the (hyper)thermophiles as primary producers of the ecosystem. Populations of mesophiles and moderate-thermophiles were apparently active, but not growing, in situ, with some being engaged in environment detoxification, and production of nutrients, metabolites and protective-biomolecules wanting in the (hyper)thermophiles. The findings engender an unprecedented portrayal of geothermal-vents as multi-community ecosystems where unfamiliar immigrants provide critical metabolic services."
2026-07-02,27,10.64898/2026.06.28.735149,1,bioinformatics,"Knowledge-guided Bayesian optimization using pre-trained LLMs speeds up the identification of superior genotypes from germplasm collection","Hamazaki, K.; Tsuda, K.","Background: Germplasm collections contain wide genetic diversity that is valuable for plant breeding, but conducting phenotypic evaluation for all genotypes in field trials is rarely feasible. Bayesian optimization offers a way to decide, season by season, which genotypes to cultivate in order to identify superior genotypes with fewer evaluations. However, standard Bayesian optimization commonly starts from randomly selected genotypes and mainly relies on surrogate models built from marker genotype information, while the text-based passport information that accompanies germplasm is not fully used. We examined whether pre-trained large language models can provide prior knowledge that improves these decisions in germplasm evaluation. Results: We constructed a large-language-model-guided Bayesian optimization framework that introduces large language models into two parts of the Bayesian optimization workflow. In zero-shot warmstarting, a large language model proposes initial genotypes using passport information such as cultivar name, country of origin, and subpopulation, optionally together with principal component scores derived from genome-wide single-nucleotide-polymorphism markers. In addition, we evaluated a large-language-model-based surrogate model that predicts phenotypic values for untested genotypes using in-context learning from previously evaluated genotypes. Using a rice germplasm panel and two target traits (seed number per panicle for maximization and protein content for minimization), we compared strategies. For seed number per panicle, zero-shot warmstarting with a general-purpose instruction-following model reduced the number of evaluated genotypes needed to reach the best genotype, whereas improvements were small for protein content. When genomic information was available, Gaussian-process-based Bayesian optimization was the strongest overall approach, while the large-language-model-based surrogate model outperformed random baselines and was competitive in some settings. When genomic information was not available, predictions based on passport information improved efficiency compared with fully random strategies. Conclusions: Pre-trained large language models can inject useful agronomic knowledge into Bayesian optimization for germplasm evaluation, particularly by improving early-stage genotype selection, and can also support optimization when genomic information is unavailable. As models better handle long genomic sequences together with passport information, large-language-model-guided Bayesian optimization may become a practical and explainable decision-support approach for agricultural optimization."
2026-07-02,27,10.64898/2026.06.28.733694,1,bioinformatics,"Bridging Gene Expression and Morphology: A Cell Size Score and Its Applications Across Multiple Diseases and Physiological Contexts","Ji, X.; Cui, Q.","Cell size is a critical morphological parameter determining cellular functional homeostasis, yet existing large-scale transcriptomic databases lack direct cell size measurement data. By integrating high-resolution immunofluorescence images with transcriptomics, we identified 457 genes significantly correlated with cell area. Based on these findings, we developed an algorithm, Cell Size Score (CSS), to predict cell size from gene expression profiles. Validation across multiple independent datasets, including human cell lines, mouse models, and single-cell spatial transcriptomics, confirmed that CSS accurately predicts cell size. Furthermore, we observed a significant positive correlation between CSS and broad-spectrum chemotherapy drug resistance, suggesting that increased cell volume confers survival advantages to cancer cells. Moreover, CSS analysis of aging revealed sex-dependent, tissue-specific patterns of change, wherein male adipose and cardiac tissues exhibited progressive hypertrophy with age, while female reproductive organs showed significant atrophy. Additionally, CSS significantly increased in skeletal muscle after exercise, indicating that this metric can capture dynamic physiological adaptation processes. This study establishes a bridge between transcriptomics and cell morphology, providing novel insights into retrospectively analyzing the role of cell size in pathological and physiological processes such as cancer and aging using existing omics data, as well as understanding the molecular mechanisms underlying cell size regulation."
2026-07-03,27,10.64898/2026.06.29.735168,1,bioinformatics,"Simulating population pangenomes under coalescent demographic models with MSpangenome","Piat, L.; Denni, S.; Dubois, S.; Linard, B.; Duvaux, L.","Motivation: Pangenome variation graphs (PVGs) are increasingly used to represent genomic diversity, yet there is currently no general framework for generating population pangenomes directly from explicit evolutionary histories. Existing simulators typically focus on individual classes of variation and do not integrate these variations within a genealogy-aware framework driven by explicit demographic histories. As a result, evaluating pangenome methods in realistic population-genetic settings remains challenging, and benchmark datasets with known evolutionary ground truth are scarce. Results: We present MSpangenome, a genealogy-aware frame- work that bridges coalescent population genetic simulations and pangenome graph analyses. The pipeline combines ancestry simulation with msprime and a de novo graph construction algorithm to generate PVGs directly from simulated genealogies. By explicitly modeling recombination, demographic history and incomplete lineage sorting, MSpangenome produces structurally complex pangenomes in which nested and overlapping structural variants emerge naturally from the underlying genealogies, while their evolutionary history and graph topology remain known by construction. This provides a general framework for generating realistic population pangenomes and establishing ground-truth datasets for methodological evaluation. We demonstrate its utility by generating population-scale pangenomes and using them as controlled references to benchmark the widely used graph construction tools, PGGB and Minigraph-Cactus. Our analyses reveal contrasting performance regimes across levels of sequence diversity, sample sizes and classes of structural variation, highlighting the value of simulation-based benchmarking for identifying reconstruction errors that are hard to detect using empirical datasets alone. Availability and implementation: MSpangenome is imple- mented in Python, fully containerized, freely available at https://forge.inrae.fr/pangepop/MSpangepop and mirrored at https://github.com/inrae/MSpangepop."
2026-07-02,27,10.64898/2025.12.11.693570,3,bioinformatics,"Minimum flow decomposition guided by saturating subflows","Chen, K.; Talesra, A.; Thakkar, S.; Shao, M.","The minimum flow decomposition problem abstracts a set of key tasks in bioinformatics, including metagenome and transcriptome assembly. These tasks, collectively known as multi-assembly, aim to reconstruct multiple genomic sequences from reads obtained from mixed samples. The reads are first organized into a directed graph (e.g., overlap graph, splice graph), where each edge has an integer weight representing the number of supporting reads. By viewing the graph as a flow network, the underlying sequences and their abundances can be extracted through decomposition into a minimum number of weighted paths. Although this problem is NP-hard, prior work has proposed an efficient heuristic that transforms the graph by identifying nontrivial equations in the flow values. However, for graphs with complex structures, many equations cannot be fully resolved by existing mechanisms, leading to suboptimal decompositions. In this study, we revisit the theoretical framework of the flow decomposition problem and extend the equation-resolving mechanisms to jointly model all equations in the graph, enabling safe merge operations that iteratively simplify the graph. Experimental results demonstrate that our new algorithm substantially improves decomposition quality over existing heuristics, achieving near-optimal solutions for complex graphs, while running several orders of magnitude faster than the ILP formulation. Source code of our algorithm is available at https://github.com/Shao-Group/catfish-LP"
2026-07-02,27,10.64898/2026.06.29.735205,1,bioinformatics,"Inferring differentiation trajectories from T cell clonotype distributions","Guryleva, M. V.; Danielsson, M.; Tibbitt, C. A.; Coquet, J. M.; Murrell, B.","Single-cell RNA sequencing (scRNA-seq) enables reconstruction of cellular differentiation trajectories, but most trajectory inference methods rely largely on gene expression and overlook lineage relationships. In T lymphocytes, the T cell receptor (TCR) provides a unique, endogenous barcode that is stably inherited during clonal expansion. Here we introduce PhyloTrajectory, a framework that leverages TCR-based clonotype frequencies together with scRNA-seq to infer T cell differentiation dynamics. By modeling clonotype frequency evolution as a continuous stochastic process, PhyloTrajectory reconstructs differentiation tree topologies from clonotype frequencies across cellular subsets. We investigate the ability to recover the underlying tree topology using simulated data, and apply our approach to CD4 T cells in murine models of allergic inflammation and viral infection. We further demonstrate that PhyloTrajectory is useful in the context of exogenously introduced barcodes. Overall, this shows that a stochastic model of clonal expansion can be used to infer cell state transitions from clonotype frequencies."
2026-07-03,27,10.64898/2026.06.29.735220,1,biophysics,"Programmable acoustic single cell manipulation with model-free machine learning","Edthofer, A.; Perticarari, G.; Hevelius Bounja, S.; Baasch, T.","Precise, non-invasive manipulation of individual living cells remains a central challenge in biomedical science, with far-reaching implications for single-cell analysis, tissue engineering, and the study of cell-cell interactions. Here, we report the first demonstration of single-cell control using bulk acoustic standing-wave acoustofluidics with closed-loop feedback. We introduce VeLO (Vector-based Local Optimization), a model-free, reinforcement learning-inspired algorithm that enables programmable two-dimensional manipulation of individual cells using a single piezoelectric transducer. Without prior calibration or physical modeling, VeLO learns system dynamics online from acoustically induced cell displacements and automatically adapts to nonlinear, time-varying conditions. We achieve robust control across multiple cell types (DU-145, Jurkat, K-562) and independent manipulation of multiple cells, including controlled cell-cell contact. By combining simplicity of hardware with autonomous, adaptive control, this approach establishes multimodal acoustofluidics as a versatile tool for label-free, high-precision single-cell manipulation."
2026-07-02,27,10.64898/2026.06.29.735169,1,biophysics,"SAS_MoCa: a software for small-angle scattering data analysis of large unilamellar vesicles","Semeraro, E. F.; Pabst, G.","Small-angle X-ray or neutron scattering (SAXS/SANS) analysis of large unilamellar vesicles (LUVs) is often limited by high-dimensional bilayer models and the lack of dedicated, statistically rigorous workflows. Here, we introduce SAS_MoCa, an open-source Python package that integrates a compositional scattering density profile (SDP) description of lipid bilayers with a separated form factor (SFF) treatment of vesicle size and polydispersity, and couples these highly parameterized models to an adaptive thermodynamic simulated annealing algorithm formulated within a constrained Bayesian framework. SAS_MoCa enables users to incorporate quantitative prior information from, e.g., previous SAXS/SANS studies, dynamic light scattering, NMR, or molecular simulations, and returns full posterior parameter distributions, uncertainties (reported as medians and median absolute deviations) and correlations even from single SAXS curves. Validation on POPC, POPE and DMPC SAXS-only data demonstrates that the method yields reproducible structural parameters with uncertainties comparable to joint SAXS/contrast-variation SANS analyses. The modular architecture of SAS_MoCa facilitates extension to additional lipid systems and future joint SAXS/SANS or SANS-only applications."
2026-07-03,27,10.1101/2025.08.19.669813,2,microbiology,"Virotrap Reveals Salmonella SopB as A Ubiquitinated Cargo for Host ESCRT-0","De Meyer, M.; Verhee, A.; Grzesik, H.; De Sutter, D.; Huyghe, J.; Delhaye, L.; Van de Steene, T.; Fijalkowski, I.; Jonckheere, V.; Meuris, L.; Bertrand, M. J.; Van Damme, P.; Stevenin, V.; Eyckerman, S.","The pathogenic bacterium Salmonella survives and replicates in host cells within a Salmonella-containing vacuole (SCV), a membranous niche it actively remodels via secreted effectors. The phosphoinositide phosphatase SopB is a key effector implicated in SCV biogenesis, yet its host protein interactome has remained incompletely defined. Using the mass spectrometry-based interactomics technology Virotrap, we identify a novel set of SopB-associated host proteins, including the ESCRT-0 subunit HGS and other membrane remodeling proteins. We demonstrate that SopB directly interacts with HGS via its ubiquitin-binding domains, and show that SopB promotes ESCRT-0 recruitment to the SCV, yet ultimately counteracts its anti-replicative effect. As the ESCRT machinery plays a central role in cargo sorting and membrane remodeling, we propose a new SopB-dependent strategy by which Salmonella hijacks host endosomal trafficking to build its intracellular niche."
2026-07-03,27,10.64898/2026.06.27.734930,1,genomics,"From mountaintops to metacollections: using genomics to evaluate ex situ conservation collections. A case study from tropical montane cloud forest plants","Cascini, M.; Simpson, L.; Worboys, S.; Worboys, W.; Guja, L.; Knapp, Z.; Bredell, P.; Percival, J.; Rossetto, M.; Crayn, D.","A core aim of ex situ conservation is to represent wild genetic diversity in managed living collections. For the climate-threatened tropical montane cloud forest (TMCF) flora of northeast Australia, an ex situ metacollection of plants and seeds has been established by the Tropical Mountain Plant Science (TroMPS) project. In this study we used reduced-representation sequencing (DArTseq) of wild, herbarium, and ex situ material alongside provenance information for ten species, to pursue two central aims: to characterise landscape-scale genetic structure across species' ranges, and to evaluate how well the assembled metacollections represent that wild diversity. Analyses revealed consistent patterns of genetic differentiation among mountain top populations across multiple species, reflecting the isolating influence of lowland gaps between upland habitats, with the degree of differentiation varying among species. These results provide the first genetic baseline for Australian TMCF flora and reinforce the importance of treating individual mountain top populations as distinct units for conservation management. Additionally, the project provided valuable insights into the logistical challenges of coordinated multi-institutional collecting, informing strategies for metacollection design more broadly. Evaluation of the metacollection revealed both strengths and gaps in representation across species, providing an evidence base to refine the current holdings and guide future targeted collecting to strengthen their long-term conservation value."
2026-07-03,27,10.1101/2025.11.19.689036,5,genomics,"De novo assembly of complete Plasmodium falciparum isolate genomes using PacBio HiFi sequencing technology","Nyarko, P.; Quenu, M.; Guery, M.-A.; Cohen, C.; Wagutu, G. K.; Girgis, S. T.; Makunin, A.; McCarthy, S. A.; Hamilton, W. L.; Lawniczak, M.; Claessens, A.","Plasmodium falciparum possesses a highly structured genome with extensive sequence diversity concentrated in Variant Surface Antigen (VSA) families. These genes (var, rif, and stevor) play key roles in immune evasion and pathogenesis and are difficult to assemble using short-read sequencing technologies. Here, we applied PacBio HiFi long-read sequencing to generate high-quality de novo genome assemblies from 43 P. falciparum parasite cultures originating from community cases in The Gambia. Parasites were culture-adapted, cloned by limiting dilution where possible, and sequenced using high molecular weight DNA extracts. Assemblies from single-genotype lineages were constructed using hifiasm, producing complete chromosomal-length scaffolds with high base accuracy without requiring short-read polishing. We recovered full repertoires of var, rif, and stevor genes and classified them into known subgroups. Together, our results demonstrate that PacBio HiFi sequencing enables accurate assembly of complex P. falciparum genomes from natural infections. This work provides a valuable genomic resource for future studies of parasite evolution, transmission dynamics, and antigenic diversity, and suggests that VSA repertoires can serve as reliable proxies of genetic relatedness across infections."
2026-07-03,27,10.64898/2026.07.01.735941,1,biochemistry,"Programming Metabolic Dependency in Synthetic Cells Under Resource Scarcity","Velioglu Ulubas, B.; Venero, O.; Garenne, D.; Noireaux, V.; Engelhart, A. E.; Adamala, K. P.","Engineering synthetic cells where metabolism directly controls gene expression is one of the greatest challenges in synthetic biology. This coupling between metabolic activity and protein synthesis is also thought to have been a vital step in the evolution of the earliest cellular life. This fundamental process is essential for developing minimal, self-sustaining cells, both engineered for biotechnology applications and as models explaining the origins of life. Here, we present a programmable cell-free platform that links metabolic activity to translation under defined resource limitations. Using an engineered amino-acid-dependent cell-free translation system, we introduced a tunable metabolic bottleneck (depleting tyrosine). This enabled imposing a controlled metabolic constraint on protein synthesis. To alleviate this constraint, we then incorporated phenylalanine hydroxylase (PAH) as a minimal module for tyrosine synthesis. The PAH-driven tyrosine synthesis established a system in which protein expression is directly controlled by amino acid biosynthesis. This relationship was recapitulated in liposome compartments, resulting in three distinct synthetic cell populations. The metabolically active population had significantly higher fitness in protein production. Overall, this work establishes an experimentally tractable platform to investigate how primitive cells may have evolved internal metabolic capabilities, and it represents a foundational step toward constructing more autonomous and self-regulating synthetic cells."
2026-07-03,27,10.64898/2026.07.02.735822,1,biochemistry,"DNA template heterogeneity and in vitro transcription reaction conditions impact the poly(A) tail length and heterogeneity of mRNA","Owen, G. R.; Evans, C. A.; Nair, A.; Ross, S. J.; Glenister, M.; Kis, Z.; Dickman, M. J.","mRNA technology has emerged as a powerful new class of medicines. Importantly, this RNA-based approach holds promise for treatments beyond vaccines and infectious diseases, including treatments for cancer, metabolic disorders, cardiovascular conditions and autoimmune diseases. The 3'-polyadenylated (poly(A)) tail of mRNA is required for ribosome initiation, translation, and mRNA stability and is considered a critical quality attribute. In this study, novel direct mass spectrometry approaches were used for the analysis of both the DNA template and corresponding mRNA generated via in vitro transcription. Nucleotide resolution of the poly(A/T) sequence of the DNA template and mRNA poly(A) tail was achieved. The results show that the mRNA poly(A) tail length and heterogeneity is impacted by the heterogeneity of the DNA template, the DNA template design and RNA manufacturing conditions, including relative NTP concentrations. These results provide further important mechanistic insight into the poly(A) tail length and heterogeneity of mRNAs synthesised in vitro, including the identification of 3'-end additions of cytidine to mRNA poly(A) tails. The ability to rapidly assess DNA template quality, combined with monitoring mRNA poly(A) tail length and heterogeneity, is important as part of the characterisation of mRNA precision medicines and ensuring consistent quality of mRNA from manufacturing processes."
2026-07-03,27,10.64898/2026.07.01.735942,1,biochemistry,"Discovery and structural analysis of glycoside hydrolase family 176 α-1,2 glucosidase from Arthrobacter humicola A8F5","Yasukochi, R.; Suzuki, T.; Toraya, T.; Hino, K.; Mori, T.; Kashima, T.; Miyanaga, A.; Watanabe, H.; Fushinobu, S.","Glycoside hydrolases (GHs) exhibit remarkable specificity dictated by the structural configuration of their target glycosidic linkages. While enzymes that process -1,4- and -1,6-linkages in starch or glycogen are well-characterized, those acting on less common bonds, such as -1,2-glucosidic linkages, remain largely underexplored. In this study, we report the discovery and structural elucidation of a novel -1,2-glucosidase from Arthrobacter humicola A8F5 (A8F5 glucosidase), representing a newly uncovered activity within the poorly characterized GH176 family. Biochemical characterizations revealed that A8F5 glucosidase exclusively cleaves -1,2-linkages via an anomer-inverting mechanism, with a distinct preference for short kojioligosaccharides. To circumvent crystallization obstacles caused by high loop flexibility and translational non-crystallographic symmetry, we engineered a loop-truncated variant. This strategy enabled the determination of high-resolution (up to 1.79 [A]) crystal structures of the enzyme in its ligand-free form and in complex with kojibiose, kojitriose, and selaginose. A8F5 glucosidase adopts a (/{beta})6-barrel fold characteristic of clan GH-G. Complementing the crystal structures with AlphaFold3 prediction demonstrated that two prominent active-site loops (loops 3 and 4) adopt a closed conformation that constricts the catalytic pocket, rendering the architecture suitable for short oligosaccharide recognition while restricting access to larger polymers. Furthermore, sequence similarity network analysis highlights vast, uncharacterized functional diversity within the GH176 family. These findings revealed that the GH176 enzyme recognizes and hydrolyses -1,2-glucosidic bonds through a structural framework distinct from that of the previously known clan GH-L GH65 kojibiose hydrolase, expanding the known functional landscape of this enzyme group toward rare -glucans."
2026-07-03,27,10.64898/2026.07.02.735721,1,biochemistry,"Midgut damage triggers thromboxane A2-dependent hemocyte recruitment in Culex pipiens molestus","Lee, D.; Choi, D.-Y.; Kang, D.; Oh, S.; Shatta, A.; Yi, M.-h.; Choi, J. h.; Jang, Y. S.; Park, C.; Lee, I.-Y.; Kim, J. Y.","Mosquitoes transmit diverse pathogens through repeated blood feeding, a process that subjects the midgut to significant mechanical stress and cellular damage. While hemocyte association with the midgut is known to occur following injury, the mechanisms promoting their recruitment remain poorly defined. Given the conserved roles of eicosanoid signaling in injury responses, we hypothesized that thromboxane A2 (TXA2) mediates hemocyte recruitment to the damaged midgut. Here, we demonstrate that chemically induced midgut damage significantly increases both the number of hemocytes attached to the midgut and those in circulation. Pharmacological inhibition of cyclooxygenase suppresses hemocyte recruitment whereas supplementation with a stable TXA2 analog restores the response, indicating that TXA2 signaling is required for this process. To identify candidate enzymes involved in TXA2 biosynthesis, we performed in silico docking analyses and identified two cytochrome P450 (CYP) candidates. Among these, CYP6D3 was shown to be strongly upregulated in hemocyte populations following midgut damage. RNA interference-mediated knockdown of CYP6D3 significantly reduced both hemocyte recruitment to the midgut and systemic TXB2 levels, supporting its role in the eicosanoid-mediated immune response. Together, our findings demonstrate that TXA2 signaling drives hemocyte recruitment to the damaged mosquito midgut and suggest a conserved lipid-mediated mechanism underlying insect tissue-associated immune responses that may influence vector competence."
2026-07-03,27,10.64898/2026.07.02.736009,1,biochemistry,"Protocol for studying membrane protein dynamics and associated synaptic vesicle recruitment on native membrane sheets","Kapadia, A. B.; Hafner, A.-S.","Plasma membrane sheets generated by controlled mechanical disruption provide direct access to the cytosolic face of the plasma membrane while preserving the native organization of membrane-associated proteins and lipids. Here, we present a protocol for generating and validating sonication-derived plasma membrane sheets from cultured cells, primary neurons, and isolated synaptosomes. We further describe their application for live and fixed imaging of membrane protein localization, organization, conformational dynamics, and protein-protein interactions, as well as quantitative membrane-associated synaptic vesicle recruitment assays. This versatile platform preserves the native membrane environment while enabling direct visualization and quantitative analysis of membrane-associated processes at high spatial resolution. The protocol can be readily adapted to investigate diverse membrane proteins, lipid-dependent mechanisms, and vesicle tethering events across a wide range of cellular systems."
2026-07-03,27,10.64898/2026.07.02.736149,1,biochemistry,"Competing effects modulate the rate of poly(A) RNA deadenylation in a biomolecular condensate","Irwin, R. M.; Harkness, R. W.; Liu, Z. H.; Sun, K.; Huang, T. H.; Head-Gordon, T.; Kay, L.; Forman-Kay, J. D.","The unique solvent milieu found in biomolecular condensates can control cellular enzymatic reactions and shift reaction kinetics by modulating reactant concentrations, structural dynamics, and enzyme activities. Here we explore the interplay of multiple regulatory factors within a condensate to control poly(A) RNA deadenylation, the first and rate-limiting step in mRNA turnover. The deadenylase CNOT7, a subunit of the CCR4-NOT deadenylation complex, localizes to cytoplasmic RNA granules and shows increased degradation activity in vitro in condensates formed by the C-terminal low complexity disordered region of CAPRIN1, a component of RNA granules. We use a combination of enzymatic assays, kinetic modeling, microscopy, Nuclear Magnetic Resonance (NMR) spectroscopy, and molecular dynamics simulations to deconvolute and define the components that underlie this enhancement. We found that enzyme and RNA are concentrated in condensates relative to buffer, which increases CNOT7 activity, while the equilibrium between CNOT7's active and inactive states remains unchanged. The concentration-dependent increase in enzymatic rates is counterbalanced by a substantial decrease in the enzyme's catalytic efficiency, likely due to slower diffusion of CNOT7 and RNA within the condensates, which lessens the probability of enzyme-substrate complex formation. Molecular dynamics simulations reveal CNOT7-CAPRIN1 interactions that rely on conserved CAPRIN1 sequence features, hinting at an evolutionarily conserved role for CAPRIN1 condensation. With this quantitative kinetic analysis, we describe the multifaceted mechanism behind regulation of CNOT7 deadenylation by a condensate environment."
2026-07-03,27,10.64898/2026.07.02.736076,1,biochemistry,"Protein Aggregation Capture for Top-down Proteomics","Feltenstein, I. G.; Drown, B. S.","Proteins are dynamically regulated by a myriad of post-translational modifications (PTMs) that control their stability, conformation, activity, subcellular localization, and local interactions. Capturing the precise composition of these various modification states, or proteoforms, is a principal objective of top-down proteomics (TDP). By ionizing intact proteoforms and combining measurements of precursor ion and fragment ion masses, the position, stoichiometry, and combination of PTMs can be determined. Despite the highly valuable measurements that TDP can provide, it is typically less sensitive than corresponding peptide-level analysis with many reports utilizing input material in the microgram to milligram range. Contributing to this lack of sensitivity is the risk of sample loss due to non-specific binding to surfaces during sample preparation. The most widely employed sample preparation approaches for TDP either require high sample input (e.g. precipitation and ultra-filtration) or fail to effectively remove surfactants (e.g. solid-phase extraction). These limitations have hindered advancement of targeted TDP applications involving immunoprecipitation and other enrichment strategies. Bead-assisted protein aggregation, also referred to as single-pot, solid-phase-enhanced sample preparation (SP3), has emerged as a popular sample preparation strategy for bottom-up proteomic workflows, but has only been used in TDP with secondary ion exchange chromatography cleanup. We envisioned a magnetic bead based protein cleanup approach that proceeds directly to MS analysis with judicious choice of bead surface chemistry and elution conditions. Here we report a sample preparation method using hydroxyl-functionalized magnetic beads for top-down proteomics applications."
2026-07-03,27,10.64898/2026.06.29.735269,1,bioengineering,"Effects of Tempo, Dynamics, and String on Physical Exposure in Professional Violinists","Fan, X.; Mathiassen, S. E.; Johansson, P. J.; Jackson, J. A.; Nyman, T.","This study examined how tempo, dynamics, and string influence upper-extremity physical exposure in professional violinists and how exposure variability is distributed among musical characteristics, between-subject differences, and residual variability. Twelve violinists performed seven standardized scales while bilateral upper-arm and wrist kinematics and shoulder and forearm muscle activity were recorded. Linear mixed-effects models showed that faster tempo increased right upper-arm velocity and bilateral forearm activity while reducing right upper-arm and wrist ranges of motion. Louder dynamics increased bilateral forearm and right trapezius activity and right-wrist ranges of motion. Higher-posture strings increased right upper-arm elevation and right shoulder muscle activity. Variance analysis identified exposures predominantly related to musical characteristics, jointly related to musical characteristics and between-subject differences, predominantly related to between-subject differences, or mainly unexplained. These findings support future exposure prediction from musical characteristics and targeted prevention through repertoire-based workload management, structured recovery, and individualized technique-focused strategies."
2026-07-03,27,10.64898/2026.07.01.735684,1,bioengineering,"Fucoidan-Coated Layer-by-layer Lipid Nanoparticles for the Generation of CAR-Macrophages","Passos Gibson, V.; Tahiri, H.; Omri, S.; Filippini, A.; Saber, J.; Braverman, N.; Cajuba de Britto Lira-Nogueira, M.; Banquy, X.; Hardy, P.","Modulation of immune cells as therapeutic tools has gained significant clinical relevance in the treatment of cancer. Among them, macrophages represent a promising immunotherapeutic platform not only because they can internalize tumor material, but also because they profoundly shape the tumor microenvironment through cytokine production, antigen presentation, metabolic regulation, and modulation of other immune and stromal populations. Lipid Nanoparticles (LNPs) have enabled RNA therapies to the bedside and are thus considered the gold standard for gene delivery. However, optimizing LNPs for RNA delivery to macrophages remains an active area of investigation. Here, we propose the surface modification of unPEGylated LNPs using the Layer-by-Layer (LbL) approach for enhanced RNA delivery to macrophages. Specifically, we show that fucoidan, a sulfated polysaccharide, when at the outermost layer in the LbL process provides two physicochemical advantages to unPEGylated LNPs: (1) stability in PBS and (2) resistance to lyophilization in the presence of cryoprotectant. Additionally, fucoidan improves macrophage targeting and RNA transfection efficiency compared to previously synthesized hyaluronan-decorated LbL LNPs. Fucoidan LbL LNPs (Fuc-LNPs) preferentially accumulated in CD11b+ macrophages when co-cultured with U87 glioblastoma cells, which was not observed for control PEGylated LNPs. Furthermore, Fuc-LNPs induced a higher transfection of mRNA in primary human macrophages when compared to PEGylated control LNPs. Using the model mRNA encoding CAR@CD19, Fuc-LNPs generated CAR macrophages which mediated CD19 cell ablation in vitro. Altogether, these findings highlight the potential of the LbL strategy to modulate the targeting properties of LNPs, improving RNA delivery to human macrophages and encouraging further studies using LbL LNPs for the generation of CAR-Macrophages in the context of solid tumors."
2026-07-03,27,10.64898/2026.03.25.714070,2,bioengineering,"Long-term Production and Recovery of Medium-Chain Carboxylates from Source-Separated Organics","Dyussekenova, D.; Parmar, J. K.; Ezabadi, M. A.; Lindner, B. G.; Hong, Y.; Werber, J. R.; Lawson, C. E.","Source-separated organics (SSO) are widely processed via anaerobic digestion to produce biogas, yet alternative conversion pathways could generate higher-value products. Here, we demonstrate long-term continuous production and recovery of medium-chain carboxylic acids (MCCAs) from SSO via microbial chain elongation using a bench-scale anaerobic bioreactor operated for 911 days. The bioreactor was fed with SSO samples collected from two full-scale municipal organics processing facilities in Toronto, Canada, capturing facility-specific and seasonal variability in SSO composition. MCCA production was closely associated with the availability of lactate as an electron donor, which varied with SSO preprocessing operations and outdoor collection temperatures. To mitigate product inhibition, an in-line extraction system using hollow-fiber polydimethylsiloxane (PDMS, also known as silicone polymer) membranes was integrated with the anaerobic membrane bioreactor, providing a robust and solvent-free alternative to solvent-based extraction methods. Selective extraction reduced MCCA product inhibition when lactate availability was not limiting, resulting in maximum MCCA yields and production rates of 0.31 g MCCA g-1 VSfeed and 0.84 g L-1 day-1, respectively, with notable octanoic acid production (up to 20% of total MCCA). Acidification of the alkaline extract produced a phase-separated MCCA-rich oil (0.88 g MCCA g-1 oil) without the addition of downstream separation steps. Microbial community analysis of the bioreactor revealed enrichment of putative chain-elongating bacteria, including Eubacterium and Pseudoramibacter species, while shifts in SSO feedstock microbiomes influenced substrate availability and product spectra. These results demonstrate the feasibility of sustained MCCA production from municipal organic waste streams and highlight opportunities to integrate chain elongation with existing anaerobic digestion infrastructure."
2026-07-03,27,10.64898/2026.06.29.734828,1,bioinformatics,"Multi-modality Graph Representation Learning for Malignant Cell Identification from scRNA-seq using DeepMalignant","Bhattarrai, P.; Yuan, W.; Chi, H.; Zhou, X. M.; Mallory, X.","Distinguishing malignant from normal cells in single-cell RNA sequencing data remains a critical yet challenging task in cancer genomics. Existing methods often suffer from poor precision, limited generalizability across cancer types, and reduced robustness across different sequencing platforms. We developed DeepMalignant, an unsupervised multimodal graph attention autoencoder for malignant cell identification that jointly integrates gene expression and copy number alteration (CNA) information. We applied DeepMalignant to five datasets covering 26 samples and four cancer types (breast, colorectal, pancreatic, and ovarian cancers), generated by three platforms (10x Genomics, inDrop, and Drop-seq) for benchmarking and compared it with existing state-of-the-art methods including scMalignantFinder, PreCanCell, CopyKAT, ikarus, and Cancer-Finder. DeepMalignant achieved the best overall balance of precision and recall and consistently outperformed the existing methods that used either gene expression or CNA in F1 scores. Ablation studies showed that both CNA-based edge weighting and graph attention aggregation contribute independently to performance, and attribution analysis further indicated that the learned embeddings capture biologically meaningful malignant programs. We further applied DeepMalignant to two ductal carcinoma in situ (DCIS) samples, DCIS2 and DCIS1, that have matched spatial transcriptomics and scRNA-seq data. DeepMalignant identified tumor-enriched regions that were highly consistent with the matched histological image. The downstream cell-cell communications analysis revealed that fibroblast-derived C3 and MIF both directed signaling more toward normal epithelial cells than tumor epithelial cells, demonstrating that accurate tumor-normal cell classification by DeepMalignant enables biologically meaningful interrogation of the tumor microenvironment and revealing how stromal cells differentially communicate with malignant versus normal epithelial populations."
2026-07-03,27,10.64898/2026.06.29.734207,1,bioinformatics,"Multiscale Analysis of Cellular Senescence through Ripley's Functions and Functional Statistics.","Verrier, C.; Dabo-Niang, s.; Dehennaut, V.","Cellular senescence is a heterogeneous and evolving process involved in development, tissue repair, aging, and age-related diseases. Although senescence burden in tissues has been widely studied, its spatial organization remains poorly understood, particularly in vivo. Senescence encompasses a spectrum of distinct states, with cells differing in molecular signatures, secretory activity, persistence, and interactions with their microenvironment depending on the inducing stimulus and tissue context. This heterogeneity suggests that spatial organization may reflect underlying processes such as tissue repair, regeneration, or maladaptive remodeling, providing insight into senescence function and its pathological roles. Here, we propose a quantitative, multi-scale framework to characterize the spatial organization of senescent cell populations in post-infarction mouse hearts. By combining a senescence-signature scoring strategy with spatial statistical methods and functional data analysis, we assess whether senescent cells exhibit clustered or dispersed patterns, and how these spatial distributions evolve over time following infarction. This approach aims to provide new insights into the spatiotemporal dynamics of senescence in vivo and to identify spatial features that may inform therapeutic strategies targeting age-related and tissue repair-associated pathologies."
2026-07-03,27,10.64898/2026.06.29.735243,1,bioinformatics,"GLproxScape reconstructs spatial chromatin occupancy landscapes from tiled genomic locus proteomics","Ozcan, S. C.; Sergi, B.; Yildirim, B.; Cagiral, U.; Gonen, M.; ACILAN AYHAN, C.","Genomic locus proteomics combines proximity labeling with mass spectrometry to identify the proteins associated with user-defined genomic loci. However, per-region enrichment values from tiledguide designs are typically pooled before hit calling, collapsing the latent spatial structure encodedby overlapping measurements. Here, we describe GLproxScape, an R package that treats per-region enrichments as indirect spatial measurements and reconstructs latent chromatin occupancylandscapes through a Gaussian labeling-kernel forward model. Sequence-specific transcriptionfactors are resolved by motif-anchored non-negative least-squares deconvolution against JASPARor HOCOMOCO position weight matrices, while chromatin regulators which lack defined DNA-binding motifs are inferred as broad occupancy zones, enabling recovery of overlapping membersof multi-subunit complexes. Applied to published genomic locus proteomics datasets at the humanTERT, MYC, FOXP2, and FOXQ1 loci and the mouse Ripk3 locus, GLproxScape recovered knownregulators with predicted positions independently supported by ChIP-Atlas peaks, reconstructedcandidate co-binding relationships, and identified chromatin complexes inaccessible to pooledanalyses. Systematic sgRNA-ablation experiments further showed that densely tiled designsimprove event recovery and positional stability, providing concrete experimental guidance for futuregenomic locus proteomics studies."
2026-07-03,27,10.64898/2026.06.29.735110,1,bioinformatics,"Multimodal computational framework identifies B cell convergence in autoimmunity and ageing","Lou, H.; Zhang, M.; Zhang, B.; Lu, Q.; Zheng, J.; Cao, X.","Identification of the origin of pathogenic immune cells is crucial for therapeutic interventions and diagnosis but pseudotime methods struggle to trace immune cells accurately. Current trajectory inference methods for B cell development and response in health and disease either ignore or underutilize antigen receptor sequence information, limiting their ability to resolve developmental pathways, particularly for pathogenic populations. Widely used methods such as Monocle 3, reconstruct developmental paths from transcriptomic similarity alone, discarding the features from immune receptors. Dandelion has combined the immune receptor features with transcriptomics but it struggles to simulate the trajectory path of B cells. Here we present ClonoTrace, a computational framework that integrates BCR sequence features with transcriptomic trajectory inference through gated fusion of multimodal embeddings. In fetal B cell development and germinal centre development, ClonoTrace achieves higher trajectory inference accuracy than Monocle 3 and Dandelion. Applied to systemic lupus erythematosus, ClonoTrace identifies memory B cell extrafollicular maturation pathway in addition to naive B cell, accompanied by induction of ZEB2 with a concomitant decline of BACH2 along the trajectory, as the alternative origin of pathogenic double negative 2 B cells (DN2) in systemic lupus erythematosus (SLE) patients. In healthy ageing, ClonoTrace identified three pathways from naive, IgM+ memory B cells and switched-memory B cells mature through a DN2-associated transcriptional state that precedes age-associated B cells. ClonoTrace's fate probability algorithm indicated that IgM+memory B cell to ABC transition emerged as the leading candidate age-associated transition, that is a process distinct from SLE DN2 maturation. ClonoTrace provides a generalizable framework for receptor-informed trajectory inference, revealing the developmental pathways of pathogenic B cell populations that are untraceable to single modality approaches in autoimmunity and aging."
2026-07-03,27,10.64898/2026.06.29.735403,1,bioinformatics,"Disease Stage- and Risk-Associated RNA Editing Signatures in Acute Myeloid Leukemia and Their Utility for Peripheral Blood-Based Assessment","Gu, T.; Bui, D.; Lee, J.-H.","RNA editing is a widespread post-transcriptional regulatory mechanism, but its role in acute myeloid leukemia (AML) remains incompletely understood. We analyzed RNA editing in 59 paired diagnosis-relapse AML samples and eight age-matched healthy controls using a stringent discovery pipeline and beta-binomial regression framework accounting for overdispersion and repeated measurements. A total of 166,323 high-confidence RNA editing sites mapping to 5,917 genes were identified. Of tested sites, 1.2%-3.6% varied significantly by disease stage or ELN-2022 risk group. Disease stage-specific editing signatures distinguished healthy controls, diagnosis, and relapse samples, with relapse-associated signals validated in an independent AML cohort. ELN-2022 risk-specific editing signatures showed substantial overlap between intermediate- and adverse-risk groups. Cross-cohort analyses identified four bone marrow (BM) editing sites in TMEM165, COQ4, TIMM17A, and PLXDC2 reproducibly associated with relapse and one peripheral blood (PB) editing site in ABHD18 elevated in higher-risk ELN-2022 groups. Most editing sites were shared between BM and PB; only 2.1%-2.3% exhibited tissue-specific differences. Higher global editing levels were correlated with leukemic state, white blood cell count, and selected clinical features. These findings identify reproducible RNA editing signatures linked to AML disease stage and risk and support the use of RNA editing biomarkers for PB disease assessment."
2026-07-03,27,10.64898/2026.07.02.732782,1,bioinformatics,"Location dependence of protein intrinsic disorder in Drosophila melanogaster","Abdulla Daanaa, H. S.; Kuraku, S.; Akashi, H.; Saito, K.","The relevance of protein structural flexibility in function remains contested, but experimental and computational evidence continues to accumulate. Many efforts to address this investigate intrinsic disorder, which commonly refers to peptide segments or entire protein sequences that presumably lack structure and exhibit high flexibility/conformational heterogeneity under physiological conditions. These efforts face challenges such as conflicting computational predictions and ambiguous relationships among intrinsic disorder locations and other protein properties. We address these challenges at a genome-wide scale in Drosophila melanogaster using residue-level predictions for various protein properties. We employ single and consensus approaches to quantify the prevalence of intrinsic disorder and attempt to infer function by testing for differences along protein sequences. Intrinsic disorder is likely more common at terminals than internal regions, and amino acid frequencies can vary substantially between regions in a manner that plausibly reflects functions of intrinsic disorder, rather than only proteome-wide effects. Tertiary structure potentially underlies the prevalence of intrinsic disorder along protein sequences; this prevalence varies more in a putatively solvent-exposed context than a solvent-buried one. Protein-binding appears to be a main function of intrinsic disorder, and we find support consistent with the notion that structural flexibility fosters binding plasticity, and show that location and protein length are factors in this relationship. Nucleic acid-binding and linker are ostensibly less common disorder functions than protein-binding, but nucleic acid-binding seems more localized at terminals. Residue-level estimates of selection pressure indicate that disordered regions generally evolve under weaker sequence constraints than structured regions, except at the N-terminal region. Biases in disorder prediction are a considerable factor in many of the observations, but unlikely a full explanation. The findings strengthen support for functional relevance of flexibility, offer insight into protein architecture and function, and lend impetus for experimental inquiry."
2026-07-03,27,10.1101/2025.10.13.682073,3,biophysics,"Thermodynamic principles of enzymatic regulation in biomolecular condensates from reaction-coupled molecular modeling","Lavagna, E.; Delfino, F.; Koniukov, G.; Paloni, M.; Ciandrini, L.; Barducci, A.","Biomolecular condensates are dynamic cellular assemblies often regulated by energy-consuming processes such as post-translational modifications (PTMs). These reactions can act as molecular switches that control condensate assembly and dissolution, or sustain non-equilibrium steady states that support biological function. Nevertheless, how reaction dynamics couple to spatial organization at the molecular scale remains poorly understood. Here, we introduce a minimal molecular model to study enzymatic regulation of condensate assembly and structure under thermodynamic constraints. Our simulations reveal a non-monotonic dependence of condensate stability on modification strength, identifying an optimal regime for active control. We further find that chemical activity becomes spatially localized at the condensate interface, which emerges as a key reactive hub shaped by local molecular environments. Together, these results show how thermodynamically consistent, particle-based simulations can provide insight into principles of active condensate regulation at molecular resolution."
2026-07-03,27,10.64898/2026.06.30.735505,1,biophysics,"Neuraminidase-Mediated Desialylation Modulates Red Blood Cell Aggregation","JIN, M.; Tsvirkun, D.; Misbah, C.","The glycocalyx of red blood cells (RBCs), a negatively charged surface layer rich in sialic acid residues, plays a crucial role in modulating RBC aggregation. In pathological conditions such as diabetes and sepsis, glycocalyx degradation is often observed along with abnormal RBC aggregation. However, the mechanistic relationship between these phenomena remains poorly defined. In this study, we investigate the effects of enzymatic glycocalyx degradation on RBC aggregation under physiologically relevant flow conditions. Using neuraminidase from Clostridium perfringens (C. welchii) at varying concentrations, we selectively removed sialic acid residues from the RBC glycocalyx, simulating different levels of desialylation observed in health and disease. Confocal microscopy confirmed the dose-dependent depletion of membrane sialic acid, while microfluidic experiments revealed a significant increase in both the size and stability of the RBC aggregates after enzymatic treatment. Our findings suggest that glycocalyx integrity is a crucial biophysical determinant of RBC aggregation, likely influencing both electrostatic repulsion and hydrodynamic forces. This study provides new insights into how the enzymatic modification of the glycocalyx contributes to pathological hemorheology and may inform future strategies for the diagnosis or treatment of vascular diseases."
2026-07-03,27,10.64898/2026.06.29.735357,1,biophysics,"Using spIsoNet to address the preferred-orientation problem in cryoEM reconstructions","Fan, H.; Liu, Y.-T.; Zhou, Z. H.","Cryogenic electron microscopy (cryoEM) is now routinely used for high-resolution structure determination of biological macromolecules. However, many biological specimens exhibit varying degrees of preferred orientation on cryoEM grids, resulting in uneven sampling of three-dimensional Fourier space. This orientation bias produces anisotropic reconstruction artifacts and, in severe cases, can exacerbate particle misalignment during iterative refinement, thereby limiting the success rate of near-atomic resolution cryoEM structure determination. This protocol provides a practical guide for applying spIsoNet, a self-supervised deep-learning method, to mitigate preferred-orientation issues in cryoEM reconstructions. We describe two complementary workflows: (1) map Anisotropy Correction to correct anisotropic artifacts of cryoEM maps and (2) particle Misalignment Correction, which integrates spIsoNet with RELION external reconstruction to improve particle-pose estimation. We demonstrate these workflows using two influenza hemagglutinin (HA) trimer datasets representing moderate and severe degrees of preferred-orientation bias. The protocol includes installation instructions, parameter-selection guidance, quality-control checkpoints and troubleshooting advice, and can typically be completed in ~7 hours on a workstation equipped with four NVIDIA A100 GPUs. Together, these workflows provide step-by-step guidance for using the open-source spIsoNet software to mitigate the preferred-orientation problem directly from experimental data."
2026-07-03,27,10.64898/2026.07.02.736129,1,biochemistry,"Resolving symmetry-masked allosteric cooperativity in the M. tuberculosis proteasome core particle","Turner, M.; Wittlinger, V.; Lento, C.; Haris, A.; Ujma, J.; Bruton, D.; Richardson, K.; Giles, K.; Bottcher, T.; Wilson, D.; Vahidi, S.","The 20S proteasome core particle (CP) is a stacked 7-{beta}7-{beta}7-7 assembly in which the central {beta}-rings host fourteen catalytic active sites responsible for regulated protein degradation. Allosteric coupling between catalytic {beta}-subunits has been characterized in eukaryotic proteasomes, whose heteromeric {beta}-rings permit subunit-specific perturbation. In bacterial proteasomes, however, the {beta}-rings are homomeric, and any allosteric relationships between subunits with identical sequences have remained refractory to conventional ensemble-averaging structural methods, including to hydrogen/deuterium exchange mass spectrometry (HDX-MS). Here we show that orthosteric inhibitors paradoxically activate the Mycobacterium tuberculosis 20S CP at substoichiometric concentrations, revealing positive cooperativity between its {beta}-subunits. To dissect this cooperativity within the {beta}-ring, we co-assemble wild-type and catalytically inactive (T1A) {beta}-subunits into hybrid 20S CPs. We develop a probabilistic model relating bulk mixing ratios to the ensemble of hybrid 20S CP stoichiometries. Differential 15N-labelling of the wild-type subunits then resolves WT and T1A peptide signals by mass during HDX-MS, enabling subunit-resolved measurements within a single complex. Using this approach, we demonstrate that ligand binding at one {beta}-subunit remodels the conformational dynamics of binding-incompetent neighbours. Measuring deuterium uptake against ring composition identifies two allosteric routes: a lateral pathway from switch helix II to the active site of the adjacent intra-ring subunit, and an axial pathway connecting a loop at the {beta}-ring interface to the S pockets of the opposing ring. More broadly, this work establishes a framework for resolving symmetry-masked allostery in multi-subunit assemblies."
2026-07-03,27,10.64898/2026.07.02.736098,1,biochemistry,"A generalizable interface-seeded framework for de novo design of functional oligomers","Chim, H. Y.; Idris, M. O.; Rieger, D.; Schlegel, P.; Goldbach, N. M.; Juanatey, M. A.; Mallik, B. B.; Buckley, S.; Basak, S.; Georgeon, S.; Lau, K.; Pojer, F.; Kaysser, L.; Tinnefeld, P.; Schoeder, C. T.; Correia, B. E.; Khmelinskaia, A.","Protein oligomers are ubiquitous in biological systems and essential for function. However, the de novo design of oligomers that controllably assemble in response to exogenous stimuli remains challenging. Here, we present an AI-based generative approach that leverages an interface-seeded strategy for designing responsive homo-oligomers from isolated interaction modules. Experimentally validated designs are highly accurate and explore new-to-nature topologies. We show that designs effectively respond to their chemical triggers with conditional oligomerization or to phosphorylation-driven conformational changes with reversible oligomerization. We further functionalized our responsive assemblies to build ligand-dependent membrane binding systems and phosphorylation-controlled gene regulatory switches. Our framework enables the generalizable design of responsive protein complexes, opening novel possibilities for the engineering of biosynthetic systems with sophisticated regulatory mechanisms."
2026-07-03,27,10.1101/2025.05.20.655217,2,bioengineering,"Repurposing the evolutionary fitness of marine bacteria for water-conserving conversion of lignin-derived carbon","Wei, Y.; Chen, P.-R.; Gong, B.; Yuan, X.-Z.; Wang, S.-G.; Xia, P.-F.","Reverting waste carbon into chemicals and materials with minimal freshwater reliance is essential for a sustainable future. Here, we report the establishment of a blue biological scheme by repurposing the evolutionary fitness of marine bacterium Roseovarius nubinhibens for efficient conversion of lignin-derived carbon into valuable chemicals with seawater as a water source. We created independency of the superior catalytic capacity of R. nubinhibens to circumvent a rare polar effect, and genetically decoupled the bioproduction pathway from central metabolism, channeling all lignin-derived carbon into desired products. Next, an orthogonal growth module was generated with acetate as a second carbon source, which is a ubiquitous byproduct and inhibitor in plant biomass hydrolysis, to sustain cell growth and supply necessary resources, but not substrates, for the growth-coupled bioproduction. Besides this designed metabolic segregation, we identified a cross-module push-and-pull synergy between bioproduction and cell growth, enabling enhanced performance and robustness. By deploying this biological scheme, we successfully achieved escalated conversion of the lignin-derived monomer 4-hydroxybenzoate to value-added compounds protocatechuate and {beta}-ketoadipate with seawater, rather than freshwater, as the water source, generating a distinct blue biological scheme with potentials in simultaneous carbon and water conservation."
2026-07-03,27,10.1101/2025.09.02.673682,4,microbiology,"A Glycolysis-Calcineurin Regulatory Axis Orchestrates Titan Cell Formation in Cryptococcus neoformans","Phatak, P. S.; Mathivathanan, S.; Shah, D.; Suresh, I.; Shejo, M.; Das, S. K.; Varahan, S.","Cryptococcus neoformans is an opportunistic fungal pathogen that causes pulmonary infections and life-threatening meningoencephalitis in immunocompromised individuals. In addition to the polysaccharide capsule and melanin, titan cell formation is a key virulence trait that promotes immune evasion and disease progression. Despite the established role of titan cells in C. neoformans pathogenesis, the molecular mechanisms governing their formation remain poorly understood. Here, we demonstrate that glycolysis is critical for titan cell formation in C. neoformans. Pharmacological inhibition or genetic disruption of glycolysis significantly impaired titanization, whereas exogenous cAMP add-back restored the defect. To elucidate the underlying mechanism, we performed comparative RNA-seq analyses of wild-type, hxk2{Delta}, and hxk2{Delta} supplemented with cAMP under titan cell inducing conditions. Transcriptomic analyses revealed significant downregulation of a large subset of calcineurin-responsive genes in the hxk2{Delta} mutant, many of which were restored upon cAMP supplementation. Consistent with these findings, pharmacological inhibition of calcineurin using FK506 or cyclosporin A markedly reduced titan cell formation, establishing an essential role for calcineurin signaling in this morphological transition. Furthermore, supplementation with calcium chloride rescued the titanization defect of the hxk2{Delta} mutant, whereas chelation of extracellular calcium with EGTA significantly inhibited titanization in wild-type cells. Using the calcium-sensitive dye, we found that intracellular calcium levels were substantially reduced in the hxk2{Delta} mutant and were restored by calcium chloride or cAMP supplementation. Collectively, our findings uncover a previously unrecognized glycolysis-calcineurin regulatory axis that governs titan cell formation and establishes a direct mechanistic link between central carbon metabolism, calcium homeostasis and fungal morphogenesis."
2026-07-03,27,10.64898/2026.07.02.736193,1,biochemistry,"Substrate-dependent epistasis probes active site intramolecular wiring","Buda, K.; Miton, C. M.; Vogt, C.; Tokuriki, N.","Enzyme adaptation toward novel substrates involves the rewiring of intramolecular residue networks, yet how this rewiring differs across multiple substrates, and how it underpins functional trade-offs and promiscuity, remains poorly understood. Here, we profile all 64 combinations of six key mutations in a phosphotriesterase across nine structurally diverse substrates spanning three chemical classes (organophosphates, esters, and lactones), thus generating a multi-dimensional map of epistasis and promiscuity within the phosphotriesterase's active site. We developed a statistically robust reference-based analysis pipeline incorporating error propagation and significance testing to move beyond global epistatic trends and resolve idiosyncratic, substrate-dependent intramolecular wiring in specific genetic backgrounds. Simulations confirm that this pipeline reliably identifies genuine higher-order epistatic interactions while minimizing false positives. We reveal that intramolecular network wiring varies substantially between substrates, even within the same chemical class, with notable divergences between the adaptive target substrate 2-naphthyl hexanoate and its shorter-chain ester analogs. Key higher-order networks, including d233E/h254R/l271F and l271F/f306I/i313F, exhibit substrate-specific epistatic signatures that discriminate between subtle structural features such as acyl chain length, leaving group identity, and heteroatom substitution. These substrate-dependent rewiring events account for observed functional trade-offs, particularly the strong anti-correlation between the adaptive and native substrates. Collectively, these findings demonstrate that comprehensive cross-substrate epistatic profiling, paired with rigorous statistical analysis, provides a powerful framework for dissecting the molecular basis of enzyme promiscuity and the trade-offs that define adaptive evolution."
2026-07-03,27,10.64898/2026.04.29.721357,2,microbiology,"Chlamydia trachomatis deploys sphingolipids for genome organisation","Ruehling, M.; Wagner, F.; Epprecht, T.; Koehling, P. F.; Schumacher, F.; Sachs, S.; Kersting, L.; Fink, J.; Girndt, L.; Kleuser, B.; Sauer, M.; Seibel, J.; Weiss, G. L.; Rudel, T.","Chlamydia trachomatis is an obligate intracellular bacterial pathogen and a leading cause of sexually transmitted infections worldwide. During its biphasic developmental cycle, infectious, non-replicative ele-mentary bodies alternate with replicative reticulate bodies within a membrane-bound intracellular niche known as the inclusion. C. trachomatis relies heavily on host-derived metabolites, including sphingolipids, which are essential for inclusion integrity, bacterial growth and production of infectious progeny. Here, us-ing expansion microscopy, we uncover an unexpected localization of sphingolipid derivatives within the highly condensed DNA nucleoids of elementary bodies. These sphingolipids are released from nucleoids pri-or to DNA decondensation during the elementary-to-reticulate body transition, the earliest phenotypic event in the complex developmental cycle of these bacteria. Thereafter, nucleoids undergo a characteristic DNA decondensation process that we visualized by expansion microscopy. By combining super-resolution imaging with a FRET-based metabolic tracking approach and lipidomics, we identified sphingomyelin de-rived from the sphingolipid analogues as the sphingolipid species predominantly associated with the con-densing nucleoids of elementary bodies. Notably, reticulate bodies arrested in their developmental stage fail to accumulate sphingomyelin, suggesting a role for this lipid in stage-specific DNA condensation. Together, our findings suggest an unanticipated role for sphingolipids in bacterial DNA organization and developmen-tal regulation in C. trachomatis."
2026-07-03,27,10.64898/2026.01.16.699911,2,genetics,"Organism-level visual genotyping of knockout zygosity enables functional gene analysis and modular combination with reporter transgenes","Kraemer, F.; Ratke, J.; Strobl, F.","Analysis of gene function in diploid organisms typically relies on molecular methods to distinguish wild-type, mono-allelic knockout, and bi-allelic knockout individuals, creating a major practical bottleneck for large-scale developmental studies. Here, we establish a modular visual genotyping approach that enables organism-level discrimination of knockout zygosity by tagging alternative disrupted alleles with spectrally distinct fluorescent markers. Implemented in the red flour beetle Tribolium castaneum, a two-marker strategy permits reliable identification of bi-allelic knockouts within mixed cohorts in a semi-random insertional mutagenesis framework. Further, a four-marker strategy using a targeted CRISPR/Cas9-based gene editing approach enables systematic generation and unambiguous recognition of individuals homozygous for both a disrupted gene of choice and a fluorescent reporter transgene. This design substantially reduces the workload associated with routine molecular genotyping while enabling genotype-resolved long-term live imaging of embryonic morphogenesis. Application to the extra-embryonic specification factor zerknuellt 1 reveals haplosufficiency and a semi-lethal phenotype associated with variable morphogenetic outcomes. Together, our approach provides a scalable framework for functional analysis of essential developmental genes."
2026-07-03,27,10.64898/2026.05.25.727644,3,genomics,"First chromosome-scale genome assemblies and comprehensive structural characterization of Tunisian durum wheat (Triticum turgidum subsp. durum) landraces Chili and Mahmoudi","GDOURA BEN AMOR, M.; MATHLOUTHI, N. E. H.; BELGUITH, I.","Durum wheat (Triticum turgidum subsp. durum) is a globally important crop for pasta and couscous production. Chili and Mahmoudi are historically significant Tunisian landraces valued for exceptional grain quality, high protein content, and adaptation to arid Mediterranean climates, yet no high-quality reference genome assemblies were available for either variety before this work. We assembled both genomes using publicly available PacBio HiFi long reads and Illumina Hi-C proximity ligation data (NCBI BioProject PRJNA1420514), with hifiasm v0.25.0 in primary mode and YAHS v1.2a.2 for Hi-C scaffolding. Assembly quality was assessed with QUAST v5.3.0 and BUSCO v5.8.0 (embryophyta_odb10 lineage). The Chili assembly spans 10.84 Gbp (scaffold N50 756.2 Mbp, BUSCO 99.4%) and Mahmoudi spans 10.70 Gbp (scaffold N50 756.8 Mbp, BUSCO 99.3%). Merqury v1.3 confirmed high base accuracy (QV 68.0 and 68.3, respectively) and k-mer completeness exceeding 98% for both. Independent validation with wfmash yielded 98.6% mean alignment identity across 11,172 chromosome-to-reference alignments. Post-assembly characterization encompassed GC profiling, centromere architecture, ribosomal DNA arrays, and structural variation. Both assemblies substantially exceed the contiguity of existing durum wheat references and represent the first chromosome-scale genomic resources for North African durum wheat landraces. Automated Hi-C scaffolding produced a small number of scaffolds spanning multiple chromosomes, which we resolved by alignment-guided splitting against the Svevo v2 reference, yielding 14 chromosome-scale pseudomolecules per landrace (largest 858.7 Mbp Chili, 868.1 Mbp Mahmoudi). Assemblies and pseudomolecules are available from Zenodo (10.5281/zenodo.20366290). The entire workflow was executed reproducibly on the public Galaxy Europe platform, demonstrating that reference-quality plant genome assembly is achievable without local HPC infrastructure."
2026-07-03,27,10.1101/2025.07.30.667738,2,genomics,"A novel locus associated with decreased susceptibility of Plasmodium falciparum to lumefantrine and dihydroartemisinin has emerged and spread in Uganda","Niare, K.; Tafesse, B.; Treat, M.; Sadler, J.; Okitwi, M.; Orena, S.; Asua, V.; Kreutzfeld, O.; Legac, J.; Marglous, J.; Samuel, N. L.; Yeka, A.; Ferdig, M. T.; Mukherjee, A.; Rosenthal, P. J.; Juliano, J. J.; Bailey, J. A.; Conrad, M. D.","Malaria control in Uganda is threatened by the emergence of artemisinin partial resistance and reduced lumefantrine susceptibility. To identify loci contributing to decreased drug susceptibility, we assessed signatures of selection in Ugandan whole-genome Plasmodium falciparum sequences. Extended shared haplotypes were seen for Kelch13 C469Y and A675V mutations, but the strongest signal of recent selection was centered on a segment of chromosome 7 encoding the phosphoinositide-binding protein (PX1, PF3D7_0720700). A haplotype, represented by three PX1 mutations (L1222P, M1701I, D1705N) and two deletions (designated PIN), was first seen in 2008 and rapidly increased, reaching prevalence >50% in northern Uganda by 2016 and eastern Uganda by 2023. PIN-carrying parasites showed significantly decreased ex vivo susceptibilities to lumefantrine, mefloquine and dihydroartemisinin. A parasite strain in which px1 was disrupted in vitro showed increased susceptibility to the three drugs. Thus, PX1 polymorphisms appear to impact on the susceptibilities of African malaria parasites to key drugs"
2026-07-03,27,10.64898/2026.03.30.715302,2,bioinformatics,"ECLIPSE: Exploring the dark proteome of ESKAPE pathogens through the sequence similarity network of the Protein Universe Atlas","Lata, S.; Heinz, D. W.","The accelerating crisis of antimicrobial resistance among the critical, so-called ESKAPE bacterial pathogens demands the urgent identification of novel molecular targets. However, a substantial fraction of ESKAPE proteomes remains functionally uncharacterized, with many genes annotated as encoding hypothetical proteins. These protein sequences often lack significant similarity to known protein families when using conventional homology-based annotation methods and thus remain ""dark"". This limits our ability to explore their role in pathogenicity, and it is thus crucial to bridge this substantial gap in pathogen biology by developing novel strategies to illuminate these ""dark"" regions of the ESKAPE pan-proteomes.We introduce ECLIPSE (ESKAPE Connectome Linkage and Inference for Proteome Sequence Exploration), a network-based computational framework that systematically identifies and prioritises functionally dark protein families in ESKAPE pan-proteomes. ECLIPSE embeds target ESKAPE pathogen proteomes within the global sequence similarity network of the Protein Universe Atlas (Durairaj et al. 2023). It detects connected components composed entirely of unannotated proteins, called the ""dark proteome"". As a case study, we applied ECLIPSE to a pan-proteome of 3,460,657 protein sequences from 635 strains of Pseudomonas aeruginosa (PA). ECLIPSE identified 120,985 proteins (4%) residing in completely dark connected components. Furthermore, we performed a taxonomic diversity analysis using normalized Shannon indices to characterize each dark component by its enrichment in ESKAPE pathogens. The analysis utilized the evenness (E) value (see Methods 2.1), which distinguishes Pseudomonas-specific (target-specific) from ESKAPE-enriched dark components. We then developed the Dark Proteome Prioritization Score (DPPS), a composite multi-dimensional scoring framework (see Methods 2.5). It ranks these dark components by biological relevance across four orthogonal axes: (i) functional darkness, (ii) P. aeruginosa proportion in the Atlas, (iii) AMR-clade taxonomic restriction, and (iv) conservation across the 635 P. aeruginosa strains. This framework outputs a robust four-tier scoring system; the prioritized Tier I components were validated by weight sensitivity analysis and remained stable across 500 Monte Carlo weight perturbations. Structural characterization of one of the top-ranked ESKAPE-enriched dark component revealed that it belongs to the beta-barrel fold DUF1302 (PF06980) family for which no experimentally solved three-dimensional structure exists in the PDB. The genomic context analysis indicates that it is co-localized with a LuxR-type transcriptional regulator. Collectively, ECLIPSE identifies evolutionarily conserved, structurally defined, and functionally dark proteins enriched across ESKAPE pathogens; these candidates can further facilitate the experimental characterization of dark proteins as an alternative antimicrobial target."
2026-07-03,27,10.1101/2025.06.04.657877,2,genomics,"Genomic islands of divergence reveal selection on the alternate homeolog in upper Fraser River sockeye run-timing groups","Sutherland, B. J. G.; Williamson, C.; Toth, B.; Sterritt, G.","Effective wildlife conservation and management depends on a thorough understanding of both neutral and adaptive intraspecific genomic variation. Although population structure is often well understood for many ecologically or economically important species, the extensive population genomic resources required to characterize putatively adaptive variation, for example in punctuated genomic regions, is typically only recently available in many species, if at all. Here we explore recently published whole-genome resequencing data in the upper Fraser River and identify a large island of divergence separating populations with different run timings in the Nechako Watershed. The island of divergence at approximately 56.3-58.0 Mbp of Chr18 has extended homozygosity and reduced Tajima's D in specific populations of the upper Fraser River. These include the Nadina and Stellako River sockeye, as well as the Stuart-Summer run timing group, but not the geographically proximal Early Stuart sockeye. In the populations without the Stuart-Summer haploblock, genetic variation looks more similar to elsewhere throughout the chromosome. When investigating the gene content of this region, importantly it was determined to contain the leucine rich-repeat containing 9-like (lrrc9-like) gene and surrounding homeologous region to the lrrc9 region of Chr12, known to contain a conserved and selected island of divergence that has been associated with life history traits and run timing throughout the species range. By also inspecting the samples in the present work at the Chr12 haploblock, three genotypic states were observed throughout the region, although the Stuart River run timing groups contained mainly the reference haplotype. Using similar methods, no other regions of major differentiation were observed in the available samples for the Chilcotin or Quesnel River systems. These results provide additional evidence for the importance of both homeologous regions holding lrrc9 and lrrc9-like in different geographic regions and underscore the uniqueness of upper Fraser River sockeye in this potentially adaptive island of divergence."
2026-07-03,27,10.64898/2026.02.26.708394,3,bioengineering,"Interpretable AI driven materiomics to decode microenvironmental cues for stem cell immunomodulation","Pan, C.; He, Y.; Duan, Y.; Chen, K.; Wang, Q.; Wang, X.; Zhang, Y.; An, C.; Wang, H.","Hydrogels that mimic the extracellular matrix can create a microenvironment with various physicochemical cues, which significantly influence stem cell fate with particular emphasis on their immunoregulatory and pro-regenerative functions. However, elucidating how biomaterial cues regulate cell fate is invariably confronted with complexities such as multi-parameter interactions and nonlinear relationships, thereby necessitating a large number of samples and consuming substantial labor and resources. This research introduces a materiomics platform that utilizes high-throughput data and artificial intelligence for the systematic evaluation and accurate prediction of optimal stem cell niche features, aiming to boost the immunomodulatory functions of mesenchymal stem cells (MSC). Specifically, binary hydrogels composed of methacrylated alginate and gelatin (AMGM) were employed, allowing the establishment of a comprehensive materiomics database with seven critical physicochemical cues as indicators of MSC immunomodulatory capacity in mediating macrophage polarization. Machine learning algorithms based on this materiomics database not only successfully predicted the most effective hydrogel formulations to promote stem cells immunoregulatory efficacy but also revealed that matrix stiffness is the most dominant environmental cue mediating macrophage phenotype. In summary, this study demonstrates the utility of artificial intelligence in identifying core microenvironment cues and establishes a data-driven research paradigm for investigating microenvironmental signals."
2026-07-03,27,10.1101/2025.07.03.663077,2,bioinformatics,"Undersampling techniques for non-linear chemical space visualization","Surendran, A.; Zsigmond, K.; Quintana, R. A. M.","The visualization of high-dimensional chemical space is a critical tool for understanding molecular diversity, structure-property relationships, and for guiding compound selection. However, the performance of non-linear dimensionality reduction (DR) techniques like t-Stochastic Neighborhood Embedding (t-SNE), Uniform Manifold Approximation and Projection (UMAP), and Generative Topographic Mapping (GTM) are often susceptible to the choice of hyperparameters, along with the high cost of their training for large datasets. In this study, we investigated the effect of undersampling methods on the choice of hyperparameter selection for these non-linear dimensionality reduction methods. Our results demonstrate that selecting small representative subsets of chemical data not only reduces computational costs associated with hyperparameter training but also serves as an innovative means to train non-linear DR methods, leading to projections that better preserve the local structure within the chemical space."
2026-07-03,27,10.64898/2026.07.03.736370,1,bioinformatics,"Mobile DNA Activity in Parkinson's Disease: A Locus-Specific View of Endogenous Retroviruses","Banda-Arnold, E. T.; Venuto, C. S.; Crandall, K. A.","Human endogenous retroviruses (HERVs) are mobile genetic sequences derived from ancient retroviral infections. While typically silenced, their reactivation has been implicated in gene dysregulation, aging, and immune-related transcriptional pathogenesis of some neurodegenerative diseases. Parkinson's disease (PD) is the second most common neurodegenerative disorder, yet its etiology and HERV reactivation remain poorly understood. This study investigates locus-specific HERV expression in early-stage PD, including genetic and non-genetic cases (all PD), idiopathic PD without a known genetic cause (iPD), and PD driven by leucine-rich repeat kinase 2 mutations (LRRK2 PD). We analyzed RNA-seq whole-blood samples from 492 individuals (358 all PD, 256 were iPD, 63 LRRK2 PD, and 134 healthy controls (HC)). We identified 20 significantly dysregulated HERV loci in all PD versus HC. Five HERV loci were shared with iPD analysis, and one HERV locus was shared with LRRK2 PD. Notably, these shared loci included HERV-H and ERVLE elements, indicating robust disease-associated retroviral signals independent of disease subtype. We found that genes proximal to these HERVs revealed pathways implicated in PD pathogenesis. Immune cell deconvolution showed increased neutrophil abundance and decreased resting CD4+ memory T cells proportions across the PD cohorts when compared to HC, consistent with neutrophil-lymphocyte ratio observed in previous peripheral immunity studies. Transcriptomic HERV alterations are present in whole blood across PD populations and are associated with dysregulation of fundamental cellular pathways and peripheral immune remodeling. Our findings motivate experimental validation of locus-specific HERV expression as a candidate blood-based signature with potential to inform PD neuroinflammatory and neurodegenerative processes."
2026-07-03,27,10.64898/2026.05.21.726960,2,biophysics,"De novo design of RNA pseudoknots with deep learning","Townley, J.; Kladwang, W.; Baker, D.; Blair, H. M.; Choe, C.; El Nesr, G.; Favor, A.; Fisker, E.; Haack, D. B.; He, S.; Hingey, J.; Huang, R.; Huang, P.-S.; Joshi, C. K.; Karagianes, T. G.; Kubaney, A.; Lio, P.; Mancino, A.; Romano, J.; Rudolfs, B.; Spellmon, N.; Toor, N.; Verma, J.; Wu, V.; Yu, Z.; Eterna players,  ; Das, R.","RNA design has been hindered by the limited accuracy of 3D structure prediction. Here, we show that intricate RNA structures can be generated with current deep learning tools through accurate de novo design of pseudoknot secondary structures. In an Eterna competition involving 57 pseudoknots, generative AI methods matched experienced human designers in solving most blind challenges, evaluated by single-nucleotide-resolution chemical mapping, compensatory mutagenesis, and cryogenic electron microscopy. AI-generated molecules with accurate secondary structures formed well-ordered 3D folds stabilized by noncanonical tertiary interactions not modeled during design. Success was guided by an RNet foundation model trained on prior chemical mapping data, suggesting that some difficult RNA design tasks may be tractable without first solving RNA 3D structure prediction."
2026-07-03,27,10.64898/2026.02.16.706184,2,biophysics,"A Goldilocks zone of DNA flexibility defines stable yet plastic nucleosomes, tuned by histone chemistry","Perez-Lopez, J. I.; Maristany, M. J.; Farr, S. E.; Huertas, J.; Collepardo-Guevara, R.","Nucleosomes regulate DNA accessibility through partial DNA unwrapping driven by thermal fluctuations or forces exerted by molecular motors. Despite substantial chemical and DNA sequence diversity in vivo, much of our mechanistic understanding of nucleosome unwrapping is derived from canonical constructs. Here, we use a near-atomistic coarse-grained model to quantify the energetics and mechanisms of force-induced nucleosome unwrapping across 40 nucleosomes spanning genomic and synthetic DNA sequences, histone variants, and post-translational modifications. We find that the force barriers to nucleosome unwrapping are shaped by histone composition and DNA flexibility, and arise from the formation of topologically protected, partially unwrapped intermediates. Strong nucleosome-positioning and genomic sequences consistently fall within a ""Goldilocks zone"" of intermediate DNA flexibility, which enables the formation of thermodynamically stable yet mechanically plastic nucleosomes that undergo controlled deformation under applied force. Limited mechanical variation within this zone results in modest DNA sequence-dependent effects on nucleosome deformability. In contrast, histone variants and post-translational modifications modulate nucleosome stability and plasticity in a strong non-additive manner, with predominant contributions from H3 and H2A core arginines and H3 and H2B tail lysines. Together, our results provide a physical framework linking DNA sequence, histone composition, and nucleosome geometry to nucleosome stability, plasticity and DNA accessibility."
2026-07-03,27,10.1101/2023.12.12.571262,2,microbiology,"Viral Syncytia Evolve to Resist Interferon","Li, T.; Kang, I.; Ye, J.; Hu, Z.; Gibbs, J.; Ye, C.; Takeda, K.; Kosik, I.; Shi, G.; Holly, J.; Kosikova, M.; Ye, Z.; Compton, A. A.; Martinez-Sobrido, L.; Johnson, R.; Hang, X.; Yewdell, J. W.","SARS-CoV-2, like many viruses, generates syncytia but the role of syncytia formation in viral evolution remains unknown. Using SARS-CoV-2 and SARS-CoV-2 Spike (S) replacement vesicular stomatitis (VSV), we show that S-mediated syncytia impair the antiviral effects of interferons in cultured cells, human lung cell cultures, and hACE2 transgenic mice. Amino acid substitutions that modulate syncytia formation in Delta- and Omicron-encoded S have parallel effects on viral interferon resistance. S-mediated syncytia compromise antibody-mediated virus neutralization in cultured cells. We recapitulate interferon and neutralizing antibody resistance in syncytia generated by the orthoreovirus p14 fusion-associated small transmembrane (FAST) protein in VSV, influenza virus, and seasonal coronavirus OC43 infections. These findings explain selection of SARS-CoV-2 fusogenic variants in humans and, more generally, the evolution of fusogenic viruses driven by adaptive and innate immunity."
2026-07-03,27,10.64898/2026.07.03.736192,1,microbiology,"THE STRUCTURES OF MATURE AND IMMATURE ST. LOUIS ENCEPHALITIS VIRUS REVEAL CONSERVED HISTIDINE RESIDUES AFFECTING VIRUS FITNESS","Coimbra, L.; Guimaraes, S.; Leme, L.; Nagai, A.; Fontoura, M.; Rubiato, J.; Oliveira, L.; Bernardi, V.; Campos, G.; Nogueira, M.; Melo-Hanchuk, T.; Benedetti, C.; Marques, R. E.","Orthoflaviviruses undergo significant structural changes through maturation and infection, yet the molecular mechanisms remain incompletely understood. Using St. Louis encephalitis virus (SLEV) as a model, a reemerging mosquito-borne orthoflavivirus endemic in the Americas, we elucidated the structures of immature and mature SLEV particles at resolutions of 4.4 [A] and 3.3 [A], respectively, using cryo-EM. SLEV is characterized by glycosylated E and prM proteins, the presence of lipid pockets, and is stabilized by an intricate network of inter- and intra-protein interactions between E and (pr)M across maturation stages. Several interactions were mediated by histidines that play different roles depending on SLEV maturation and pH. Non-lethal single mutations of H285R and H443R in E protein affect SLEV replication in mammalian and mosquito cell lines, and delay death in mouse models of infection. These histidine residues are conserved across orthoflaviviruses, illustrating the complexity of orthoflavivirus particles and indicating a possible strategy for attenuation."
2026-07-03,27,10.64898/2026.06.30.735624,1,genomics,"Higher-order Architecture Shapes Concerted Evolution in a Y-linked repeat array","Delgado, A. A.; Samano, A.; Chakraborty, M.","The maintenance of functional repeat arrays on nonrecombining sex chromosomes presents an evolutionary paradox: tandem repeats are intrinsically unstable yet must preserve sequence identity and copy number to remain functional. The Y-linked Suppressor of Stellate (Su(Ste)) locus in Drosophila melanogaster is a large tandem array that produces piRNAs to silence the X-linked meiotic driver Stellate, but how such arrays are maintained remains unclear. Here, we reconstruct and compare repeat-resolved assemblies of the Su(Ste)/PCKR tandem array across three strains and show that the array is partitioned into discrete domains of elevated sequence identity. These domains exhibit an alternating pattern of similarity, in which nonadjacent regions are more similar to each other than to neighboring regions, and this organization is conserved across strains. Copy-number variation occurs primarily within specific domains, while overall array architecture remains stable. These results indicate that concerted evolution in the Su(Ste) array operates within structurally defined domains rather than uniformly across the array. The association of domain boundaries with inverted repeat elements suggests that higher-order structure constrains gene conversion, shaping both sequence homogenization and copy-number dynamics. In contrast, Y-linked rDNA arrays show uniform sequence similarity across long genomic distances, indicating a distinct mode of homogenization. Together, our findings demonstrate that gene conversion on nonrecombining chromosomes is structured by higher-order array architecture, providing a general framework for the maintenance of functional repeat arrays."
2026-07-03,27,10.64898/2026.07.03.736369,1,bioinformatics,"Benchmarking the translational potential of AI-based drug-resistance prediction from Mycobacterium tuberculosis whole-genome sequencing data","Liu, C.; Zhu, H.; Zhou, P.; Thanh, N. T.; Dat, N. Q.; Atmosukarto, I.; Cheong, I. H.; Kozlakidis, Z.; Adisasmito, W.; Zheng, X.; Wang, H.; Yang, Y.","Background: Tuberculosis, especially drug-resistant tuberculosis (DR-TB) including multidrug-resistant (MDR) and extensively drug-resistant (XDR) strains, remains a leading cause of infectious death worldwide. The rapid accumulation of whole-genome sequencing (WGS) data had spurred numerous computational methods for predicting antimicrobial resistance in Mycobacterium tuberculosis. However, heterogeneous datasets, preprocessing pipelines, and evaluation protocols have made fair comparisons impossible and have hindered clinical translation. A critical yet missing resource is a large-scale, unified benchmark to systematically assess and compare existing methods. Methods: We curated an integrated MTB WGS--phenotypic drug susceptibility testing (pDST) dataset from three sources: the CRyPTIC dataset (Comprehensive Resistance Prediction for Tuberculosis: an International Consortium), a published multi-study compilation, and newly curated literature-derived datasets. The final benchmark contains 54,364 paired WGS-pDST records with broad geographic, lineage, and drug coverage. After harmonizing phenotypes and generating standardized variant features, we evaluated seven models (including classical machine learning and deep learning architectures) across 18 drug-level and six clinical resistance category prediction tasks. Results: XGBoost achieved the highest mean drug-level AUPRC (0.674) and F1-score (0.620) and ranked first in AUPRC for 11 of 18 drugs, whereas WDNN achieved the highest mean AUROC. Random forest yielded the highest mean specificity (0.956) and accuracy (0.933), whereas logistic regression achieved the highest mean recall (0.774), highlighting distinct clinical trade-offs. Drug-level difficulty was highly heterogeneous: rifampicin and isoniazid were predicted robustly, whereas bedaquiline, delamanid, linezolid, and clofazimine remained persistently difficult. In clinical resistance category evaluation, RR-TB, MDR-TB, and pan-susceptibility were well predicted, but XDR-TB and other resistance categories constituted major bottlenecks. Conclusions: Under the largest unified benchmark to date, classical machine-learning methods, particularly XGBoost, provided the strongest precision--recall and F1 performance overall, while neural models remained competitive by AUROC. Emerging drugs (bedaquiline, delamanid, linezolid, clofazimine) and XDR cases remain persistently difficult to predict, identifying key bottlenecks for future method development. This benchmark can serve as a community standard for evaluating MTB resistance prediction and the provided evaluation pipeline offers an actionable baseline for regulatory qualification and clinical decision support system validation, accelerating the translation of WGS-based resistance prediction into practice."
2026-07-03,27,10.64898/2026.06.29.735361,1,bioinformatics,"Distillation enables scalable high-fidelity virtual screening across ultra-large chemical libraries","Dai, J.; Wang, Y.; Shan, N. L.; Mariani, M.; Yu, Z.; Yan, Q.; Golani, L. K.; Surovtseva, Y. V.; Lee, W. H.; Pusztai, L.","Accurate virtual screening of ultra-large chemical libraries remains challenging. Existing approaches rely on lower-fidelity scoring functions or sampling-based strategies that can limit predictive accuracy and bias the exploration of chemical space. Here, we present FastBindRank, a distillation-based framework that transfers the predictive power of the structure-based model Boltz-2 into an efficient sequence-based surrogate. Trained on ~1% of the 122-million-compound PubChem library, FastBindRank enables high-fidelity screening at scale. Applied to histone deacetylase 11 (HDAC11), FastBindRank substantially enriched high-confidence binders relative to the background chemical space. The lightweight model captured structural patterns associated with predicted binding, revealing structural determinants of binding. Under a comparable computational budget, FastBindRank achieved a 74-fold increase in hit rate and over a 30-fold increase in discovery yield over direct subset-based screening. Experimental validation confirmed the activity of two novel compounds. These results establish distillation as a practical strategy for scalable, high-fidelity virtual screening of ultra-large chemical libraries."
2026-07-03,27,10.64898/2026.06.29.734488,1,bioinformatics,"Computing tumor specificity of cancer antigen targets by k-mer indexing of healthy tissue transcriptomes","Hausmann, J.; Lang, F.; Muslu, O.; Kress, L.; Landry, J.; Suchan, M.; Nubbemeyer, A.; Kuner, R.; Weber, D.; Schrörs, B.; Schulz, M. H.; Gaida, M. M.; Sahin, U.; Ibn-Salem, J.","Individualized cancer immunotherapies rely on tumor-specific T-cell antigens, often predicted from somatic mutations as neoantigens. For tumors with low mutational burden, mRNA transcript variants, including gene fusions and novel splice junctions, can serve as important alternative targets. A main challenge in their identification from tumor RNA-seq is to confirm that their expression is tumor-restricted. Although large public collections of healthy-tissue RNA-seq exist, verifying tumor-specific expression requires computationally expensive re-analysis of these data for every novel candi-date. To address this, we benchmarked nine k-mer indexing algorithms and devel-oped k4neo, which leverages k-mer indexing of raw RNA-seq reads to compute the tumor specificity of any transcript variant. This mapping-free and transcript-class ag-nostic approach screens any candidate sequence against 18,960 samples across 51 healthy tissue types. We confirmed k4neo's detection accuracy with qRT-PCR and showed that k4neo accurately classifies somatic and germline variants, gene fusions, and isoforms by tumor specificity. Applied to nine tumor cohorts, it nominated a medi-an of 4-80 tumor-specific splice junctions per patient, including recurrent, long-read-validated novel antigen candidates. Together, k4neo enables efficient access to large-scale sequencing cohorts and accurately computes tumor specificity for any in-put transcript sequence, thereby expanding the repertoire of individual and shared cancer antigen targets."
2026-07-03,27,10.64898/2026.03.09.710665,2,bioinformatics,"DEX: an amino acid exchangeability measure for codon substitution modelling and selection inference","Douglas, G. M.; Bobay, L.-M.","Physicochemically similar amino acids undergo more frequent substitutions compared to dissimilar amino acid pairs. Despite their clear potential, amino acid similarity matrices remain underused for certain molecular evolution applications. One key potential application that is understudied is in quantifying the strength of natural selection based on amino acid substitution patterns. This is partially due to the high number of proposed amino acid distance measures and the lack of agreement on which are most accurate. In this study, we assessed the performance of 30 amino acid distance measures, including a new amino acid distance measure we developed based on recent deep mutational scanning data. We compared these measures across codon substitution models fit to alignments spanning Streptococcus, Drosophila, and mammalian lineages, as well as segregating variants across Escherichia coli strains and human genotypes. We further constructed consensus matrices from combinations of top-performing measures in this analysis using the DISTATIS approach and retested these matrices. Our results show that experimentally-derived measures, particularly our new measure, DMS-EX and the existing experimental exchangeability measure, best fit codon substitution patterns across diverse lineages. We found that a consensus measure based on these two approaches, which we named DEX, performed best overall. We also explored the value of asymmetric exchangeabilities in DMS-EX for predicting allele frequencies of replacement polymorphisms across diverse lineages, including when conditioned on buried vs. exposed sites. Overall, we provide a systematic comparison of the performance of existing measures. The amino acid distance measures we introduce constitute a substantial improvement for exploring novel methods for quantifying the strength of natural selection and for providing improved baselines for future benchmarking approaches."
2026-07-03,27,10.64898/2026.06.30.735115,1,bioinformatics,"CodonBERT and ESM-2 Embedding Spaces Share an Evolutionarily Conserved Paired Geometry Encoding Synonymous Codon Information","Lu, B.","Synonymous codons encode the same amino acid yet are used non-randomly across genomes, a phenomenon with well-documented functional consequences for translation efficiency and mRNA stability. Whether the information embedded in synonymous codon choice is recoverable from the internal representations of independently trained deep learning models remains an open question. Here we show that CodonBERT, a nucleotide language model trained exclusively on coding sequences, and ESM-2, a protein language model, harbor a linearly retrievable paired geometry that persists after removing amino acid composition effects and encodes synonymous-codon-level information. This paired geometry transfers across species, sharpens under ortholog restriction, and decays monotonically with evolutionary distance from rat (AUC 0.96) through mouse and zebrafish (0.92) to yeast (0.73). The signal is specific to codon-aware nucleotide models: DNABERT-2 and Nucleotide Transformer v2 achieve only 0.16 and 0.13 R@1, respectively. These results demonstrate that deep learning models independently trained on distinct molecular modalities converge on evolutionarily constrained representations that capture synonymous codon information."
2026-07-03,27,10.64898/2026.06.30.735653,1,biophysics,"Substrate recognition, not sequestration, drives the engagement of an H3K9 methyltransferase in living cells","Fyodorova, Y.; Steen, S. B.; Levashkevich, A.; Ortiz-Rodriguez, L. A.; Maheshwaram, S. K.; Chiu, S.; Ragunathan, K.; Biteen, J. S.","The histone H3K9 methyltransferase Clr4 is essential for heterochromatin formation in Schizosaccharomyces pombe, yet how it searches for and engages chromatin in vivo remains unclear. Using live-cell single-molecule tracking of PAmCherry-Clr4, we quantified how perturbations to Clr4 alter its diffusion, search behavior, and residence times. Chromodomain and SET-domain Clr4 mutants move faster and more isotropically and have reduced residence times at heterochromatin, reflecting impaired substrate recognition. In contrast, deleting Swi6, which has been proposed to sequester Clr4, does not reduce the slow-state fraction or alter Clr4 diffusion, indicating that chromatin engagement is intrinsic to Clr4 rather than HP1-dependent. Anisotropy analysis at short and intermediate displacements indicates that Clr4 does not explore chromatin by simple three-dimensional diffusion but through a guided, distance-dependent search in which it repeatedly samples nearby nucleosomes before disengaging. Across all other perturbations we examined, such as deletion of the CLRC component Rik1, impaired Clr4 ubiquitination, and using cells with an unmethylatable H3K9R substrate, Clr4 dynamics were only modestly affected, and a chromatin-associated population persisted in every background. This robustness indicates that the chromodomain and SET domains are the primary determinants of how Clr4 engages chromatin in vivo, allowing it to continuously sample the genome while maintaining a stable bound population. Our results suggest how the promiscuous sampling of chromatin may also enable Clr4 to establish novel sites of heterochromatin during adaptation."
2026-07-04,27,10.64898/2026.05.25.727644,4,genomics,"First chromosome-scale genome assemblies and comprehensive structural characterization of Tunisian durum wheat (Triticum turgidum subsp. durum) landraces Chili and Mahmoudi","GDOURA BEN AMOR, M.; MATHLOUTHI, N. E. H.; BELGUITH, I.","Durum wheat (Triticum turgidum subsp. durum) is a globally important crop for pasta and couscous production. Chili and Mahmoudi are historically significant Tunisian landraces valued for exceptional grain quality, high protein content, and adaptation to arid Mediterranean climates, yet no high-quality reference genome assemblies were available for either variety before this work. We assembled both genomes using publicly available PacBio HiFi long reads and Illumina Hi-C proximity ligation data (NCBI BioProject PRJNA1420514), with hifiasm v0.25.0 in primary mode and YAHS v1.2a.2 for Hi-C scaffolding. Assembly quality was assessed with QUAST v5.3.0 and BUSCO v5.8.0 (embryophyta_odb10 lineage). The Chili assembly spans 10.84 Gbp (scaffold N50 756.2 Mbp, BUSCO 99.4%) and Mahmoudi spans 10.70 Gbp (scaffold N50 756.8 Mbp, BUSCO 99.3%). Merqury v1.3 confirmed high base accuracy (QV 68.0 and 68.3, respectively) and k-mer completeness exceeding 98% for both. Independent validation with wfmash yielded 98.6% mean alignment identity across 11,172 chromosome-to-reference alignments. Post-assembly characterization encompassed GC profiling, centromere architecture, ribosomal DNA arrays, and structural variation. Both assemblies substantially exceed the contiguity of existing durum wheat references and represent the first chromosome-scale genomic resources for North African durum wheat landraces. Automated Hi-C scaffolding produced a small number of scaffolds spanning multiple chromosomes, which we resolved by alignment-guided splitting against the Svevo v2 reference, yielding 14 chromosome-scale pseudomolecules per landrace (largest 858.7 Mbp Chili, 868.1 Mbp Mahmoudi). Assemblies and pseudomolecules are available from Zenodo (10.5281/zenodo.20366290). The entire workflow was executed reproducibly on the public Galaxy Europe platform, demonstrating that reference-quality plant genome assembly is achievable without local HPC infrastructure."
2026-07-04,27,10.64898/2026.06.30.735555,1,bioinformatics,"Unbalanced Perturbation Dynamics For Cell Fate Design","Peng, Q.; Wang, Y.; Li, J.; Wang, X.; Xiao, Y.; Zhou, P.","Large-scale single-cell perturbation sequencing provides an unprecedented opportunity to construct virtual cells for the in silico simulation of cellular responses and the inverse design of optimal interventions. However, most perturbation-response models treat cellular responses primarily as mass-preserving shifts in transcriptomic state, whereas single-cell perturbation measurements are inherently unbalanced: the recovered endpoint population is shaped by technical sampling as well as biological perturbation-induced proliferation, apoptosis and selection. Here we introduce U-Pert, an unbalanced generative framework that learns condition- and context-dependent perturbation dynamics from unpaired single-cell snapshots. U-Pert jointly models transcriptomic state transitions and cell-number dynamics, enabling scalable and robust forward prediction of unseen perturbations and contexts, as well as inverse design to screen for desired genetic or pharmacological interventions that achieve user-defined transcriptomic or population-level outcomes. Across controlled simulations, genetic perturbation benchmarks, sciPlex3 drug responses and PBMC cytokine perturbations, U-Pert predicts unseen responses, captures both molecular and abundance changes, and performs inverse design for target gene-expression programs and cell-type compositions. These results show that cell abundance is an integral component of the perturbation phenotype, providing a mass-aware framework for virtual-cell modeling and perturbation cell fate design."
2026-07-04,27,10.64898/2026.07.01.733993,1,bioinformatics,"A High-Confidence Atlas of Protein Methylation Enables AI-Driven Detection of Methylated Peptides","Wang, S.; Hartmaring, Y.; Schlaffner, C. N.; Bowler-Barnett, E.; Martin, M.; Fan, J.; Sun, Z.; Renard, B. Y.; Jones, A. R.; Vizcaino, J. A. R.","Lysine and arginine methylation regulate chromatin dynamics, transcription, and cellular signaling, however confident mass spectrometry (MS)-based detection and localization of this modification remain challenging. We reanalyzed eight public human methylation-enriched datasets using an open and standardized workflow that integrates database searching via the Trans-Proteomic Pipeline with a decoy-based statistical method for the independent estimation of false localization rates (FLR). This yielded a high-confidence Human Methylation Atlas of 1,828 sites (57 methyl-lysine, 1,771 methyl-arginine) across 1,021 proteins, classified into Gold, Silver, and Bronze confidence tiers. This is far fewer sites than reported in previous studies, reflecting the application of stringent FLR control, and what we hypothesise is potential high-false discovery in previous analyses. We then leveraged this resource to adapt a deep learning-based methodology for the improved detection of methylated peptides. Three mouse methylation-enriched datasets were reanalysed to augment training and the phosphoproteomics-trained AHLF (ad hoc learning of peptide fragmentation) model was fine-tuned by transfer learning to create AHLF-Methylation. The model achieved mean ROC-AUC values of 0.824 on human spectra, and 0.829 on combined human-mouse spectra. The atlas is available through PTMeXchange and PRIDE, with curated site evidence integrated into UniProt and PeptideAtlas"
2026-07-04,27,10.64898/2026.06.30.735631,1,genomics,"Saturation-seq integrates single-cell saturation genome editing and RNA-seq to quantify NFE2L2 (NRF2) variant effects","Strauss, M. E.; Waters, A. J.; Roberston, H.; Brendler-Spaeth, T.; Gontarczyk, A.; Gupta, P.; Kataria, S.; Gitterman, D.; Ntereke, T.; Wells, L.; Billington, J.; Bassett, A.; Cooper, S.; Adams, D. J.","Interpreting the functional consequences of variants remains one of the central unsolved problems in genomics and clinical genetics. Compounding this, most existing approaches rely on reductive, one-dimensional proxies such as cell growth to score variant effects, which can be a poor substitute for the rich, multidimensional phenotyping that is ultimately needed to understand how variants alter biology. This is especially true for variants known to act through gain-of-function/neomorphic mechanisms. We developed Saturation-seq, a high-throughput platform that combines saturation genome editing with single-cell DNA and RNA profiling to systematically map variant effects. Using CRISPR-based editing in a barcoded haploid cell line, we install hundreds of variants directly into endogenous genomic loci, testing them in multiplex and preserving the native coding and regulatory context. Single-cell amplicon and transcriptome sequencing enables direct linkage of each genomic edit to its transcriptional impact. We apply Saturation-seq to comprehensively characterize 230 variants in the recurrently mutated N-terminal region of NFE2L2 (NRF2), a master regulator of oxidative stress and an oncogene mutated in lung cancer. We define variant function with disruption scores computed from misregulation of known NRF2 targets in single-cell transcriptomes; scores separate pathogenic/benign truthset variants with >90% accuracy and enabled interpretation of TCGA and TRACERx patient tumor data, as well as a rare NFE2L2 germline variant linked to a developmental syndrome. Thus, we establish a broadly applicable high-resolution single-cell variant-to-function platform with a rich phenotypic readout."
2026-07-04,27,10.64898/2026.06.30.735536,1,genomics,"Accurate, comprehensive gene annotation and ortholog identification across thousands of vertebrate genomes with TOGA2","Malovichko, Y. V.; Bein, B.; Gonzales-Irribarren, A.; Leushkin, E.; Hilgers, L.; Stephen, A.; Yi, X.; Albertini, M.; Stadager, T.; Zumpt, M.; Hoppach, L.; Goetz, F.; Himstedt, N.; Koch, L.; VGP,  ; Hiller, M.","Inferring orthologs and annotating coding genes remain central challenges in genomics, evident by the growing gap between assembled and annotated genomes. TOGA (Tool to infer Orthologs from Genome Alignments) addresses this challenge by integrating gene annotation and orthology inference. Here, we present TOGA2, the next generation of TOGA, which substantially improves annotation completeness, accuracy, scalability, and orthology inference. TOGA2 leverages exon-level orthology and introduces an exon-wise annotation procedure that reduces memory usage 513-fold and runtime 6.1-fold. We show that human-trained deep learning models for splice site prediction generalize across vertebrates. Integrating these predictions enables robust handling of evolutionary changes in exon-intron structure, including splice site shifts, intron deletions, and exonization of introns. A new gene tree reconciliation step refines orthology inference, and UTR annotation improves gene model completeness. Across mammals, birds, turtles, and percomorph fishes, TOGA2 annotations generally achieve higher gene completeness than transcriptome-informed RefSeq annotations. TOGA2 identifies previously unannotated exons in mouse, assigns informative gene symbols, and annotates V(D)J segments of antigen receptors. TOGA2 scales to thousands of genomes, which we demonstrate by generating comprehensive comparative genomics resources for 2,162 vertebrate assemblies, including gene annotations, ortholog sets, gene losses and duplications, retrogene candidates, and outputs supporting downstream analyses. Together, TOGA2 provides a scalable and versatile framework for comparative genomics that bridges the genome annotation gap."
2026-07-04,27,10.64898/2026.07.01.735920,1,genomics,"Cohesin residence time gates 3D genome response to histone hyperacetylation","Smith, R. G.; Schiela, K. L.; Wilson, H. M.; Williams, R. A.; Johnson, J.; Cohen, C. B.; Yueh, W.-T.; Whitaker, A. M.; Johnson, N.; Kanemaki, M. T.; Liu, Y.","Cohesin-mediated loop extrusion and chromatin state-dependent compartmentalization are major drivers of three-dimensional (3D) genome organization. Although epigenomic perturbations are widely assumed to reshape chromatin architecture, the mechanisms that determine how changes in chromatin state are translated into structural reorganization remain poorly understood. Here, we identify cohesin residence time as a key regulator of the genome's architectural response to histone hyperacetylation induced by histone deacetylase inhibition (HDACi). Acute depletion of RAD21 or CTCF weakens chromatin loops but preserves HDACi-induced changes in compartmentalization, contact-scaling behavior, and loop density. In contrast, perturbation of cohesin loading or release produces opposing effects: NIPBL depletion sensitizes and amplifies architectural responses to HDACi, whereas WAPL loss renders the genome largely refractory to HDACi-induced remodeling, suppressing changes in compartments and loop density while stabilizing CTCF-anchored loops. These distinct architectural outcomes occur despite comparable levels of HDACi-induced histone hyperacetylation across genotypes, indicating that differential epigenomic input is not responsible for the observed effects. Together, our findings demonstrate that dynamic cohesin turnover, rather than cohesin chromatin association alone, governs whether epigenomic perturbations are converted into higher-order genome reorganization. These results establish cohesin residence time as a molecular gate linking chromatin state to 3D genome architecture and reveal a previously unrecognized principle underlying chromatin architecture plasticity."
2026-07-04,27,10.64898/2026.07.01.735973,1,microbiology,"Performance of pathogen identification and resistance gene expression tests using ASTar(R) remnant bacterial suspension in Gram-negative contrived positive blood cultures","Gupta, V.; Myers, M.; Niklasson, I.; Vincentsson, S.; Ring, E.; Mainwaring, O.; Brown, N.; Grawe, J.","Introduction: Rapid pathogen identification, resistance detection, and susceptibility profiling improve antimicrobial prescribing and associated outcomes, but fragmented workflows lead to inefficiencies and are costly. We evaluated a research-use-only (RUO) approach using ASTar(R) remnant bacterial suspension from routine AST for MALDI-TOF MS pathogen identification and Lateral Flow Assay (LFA)-based detection of targeted resistance mechanisms. Methods: Gram-negative (GN) bacterial strains from reference and curated resistance collections (CDC1, ARLG2, ATCC3) [n=119] were contrived into blood culture bottles and processed in the ASTar 16 System using the ASTar BC G- Kit (Q-linea AB, Sweden). Under RUO conditions, remnant bacterial suspensions were collected ~1-2 h after ASTar run initiation and analyzed using NG Test CTX-M Multi, NG Test CARBA-5, NG Test Acineto-5 RUO, and MALDI-TOF MS. Results: Mean ({+/-} SD) remnant suspension volume was 2722 L ({+/-} 300 L). All samples yielded high confidence MALDI-TOF MS scores (>2.0), with five initially scoring <2.0 and resolving on repeat testing. LFA results showed full agreement with reference isolates for blaCTX-M positive/negative (30/30) and with 60 or 61 target carbapenemase-positive/negative isolates. Testing of a subset of samples to mimic reflex workflows with ASTar phenotypic results did not affect LFA performance 24 (n=26; 23 Enterobacterales, 3 P. aeruginosa and 9 A. baumannii). Cost savings can be realised versus commercial multiplex PCR. Conclusion: This integrated approach of ~6 h rapid phenotypic AST with same-run identification and resistance detection (1-2 h from instrument start) or reflex testing upon availability of ASTar results may support earlier susceptibility results and offer cost savings to current workflows."
2026-07-04,27,10.64898/2026.07.02.736007,1,microbiology,"HERC4 limits oxidative stress-induced DNA damage during bacterial and viral-bacterial infection","Cammann, C.; Gering, V.; Sura, T.; Singh, A. K.; Boehme, J. D.; Topfstedt, E.; Koch, A. K.; Ritter, U.; Becker, K.; Bruder, D.; Blohm, U.; Slevogt, H.; Maass, S.; Rohde, G.; Rupp, J.; CAPNetz Study Group,  ; Hammerschmidt, S.; Becher, D.; Seifert, U.","Respiratory (co-)infections caused by influenza viruses and Streptococcus pneumoniae represent significant threats to global health. In our analysis of host cell ubiquitination, we identified reactive oxygen species (ROS) produced by S. pneumoniae as critical effectors in reducing the amount of intracellular polyubiquitinated proteins. Together with reduced ubiquitination we observed a downregulation of the E3 ligase HERC4 upon infection with S. pneumoniae in human alveolar epithelial and macrophage-like cells as well as in samples obtained from S. pneumoniae infected humans and mice. This was further aggravated in the viral-bacterial coinfection with influenza A. CRISPR-Cas9 deletion of HERC4 prior bacterial infection resulted in increased ROS-induced DNA damage, enhanced host cell apoptosis and reduced Histone 2B ubiquitination. In contrast, HERC4 overexpression diminished DNA damage indicating a role of HERC4 in DNA-damage-repair upon infection. By establishing a link between HERC4 expression and ROS-induced DNA damage and repair, we identified a potential marker for predicting the outcome of viral and bacterial (co-)infections. Targeting HERC4 expression defines a novel strategy to protect host cells from S. pneumoniae (co-)infection attenuating infection exacerbation."
2026-07-04,27,10.64898/2026.05.04.722805,2,biochemistry,"A method to synthesize analytical rhodoquinone standards for quantitative analysis in tissue specimen","Do, T.; Ali, A.; Spinelli, J. B.","Rhodoquinone (RQ) is a recently discovered component of the mammalian electron transport chain (ETC) with a high degree of tissue-specificity. Currently, a lack of pure analytical standards limits efforts to precisely quantify its levels using liquid chromatography-tandem mass spectrometry (LC-MS/MS) and interrogate its biochemical functions within mammalian ETC complexes. Here, rhodoquinone-9 (RQ-9) and rhodoquinone-10 (RQ-10), and their isomeric by-products isorhodoquinone-9 (isoRQ-9) and isorhodoquinone-10 (isoRQ-10), were synthesized from ubiquinone-9 and ubiquinone-10 starting materials. Isomers were separated and purified by flash chromatography and structurally confirmed with nuclear magnetic resonance (NMR) spectroscopy. The chromatographic and fragmentation patterns of both the oxidized and reduced forms of these electron carriers were further characterized by LC-MS/MS, establishing signatures for their confident identification in lipidomics studies. LC-MS/MS analysis of murine kidney tissue with RQ-9 analytical standard spike-in corroborate the identity of the endogenous murine RQ-9 and enable absolute quantification of its levels. Thus, we synthesized and purified RQ-9 and RQ-10 analytical standards that will enable absolute quantification in mammalian tissues and in vitro reconstitution studies on RQ-9 and RQ-10 in the mammalian ETC."
2026-07-04,27,10.64898/2026.03.19.712900,3,bioinformatics,"Novel 4D tensor decomposition-based approach integrating tri-omics profiling data can identify functionally relevant gene clusters","Turki, T.; Taguchi, Y.-h.","Understanding gene expression requires integrating multiple regulatory layers, because transcript abundance does not necessarily correspond to translational activity or protein abundance. Ribosome profiling and proteomics help distinguish increased translation from ribosome stacking or translational buffering, but no de facto standard framework exists for unsupervised integration of transcriptome, translatome, and proteome profiles. Here, we propose a four-dimensional tensor decomposition-based unsupervised feature extraction approach for tri-omics integration. We applied higher-order singular value decomposition to transcriptome, Ribo-seq, and proteome profiles measured under branched-chain amino acid starvation. The resulting singular value vectors captured relationships among the three omics layers, including a component consistent with ribosome stacking, where transcriptome and translatome signals increased while proteome signals decreased, and another consistent with translational buffering, where proteome variation was suppressed despite transcriptome and translatome changes. Gene selection identified 1,781 genes associated with ribosome stacking and 227 genes associated with translational buffering. Enrichment analyses linked the former to translation, post-translational protein modification, RNA polymerase II transcription, cell cycle regulation, endoplasmic reticulum protein processing, ubiquitin-mediated proteolysis, and stress-related pathways, and the latter to ribosome, translation elongation and termination, spliceosome, immune- and stress-related pathways, and ribosomopathy-associated diseases. Robustness analyses indicated that the results were not substantially affected by the duplicated proteome replicate or missing-value handling. Under the tested settings, comparison with MOFA+ and mixOmics suggested that our approach more directly extracted components interpretable as ribosome stacking and translational buffering. These results demonstrate that tensor decomposition-based unsupervised feature extraction is useful for identifying functionally relevant gene clusters from tri-omics data."
2026-07-04,27,10.64898/2026.06.29.735436,2,bioinformatics,"Binary search and set operations on compacted k-mer lists","Dufresne, Y.; Andreace, F.","Sorted lists of elements are particularly good for computing set operations. A single scan of the two lists is sufficient to materialize or count the results of the union, intersection, difference, and xor operators. In bioinformatics, only a few tools are designed to perform these operations on k-mers. A fast tool like KMC allows set operations at the cost of storing individual k-mers. In this paper, we introduce a novel way to represent sorted k-mers as a collection of recomposed super-k-mer sorted lists. We introduce the concept of virtual super-k-mer and show how to construct, query and perform set operations on sorted lists of virtual super-k-mers. In the implementation sklib, we demonstrate high throughput of the data structure for construction and set operations, while remaining competitive in query capabilities, within a controlled memory footprint (2-5x decrease in bits/element compared to KMC)."
2026-07-04,27,10.64898/2026.07.03.735735,1,biochemistry,"Orbitrap Collision Cross Section Measurements Enhance Isomer Annotations in Lipidomics","Ni, Z.; Ayzikov, K.; Makarov, A. A.; Moore, S.; Gaul, D. A.; Fort, K. L.; Fernandez, F.","Despite advances in high-resolution mass spectrometry (HRMS), confident lipid annotation remains challenging due to the extensive chemical diversity of the lipidome and the prevalence of isomeric species. Ion mobility collision cross section (CCS) measurements provide structural information that complements HRMS; however, not all HRMS platforms can perform these measurements, necessitating a trade-off among mass resolution, accuracy, and robustness. Here, we introduce a method to infer lipid CCS values directly from liquid chromatography (LC)-Orbitrap MS experiments (Orbi). We show that Orbitrap mass analyzer pressure readings, and therefore CCS values, are influenced by the LC gradient solvent composition, requiring correction using isotopically labeled internal standards injected post-column. We also show that hundreds of lipid features can be assigned OrbiCCS values in a single LC run, with average precision better than 1% and an accuracy of 1-2% relative to reference DTCCS and TIMSCCS values. This excellent CCS accuracy not only enables more reliable annotation of lipid species in complex mixtures by matching OrbiCCS values to reference databases but also accelerates lipid structural elucidation based on the unknown's position in Orbi-retention time-m/z space."
2026-07-04,27,10.64898/2026.03.24.713981,3,bioengineering,"Mechanically Compliant, Precision-Porous Brain Implants Reduce the Foreign Body Reaction and Guide Regeneration","Dryg, I.; Zhen, L.; Darrow, R.; Lawton, S.; Crawford, L.; Robinson, R.; Perlmutter, S.; Bryers, J. D.; Ratner, B.","Central nervous system diseases and injuries might be treated by implanted devices, tissue regenerative scaffolds, or drug delivery platforms. However, inflammatory CNS responses limit these interventions and may worsen outcomes following damage to the CNS. Via the foreign body reaction, macrophages and glial cells trigger a ""glial scar"" around implants, reducing device performance, scaffold regenerative ability, or drug delivery potential. Previous studies have shown that stiffness of CNS implants significantly affects glial encapsulation, but few studies have investigated materials that truly match brain tissue stiffness. Porous precision-templated scaffolds with uniform, interconnected, 40 {micro}m spherical pores have shown favorable healing outcomes and a reduced FBR in numerous soft and hard tissue applications. To quantify the effects of both hydrogel compliance (stiffness) and pore size on glial encapsulation, we implanted poly(2-hydroxyethyl methacrylate-co-glycerol methacrylate) (pHEMA/GMA) scaffolds of varying stiffness and pore size for 4 weeks in rat brain. We observed reduced astrocyte encapsulation around PTS compared to solid hydrogel rods, reduced pro-inflammatory macrophage polarization for softer hydrogels versus stiffer hydrogels, and the presence of new blood vessels, neuronal markers and neurogenesis within the pores. Utilizing soft, precision-porous hydrogels could provide a strategy for mitigating glial scarring and improving regeneration in implant-based CNS treatments."
2026-07-04,27,10.64898/2026.07.03.736301,1,biochemistry,"FoxO3a and miR-34a-3p Are Involved in Oxidative Stress-Induced Dysfunction of Human Endothelial Progenitor Cells","Lin, Z.; Ban, J.; Wang, Y.","Background: Endothelial progenitor cells (EPCs) contribute to endothelial repair and neovascularization, and EPC dysfunction is closely associated with oxidative stress-related vascular injury. Forkhead box O3a (FoxO3a) regulates cellular stress responses, whereas miR-34a has been implicated in endothelial dysfunction, senescence, and apoptosis. However, the relationship between FoxO3a and miR-34a-3p in oxidatively injured EPCs remains incompletely defined. Objective: This study investigated the role of FoxO3a in H2O2-induced EPC dysfunction and examined whether miR-34a-3p directly interacts with the FoxO3a 3' untranslated region (3'UTR). Methods: Human umbilical cord blood-derived EPCs were identified by DiI-ac-LDL uptake, FITC-UEA-1 binding, and the expression of EPC-related markers. Oxidative stress was induced by H2O2. Cell viability, apoptosis, and angiogenic capacity were evaluated using CCK-8 assay, Annexin V/7-AAD flow cytometry, and Matrigel tube formation assay, respectively. FoxO3a expression was modulated using adenoviral overexpression or knockdown vectors, and miR-34a was modulated using mimics or antagomir. FoxO3a and miR-34a expression levels were detected by Western blot and qPCR. A dual-luciferase reporter assay was used to verify the interaction between hsa-miR-34a-3p and the FoxO3a 3'UTR. Results: H2O2 reduced EPC viability, increased apoptosis, and impaired tube formation in a concentration-dependent manner. H2O2 increased FoxO3a protein abundance and miR-34a expression, whereas FoxO3a mRNA did not change markedly. FoxO3a overexpression aggravated, whereas FoxO3a knockdown partially alleviated, H2O2-induced EPC dysfunction. Similarly, miR-34a mimics further suppressed EPC viability and tube formation, while miR-34a antagomir exerted a protective effect. Dual-luciferase reporter analysis showed that hsa-miR-34a-3p significantly reduced the activity of the wild-type FoxO3a 3'UTR reporter, while mutation of the predicted binding site abolished this suppression. Conclusion: FoxO3a and miR-34a participate in oxidative stress-induced EPC dysfunction. The dual-luciferase data demonstrate that hsa-miR-34a-3p directly targets the FoxO3a 3'UTR, suggesting the presence of miR-34a-3p-mediated post-transcriptional feedback within the FoxO3a-related stress-response network in EPCs."
2026-07-04,27,10.64898/2026.07.03.736267,1,bioinformatics,"VirProtRAG: Literature-grounded viral protein function annotation with retrieval-augmented generation","Guan, J.; Shang, J.; Peng, C.; Sun, Y.","Viruses play indispensable roles in ecosystems and human health, yet deciphering their molecular functions remains challenging. Many viral protein annotations are incomplete or poorly characterized. Existing tools typically predict functional categories without linking to verifiable evidence, hindering the credibility of functional interpretation. Here, we present VirProtRAG, a viral protein function annotation framework that integrates information retrieval with evidence-grounded knowledge generation. It introduces three task-adapted components: a hybrid retrieval module combining keyword-based and semantic dense retrieval to maximize literature coverage, synonym-expanded and rank-aware retrieval with reciprocal rank fusion for improved search effectiveness, and literature quality and evidence-oriented re-ranking to enhance reliability and interpretability. Results show that hybrid retrieval strategy performed best, with quality and evidence features further enhancing re-ranking. Compared with direct LLM prompting without retrieved literature, it consistently improves generation performance, underscoring the critical role of external knowledge. Finally, we built a searchable database comprising all 17,484 reviewed Swiss-Prot viral proteins, supporting both sequence- and text-based queries. VirProtRAG introduced 32.53% non-overlapping function annotations beyond existing expert curation, and independently supported 56.34% of sequence-inferred function points with retrieved literature. Case studies further demonstrate its capability to augment and refine the characterization of previously unannotated or poorly understood viral proteins."
2026-07-04,27,10.64898/2026.06.30.735642,1,bioinformatics,"Estimation of splicing metrics for NMD-sensitive transcripts","Zavileyskiy, L.; Vlasenok, M.; Kuznetsova, A.; Skvortsov, D. A.; Pervouchine, D. D.","Alternative splicing is commonly quantified using the Percent-Spliced-In (PSI) metric, which measures the relative abundances of alternatively spliced isoforms. However, some transcript isoforms are targeted by the nonsense-mediated decay (NMD) pathway, introducing a strong bias that leads to underestimation of their true splicing rates. To correct for this bias, we developed an analytical framework and a set of statistical models employing a linear fractional transformation depending on a single parameter capturing the degradation rate of NMD-sensitive transcripts relative to normal mRNA decay. Using Gaussian mixture models, we demonstrated a clear separation of splicing events into two classes, responders and non-responders, with the former exhibiting strong upregulation upon NMD inhibition and the latter showing little or no response. Moreover, non-responders displayed higher coding potential and stronger translation signals both upstream and downstream of the stop codon, which are characteristic of NMD escape through translational readthrough. We further showed that incorporation of event-specific relative decay rates improves the interpretation of differential splicing patterns for NMD-sensitive transcripts. In sum, our results provide a solid framework for unbiased estimation of splicing metrics in NMD-sensitive transcripts from short-read RNA-seq data, without requiring NMD inhibition experiments."
2026-07-05,27,10.64898/2026.07.03.736455,1,bioinformatics,"Real-time mass defect-driven prediction of glycopeptide precursors enables enrichment-free serum glycoproteomics","Zhang, B.; Chau, T. H.; Kristina, B. M.; Arakawa, H.; Kaji, H.; Kawahara, R.; Ashwood, C.; Matsui, Y.; Thaysen-Andersen, M.","Glycopeptide enrichment remains a cornerstone in glycoproteomics, but bias and reproducibility issues continue to hinder biological insight and clinical translation. Using curated glycoproteomics datasets and machine learning, we trained a glycopeptide classifier to promptly recognize N-glycopeptide precursor ions in peptide mixtures through mass defect signatures. Integration of the classifier into a data-dependent acquisition framework facilitated efficient and unbiased real-time prediction of N-glycopeptides directly from serum opening avenues for enrichment-free glycoproteomics."
2026-07-05,27,10.64898/2026.06.30.735390,1,bioinformatics,"Tissue tearing degrades optimal-transport and diffeomorphic registration of spatial transcriptomics beyond displacement magnitude: a multi-seed deformation benchmark and a supervised graph cross-attention proof-of-concept.","Maniar, R. K.; Lee, S. G.; Lee, S. S.","Background. Three-dimensional reconstruction from serial spatial-transcriptomics (ST) sections requires registering adjacent slices, but physical sectioning introduces tears -- discontinuous, non-isometric deformations. Leading methods rely on priors that tears strain: PASTE/PASTE2 use Fused Gromov-Wasserstein optimal transport (OT), which assumes near-isometric preservation of within-slice distances, while STalign and CODA use diffeomorphic (LDDMM) mapping, which cannot change tissue topology. Learned-deformation ST methods are emerging (STaCker, INST-Align), but OT/diffeomorphic behaviour under tearing has not been systematically characterised. Methods. On the spatialLIBD human DLPFC Visium dataset (Maynard et al., 2021; 3 donors), we build a controlled benchmark -- known smooth warps, single-block rigid tears (expression unchanged), and an identity self-control -- at severities of 0-8 spot pitches, scored against an approximate array-position ground truth (~8 px residual). We evaluate three unsupervised incumbents -- PASTE2 (OT, over five warp seeds), STalign (diffeomorphic LDDMM), and GPSA (Gaussian-process warp) -- add a magnitude-matched smooth control, and test a minimal graph model, Sutura (per-slice graph encoder -> cross-attention correspondence -> per-spot displacement; spatial coupling is local kNN message passing only, no explicit smoothness penalty). Sutura is trained supervised on each tissue's ground truth; all baselines are unsupervised. Generalisation is assessed by leave-one-donor-out across all three donors. Results. OT registration is robust to smooth warps but degrades reproducibly under tearing: nearest-correspondence (argmax) error 722 +/- 5 -> 855 +/- 27 px and layer accuracy 64.9% -> 60.5% (mean +/- 95% CI, 5 seeds). The effect is not merely displacement magnitude: at a matched mean displacement (~2000 px), a smooth warp costs 769 px / 60.2% accuracy whereas a tear costs 863 px / 57.5% -- an extra ~100 px and ~3 points attributable to the discontinuity. STalign (LDDMM) and GPSA (GP warp) both collapse at severe tears (866 px and 931 px respectively), confirming tear-collapse is field-wide across three independent method families. Trained and evaluated on the same donor, Sutura fits torn-tissue correspondence to a median 99 -> 106 px (5-seed), but under leave-one-donor-out is 1236 +/- 2 -> 1584 +/- 52 px -- approximately 1.8-3.6x worse than PASTE2 on every unseen donor. A contrastive correspondence loss halves the gap on two of three donors (to 816 -> 949 and 749 -> 826 px, approximately 1.1-1.2x PASTE2 at worst-case tear) but is modest on the third and never surpasses PASTE2. Conclusion. Tearing is a real, magnitude-controlled failure mode of all three incumbent method classes. A learned model fits it in-sample but donor-invariant generalisation remains open. The contrastive fix roughly halves the held-out gap on two of three donors and nears PASTE2 at worst-case tear, but does not surpass it: donor-invariance is improved, not solved. The durable contribution is the benchmark, the characterisation across three method families, and an honest negative with a diagnosed mechanism."
2026-07-05,27,10.64898/2026.07.05.736590,1,biophysics,"Conformational changes induced in ubiquitin by circular protein-DNA chimeras","Boral, S.; Schnebly, M. D.; Gamada, D. M.; Gardner, K. H.; Hekstra, D. R.","Proteins are dynamic molecular machines that change shape in response to physical and chemical perturbations. Although single-molecule force spectroscopy provides precise information about the stretching of proteins in response to tunable forces, it does so without structural detail. Circular protein-DNA chimeras, with DNA attached to pairs of surface sites, have been introduced as an alternative way to tunably apply forces to proteins. Intriguingly, these chimeras should be tractable for atomic-level study by nuclear magnetic resonance (NMR) spectroscopy and other structural methods. Here, we describe the NMR-scale synthesis of circular chimeras of single- and double-stranded DNA with ubiquitin, an essential component of many cellular pathways. We designed these chimeras to probe a two-residue retraction of ubiquitin's C-terminal {beta}5 strand, normally triggered by phosphorylation of serine 65 during initiation of mitophagy. We probed the resulting conformational changes by NMR and found that the attachment of a single strand of DNA suffices to alter this conformational equilibrium. A control bearing two separate short single DNA strands recapitulated much of the circular chimera's NMR properties, supporting a dominant role for local protein-DNA interactions rather than spring-like action by single- or double-stranded DNA. These results provide a necessary benchmark for future studies using DNA springs to probe the functional dynamics of proteins."
2026-07-05,27,10.64898/2026.06.30.735561,1,biophysics,"Rheostatic Network Consolidation Drives Physical Aging in Biomolecular Condensates","Polanco, D.; Pele, K. G.; Mairo, A.; Martinez-Monge, M.; Moreno, N.; Cremades, N.","While the physical aging of biomolecular condensates into macroscopic glasses is heavily linked to pathological disease states, the nanoscale topological rules governing this non-equilibrium relaxation remain elusive. Using heterotypic alpha-synuclein-Tau coacervates, we combine variable-stringency dissolution and FLIM-FRET to provide direct experimental mapping of the internal network reorganization over time. Rather than a passive, isotropic kinetic jamming event typical of classic glasses, we demonstrate that this physical aging is driven by continuous rheostatic network consolidation; a progressive, directed topological relaxation toward deeper free-energy minima powered by the cooperative spatial optimization of sticker motifs. We formalize these dynamics into a mesoscale series-resistance model derived from size-resolved kinetics, proving that thermodynamic quench depth dictates the initial network state while clustered sticker patterning introduces configurational frustration that kinetically stalls maturation to preserve liquidity. This multi-scale framework links sequence grammar to non-equilibrium transport laws, revealing how biomolecular assemblies navigate the boundary between physiological utility and pathological arrest."
2026-07-05,27,10.64898/2026.06.30.735687,1,immunology,"Linking Systemic Endotoxin Exposure to Retinal Microglia Migration Through Mathematical Modeling","Jackson, T. M.; Cassidy, T.; Dando, S. J.; Jenner, A. L.","Microglia are the resident immune cells of the central nervous system (CNS), including the brain, spinal cord, and retina, where they serve as the first line of defense against infection and inflammation. Dysregulated microglia activity has been implicated in vision-threatening diseases, highlighting the need to understand how retinal microglia respond to inflammatory stimuli. Importantly, acute inflammation induces substantial redistribution of microglia across retinal layers, yet the mechanisms governing this migration remain poorly understood. Here, we develop the first mathematical model of retinal microglia migration during inflammation to determine how inflammatory exposure, administration route, and species-specific pharmacokinetics shape redistribution dynamics across the retina. The model couples lipopolysaccharide (LPS) pharmacokinetics with microglia migration between the outer plexiform layer (OPL), inner plexiform layer (IPL), and ganglion cell layer/nerve fiber layer (GCL/NFL). Model parameters are calibrated to retinal microglia density measurements from mice following LPS (bacterial endotoxin) challenge, before extending the framework to rats and rhesus macaques to investigate species-specific responses. Simulations also compare how administration route, i.e. intravenous or intraperitoneal injections, alter retinal LPS exposure and subsequent microglia redistribution. Our results suggest that redistribution patterns are driven primarily by LPS delivery route and species-specific pharmacokinetics, rather than the initial microglia distribution across retinal layers. Together, these findings provide new insight into immune cell reorganization in the inflamed retina and demonstrate how mechanistic mathematical modeling can be adapted across experimental designs, administration routes, and animal species."
