Date,ISOWeek,DOI,Version,Category,Title,Authors,Abstract
2026-07-20,30,10.64898/2026.07.16.739021,1,biophysics,"Temporal ordering of migration increments carries directional memory under MYO10 depletion and collagen exposure","Dutta, S.","Cell migration is commonly summarized by speed, mean-squared displacement, or a single persistence time, although these descriptors discard the order of successive displacement increments. We reanalyzed 48,134 trajectories from 117 fields of view in a public two-by-two factorial experiment combining MYO10 depletion and collagen exposure, using equal-field and equal-repeat inference. Both perturbations suppressed motility, but their combination produced a positive buffering interaction in directional persistence. An analytical order-null that preserves each trajectorys increments, length, net displacement, and static polarity showed that most of the reproducible interaction depended on serial order. Exact decompositions localized the signal to directional organization and to both shared-field and cell-relative motion; leave-one-cell-out estimation excluded focal-cell self-inclusion as its source. We then froze the framework and evaluated 65 public movies from MDA-MB-231, HUVEC, and MDCK systems. HUVEC retained positive sequence excess through 120 min, MDA-MB-231 showed a shorter positive horizon, and MDCK regions transitioned from positive to negative sequence excess. A stationary linear active-memory model and a stationary angular hidden-state model failed to reproduce the complete lag-resolved hierarchy. Serial ordering therefore provides a transferable coordinate for distinguishing migration-memory regimes, whereas the specific MYO10-collagen interaction remains limited to the discovery dataset.  Impact statementSerial-order analysis distinguishes sustained, short, and sign-reversing migration-memory regimes while separating transferable trajectory structure from dataset-specific MYO10-collagen effects."
2026-07-20,30,10.64898/2026.07.17.739102,1,"molecular biology","Stressor identity shapes plasma proteomic and metabolic responses in humans","Ebert, T.","Acute stress triggers rapid physiological adaptations, yet how distinct stress modalities shape the human circulating molecular landscape remains unclear. We performed longitudinal deep plasma proteomics and targeted metabolomics across three paradigms: psychological stress, controlled physical stress, and combined psychological-physical stress induced by bungee jumping. Despite robust hypothalamic-pituitary-adrenal axis activation, psychological stress induced minimal plasma proteomic and metabolic changes, whereas physical stress triggered rapid, coordinated proteome remodeling accompanied by stressor-specific metabolic adaptations. Combined stress elicited the strongest and most persistent proteomic response, defining a graded molecular signature across stress modalities. Cross-paradigm integration identified a stress-associated protein core enriched for immune granule effectors, RNA-binding proteins, and vesicle-linked signatures, suggesting regulated extracellular release. Consistently, extracellular vesicle profiling in the mixed-stress paradigm supported vesicle-associated secretion, while functional experiments indicated that glucocorticoid signaling alone is insufficient to trigger release. Together, these findings reveal stressor identity as a key determinant of the human circulating molecular response."
2026-07-20,30,10.64898/2026.07.17.739209,1,"molecular biology","Structure-guided targeting of the GATAD2A-CHD4 interaction within the MBD2-NuRD complex results in high levels of HbF in adult erythroid cells","Shang, S.; Goswami, S. G.; Li, T.; Wang, H.; Travis, C.; Dozmorov, M.; Williams, D. C.; Ginder, G. D.","Fetal hemoglobin (HbF) expression is silenced postnatally in adult erythroid cells. Sufficiently increased expression of HbF has been shown to overcome the pathophysiologic sequelae of both sickle cell disease and beta-thalassemia. As the MBD2a-NuRD chromatin remodeling complex is required for silencing of HbF, the present studies were aimed at exploring a potential therapeutic approach for disrupting this complex. AlphaFold 3 and a recent crystal structure were employed to predict the critical interaction domains linking GATAD2A in the histone deacetylase core subcomplex (HDCC) of NuRD and the CHD4 ATPase which has been shown to be required for silencing of the fetal gamma-globin (HBG) genes. The two predicted critical domains, the CR2 helical domain of GATAD2A and the C-terminal domains 1 and 2 (C1b and C2ab) of CHD4, were validated by in vitro biophysical studies. Mutation of two amino acids in the CR2 helical domain of the endogenous GATAD2A gene in HUDEP-2 cells resulted in dissociation of CHD4, loss of repressive chromatin over the HBG promoter and ~40% HbF levels compared to < 1% in control cells. Strikingly, enforced expression of a peptide containing the helical portion of the CR2 domain of GATAD2A in both HUDEP-2 cells and primary adult erythroid cells resulted in high levels of HbF, with up to ~75% HbF compared to mutant peptide control level of ~9% in the latter without perturbing erythroid differentiation. These results suggest that targeting the critical interaction domains of GATAD2A and CHD4 with a macrocyclic peptide or small molecule may lead to much needed small molecule therapeutics for sickle cell disease.  Key PointsAssociation of CHD4 with the HDCC core of the MBD2-NuRD chromatin remodeling complex is required for silencing of HbF expression in adult human erythroid cells  Genetic alteration or enforced peptide expression of a critical helical domain of GATAD2A results in dissociation of CHD4 from the MBD2-NuRD complex and high-level expression of HbF."
2026-07-20,30,10.64898/2026.07.17.739172,1,"cell biology","N-cadherin orientational order decreases with mechanical load at cardiomyocyte adherens junctions","Tran, Y. T. B.; Dean, W. F.; Han, Y.; Karpov, K. I.; Ainslie, C. M.; Mattheyses, A. L.; Kwiatkowski, A.","Adherens junctions physically connect neighboring cells and are built around classical cadherins, homophilic transmembrane proteins that link to the actin cytoskeleton. Classical cadherins can organize into ordered arrays in vitro, but whether they do so in cells remains to be established. Here, we use fluorescence polarization microscopy to show that the classical cadherin N-cadherin is orientationally ordered at cardiomyocyte cell-cell junctions. Whereas the desmosomal cadherin desmoglein 2 was similarly ordered across junction types, N-cadherin order was spatially heterogeneous. Order was lowest where organized myofibrils terminate at high-load, vinculin-enriched axial junctions and highest at low-load, vinculin-poor lateral junctions. This inverse relationship between order and mechanical load suggests that robust cadherin-mediated adhesion does not require ectodomain order. Our findings provide evidence that a classical cadherin is orientationally ordered in cells and show that mechanically active adhesions adopt distinct organizational strategies according to local mechanical demands.  Summary StatementAt cardiomyocyte junctions, N-cadherin is ordered where mechanical load is low but disordered where load is high, suggesting that cadherin organization adapts to local force conditions."
2026-07-20,30,10.64898/2026.07.17.739092,1,"cell biology","Double-bond geometry determines fatty acid metabolic fate and ferroptosis sensitivity","Harris, C. A.; Kato, S.; Otoki, Y.; Martin Perez, E.; Boone, D.; Pablo, J. L. B.; Greka, A.; Olzmann, J. A.","Ferroptosis is driven by the accumulation of oxidatively damaged membrane phospholipids, making membrane lipid composition a central determinant of cell death sensitivity. While fatty acid chain length and degree of unsaturation are well-established regulators of ferroptosis, whether fatty acid stereochemistry contributes to ferroptosis susceptibility is mostly unexplored. Here, we systematically screened structurally diverse fatty acids for their ability to modulate ferroptosis and unexpectedly identified trans-unsaturated fatty acids as potent sensitizers. Compared with its cis counterpart linoleic acid, the trans polyunsaturated fatty acid (PUFA) linoelaidic acid more strongly enhanced lipid peroxidation and promoted the accumulation of ferroptosis-susceptible phospholipid species. Unexpectedly, the trans monounsaturated fatty acid petroselaidic acid also sensitized cells to ferroptosis, whereas its cis stereoisomer petroselinic acid suppressed ferroptosis. Mechanistically, petroselaidic acid required stearoyl-CoA desaturase-dependent conversion to a PUFA, directly demonstrating that double-bond geometry can redirect fatty acid metabolic fate through altered recognition by lipid metabolic enzymes. Although linoelaidic acid and petroselaidic acid followed distinct metabolic pathways, both converged on phospholipid remodeling that expanded pools of ferroptosis-susceptible membrane lipids. Together, our findings demonstrate that fatty acid double-bond geometry determines their metabolic fate and the membrane phospholipid composition, establishing lipid stereochemistry as a previously unrecognized structural determinant of ferroptosis sensitivity."
2026-07-20,30,10.64898/2026.07.17.739214,1,bioengineering,"Texture Profile Analysis and Consumer Sensory Evaluation of Plant-Based and Conventional Breaded Shrimp","Koosis, A. O.; Kuhl, E.","Plant-based seafood alternatives could reduce pressure on marine ecosystems, yet texture gaps between plant-based and conventional products limit consumer adoption. This study compared the textural properties and consumer acceptance of plant-based and conventional breaded shrimp to evaluate whether instrumental texture differences predict sensory differences. Texture Profile Analysis (TPA) was performed on four breaded shrimp products (n = 14-15 replicates per product), and consumer sensory evaluation (n = 107) used a within-subjects counterbalanced design assessing hedonic ratings, Just-About-Right attributes, Check-All-That-Apply descriptors, and purchase intent. TPA revealed that plant-based shrimp exhibited significantly higher hardness (14.9 {+/-} 1.0 N vs. 9.6 {+/-} 2.8 N), stiffness (592 {+/-} 40 kPa vs. 382 {+/-} 113 kPa), and chewiness (10.5 {+/-} 0.8 N vs. 2.5 {+/-} 1.1 N) compared to conventional shrimp (all p < 0.0001). However, consumer sensory evaluation revealed no significant differences between products for any hedonic attribute, JAR rating, CATA descriptor, or purchase intent (all p > 0.05 after FDR correction). Despite 1.6-fold greater hardness and 4.2-fold greater chewiness, plant-based breaded shrimp received comparable hedonic ratings to conventional shrimp, suggesting that the breaded format masks mechanical texture differences. Achieving TPA parity may not be necessary for consumer acceptance in breaded seafood applications.  HighlightsO_LIPlant-based shrimp is 1.6x harder and 4.2x chewier than conventional C_LIO_LIConsumers reported no significant sensory differences between products C_LIO_LIBreaded format masks instrumental texture differences C_LIO_LITPA parity may not be required for consumer acceptance C_LI"
2026-07-20,30,10.64898/2026.07.17.739194,1,bioengineering,"Real-Time Axial Motion Compensation for Intravital Two-Photon Imaging of Mechanically Loaded Bone","Bratcher, S.; Mora-Antoinette, M.; Lewis, K. J.","Motion artifacts present a major challenge for intravital imaging of tissues undergoing physiological movement or mechanical loading. Blurring or artificial changes in image intensity due to shifting on the z-axis reduce data reproducibility and reliability. Existing post-acquisition approaches can partially compensate for motion, but they increase experimental complexity and are not well suited for use in mechanically loaded bone. Therefore, we developed a novel method for real-time correction of axial motion during mechanical loading of bone by synchronizing the movement of the objective to the actuator. Synchronization was achieved by linking the position of the actuator piezo motor to the objective piezo motor with a user refined reduction via potentiometer. Applying axial motion correction effectively removed artificial changes in fluorescent intensity in a static fluorescent marker up to 3000{varepsilon} in bone as measured by similarity and average intensity before and during loading. This improvement was reflected in the improved accuracy in capture of a dynamic fluorescent calcium indicator (GCaMP6f) in osteocytes. Our system provides a user-friendly, robust framework that can be easily adapted to other mechanically loaded tissues, improving data collection and expanding the utility of two-photon imaging across a variety of biological applications."
2026-07-20,30,10.1101/2025.09.08.674806,5,biophysics,"Single molecule studies of the bacterial curli protein CsgA reveal a structurally dynamic monomeric structure","Foster, D. A. N.; Dee, D. R.","E. coli curli, a critical biofilm scaffold and antimicrobial target, is assembled mainly from the protein CsgA guided by many other chaperones in a regulated functional amyloid assembly pathway. CsgA is highly aggregation prone, confounding high-resolution studies of its structure and amyloid formation mechanism. Ensemble studies show CsgA is intrinsically disordered, while structure predictions show a well-folded {beta}-solenoid. Here, single-molecule force spectroscopy with optical tweezers is used to define the conformational dynamics in single CsgA molecules. CsgA monomer shows unfolding/refolding consistent with fully folded, partially folded and collapsed yet disordered conformations, indicating that CsgA exists in metastable folded states in equilibrium with disordered states. These folded states are likely highly aggregation prone and thus have avoided characterization at the ensemble level for the past 20 years. These studies help us better understand curli amyloid formation as a novel drug target and to improve engineering amyloid."
2026-07-20,30,10.64898/2026.07.17.739293,1,"molecular biology","Analytical Validation of Automated DNA Isolation from Meat Matrices for High-Quality PCR-Based Food Authentication","Dewi, Y. K.; Chudori, Y. N.","Reliable DNA isolation is a critical prerequisite for PCR-based food authentication, particularly for meat products where complex matrices may compromise DNA quality and amplification efficiency. This study aimed to analytically validate an automated DNA extraction method from meat matrices using Qiagen QIAcube Connect in combination with the DNeasy(R) Mericon Food Kit. Validation parameters included DNA concentration, total yield, purity, integrity, and assessment of PCR inhibitors using real-time PCR targeting the porcine cytochrome b gene. The method produced a mean DNA concentration of 219.5 ng/{micro}L with an average yield of 21,519.7 ng, exceeding predefined acceptance criteria. Agarose gel electrophoresis confirmed DNA fragment sizes larger than the target amplicon, indicating suitability for PCR analysis. Real-time PCR evaluation demonstrated excellent linearity (R2 = 0.99-1.00), amplification efficiencies between 90.34% and 99.84%, and mean {Delta}Ct values of 0.10, confirming the absence of PCR inhibition. These results indicate that the validated automated method is robust, reproducible, and suitable for routine PCR-based meat species authentication in food control laboratories."
2026-07-20,30,10.64898/2026.07.17.738698,1,"molecular biology","ORC binding to Heterochromatin Protein 1 through intrinsically disordered regions is required for heterochromatin structure and function","Luo, Y.; Rajshekar, S.; Kumar, H.; Berger, J. M.; Karpen, G.; Botchan, M.","The Origin Recognition Complex (ORC) is known for initiating DNA replication in eukaryotic cells, but increasing evidence suggests that ORC has multiple functions. Here we show that the organization and function of two major nuclear components, heterochromatin and the nucleolus, depend on multivalent interactions between Orc1 and Heterochromatin Protein 1a (HP1a) in Drosophila melanogaster. Specifically, binding requires two short motifs (R1 and R2) in the intrinsically disordered region (IDR) of Orc1, and two motifs (HGM and CTE) located in the N- and C-terminal regions of HP1a. Pairing of these four motifs promotes ORC-HP1 interactions, which also requires HP1 dimerization. Disrupting ORC-HP1a interactions by mutating the R1/R2 motifs causes defects in heterochromatin functions, specifically suppression of Position-Effect Variegation (PEV), ribosomal DNA (rDNA) decondensation, increased rRNA transcription, and nucleolar expansion, without global loss of H3K9me2 epigenetic modifications. Our findings indicate that ORC acts as a structural regulator that organizes heterochromatic regions and promotes proper genome regulation through multivalent interactions with HP1 and chromatin."
2026-07-20,30,10.64898/2026.07.17.739260,1,"cell biology","A systems-level proteomic analysis identifies kinesin targets of KIFBP during neuronal development","Paschall, S.-C.; Blasius, T. L.; Missman, A.; Rodriguez, P.; Cianfrocco, M. A.; Verhey, K. J.; Stumpff, J.","Kinesins are molecular motor proteins essential for organizing and remodeling the cytoskeleton during neuronal development and maintenance. One key regulator is kinesin family binding protein (KIFBP), which inhibits a subset of kinesins by blocking motor-microtubule interactions. Homozygous mutations in KIFBP cause Goldberg-Shprintzen Syndrome (GOSHS), a neurodevelopmental disorder characterized by intellectual disability, microcephaly, and axonal neuropathy. Although loss of KIFBP has been linked to reduced neurite length and microtubule disorganization, the specific kinesins underlying these phenotypes remain unclear. Here we use a CRISPR-Cas9 generated KIFBP knockout Neuro-2a cell line to demonstrate that KIFBP is required for neurite extension and use inducible GFP-KIFBP to define the KIFBP interactome during neuronal differentiation. Immunoprecipitation coupled with mass spectrometry identified both known and novel KIFBP-associated kinesins. Single molecule TIRF microscopy confirmed direct inhibition of a subset of kinesins that co-immunoprecipitated with KIFBP. Notably, we identified KIF5A and KIF18B as previously unrecognized regulatory targets with potential roles in neuronal development. Together, these findings establish Neuro-2a cells as a model for studying KIFBP function and provide new insight into the regulation of kinesin activity and cytoskeletal dynamics in neurons."
2026-07-20,30,10.64898/2026.07.17.739205,1,"cell biology","SGEF coordinates epithelial morphogenesis by regulating junction stability, collective migration, and extracellular matrix remodeling","Lovejoy, M.; Rabino, A. F.; Gonzalez-Blotta, L.; Gangasani, V.; Durham, S. M.; Kreider, G.; Garcia-Mata, R.","Polarized epithelia are essential for organ function, and disruption of epithelial polarity is a hallmark of many diseases, including cancer. We previously showed that the RhoG-specific guanine nucleotide exchange factor SGEF interacts with the Scribble polarity complex to regulate epithelial junction assembly in 2D monolayers. However, its role in epithelial morphogenesis and lumen formation in 3D remains unknown. Here, we combined quantitative morphometric analysis with long-term live-cell imaging to investigate the role of SGEF during MDCK cyst development. SGEF KD disrupted normal lumenogenesis, producing enlarged cysts with multiple collapsed lumens accompanied by reduced E-cadherin, {beta}-catenin, and ZO-1 expression. Loss of SGEF also altered the distribution of the actomyosin network. Re-expression of WT SGEF restored the normal phenotype, whereas restoration of E-cadherin and ZO-1 partially rescued lumen architecture, identifying the loss of junction integrity as a key driver of the morphogenetic defects. Unexpectedly, live-cell imaging revealed increased motility and frequent cyst fusion in SGEF-KD cysts. Restoring E-cadherin levels abolished cyst migration, while inhibition of matrix metalloproteinases markedly restored normal cyst volume and lumen architecture, identifying extracellular matrix remodeling as an additional contributor to the SGEF-deficient phenotype. Together, these findings identify SGEF as a key regulator of epithelial morphogenesis, coordinating junction integrity, actomyosin organization, lumen formation, and collective migration."
2026-07-20,30,10.64898/2026.07.17.739226,1,"cell biology","Morula complementation restores fetal kidneys in xenocompatible SALL1 null sheep","Appleby, S. J.; Fermin, L. M.; Delaney, S.; Wei, J.; Meng, F.; Turner, P.; Wells, D. N.; Davidson, A. J.; Oback, B.","To meet the global shortage of organs, extensive genome modifications have been performed to ""humanize"" livestock tissues for xenotransplantation. However, residual immune rejection remains a problem, prompting alternative approaches that explore the use of animals as hosts for growing human organs. This requires genome editing to disable organogenesis in the host and embryo complementation with suitable donor cells to fill the empty organ niche in chimaeric animals. Pigs have been the predominant livestock species investigated for this approach. Here, we used domestic sheep as hosts for donor-derived kidney formation. Spalt-Like Transcription Factor 1 (SALL1) was targeted in male fibroblasts lacking xenoantigens CMAH and GGTA1, using either one gRNA within zinc finger cluster (ZFC) 2 or two gRNAs to remove all ZF domains. Following somatic cell cloning and embryo transfer of triple knockout strains, fetuses were collected on gestational day 48 to analyze the SALL1 KO phenotypes. Single gRNA editing produced a hypomorph with different degrees of metanephric hypoplasia, while the dual-gRNA deletion resulted in a null allele which completely abolished nephrogenesis. Female donor cells carrying high vs low copy numbers of an mCherry transgene, as well as CMAH and GGTA1 edits, were used for morula complementation. Fetal kidney development was anatomically and histologically restored in sex-chimaeric hosts, providing proof-of- concept for using sheep as a new model species for in vivo organ generation."
2026-07-20,30,10.64898/2026.07.17.739170,1,biochemistry,"Elucidating the half-site reactivity mechanism of Salmonella enterica FraB deglycase using native mass spectrometry","Gao, Y.; Law, J. D.; Gopalan, V.; Wysocki, V. H.","Inter-subunit communication and allosteric regulation are central to the function of oligomeric enzymes, yet these features remain difficult to characterize. Conventional kinetic and structural methods typically yield ensemble averages or static snapshots, thus making it difficult to uncover the dynamic cross-subunit cooperation obligatory for multi-site catalysis by oligomeric enzymes. Here, we investigate Salmonella FraB--a homodimeric deglycase and a potential drug target--to showcase the value of an integrated approach combining native mass spectrometry (nMS), surface-induced dissociation (SID), and kinetic studies to gain insights into catalytic intermediates and inter-subunit communication. By resolving substrate-, product-, and mixed-occupancy species, nMS revealed that both inter-subunit active sites in FraB bind substrate even though only one catalytic center generates the product at any given time. To characterize each active site independently, we designed heterodimers with a mutation that changes the general base or acid in only one active site. Kinetic studies with these mutants indicate that although the two active sites are likely coupled, they do not concomitantly perform cleavage. Consistent with the conformational asymmetry observed in apo-FraB crystal structures, our findings establish a half-site reactivity mechanism in which post-binding conformational changes across the dimer interface restrict substrate cleavage to one active site even though both protomers are able to bind substrate. Importantly, this nMS-based workflow offers a broadly applicable framework for resolving the catalytic states and inter-site communication of oligomeric enzymes that are otherwise difficult to uncover by conventional structural methods."
2026-07-20,30,10.64898/2026.07.18.739127,1,biochemistry,"Functional Mapping of the Trypanosoma cruzi Serinome by Fluorophosphonate Activity-Based Protein Profiling","Isern, J. A.; Mediavilla, M. G.; Porta, E. O. J.; Merli, M. L.; Ballari, M. S.; Cricco, J. A.; Labadie, G. R.; Steel, P. G.","Serine hydrolases (SHs) constitute one of the largest enzyme superfamilies in eukaryotes, yet their roles in Trypanosoma cruzi, the causative agent of Chagas disease, remain largely uncharacterized. Here, we report an activity-based chemoproteomic map of the T. cruzi epimastigote serinome by combining genome-informed in silico curation with whole-cell activity-based protein profiling (ABPP) using a panel of cell-permeable fluorophosphonate (FP)-alkyne probes. Whole-cell labelling followed by label-free quantitative proteomics (LFQ-MS), identified 37 enriched SH-like proteins, including 35 with conserved or partially conserved catalytic triad/dyad features, spanning lipases, peptidases, esterases, and previously uncharacterized hydrolases. The 35 SHs represent approximately 63 % of the 56 predicted SHs retained after catalytic-site curation. Domain architecture analysis revealed broad structural diversity, while orthologue-based localization data suggested association with multiple subcellular compartments, including glycosomal, mitochondrial, and endosomal localizations. Gene Ontology enrichment highlighted lipid metabolic and catabolic processes as dominant functional themes, and protein-protein interaction network analysis supported functional connectivity among the captured enzymes. Several identified SHs, including oligopeptidase B, prolyl oligopeptidase Tc80, serine carboxypeptidase CPB1, and phospholipase A1 (PLA1) have previously been characterized in trypanosomatids as virulence factors and as mediator of host-pathogen interactions. Together, these findings establish a fluorophosphonate-based chemoproteomic resource for the kinetoplastid community and prioritize probe-accessible active T. cruzi SHs for future functional validation and antiparasitic inhibitor discovery."
2026-07-20,30,10.64898/2026.07.17.739266,1,biochemistry,"UniFlow: Unifying protein conformational ensemble generation and machine-learned force fields with a scalable normalizing Flow","Liu, Y.; Chen, M.; Lin, G.","AO_SCPLOWBSTRACTC_SCPLOWMolecular dynamics (MD) provides a principled method for modeling equilibrium protein conformational energy landscapes, but its computational cost limits access to long timescales and larger protein systems. Recently, generative protein ensemble models and machine-learned coarse-grained force fields have emerged as complementary approaches for accelerating conformational sampling. However, they are typically developed separately despite modeling the same underlying equilibrium distribution. We introduce UniFlow, the first scalable generative model that unifies protein ensemble generation and machine-learned coarse-grained force fields for molecular dynamics simulation within a single framework. UniFlow employs an internal-coordinate normalizing flow that supports efficient i.i.d. sampling, exact likelihood evaluation, and differentiable energy and force computation. Across diverse protein systems, UniFlow generates ensembles that closely match reference MD simulations, generalizes to proteins beyond its training dataset, and samples substantially faster than diffusion-based ensemble-generation baselines. The same learned density further enables stable long-timescale molecular dynamics simulations. Together, UniFlow paves the way for a unified class of models that bridges generative ensemble modeling with physics-based molecular simulation.  Codehttps://github.com/Harrydirk41/UniFlow.git"
2026-07-20,30,10.64898/2026.07.19.739414,1,biochemistry,"The mechanism of biofilm degradation by a detachable tailspike of gene transfer agents","Bardy, P.; Nguyen, P. M.; Liu, Y.; Craske, M. W.; Read, N.; Davies, R. M.; Turkenburg, J. P.; Hart, S. J.; Antson, A. A.; Fogg, P. C. M.","Gene transfer agents (GTAs) are phage-derived elements that have evolved repeatedly across diverse prokaryotes, where they drive high-frequency horizontal gene transfer (HGT). Here, we demonstrate that the Rhodobacter capsulatus GTA (RcGTA) tailspike protein, TspA, is a potent biofilm-degrading enzyme. Purified TspA is effective at both preventing initial biofilm formation and clearing established, mature biofilms. Crucially, TspA enhances RcGTA-mediated gene transfer, suggesting that this enzyme facilitates GTA navigation through the extracellular matrix. Unlike the permanently anchored tailspikes of canonical phages, TspA possesses a unique {beta}-sandwich N-terminal domain that enables its dissociation from mature particles and engages in biofilm polysaccharide recognition. Our findings indicate that TspA is an evolutionary adaptation used by GTAs to optimize HGT within complex, densely packed microbial biofilm communities."
2026-07-20,30,10.64898/2026.07.19.735577,1,biochemistry,"Cyclic immunofluorescence platform using photocleavable linkers for direct antibody labeling enables cancer phenotyping","Zucker, A.; Nguyen, C.; Brondsted, F.; Jones, J. A.; Malankar, G. S.; Ekstrom, T. J.; Rounds, C.; Ravi, D.; Goodyear, S. M.; Kardosh, A.; Wong, M. H.; Wang, L. G.; Gibbs, S. L.","Advances in spatial proteomics through the development of multiplexed immunostaining platforms have facilitated analyses with increasing cellular and molecular granularity. However, currently available approaches are limited by harsh conditions for signal removal, restricting the number of antigens that can be probed in a single specimen without significant alterations to sample quality and structure. Here we present an approach for direct labeling of primary antibodies with fluorophores using a photocleavable linker (PCL) with a polyethylene glycol spacer (PEG) to enable cyclic immunofluorescence (cyCIF) with gentle signal removal conditions. Our innovative approach uses directly labeled primary antibodies to enhance staining specificity and cyclic immunostaining efficiency, while minimizing nonspecific background signal. Additionally, through integration of the PCL, this approach facilitates gentle cleavage of antibody conjugated fluorophore, preserving sample integrity over multiple rounds of staining. Direct PEG-PCL antibody labeling will promote greater multiplexing by minimizing specimen damage and allow for quantitative analyses of cyCIF spatial data. We demonstrate that cyCIF with PEG-PCL conjugated antibodies can be applied across a variety of cancer subtypes to identify and characterize rare neoplastic cell populations in both tumor tissue and fragile peripheral blood specimens."
2026-07-20,30,10.64898/2026.07.18.739370,1,bioengineering,"Expression and Engineering of Conductive Cytochrome Nanowires","Szmuc, E.; Liu, X.; Reed, M. L.; Damani, V.; Walker, D.; Brilot, A.; Lozano-Zambrano, L.; Yu, G.; Keitz, B. K.; Ellington, A. D.","Electrically conductive protein nanowires produced by metal-reducing bacteria have attracted interest as sustainable electronic materials, but their study and engineering have been limited by difficulties in expression, purification, and genetic manipulation. Here we establish Shewanella oneidensis as a heterologous host for production of Geobacter sulfurreducens OmcZ nanowires and progress a complementary in vitro assembly strategy that yields highly pure nanowire preparations. This platform enabled systematic engineering of OmcZ, revealing extensive tolerance to sequence variation and faciliating the design of enhanced-conductivity variants. Guided by comparative analysis of environmental OmcZ homologs, we generated a chimeric nanowire, OmcZ+, that exhibited a [~]3.5-fold increase in bulk conductivity while retaining the overall structure of the parent nanowire. Cryo-electron microscopy revealed unexpected architectural plasticity in OmcZ+ wires, including non-linear dendritic and pentameric assemblies mediated by the solvent-exposed heme VII, suggesting previously unrecognized modes of cytochrome nanowire organization. Incorporation of engineered OmcZ variants into water evaporation-induced electricity generators produced power densities up to [~]25.3 W cm-{superscript 2} and enabled high-performance operation in saline environments, including seawater and human sweat. Together, these results establish a versatile platform for the production, structural analysis, and engineering of cytochrome nanowires, providing a foundation for the development of programmable biological electronic materials."
2026-07-20,30,10.64898/2026.07.17.739125,1,bioengineering,"Mechanobiology-guided drug repurposing identifies budesonide as an inhibitor of stiffness-induced PDAC aggressiveness","Mas, S.; Cristiano, M.; Ibello, E.; Avallone, A.; Frascogna, C.; Sainz, B.; Lonardo, E.; Altucci, L.; Cobellis, G.; Patriarca, E. J.; Netti, P. A.; Minchiotti, G.; Panzetta, V.; D'Aniello, C.","Pancreatic ductal adenocarcinoma (PDAC) develops within a desmoplastic and stiffened microenvironment that critically shapes tumor progression and therapeutic resistance, yet these features are not reproduced by conventional rigid plastic culture systems. Here, we leverage a tuneable bioengineered platform that mimics stromal stiffening to investigate how mechanical cues regulate PDAC cell behaviour and to identify pharmacological strategies that counteract stiffness-driven malignancy. We show that increasing matrix stiffness promotes key hallmarks of PDAC aggressiveness, including enhanced cell spreading, focal adhesions maturation, and cytoskeletal tension. Notably, we identify the glucocorticoid budesonide as a selective suppressor of stiffness-induced malignant phenotypes. Transcriptomic profiling reveals that budesonide counteracts stiffness-associated gene programs, prominently affecting pathways governing cytoskeletal dynamics, nuclear envelope organization, and YAP nucleocytoplasmic transport. Consistently, budesonide reduced force transmission to the nucleus, restoring nuclear wrinkling and constraining nuclear size and shape. These effects are mediated through both glucocorticoid receptor-dependent and -independent mechanisms, revealing a previously unrecognized mode of action. Together, our findings establish mechanical context as a critical determinant of PDAC vulnerability and identify budesonide as a candidate for therapeutic repurposing to target stiffness-driven cancer progression."
2026-07-20,30,10.64898/2026.07.06.736737,2,bioinformatics,"Extended t-cores for the de novo identification of transposable elements and other inexact repeats from short read RNAseq data","Darmon, S.; Mary, A.; Lacroix, V.","Transcribed repeats represent a major challenge in the de novo assembly of transcriptomes from short RNA-seq reads. Young transposable elements (TEs) and more generally, inexact repeats, create dense and ambiguous regions in the assembly graph, preventing the correct assembly of transcripts. In this paper, we introduce a fully de novo method based on the discovery of dense regions in the compacted De Bruijn graph (DBG) to identify such repeats directly from short read RNA-seq data, without requiring a reference genome or repeat database. Our approach defines the extended t-cores, subgraphs of the DBG that capture the complex topology induced by expressed inexact repeats appearing in RNA-seq reads.  Independently of its interest for transcriptome assembly, the proposed method appears to be effective for the de novo identification of repeats in transcriptomes. After classifying cores using sequence-based motifs to distinguish simple repeats from potential TEs, we demonstrate its potential for the de novo discovery of TEs.  We validate the approach on a Mus musculus dataset, showing that extended t-cores correspond to known expressed TE families. We also illustrate its de novo discovery potential on a non-model species, Canis lupus familiaris, where the method was also able to recover known TEs."
2026-07-20,30,10.64898/2026.07.13.737671,1,"pharmacology and toxicology","Species-dependent clearance of alternariol monomethyl ether, tenuazonic acid and altertoxin II in rat and human primary hepatocytes","Bastos-Moreira, Y.; Gendre, C.; Call, F.; Henri, J.; Marko, D.; Le Hegarat, L.; Varga, E.","The ubiquitously occurring food contaminants alternariol monomethyl ether (AME), tenuazonic acid (TeA) and altertoxin II (ATX-II) are recognized as emerging Alternaria mycotoxins, yet substantial data gaps remain regarding their toxicokinetic characteristics. The hepatic metabolism of these three substances was investigated in primary rat (PRH) and human (PHH) hepatocytes by monitoring parent compound depletion and, where applicable, metabolite formation. AME was initially evaluated at 5 {micro}M and subsequently investigated over a concentration range of 0.75-8 {micro}M (0.75, 1.5, 3, and 8 {micro}M), whereas TeA was assessed at 5 {micro}M, and ATX-II was assessed at 0.22 and 1.11 {micro}M, with additional short-term experiments conducted over 30 min for AME and ATX-II, and over 10 min for concentration-dependent AME depletion. For AME, time-dependent clearance was further evaluated in PRHs at two hepatocyte densities, 0.25 and 0.5 million cells/mL. In PRHs, AME metabolism followed Michaelis-Menten kinetics (Vmax = 150.9 pmol{middle dot}min-{superscript 1}{middle dot}10- cells, Km = 1.18 {micro}M), whereas no reliable kinetic model could be established for PHHs. In contrast, TeA exhibited high metabolic stability, with only 9-10% depletion after 4 h, indicating negligible hepatic clearance in both species. ATX-II was also rapidly depleted and became undetectable within 30 min, accompanied by transient formation of altertoxin I (ATX-I), which was more pronounced in PHHs than in PRHs. Substrate depletion revealed pronounced interspecies differences in hepatic clearance capacity and stability. Overall, these findings provide comparative insights in primary human and rat hepatocyte systems, offering a foundation for future studies on their toxicological relevance and impact on human health."
2026-07-20,30,10.64898/2026.07.18.739352,1,"systems biology","Experimentally calibrated computational modeling of inflammation and vascular remodeling in breast cavity healing following breast-conserving surgery","Harbin, Z. J.; Fisher, C. S.; Morrison, R. A.; Gomez, H.; Voytik-Harbin, S.; Buganza Tepole, A.","Breast-conserving surgery (BCS; lumpectomy) is widely used to treat early-stage breast cancer, yet the complexity and patient-specific variability of postoperative cavity remodeling make healing trajectories and physical outcomes difficult to predict. Although inflammatory and vascular processes are central to these outcomes, mathematical models of tissue healing do not capture their coupled interactions or calibrate them against experimental data. Here, we extend a computational model of breast cavity healing to incorporate coupled inflammatory and vascular dynamics, including angiogenesis, oxygen transport, and inflammatory cell activity. The model is calibrated using preclinical porcine lumpectomy histology and literature data. Model parameters are inferred using a multi-task Gaussian process surrogate within a Bayesian inference frame-work to align predictions with experimental observations and quantify uncertainty. Thus, this work provides a mechanistically grounded framework for inflammatory and vascular remodeling during breast cavity healing and provides a foundation for patient-specific prediction of healing and physical outcomes following lumpectomy."
2026-07-20,30,10.64898/2026.07.17.739094,1,microbiology,"Prevalent glutamyl-endopeptidases in the commensal skin microbiome have itch-relevant activity","Wittlinger, J.-P.; Weninger, S.; Seneca Cardoso da Silva, J.; Tu, A.; Grey, L.; Heber, S.; Fischer, M.; Schneider, S.; Eckl-Dorna, J.; Stary, G.; Böttcher, T.; Berry, D.","Atopic dermatitis (AD) is frequently accompanied by pruritus, which has predominantly been attributed to skin colonization by Staphylococcus aureus, particularly through cleavage of protease-activated receptor 1 (PAR1) by the glutamyl endopeptidase (GEP) V8 protease. Whether related GEPs from other skin-associated staphylococci contribute to this process remains unclear. Here, we analyzed 273 staphylococcal isolates from skin swabs of 10 AD patients with pruritus, dominated by S. aureus and Staphylococcus epidermidis. Genome mining using a custom hidden Markov model identified 678 candidate GEPs, which were clustered and resolved into five structurally distinct protease architectures. Representative proteases (V8, Esp, SplB, Csp, and Hsp) were expressed and characterized. Esp displayed GEP activity and PAR1 tethered-ligand cleavage comparable to V8, generating noncanonical cleavage products, while Csp cleaved PAR1 with reduced but substantial efficiency. All representative proteases significantly disrupted barrier integrity in an epithelial barrier model. Analysis of isolate genomes and publicly available Staphylococcus genomes showed that V8 and Esp are highly conserved and largely species-restricted, whereas Csp is more broadly distributed across species. These findings identify Esp and Csp as functional GEP virulence factors in S. epidermidis and S. capitis, capable of activating itch signaling and compromising barrier function. Our study suggests that GEP-mediated pruritus and barrier dysfunction in AD may arise not only from pathogens like S. aureus, but also from commensals or opportunistic pathogens such as S. epidermidis and S. capitis.  ImportanceStaphylococcus aureus colonization on the skin is closely associated with itch in atopic dermatitis (AD) through a secreted protease that cleaves PAR1 on sensory neurons. However, AD patients can experience pruritus without S. aureus colonization. This raises the question of whether other skin-colonizing staphylococci contribute to this process. We identify glutamyl endopeptidase homologs, including Esp from Staphylococcus epidermidis and Csp from Staphylococcus capitis, that cleave the same itch receptor and disrupt epithelial barrier integrity. These serine proteases are distributed across staphylococcal species that colonize human skin. Therefore, itch and barrier dysfunction in AD may not be restricted to S. aureus but instead arise from the proteolytic activity of multiple staphylococcal species. This functional redundancy means that other staphylococcal species can sustain GEP-driven itch and barrier dysfunction even in the absence of S. aureus, suggesting that therapeutic strategies targeting only S. aureus may overlook these alternative drivers of disease."
2026-07-20,30,10.64898/2026.07.19.739441,1,genetics,"Diapause and Developmental Arrest as Drivers of Population Resilience Through Stress","Baur, G.; Bone, E.; Moore, H.; Elliott, L.; Ham, A.; Ripper, M.; Scharf, A.","Dauer formation and L1 arrest are stress-responsive developmental strategies that enable Caenorhabditis elegans to survive unfavorable conditions. These responses are regulated by environmental cues, including food availability and pheromone signals that communicate population density. However, how dauer entry, L1 arrest, and density-dependent signaling collectively influence long-term population dynamics remains poorly understood. In this study, populations of daf-22 and daf-16 mutants with impaired dauer formation, starvation arrest, and pheromone signaling were compared under control and starvation stress. Measurements of developmental stages were used to evaluate how genotype influenced population growth, developmental stage composition, starvation response, and recovery over time. This population-level approach links individual developmental decisions and inter-organismal communication to broader patterns of persistence and population change. The results show that daf-16 and daf-22 mutant populations differed from wild type in their recovery ability following nutrient deprivation as well as in the stage distributions within the population. These findings suggest that dauer signaling contributes broadly to population persistence by coordinating developmental arrest, reproduction, survival, and recovery. Overall, this work supports the interpretation of dauer formation as a larger population level survival program rather than a single isolated developmental outcome."
2026-07-20,30,10.64898/2026.07.14.738208,1,genetics,"cf-Cabernet: Nick Repair Prior to End Repair Preserves Endogenous DNA Methylation Information in Cell-Free DNA Methylation Sequencing","Yuan, T.; Bai, Y.; Song, L.; Zhang, A.; Liu, Y.; Cao, Y.","Cell-free DNA (cfDNA) methylation profiling holds great promise for non-invasive cancer detection, yet accurate methylome analysis is compromised by DNA damage inherent to cfDNA. Standard library preparation workflows involve an end-repair step during which DNA polymerases can initiate synthesis from single-strand breaks (nicks), replacing endogenous methylated nucleotides with unmethylated nucleotides in the 3' direction and systematically erasing methylation information. This artifact is distinct from the terminal jagged-end effect and disproportionately affects cfDNA and FFPE DNA, which harbor abundant nicks. Here, we developed cf-Cabernet, which builds upon the Cabernet framework (Cao et al., 2023) -- an enzymatic methylation sequencing method featuring carrier DNA-assisted sample recovery and amplification-friendly post-conversion processing -- with the addition of a Taq DNA ligase-mediated nick repair step prior to end repair. Using matched cfDNA samples, we compared cf-Cabernet against standard EM-seq and WGBS. cf-Cabernet and EM-seq both substantially outperformed WGBS in alignment rate. Critically, while standard EM-seq exhibited globally reduced methylation levels compared to WGBS, cf-Cabernet yielded methylation levels concordant with WGBS. M-bias analysis revealed that EM-seq libraries showed persistently depressed methylation across the entire read length, whereas cf-Cabernet methylation recovered to the WGBS baseline beyond the terminal [~]40 bp jagged-end region. Nick-induced methylation erasure during end repair is a significant but previously underappreciated source of error in cfDNA methylation sequencing. cf-Cabernet effectively mitigates this artifact through pre-emptive nick ligation, enabling accurate methylome profiling from damaged DNA templates. This method is broadly applicable to cfDNA, FFPE DNA, and other clinical specimens where DNA integrity is compromised, providing a robust foundation for methylation-based liquid biopsy applications."
2026-07-20,30,10.64898/2026.07.17.739150,1,microbiology,"Anticipatory discovery of entry inhibitors against emerging viruses guided by viral phylogeny","Arce, R.; Andreu-Moreno, I.; Dufloo, J.; Sanjuan, R.","Emerging viruses pose a major threat to global health, underscoring the need to improve antiviral preparedness. Here, we developed a phylogenetically-informed framework to identify entry inhibitors with potential activity against yet-to-emerge viruses. First, using pseudotypes displaying the receptor-binding proteins (RBPs) of 8 enveloped RNA viruses from different families, we screened a library of 2,320 FDA-approved compounds to identify candidate entry inhibitors. Hits were tested for potency, selectivity, consistency across cell types and pseudotyping vectors and, in some cases, were validated using authentic viruses. Then, to define the breadth of antiviral activity, 25 selected drugs were assayed against an expanded panel of 68 RBPs from 13 families, as well as against pairs of closely related RBPs. This revealed both narrow and broad-range inhibitors, including selective estrogen receptor modulators, alkaloids, aminoquinolines, and anidulafungin, which showed particularly broad activity. Importantly, RBPs from the same phylogenetic cluster frequently displayed correlated drug-sensitivity profiles, indicating that antiviral effects are predictable across closely related viruses. Our findings provide a proof of concept for anticipatory antiviral discovery, showing that phylogenetic relationships can guide the identification of entry inhibitors against potential future zoonotic threats."
2026-07-20,30,10.64898/2026.07.19.739454,1,microbiology,"Long-term SARS-CoV-2 Persistence in Syrian Hamsters","Melquiades de Lima, T.; Capelini Eli Lopes, C. E.; Oliveira de Souza, M. V.; Rocha do Nascimento, F.; Meria Ramos Rodrigues, D.; Conde Silva, G.; Dias, M.; Antonio Nasser Neto, T.; Silva, M. L.; Macedo de Melo Jorge, D.; de Paula Souza, J.; Arruda, E.","SARS-CoV-2 persistence has been proposed as a potential contributor to the pathogenesis of long COVID, with reservoir tissues potentially serving as sites for viral persistence, intra-host evolution, and intermittent viral shedding. Here, we used experimentally infected Syrian hamsters to investigate long-term SARS-CoV-2 persistence across tissues, viral infectivity, and associated immunological and metabolic alterations. Syrian hamsters (Mesocricetus auratus) were intranasally infected with a SARS-CoV-2 parental strain or Gamma and Delta variants and monitored for up to one year, with samples collected at 3, 15, 30, 90, 150, and 365 days post-infection (dpi). During the acute phase, infected animals exhibited significant weight loss, viral shedding, and marked pulmonary inflammation, accompanied by increased expression of pro-inflammatory cytokines at 3 dpi. Infection was confirmed by seroconversion, with sustained IgG responses and low-titer neutralizing antibodies against Omicron. Viral nucleoprotein was detected in multiple tissues up to 365 dpi, while RT-qPCR identified persistent low-level viral RNA in the lungs, brain, spleen, and thymus throughout the observation period, without evidence of productive viral replication. Immune gene expression displayed organ-specific temporal patterns: acute pulmonary inflammation transitioned into broad late-stage suppression, except for sustained TGF-{beta} expression; the brain exhibited a late chemokine signature at 365 dpi; and the thymus showed a delayed immune activation peak at 150 dpi, particularly in Delta-infected animals. Metabolomic profiling revealed a shared acute-phase metabolic signature across variants that largely resolved by 365 dpi, whereas Delta-infected animals retained distinct residual metabolic alterations. Collectively, these findings establish a model of long-term SARS-CoV-2 tissue persistence characterized by organ-specific immune and metabolic signatures, providing a platform to investigate mechanisms underlying post-acute sequelae and evaluate potential therapeutic strategies."
2026-07-20,30,10.64898/2026.07.15.738695,1,genetics,"Trehalose-6-phosphate synthase promotes thermotolerance by governing glycolytic flux in Cryptococcus deneoformans","Yadav, V.; Carl, K. A.; Heitman, J.; Washington, E. J.","Growth at physiologically relevant temperatures is essential for fungal pathogenesis and is controlled by several cellular factors. The evolution of fungal thermotolerance is concerning as warming environments may promote the emergence of new pathogens. Trehalose, a disaccharide absent in mammals, plays a central role in thermotolerance by stabilizing proteins and membranes during heat stress. Trehalose is synthesized from glucose-6-phosphate (G6P) and uridine-diphosphate-glucose (UDPG) in two steps catalyzed by trehalose-6-phosphate synthase (Tps1) and trehalose-6-phosphate phosphatase (Tps2). Here, we investigated genetic suppression of Tps1 function in Cryptococcus deneoformans, a species in the Cryptococcus pathogenic species complex. Tps1 is essential for growth at 37{degrees}C in C. deneoformans and spontaneous suppressor mutations restored the growth of tps1{Delta} mutants at 37{degrees}C. Whole-genome sequencing followed by variant calling analysis primarily identified loss-of-function mutations in the gene encoding hexokinase 1 (Hxk1). Targeted gene deletion mutants further showed that loss of either HXK1 or HXK2 can bypass tps1{Delta} in a carbon source-dependent manner. The tps1{Delta} mutant exhibited elevated hexokinase activity, accumulation of G6P and glycogen, and ATP depletion after heat shock. Deletion of HXK1 or HXK2 restored hexokinase activity and partially restored G6P and ATP levels in the tps1{Delta} mutant, while glycogen remained elevated, indicating that excess glycolytic flux underlies the tps1{Delta} high-temperature growth defect. Overall, our study uncovers a previously unappreciated mechanism of Tps1-mediated heat adaptation in C. deneoformans, by revealing that Tps1 functions as a critical metabolic gatekeeper that safeguards glycolytic flux to sustain growth at elevated temperatures.  Article summaryTrehalose is crucial for fungal thermal adaptation and mutants lacking trehalose are inviable at 37{degrees}C. This study examined how genetic suppressors restore viability at 37{degrees}C in mutants lacking TPS1, which encodes trehalose-6-phosphate synthase. Through whole-genome sequencing of spontaneous suppressor isolates and variant calling analysis, mutations were identified in HXK1. Gene deletion mutants and biochemical assays show these mutations alter glycolytic flux. We show that tps1{Delta} mutants exhibit unbridled glycolysis, and their growth at 37{degrees}C is restored by hxk1{Delta} mutations that reduce glycolytic flux. This study highlights the interdependence between Tps1 and Hxk1, which may have broader relevance across organisms."
2026-07-20,30,10.64898/2026.07.18.739367,1,genetics,"Direct estimation of genotype fitness from time series","Mohanty, V.; Shakhnovich, E.","Heterogeneous adapting populations, whether in laboratory evolution experiments or global-scale pandemics, experience complex evolutionary dynamics due to the interplay of selection, mutation, and stochasticity. Inference of individual genotypes fitnesses therefore becomes difficult, especially when many lineages are competing and data are noisy. Existing fitness inference methods tend to rely on assumptions on the fitness landscapes maximum order of epistasis, or they require complicated iterative optimization algorithms to converge on fitness estimates. Here, we show that fitness landscapes can be computed from time series data, without any restrictions on epistatic order or iterative optimization, using a simple, closed-form mathematical expression that is easily implemented with standard matrix operations used commonly in linear algebra. We demonstrate successful fitness inference from noisy in silico evolutionary dynamics from four different noisy microscopic processes, including Wright-Fisher, Moran, ProSeD (serial dilution), and barcoded passage simulations. Then, we illustrate the broad applicability of the equation to five experimental time series datasets, including barcoded yeast evolution experiments, murine norovirus-1 serial passage experiments, and SARS-CoV-2 global genomic prevalence data. Our formula successfully infers fitnesses for even for rare genotypes several orders of magnitude less prevalent than top lineages, works with both laboratory evolution and epidemiological data, and can be implemented in most modern scientific programming languages."
2026-07-20,30,10.64898/2026.07.17.736840,1,bioengineering,"Sustained Delivery of a SARS-CoV-2 Subunit Vaccine in An Adjuvanted Hydrogel Depot Enhances Vaccine Responses in Nonhuman Primates","Ou, B. S.; Hu, M.; Yan, J.; Santagata, J. M.; Saouaf, O. M.; Eppler, H. B.; Lujan, V.; Song, Y. E.; Grifoni, A.; Klich, J.; Sette, A.; Utz, A.; Suthar, M. S.; Eckman, N.; Feng, Y.; Baillet, J.; Rogers, K. A.; Shirreff, L. M.; Aoyagi, G. J.; Valdez, A. S.; Ravichandran, R.; King, N. P.; Fontenot, J.; Villinger, F.; Pulendran, B.; Appel, E.","While natural infections expose the immune system for days to weeks of inflammation and antigen presentation, immunizations with conventional bolus vaccines often lead to rapid clearance of antigens and adjuvants. Prolonged exposure to vaccines using controlled delivery devices or repeated dosing regimens has been shown to enhance germinal center reactions, leading to improved humoral responses, including increased magnitude of antibody titers and enhanced neutralizing activity. Herein, we report the use of injectable polymer-nanoparticle (PNP) hydrogels as a vaccine depot technology for sustained delivery of the clinically relevant SARS-CoV-2 Hexapro subunit antigen and a toll-like receptor agonist adjuvant. In mice, we demonstrated that PNP hydrogel vaccines enhanced germinal center responses and antibody responses relative to bolus vaccination. In nonhuman primates, hydrogel vaccines induced enhanced and durable antibody responses against wildtype and variants of concern such as Omicron BA.5 compared to bolus vaccination. We report the first use of a biomaterials-based approach for sustained delivery of vaccines in nonhuman primates, further advancing toward clinical translation."
2026-07-20,30,10.64898/2026.07.15.738610,1,genomics,"High relatedness in sexually produced restoration cohorts of the endangered elkhorn coral, Acropora palmata","Kenkel, C. D.; Elder, H.; McDermott, G.; Conn, T.; Locatelli, N. S.; Baums, I.; Klepac, C.; Craig, Z.; Merck, D.; Winters, R. S.; Miller, M.; Williams, D.; Muller, E. M.","Climate change is driving the decline of coral populations around the world such that many are unlikely to recover without human intervention. Assisted sexual reproduction is one intervention proposed to enhance genetic diversity and support population recovery, yet its genetic outcomes remain poorly quantified. We evaluated genome-wide relatedness and genetic diversity in 168 restoration genets of the endangered Caribbean coral Acropora palmata, including 153 sexually produced offspring derived from multi-parent batch and biparental crosses. We detected high relatedness within multi-parent batch cross cohorts, with many genets comprising only one or a few full-sibling groups, indicating highly unequal parental contributions. Nucleotide diversity was lower in one batch cross cohort relative to founder populations, but the absolute difference was small and runs of homozygosity were relatively short indicating that inbreeding depression is not yet a concern. These patterns suggest that common larval propagation approaches can successfully generate large numbers of new genets but underscore the need to manage inbreeding risk, especially in small breeding stocks such as the Caribbean Acropora spp. Specifically, our results highlight the need for comprehensive genetic management to integrate assisted sexual reproduction into coral restoration, including parentage tracking, broodstock rotation, and relatedness-informed outplanting designs."
2026-07-20,30,10.64898/2026.07.15.733834,1,genomics,"Allele-specific chromatin modifications of HPV-associated extrachromosomal DNAs in cervical cancer","MacLennan, S.; Ng, M.; Porter, V. L.; Corbett, R. D.; Pandoh, P.; Trinh-Hamilton, D.; Coope, R.; Zhao, Y.; Marra, M. A.","Cervical cancer, a human papillomavirus (HPV) driven malignancy, is the fourth deadliest cancer in females. Approximately 25% of primary cervical cancers contain circular structures called extrachromosomal DNAs (ecDNAs), which can be entirely composed of human DNA (human-only ecDNAs) or a combination of HPV and human DNA sequences (HPV-human hybrid ecDNAs). Human-only ecDNAs harbour cancer-driving oncogenes, but epigenetic differences between human-only and HPV-human hybrid ecDNAs are unexplored. Here we report that 30% of cervical cancers contained at least one ecDNA. HPV-human hybrid ecDNAs contained more active enhancers and promoters than human-only ecDNAs and invariably contained the HPV oncogenes E6 and E7. These ecDNAs also contained an allelic hypomethylation region associated with putative human promoters, as well as enrichments for motifs associated with recombination hotspots. By leveraging long-read WGS phasing data to separate ChIP-seq data into alleles, we revealed allele-specific peaks in enhancers and promoters on ecDNAs, of which HPV-human hybrid ecDNAs contained a higher density. Overall, we found HPV-human hybrid and human-only ecDNAs differed in their regulation, often at an allele-specific level. Our study more firmly establishes the importance of epigenome disruption in cervical cancer and how structural variation, particularly surrounding HPV integration sites, may shape the surrounding regulatory architecture."
2026-07-20,30,10.64898/2026.07.18.739361,1,biophysics,"Psi RNA-specific Binding Promotes HIV-1 Gag Conformational Change Critical for Immature Viral Particle Assembly","Qiu, Y.; Banerjee, P.; Grabarkewitz, K.; Wysocki, V. H.; Rouzina, I.; Voth, G. A.; Musier-Forsyth, K.","The immature HIV-1 virion is assembled by the Gag polyprotein using inositol hexakisphosphate (IP6) as an essential assembly co-factor. Gag binds the genomic RNA Psi packaging signal via the nucleocapsid (NC) domain and associates with the plasma membrane via the matrix (MA) domain. Previous studies revealed that Gag exists in both compact (C) and extended (E) conformational states in solution. Only E-Gag formed virus-like particles with the correct size and IP6 shifted the equilibrium of DNA-bound Gag to the E state. The influence of specific RNA elements on this conformational change is unknown. In this work, a dual dye-labeled Gag was prepared for probing the effect of RNA binding on Gag conformation using Forster resonance energy transfer (FRET). In low salt and in the absence of other factors, Gag was primarily in the C state. Psi RNA binding induced a more significant FRET decrease than binding to non-Psi RNAs, consistent with a shift to E-Gag. IP6 alone also promoted the E-Gag state in the absence and presence of RNA. Atomistic molecular dynamics simulations are consistent with and provide detail into the role of NC-Psi RNA binding in the conformational switch of C-Gag to assembly-competent E-Gag. Simulations also showed that this switch is driven by capsid (CA) linker domain orientational flexibility and MA-CA unbinding dynamics. Thus, the highly flexible multi-domain Gag polyprotein leverages both viral and host cell factors to sample and stabilize distinct conformations, thereby orchestrating the viral assembly process."
2026-07-20,30,10.64898/2026.07.14.738203,1,"pharmacology and toxicology","Endothelial β3-Adrenergic Receptor activation prevents pulmonary hypertension","Rocha, S. F.; de la Bastida-Casero, L.; Spaczynska-Kwiatkowska, M.; Macias, A.; Sierra-Palomares, Y.; Gomez, M.; Diaz-Guerra, A.; Villalba-Orero, M.; Peinado, V. I.; Garcia-Alvarez, A.; Barbera, J. A.; Fuster, V.; Ibanez, B.; Oliver, E.","BackgroundPulmonary hypertension (PH) is a progressive vascular disease characterized by endothelial dysfunction, vascular remodeling and increased pulmonary vascular resistance. The {beta}3-adrenergic receptor ({beta}3-AR) has been implicated in cardiovascular regulation and cardioprotective mechanisms; however, its role in pulmonary vascular disease remains poorly understood. We investigated whether activation of {beta}3-AR protects pulmonary endothelial function and prevents the development of pre-capillary PH.  Methods{beta}3-AR expression was evaluated in pulmonary endothelium from patients with Chronic Obstructive Pulmonary Disease (COPD) and in murine models of hypoxia-induced PH. Genetic mouse models including {beta}3-AR knockout (KO) and conditional {beta}3-AR overexpression in endothelial cells (EC) or in smooth muscle cells (SMC), were used to determine cell-specific roles. Pharmacological activation of {beta}3-AR was achieved using the selective {beta}3-agonist mirabegron in hypoxia-induced PH mice and monocrotaline-induced PH rats. Pulmonary vascular reactivity and vasodilatory responses to {beta}3-AR stimulation were evaluated by wire myography in isolated pulmonary arteries. Mechanistic studies were performed in human pulmonary artery endothelial cells (HPAEC) under hypoxic conditions, in human pulmonary arterial smooth muscle cells (HPASMC) and in endothelial nitric oxide synthase (NOS3) KO mice.  Results{beta}3-AR was upregulated in pulmonary endothelium of COPD patients and mice exposed to chronic hypoxia. Genetic deletion of {beta}3-AR aggravated PH, whereas endothelial-specific overexpression attenuated the disease phenotype, reducing right ventricular systolic pressure (RVSP), vascular remodeling and right ventricular (RV) hypertrophy. Activation of {beta}3-AR with mirabegron improved pulmonary hemodynamics, reduced vascular remodeling and preserved RV function. {beta}3-AR activation promoted endothelial nitric oxide synthase (eNOS)-dependent NO production, indirectly inhibiting SMC proliferation. Additionally, {beta}3-AR activation improved mitochondrial fitness in endothelial cells by increasing uncoupling protein 2 (UCP2) expression, reducing reactive oxygen species (ROS) generation and preventing mitochondrial fragmentation.  ConclusionsThese findings identify endothelial {beta}3-AR as a previously unrecognized regulator of pulmonary vascular homeostasis and provide a strong translational rationale for targeting the {beta}3-adrenergic pathway in PH. Given that mirabegron is already approved for clinical use, our results support its repurposing as a therapeutic strategy for pre-capillary forms of PH."
2026-07-20,30,10.64898/2026.07.15.738657,1,immunology,"TCR-dependent and TCR-independent in-vitro T cell activation generate distinct functional, metabolic, and cytokine programs: Protein kinase C signalling augments anti-CD3+anti-CD28 responses","Ramteke, N. S.; Nandi, D.","IntroductionT cell activation is central to the adaptive immune response. In vitro studies on T cell activation often utilize two distinct approaches: first, engaging T cell receptors (TCR) using plate-bound CD3 together with soluble CD28 (TCR-dependent). Second, triggering intracellular signalling cascades using phorbol 12-myristate 13-acetate (PMA) and Ionomycin or P+I (TCR-independent). Both methods are widely used; however, a systematic comparison of the activation methods across a range of stimulation strengths to evaluate their effects on T cell function and metabolism has not been investigated in great detail. In this study, we compared the consequences of engaging T cells using TCR-dependent and TCR-independent activation pathways across varying signal strengths.  MethodsT cells from BALB/c mice were isolated and activated under four conditions: CD3, CD3+CD28, PMA with low Ionomycin (P+IL) and PMA with high Ionomycin (P+IH). We studied differences with respect to several parameters: morphology, flow analysis, metabolic activities, cytokines. The roles of Protein kinase C (PKC) and Ca{superscript 2} pathways were addressed by supplementing CD3+CD28 cultures with different doses of exogenous PMA or Ionomycin.  ResultsP+I activation outperformed the CD3+CD28 activation system across most readouts by displaying enhanced blasts, higher cycling, greater glucose uptake, increased lactate and ROS production, together with higher upregulation of CD25 and CD44 activation markers. P+IH activation dampened several responses including CD69 expression. CD4 co-receptor was downregulated greatly with P+I activation but not CD3+CD28. Most cytokines followed signal strength comparably between both systems; however, differences were observed with others: P+I stimulation favoured IL-6 and IL-12 induction whereas CD3+CD28 activation preferentially induced CCL2 and IL-1{beta}. Importantly, PKC activity was substantially lower upon CD3+CD28 stimulation and the addition of PMA, but not Ionomycin, to CD3+CD28 cultures enhanced proliferation, metabolism and expression of activation markers.  DiscussionTCR-dependent and TCR-independent T cell activation models have clear functional and metabolic differences. The observation that PKC signalling can boost T cell activation with CD3+CD28 is likely to be significant and may have translational implications such as CAR-T cell anti-tumor therapy where CD3+CD28 stimulation is widely used. The implications of our findings with regard to augmenting T cell mediated immunotherapies are discussed."
2026-07-20,30,10.64898/2026.07.18.739204,1,immunology,"Variant-specific spike conformational dynamics shape memory B cell selection during recall","Broutin, M.; Sokal, A.; Dejoux, A.; Planas, D.; Vanderkerken, M.; Fernandez, I.; Azzaoui, I.; Vandenberghe, A.; Charlet, M.; Arbabian, A.; Megret, J.; Toure, L.; Planchais, C.; Berard, L.; Simon, T.; Weill, J.-C.; Mouquet, H.; Schwartz, O.; Bruhns, P.; Rey, F. A.; Launay, O.; Mahevas, M.; Chappert, P.","Immune imprinting profoundly shapes antibody responses to breakthrough infections and vaccination against evolving endemic viruses. Current vaccine design primarily focuses on antigen sequence and variant mutations but rarely consider the structural context in which these antigens are being recognized. In this study, we make use of the longitudinal analysis of memory B cell (MBC) responses in boosted individuals enrolled in the COVIBOOST clinical trial to provide a proof of principle that variant-specific conformational dynamics can impact MBC recruitment and protective antibody responses, independently of epitope conservation. Combining functional characterization of MBC-derived monoclonal antibodies, repertoire analysis, epitope mapping and in silico structural modeling of epitope accessibility, we found that the adjuvanted B.1.351 spike vaccine preferentially recalled MBCs targeting exposed receptor-binding domain neutralizing epitopes. This preferential recruitment arises from the more restricted conformational dynamics of the B.1.351 spike compared to the ancestral Hu-1 spike, leading to increased masking of class 4 and 5 cryptic RBD epitopes. These findings demonstrate that antigen conformational dynamics can be leveraged to redirect pre-existing immunity toward neutralizing epitopes upon boost immunization."
2026-07-20,30,10.64898/2026.07.20.739483,1,immunology,"A human monoclonal antibody from hybrid immunity exhibits exceptional neutralization breadth against antigenically divergent contemporary Omicron JN.1 lineage variants","Rathour, D.; Shrivas, S.; Kumar, N.; Prasad, C.; Singh, J.; Singh, G.; Surendranath, A.; Rathi, S.; Verma, S.; Chauhan, S.; Singh, B.; Sutar, J.; Chattopadhyay, S.; Batra, G.; Sonar, S.; Eckerle, I.; Subbissi, L.; Mohan, A.; Asthana, S.; Deshpande, S.; BHATTACHARYA, J.","Hybrid immunity offers stronger and more durable antibody-mediated protection against symptomatic SARS-CoV-2 infection. In the present study, we report the development of a durable antibody response in an individual with hybrid immunity who also received three doses of the prototype COVID-19 vaccine. Polyclonal plasma antibody obtained from this donor also showed extraordinary neutralization breadth against contemporary Omicron variants. One of the functional monoclonal antibodies (ATHS-C30) isolated from this individual, representing the IGHV4-30 lineage-specific B cell with strong binding affinity to JN.1 spike protein, showed extraordinary neutralization breadth, including variants of Omicron lineages that emerged beyond JN.1, such as KP.2, KP.3.1.1, KP.3.2, KP.3.3, LB.1 and XEC. ATHS-C30 was found to bind RBD with high affinity and showed distinct epitope specificity to the other neutralizing mAbs isolated from the same donor through the epitope binning assay. Molecular modelling of the CDHR3 sequence using existing structures indicated that ATHSC-30 belongs to the class 4 antibody, a feature that contributes to breadth, while epitope conservation analysis indicated that the majority of RBD-interacting residues of ATHSC-30 are evolutionarily conserved. Taken together, our study indicate that ATHS-C30 forms the basis of development of a robust and broadly neutralizing antibody response in this individual with hybrid immunity, which overcomes the antigenic variation by targeting highly conserved and cryptic epitopes in destabilizing the spike structure.  ImportanceSARS-CoV-2 continues to pose a significant public health threat, particularly to immunocompromised individuals and older adults with underlying comorbidities. Hybrid immunity to SARS-CoV-2 in vaccinated individuals leads to the development of B cells that are qualitatively superior to those that are expected to develop in only vaccinated individuals. In the present study, we found that among individuals with hybrid immunity who developed robust, durable antigen-specific antibody responses, one developed antibody response capable of broadly cross-neutralising contemporary Omicron variants. This was correlated with development of antigen-specific B cell lineage, such as IGHV4-30, that produced antibodies with potent and extraordinary neutralisation breadth against contemporary Omicron lineages, such as KP.2, KP.3.1.1, KP.3.2, KP.3.3, LB.1 and XEC. This is believed to be due to heterologous antigen exposures driving the development of an antigen-specific B cell repertoire that, in turn, facilitates immune imprinting capable of overcoming the ineffectiveness of antibodies to effectively neutralize newly emerging Omicron variants."
2026-07-20,30,10.64898/2026.07.19.739452,1,microbiology,"Accounting for DNA Recovery and Cell Culturability Enhances Quantitative Compatibility of Molecular and Legiolert Assays for Legionella pneumophila","Yang, J.; DiLoreto, S.; Sudarshan, A. S.; Graham, K. E.; Neal, L.; Brown, J. S.; Pieper, K. J.; Stubbins, A.; Impellitteri, C. A.; Huang, C.-H.; Pinto, A. J.","Disagreement between molecular and culture-based assays for Legionella pneumophila detection is widely reported, yet comparisons have largely been based on direct assay-derived concentrations or binary positive/negative outcomes. However, it remains unclear whether molecular-culture disagreement reflects concentration-level incompatibility or unaccounted methodological and physiological differences related to DNA recovery and cell culturability. In this study, we observed substantial disagreement between molecular and Legiolert assays in source and finished drinking water samples collected from eight full-scale drinking water systems across the United States. Molecular thresholds adjusted for DNA recovery and cell culturability only partially resolved these discrepancies. We therefore developed a probabilistic Monte Carlo framework that incorporates sample-specific DNA recovery and cell culturability to evaluate the quantitative consistency of culturable L. pneumophila concentrations estimated by molecular and Legiolert assays. Quantitatively consistent and inconsistent samples occurred across both binary concordant and discordant classifications, demonstrating that positive/negative agreement poorly reflects concentration-level comparability. Overall, molecular and Legiolert assays showed strong quantitative consistency once sample-specific DNA recovery and cell culturability were considered. A small proportion of persistent inconsistencies at specific sampling sites, coupled with atypical microbial indicators, suggest that sample heterogeneity likely contributed to the remaining discrepancies. These findings demonstrate that integrating DNA recovery and cell culturability enhanced quantitative consistency between molecular and Legiolert assays and supports the use of molecular methods as rapid quantitative tools to complement culture-based L. pneumophila monitoring."
2026-07-20,30,10.64898/2026.07.20.738443,1,microbiology,"Uncoupling mycomembrane biogenesis from mycolic acid synthesis reveals a distinct role for mycoloyltransferases in mycobacterial cell division.","de Sousa d'Auria, C.; Constantinesco-Becker, F.; Prigent, M.; Taiki, F.; BOULOGNE, C.; Leclercq, L.-D.; Rosier, L.; Bourge, M.; Costache, V.; Chami, M.; Labarre, C.; Houssin, C.; Wehenkel, A. M.; Leforestier, A.; Guerardel, y.; Bayan, N.","Bacteria of the order Mycobacteriales, including the genera Mycobacterium and Corynebacterium, possess a unique outer membrane, termed the mycomembrane, which is structurally and chemically distinct from the lipopolysaccharide-containing outer membrane of Gram-negative bacteria. A defining feature of the mycomembrane is its enrichment in mycolic acids, long-chain -branched, {beta}-hydroxylated fatty acids that occur as trehalose monomycolate (TMM), trehalose dimycolate (TDM), or are esterified to arabinogalactan, an unusual polymer that is itself covalently linked to peptidoglycan (PG). Mycoloyltransferases are Mycobacteriales-specific enzymes described to catalyze the transfer of mycolic acids from trehalose monomycolate (TMM) to various cell envelope acceptors, including trehalose and arabinogalactan. In several species, including Mycobacterium tuberculosis, these proteins are essential for viability; however, their occurrence as multiple paralogs with partially redundant functions has hindered the precise assignment of their cellular roles.  Previously, we showed that Corynebacterium glutamicum remains viable in the absence of mycolic acids, and thus without a mycomembrane, following deletion of pks, the gene required for mycolic acid biosynthesis. Building on this finding, we systematically deleted all genes encoding mycoloyltransferases in C. glutamicum to further disclose their collective function in the cell. The resulting {Delta}myts mutant lacked arabinogalactan-bound mycolates and TDM, yet continued to synthesize TMM. Despite the high abundance of this major glycolipid, the {Delta}myts strain failed to assemble a mycomembrane and displayed pronounced cell aggregation. Unexpectedly, deletion of mycoloyltransferases also caused very severe defects in cell division and morphogenesis that are not observed in a {Delta}pks strain unable to synthesize mycolic acids. Together, these results demonstrate that mycoloyltransferases are essential for mycomembrane assembly but dispensable for TMM biosynthesis, and reveal an unexpected role for these enzymes in cell division that is independent of their canonical mycolic acid transfer activity.  SIGNIFICANCEHow the mycomembrane is assembled and anchored to the cell wall remains a central question in Mycobacteriales, where this outer membrane is necessary for envelope integrity and intrinsic antibiotic resistance. By genetically separating mycolic acid synthesis from their incorporation into the outer membrane, we identify arabinogalactan-linked mycolates as the critical determinant for initiating membrane assembly. Unexpectedly, we also uncover a role for mycoloyltransferases beyond their canonical function in lipid metabolism, revealing a functional link with cell division. These findings point to a critical role of Mycoloyltransferases in the coordination between outer membrane biogenesis and bacterial cytokinesis."
2026-07-20,30,10.64898/2026.07.18.739368,1,microbiology,"Deeply-sequenced metagenomes and over 1000 draft genomes from the epipelagic to bathypelagic Northeast Pacific Ocean","Jaffe, A. L.; Salcedo, R. S. R.; Lewitton, J. J.; Dekas, A. E.","The deep ocean water column (>200 meters depth) hosts diverse and active microbial communities that play critical roles in Earths biogeochemical cycles. However, this habitat has been massively undersampled compared to shallower depths where sunlight penetrates, as well as benthic features like hydrothermal vents and seeps. In particular, few existing deep-sea datasets provide adequate spatial resolution to study the impact of physical and geochemical gradients on marine microbial communities over both horizontal and vertical spatial scales. Here, we present a deeply-sequenced, spatially-resolved set of 28 water column metagenomes from a [~]300 km horizontal transect off the coast of central California, spanning 50 to 4000 meters depth. We estimate that the deepest portion of the resulting [~]1.5 terabases of sequencing data comprises nearly 9% of all shotgun metagenomic sequencing currently available from 1000 meters depth or below. Additionally, we generate over one thousand draft genomes describing the bacteria and archaea present in our bulk metagenomic data. These genomes frequently account for the majority of reads sequenced, and show discernable patterns of abundance with depth, underscoring the presence of distinct microbial cohorts inhabiting different ocean compartments. Additionally, the depth of sequencing performed (mean of [~]51.9 gigabases per sample) enables resolution of rare community members that are, on average, more phylogenetically novel than their abundant counterparts, forming an important contribution to genomic catalogues for this habitat. We anticipate that the combined datasets will enable diverse research questions concerning the adaptation, functional potential, and distribution of deep sea microbes as well as their genes and proteins."
2026-07-20,30,10.64898/2026.07.20.739518,1,microbiology,"Biofilms promote tolerance and stability in gut bacterial communities during bile acid stress","Louro, M.; Cabral, V.; XAVIER, K. B.","Several mechanisms have been described to explain how bacterial species colonize and persist in the mammalian gut. However, biofilm formation remains underexplored as a mechanism for gut microbiota symbiont persistence. While evidence of biofilm formation by individual gut symbionts is beginning to emerge, its occurrence and relevance in multispecies gut microbiota communities remain poorly studied. Here, we established an in vitro biofilm model for the Oligo-Mouse Microbiota 12 (OMM12) consortium, a defined community of murine gut isolates, and used it to investigate community biofilm formation and responses to bile acids, host-derived detergent-like molecules released into the gut that can perturb bacterial growth and community structure. We identified distinct contributions of two OMM12 members: removal of Enterococcus faecalis strongly reduced community biofilm biomass, whereas removal of Bacteroides caecimuris had limited effect on biomass but strongly altered species associations. These results, together with monoculture assays, show that individual biofilm capacity does not directly predict community-level contribution. Although planktonic and biofilm communities had broadly similar compositions, their response to bile acid stress were markedly distinct. Planktonic cultures, while more susceptible to bile, impaired in biomass and species associations, showed resilience by recovering biomass within 24 hours upon bile stress removal. Community biofilms, in contrast, showed greater tolerance to bile acid stress and preserved or recovered more species associations. Overall, our findings support biofilms as a community-level lifestyle that can buffer defined gut microbiota communities against host-associated chemical perturbations.  ImportanceDespite decades of research, how the gut microbiota maintains diversity and persistence remains to be completely understood. Gut bacterial species must withstand harsh host-derived stresses while navigating complex interspecies interactions, many of which being highly competitive. In host-associated contexts, biofilms have largely been viewed as a detrimental trait because of their role in pathogen persistence and protection from clearance, leaving the potential contribution of commensal gut biofilms to microbiota stability underexplored. Our work establishes a simple and adaptable experimental framework to study biofilm formation in a defined multispecies gut bacterial community. We show that biofilms alter how this community responds to bile acids, host-derived molecules that can disrupt bacterial growth and community structure. Our findings support biofilm formation as a protective lifestyle that can help gut symbionts withstand bile acid stress, raising the possibility that community biofilms contribute to microbiota persistence under chemical stress encountered in the host."
2026-07-20,30,10.64898/2026.07.20.739548,1,microbiology,"Biparental vertical transmission of Aedes anphevirus, Guadeloupe mosquito virus, and verdadero virus in colonized Aedes aegypti","Dunham, T. J.; Saavedra-Rodriguez, K.; Foy, B. D.; Mayo, C. E.; Stenglein, M. D.","Aedes aegypti mosquitoes can be infected by arboviruses that can be transmitted to and cause disease in vertebrates. Ae. aegypti can also be infected by insect-specific viruses, which do not infect vertebrates, but may impact mosquito biology and vector competence. In this study we characterized the viromes of Ae. aegypti populations that had been maintained in laboratory colonies for 4 to 18 years. Mosquitoes were originally collected in Tapachula, Poza Rica and Merida, Mexico and New Orleans, USA. We used metagenomics to characterize the viruses present in the colonies, then quantified the vertical transmission efficiencies of the viruses by performing crosses between populations. The viruses infecting these colonies included Aedes anphevirus, Guadeloupe mosquito virus, and verdadero virus. These viruses were at high prevalence in infected populations, with over 75% of individual adult mosquitoes infected. All three viruses exhibited biparental vertical transmission: both infected mothers and infected fathers transmitted infection to their offspring, but in all cases maternal transmission was more efficient than paternal. We also identified evidence of possible horizontal transmission between adult mosquitoes that had cohabited during crosses. Efficient transgenerational transmission likely contributes to the ability of these viruses to persist in laboratory populations and nature. Because of their efficient vertical transmission and minimal apparent fitness costs, these viruses could be good candidates for gene delivery to mosquito populations, including for vector control.  Author summaryAedes aegypti mosquitoes are responsible for transmission of many dangerous pathogens, including dengue virus, Zika virus, and yellow fever virus. These mosquitoes also carry viruses that do not pose a threat to public health, but might influence mosquito biology. In this study, we identified viruses that persistently infected 4 long-established Ae. aegypti colonies in our insectary. These viruses were at high prevalence in these laboratory populations, and did not appear to harm infected mosquitoes. The viruses exhibited an ability to efficiently transmit from parents to offspring, both from infected mothers and infected fathers. This provided an explanation for how these mosquitoes were able to persist so successfully in laboratory populations, and by extension in nature. Given their ability to efficiently spread and minimal apparent fitness costs, these viruses represent promising candidates for use in mosquito control or other practical applications."
2026-07-20,30,10.64898/2026.07.20.739453,1,"molecular biology","NUMonomer enables accurate and scalable nucleic acid structure prediction from primary sequence alone","si, y.; zhang, s.; chen, l.","Accurate and efficient prediction of three-dimensional nucleic acid structures can accelerate functional characterization and enable downstream applications. Recent deep-learning methods have substantially improved nucleic acid structure prediction by incorporating auxiliary inputs such as multiple sequence alignments, secondary-structure annotations, and representations from pretrained language models. However, prediction accuracy remains limited, and generating these auxiliary inputs can be computationally expensive. Here we show that learning the hierarchical organization of experimentally determined structures across multiple scales, from recurring local conformations to global fold topologies, together with exploiting representations shared between RNA and single-stranded DNA, improves model generalization. Guided by these findings, we developed NUMonomer, an end-to-end deep-learning framework trained with input sequences spanning thousands of nucleotides on a joint RNA and single-stranded DNA dataset to predict nucleic acid structures directly from sequence. Despite requiring no auxiliary inputs, NUMonomer matches or outperforms leading prediction methods on benchmarks comprising CASP16 RNA targets and non-redundant sets of experimentally determined RNA and single-stranded DNA structures, with particularly pronounced improvements for longer RNAs. Its efficient and scalable architecture also reduces inference costs by approximately two orders of magnitude relative to the evaluated methods, enabling large-scale structure prediction. Together, these findings provide insight into generalization in biomolecular structure learning and establish NUMonomer as a practical framework for nucleic acid structure prediction."
2026-07-20,30,10.64898/2026.07.14.738588,1,genetics,"Toward routine health phenotyping: High-throughput prediction of metabolic, immune, and inflammatory biomarkers from milk mid-infrared spectroscopy in early-lactation dairy cows","Ho, P.; Hemsworth, J.; Reich, C.; Bath, C.; Liu, Z.; Rochfort, S.; Khansefid, M.; Tahir, S.; HaileMariam, M.; Goddard, M. E.; Marett, L.; Williams, R.; Ho, C.; Berkhout, M.; Xiang, R.; Chamberlain, A.","This study evaluated the potential of milk mid-infrared (MIR) spectroscopy, combined with routinely available on-farm variables, for predicting serum metabolic, immune, and inflammatory biomarkers in early-lactation cows. Data included 5,936 blood samples from 4,442 cows across 23 Australian dairy herds, with paired milk MIR spectra and serum measurements for up to 14 biomarkers. Prediction models were developed using partial least squares regression and evaluated using nested 10-fold random cross-validation and leave-one-herd-out validation. The results show that while basic herd-test data, including milk fat, protein, and lactose concentration, as well as on-farm variables, including DIM, calving age, breed, and herd could predict serum biomarkers, combining MIR spectra with these on-farm variables produced the best overall performance. In random cross-validation, blood urea nitrogen (BUN) was predicted most accurately (R2 = 0.78), while {beta}-hydroxybutyrate (BHB) and nonesterified fatty acids (NEFA) showed moderate accuracy (R2 = 0.56 and 0.44, respectively). BUN also showed the strongest external validation performance, with leave-one-herd-out R2 = 0.58 and comparable accuracy for predicting records collected after 70 days in milk (R2 = 0.65). BHB and NEFA had moderate leave-one-herd-out accuracy but did not transfer beyond early lactation. Most other biomarkers showed low or inconsistent external validation performance. Overall, MIR spectroscopy combined with on-farm variables shows promise for routine prediction of BUN, BHB and NEFA, which can be used for monitoring and genetic evaluation of, for example, ketosis and energy deficit. Initial random cross-validation results for glucose, bilirubin and cholesterol were promising, but more data is needed to improve the prediction accuracy and robustness of the predictions.  HighlightsO_LIMilk MIR can predict several serum biomarkers in early-lactation dairy cows. C_LIO_LIMIR-predicted blood urea nitrogen shows the greatest accuracy and robustness. C_LIO_LIMIR-predicted {beta}-hydroxybutyrate and nonesterified fatty acids show moderate accuracy. C_LIO_LIMost mineral, hepatic, and inflammatory biomarkers had limited accuracy. C_LIO_LIRoutine MIR phenotyping is most promising for BUN, BHB, and NEFA. C_LI  SummaryMilk mid-infrared (MIR) spectroscopy and on-farm variables are evaluated as a high-throughput tool to predict health-related serum biomarkers in early-lactation dairy cows. The data include 5,936 paired blood and milk samples from 4,442 cows across 23 Australian dairy herds and up to 14 serum biomarkers. Prediction models are developed using partial least squares regression with nested random cross-validation and leave-one-herd-out validation. Blood urea nitrogen (BUN) shows the greatest and most transferable prediction accuracy across herds and lactation stages. {beta}-hydroxybutyrate (BHB) and nonesterified fatty acids (NEFA) are predicted with moderate accuracy, but only during early lactation. Random cross-validation results for glucose and bilirubin are promising, but larger datasets are needed for robust external validation. Most other mineral, hepatic, and inflammatory biomarkers show limited external prediction accuracy. These results indicate that MIR-based routine health phenotyping is most promising for BUN, BHB, and NEFA."
2026-07-20,30,10.64898/2026.07.15.738623,1,genomics,"High-resolution single-molecule replication profiling of the human genome","Tourancheau, A.; Rojat, V.; Ciardo, D.; Proux, F.; Lacroix, L.; Arbona, J.-M.; Audit, B.; Hyrien, O.; Le Tallec, B.","Despite the considerable progress made in recent years thanks to the rise of long-read sequencing, high-resolution, single molecule (SM)-based replication profiling of large genomes has remained out of reach. Here, we present a replication labelling strategy consisting in repeated pulse-labelling of asynchronously growing cells with the thymidine analogue bromodeoxyuridine (BrdU) that greatly enhances the number of detectable replication tracks. We show that the  multipulse BrdU labelling protocol, in association with ForkML, a machine-learning method translating BrdU signals in nanopore reads into oriented and positioned replication forks, enables the establishment of a SM replication map of the entire human genome at kilobase resolution."
2026-07-21,30,10.64898/2026.07.19.739466,1,"molecular biology","CAFE: A Co-folding Approach for Fragment Exploration of Allosteric and Cryptic Binding Sites","Purnomo, J. C.; Sun, K.; Head-Gordon, T.","Co-folding models hold immense potential for allosteric drug discovery, but have been severely hampered by their systematic bias toward orthosteric ligand binding. While fragment screening has been proposed for allosteric binding site discovery, we show that co-folding models still suffer from memorization in which chemically simpler fragments also default to canonical orthosteric binding sites. To overcome these limitations, we introduce CAFE (Co-folding Approach for Fragment Exploration), a co-folding protocol that uses competitive orthosteric blockers to divert fragments into non-canonical sites as illustrated here with the Boltz-2 co-folding model. Using ADP as an orthosteric blocker for the kinase family, we find CAFE substantially increases the allosteric binding site exploration for fragments, with notably strong absolute binding free energies that match or exceed those of known crystallographic poses, without post-hoc refinement of the Boltz-2 prediction. We also show that CAFE identifies cryptic binding pockets undetected by conventional pocket prediction tools, some of which are more thermodynamically favorable than the allosteric or orthosteric pockets. To demonstrate generality, we apply CAFE using Type I orthosteric blockers for kinase proteins, known orthosteric ligands as blockers for non-kinase proteins in the RAS-MAPK signaling pathway, and for virtual screening campaigns using fragment libraries for new fragments that selectively engage allosteric and cryptic binding sites. CAFE establishes orthosteric blocking and fragment screening as a training-free, inference-time protocol that helps overcome some of the limitations of current co-folding models while elevating their great promise for allosteric and cryptic binding drug discovery."
2026-07-21,30,10.64898/2026.07.20.739610,1,"cell biology","Epithelial-Mesenchymal Transition Induces FAM134A-mediated ER-phagy to Regulate Procollagen Secretion","Liang, J. R.; Di Monaco, M.; Vascon, A.; Sen, O.; Peteri, M.; Saksono, G.; Soares, R.; Squires, I.; Brunner, V.; Schellhaas, C.; Ulrich, S.; Teo, J. Y.; Corn, J.","EMT is accompanied by extensive remodeling of the secretory pathway, yet how cancer cells maintain endoplasmic reticulum (ER) homeostasis during this transition remains unclear. Here we show that EMT activates ER-phagy as an adaptive mechanism to constrain secretory output. A genome-wide CRISPR activation screen unexpectedly identified EMT- and MET-associated transcription factors as opposing regulators of ER-phagy, and TGF{beta}-induced EMT robustly stimulated this pathway. Proteomic analysis revealed that ER-phagy regulates EMT-induced secretory protein degradation, including procollagens. Among FAM134 ER-phagy receptors, FAM134A uniquely mediated procollagen degradation through a non-canonical, LC3-independent mechanism. Loss of FAM134A diverted procollagen from degradation to secretion, resulting in a pro-invasive secretome, as conditioned media from FAM134A-deficient cells enhanced matrix invasion. These findings identify ER-phagy as a regulatory node that buffers EMT-associated secretory remodeling and reveal FAM134A as a context-specific suppressor of pro-invasive secretion."
2026-07-21,30,10.64898/2025.12.30.697003,2,"cell biology","Validation of diffusion and exchange imaging biomarkers via simultaneous real-time NMR and optical microscopy","Ravin, R.; Williamson, N. H.; Cai, T. X.; Gudino, N.; Basser, P. J.","Diffusion MRI can reflect features of tissue microstructure and homeostasis, but direct validation in living neural tissue remains challenging. Here we combine optical microscopy and NMR for real-time recording on viable ex vivo neural tissue during perturbations. Simultaneous high-temporal-resolution NMR and optical microscopy are used to monitor apparent diffusion coefficient (ADC), apparent exchange rate (AXR), intrinsic optical signal (IOS), and intracellular calcium in ex vivo neonatal mouse spinal cord during osmotic and ionic perturbations. We find that ADC correlates strongly with IOS, while AXR decreases with metrics related to depolarization. ADC and AXR are sensitive to distinct features of cellular swelling, supporting their complementary roles in probing tissue viability and function."
2026-07-21,30,10.64898/2026.07.20.739485,1,genetics,"snpXplorer: an interactive platform for haplotype-aware exploration and integrated annotation of GWAS data","Tesi, N.; Green, G. S.; Salazar, A.; van der Lee, S. J.; Hulsman, M.; Holstege, H.; Reinders, M.","BackgroundGenome-wide association studies (GWAS) have identified thousands of loci associated with complex traits and diseases, yet translating these signals into biological insight remains challenging. Most associated variants are non-coding and reside in linkage disequilibrium (LD) blocks, where multiple correlated variants jointly contribute to association signals. These clusters, or haplotypes, may capture shared regulatory and functional contexts. Interpreting GWAS signals thus requires approaches that integrate regulatory, functional, and cross-trait evidence, while preserving the broader haplotypic context of disease-associated loci. At the same time, the rapid growth of publicly available GWAS summary statistics has enabled large-scale cross-trait analyses, but also introduced redundancy across closely related phenotypes. Efficient interpretation of GWAS data therefore requires tools that integrate heterogeneous data sources while preserving genomic and biological contexts.  ResultsWe present snpXplorer, an interactive web platform for haplotype-aware exploration and annotation of GWAS data. The platform incorporates >10,000 GWAS datasets from OpenGWAS and enables multi-scale analysis across variants, haplotypes, genes, and traits. Key features include (i) a haplotype-based representation of association signals derived from LD structure, (ii) a unified variant annotation framework integrating clinical annotations (ClinVar), allele frequencies (gnomAD), functional predictions (CADD, AlphaGenome), quantitative trait loci (GTEx), structural variation, and GWAS associations, and (iii) cross-trait exploration using semantic similarity-based clustering of phenotypes. Use cases centered on Alzheimers disease illustrate this utility: for example, at the TMEM106B locus, snpXplorer identified a haplotype linked to eleven distinct traits, revealing synergistic pleiotropy across neurological and behavioral phenotypes alongside antagonistic pleiotropy with height.  ConclusionssnpXplorer allows users to browse, filter, and inspect variant-, haplotype-, gene- and trait-level evidence, lowering the barrier to biological interpretation of GWAS results. Compared with existing tools that focus on specific aspects of GWAS interpretation, the strength of snpXplorer is that it reduces the need for fragmented queries across databases."
2026-07-21,30,10.64898/2026.02.07.704075,2,genomics,"An Integrative Single-Cell Epigenomic Atlas Annotates the Regulatory Genome of the Adult Mouse Brain","Wang, Z.; Zu, S.; Armand, E. J.; Loe, T. H.; Rink, J. A.; Wu, W.; Xie, Y.; Chang, L.; Zhu, C.; Johnson, N. D.; Lee, J.; Willier, J. K.; Cho, S.; Cao, S.; Barcoma, A. S.; Emerson, N.; Liu, H.; Wang, K.; Saravanan, B.; Gibbs, Z. A.; Gao, X.; Xu, S.; Guo, D.; Tu, Z.; Li, Y. E.; Ecker, J. R.; Behrens, M. M.; Ren, B.","Histone modifications underpin the cell-type-specific gene regulatory programs that drive the remarkable cellular diversity of the mammalian brain. Here, we jointly profiled four histone modifications and the transcriptome in 2.5 million nuclei from the adult mouse brain. By integrating these data with chromatin accessibility, DNA methylation, and three-dimensional genome organization, we constructed a unified epigenomic atlas spanning over 100 brain cell subclasses, and assigned active, primed, and repressive chromatin states across 81% of the genome. Active chromatin states marked by combinatorial histone modifications better nominate candidate enhancers with functional support than chromatin accessibility alone, while H3K27me3- and H3K9me3-marked chromatin states delineate distinct modes of cell-type-specific gene repression. Finally, this multimodal resource enables deep learning models that predict cell-type-specific epigenomic features and gene expression from DNA sequence, providing a comprehensive framework for annotating the brain regulatory genome and interpreting non-coding disease risk variants.  HIGHLIGHTS- A single-cell epigenome atlas of transcription and four histone modifications across 2.5M mouse brain cells - Multimodal integration maps chromatin states across [~]81% of the adult mouse brain genome - Cell-type-resolved chromatin landscapes reveal regulatory programs mediated by enhancers, Polycomb and H3K9me3 - Deep learning models predict cell-type-specific epigenomic features and gene expression from DNA sequence"
2026-07-21,30,10.64898/2026.01.28.702170,2,genomics,"Genome-wide annotation and analyses of bifunctional genes in the human genome","Insan, J.; Menon, M. B.; Dhamija, S.","Conventional gene annotation pipelines classify eukaryotic genes into protein-coding and non-coding. Alternative splicing may generate non-coding transcript variants from protein-coding genes, that are expressed in tissue- or disease- specific manner. We and others have described the genes which transcribe both coding and non-coding transcripts as  bifunctional genes. Here we present a genome-wide analyses of bifunctional genes and reannotate the genes in the human genome reference assembly into coding, non-coding and bifunctional. We identify over 4000 bifunctional genes in the human genome, constituting approximately 10% of the transcribed genes, and present evidence that these genes are conserved in evolution and their number correlate well with genome size and complexity. These genes are enriched in gene sets involved in vesicular transport, autophagy, RNA/DNA binding, glycosylation and splicing. By monitoring the expression of non-coding exons in long-read sequencing datasets and by quantitative RT-PCR, we provide evidence for the expression of non-coding variants from bifunctional genes. The ncRNA transcripts from these genes might have similar or different roles from their cognate mRNA counterparts. They may act as miRNA sponges or harbour non-canonical open-reading frames that encode microproteins, while also competing for binding with RNA-binding proteins. We present evidence for establishing potential biological functions of bifunctional genes and summarise the findings in a searchable database. Further studies and functional characterization focused on this special group of genes may reveal interesting gene regulatory mechanisms relevant to physiology and pathology."
2026-07-21,30,10.64898/2026.07.20.738555,1,biochemistry,"Chemokine receptor activity is differentially regulated by membrane cholesterol","Salgado-Polo, F.; Fernandez-Gonzalez, J.; Ferrera-Mena, C.; Subedi, S.; Tiruvadi-Krishnan, S.; Rainsford, P. B.; Regmi, R.; Lamichhane, R.; Gustavsson, M.","Cholesterol is a key membrane component that regulates G protein-coupled receptor (GPCR) function, yet its molecular mechanisms remain unclear. Here, we combine chemical extraction of membrane sterols with functional signaling assays and single-molecule fluorescence resonance energy transfer (smFRET) to define how cholesterol controls activation of chemokine receptors. Reduction of membrane cholesterol in mammalian cells selectively decreased constitutive and agonist-induced signaling across CXCR1, CXCR2, CXCR4, while it activated ACKR3, and did not affect CXCR3, revealing receptor-specific dependence on membrane sterols. Mechanistically, cholesterol regulation partly required the conserved class A GPCR residue Trp4.50 and shifted agonist-bound CXCR4 toward active conformational states, providing a molecular explanation for its functional effects. In contrast, replenishment with oxidized cholesterol species failed to restore receptor activity, distinguishing cholesterol from oxysterols as modulators of receptor activation. Our findings identify cholesterol as an allosteric regulator of chemokine receptors and suggest that oxysterols may reshape inflammatory signaling by selectively modulating GPCR activity."
2026-07-21,30,10.64898/2026.07.20.739602,1,biochemistry,"Caloric Restriction Promotes Ischemia/Reperfusion Cardioprotection Through Increased Mitochondrial Na+/Ca2+ Exchange","Queiroz, M. I.; Caldeira da Silva, C. C.; Cruz, M. A.; Serna, J. D.; Bechara, L. R.; Ferreira, J. C.; Facundo, H. T.; Kowaltowski, A. J.","Caloric restriction (CR) protects against cardiac ischemia/reperfusion (I/R) injury, but the underlying mechanisms remain incompletely understood. Since mitochondrial Ca2+ overload is a major driver of cardiac damage during reperfusion, we investigated if enhanced mitochondrial Ca2+ efflux contributes toward CR-induced cardioprotection. Rats were subjected to 16 weeks of ad libitum (AL) feeding or 40% caloric restriction. CR significantly increased mitochondrial Ca2+ retention capacity when Na+ ions were present, reduced H2O2 production, and increased the expression of mitochondrial Ca2+ extrusion proteins NCLX and TMEM65. In cardiomyocytes exposed to serum from CR rats, Ca2+ retention capacity also increased markedly, as well and Ca2+ efflux. Following I/R, CR hearts exhibited improved functional recovery, accompanied by enhanced retention and increased mitochondrial Ca2+ efflux activity, as well as reduced H2O2 production compared to AL controls. Importantly, inhibition of mitochondrial Na+/Ca2+ exchange abolished the mitochondrial adaptation effects of CR, eliminating its protection against damage in cardiomyocytes and perfused hearts. These findings demonstrate that CR protects the heart from I/R injury by enhancing Na+-dependent mitochondrial Ca2+ efflux, thereby preserving mitochondrial function, limiting oxidative stress, and improving post-ischemic cardiac recovery.    O_FIG O_LINKSMALLFIG WIDTH=200 HEIGHT=86 SRC=""FIGDIR/small/739602v1_ufig1.gif"" ALT=""Figure 1""> View larger version (28K): org.highwire.dtl.DTLVardef@19bb313org.highwire.dtl.DTLVardef@109dfb0org.highwire.dtl.DTLVardef@13cd6d1org.highwire.dtl.DTLVardef@13b3a21_HPS_FORMAT_FIGEXP  M_FIG GRAPHICAL ABSTRACT  C_FIG"
2026-07-21,30,10.64898/2026.07.20.739561,1,biochemistry,"Proximity Labelling Reveals Spatial Organisation of Mitochondrial Protein Import Complexes","Wang, X.; Cavarischia-Rega, C.; Macek, B.; Jansen, R.-P.","Mitochondrial protein import and local translation at the mitochondrial outer membrane (MOM) require coordinated interactions between protein translocases and RNA-associated factors, yet the molecular organisation of these interactions remains largely unresolved. Here, we used APEX2-mediated proximity labelling to define the proximal proteomes associated with the cytosolic face of the TOM and SAM complexes by fusing APEX2 to TOMM22 and MTX2, respectively. Quantitative mass spectrometry identified known TOM/SAM-associated proteins together with multiple RNA-binding proteins (RBPs), supporting the emerging role of the MOM in localised translation and other RNA-related processes. Among identified RBPs, the exonuclease EXD2 was consistently enriched in APEX2-TOMM22 and MTX2-APEX2 datasets and remained associated upon puromycin treatment, indicating a translation-independent interaction. Together, our findings provide insights into the molecular organisation of mitochondrial import sites and identify EXD2 as a TOM/SAM-associated factor at the MOM."
2026-07-21,30,10.64898/2026.07.20.739604,1,biochemistry,"Deciphering the reciprocal regulation of the Pyk2-Src activation complex","Woudenberg, A.; Zuidema, K. M.; Palhano Zanela, T. M.; Romero Bello, K. G.; Underbakke, E. S.","Pyk2 and Src are non-receptor tyrosine kinases that assemble into a complex to promote mutual activation. The Pyk2 FERM domain mediates autoinhibition by direct interaction with the kinase. Src autoinhibition is maintained by intramolecular interactions of the SH3 and SH2 domains with internal ligands, including an inhibitory C-terminal phosphotyrosine. FERM disengagement permits Pyk2 autophosphorylation of the FERM-kinase linker to generate a scaffolding site for Src recruitment. Although Src-mediated phosphorylation of the Pyk2 activation loop is well-established, the mechanism by which complex formation activates Src remains unclear. We reconstituted defined phosphorylation and regulatory states of both kinases, combining site-directed mutagenesis with phosphosite-resolved activity profiling to dissect the reciprocal regulation. Src phosphorylates the Pyk2 activation loop via an ordered, self-primed dual phosphorylation mechanism. Although activated Pyk2 productively phosphorylates the Src activation loop, Pyk2-Src complex formation does not significantly increase activation loop phosphorylation above the rate of Src autophosphorylation alone. Conversely, autoinhibited Src strictly requires Pyk2 scaffolding engagement to productively phosphorylate Pyk2. Pyk2 therefore relieves Src autoinhibition by presenting competing scaffolding sites to disengage intramolecular SH3 and SH2 conformational constraints. The results distinguish activation loop phosphorylation from the conformational competence required for substrate phosphorylation. We propose that autophosphorylated Pyk2 functions principally as a conformational activator and scaffolding platform, opening Src for phosphatase-mediated removal of the inhibitory C-terminal phosphosite and committing both Pyk2 and Src to downstream substrate phosphorylation.    O_FIG O_LINKSMALLFIG WIDTH=200 HEIGHT=84 SRC=""FIGDIR/small/739604v1_ufig1.gif"" ALT=""Figure 1""> View larger version (23K): org.highwire.dtl.DTLVardef@1bcc694org.highwire.dtl.DTLVardef@912fd9org.highwire.dtl.DTLVardef@1dc894borg.highwire.dtl.DTLVardef@1b9c1d5_HPS_FORMAT_FIGEXP  M_FIG C_FIG"
2026-07-21,30,10.64898/2026.07.15.738733,1,immunology,"Engineering Oncolytic Measles Virus with MG53 Couples Pyroptotic Tumor Killing with Immune Microenvironment Remodeling to Enhance Checkpoint Immunotherapy in Non-small Cell Lung Cancer","Li, Z.; Hsu, C. C.; Jiang, F.; Bu, M.; Lubaba, U.; Li, S. L.; Zhao, S. L.; Lin, P.-H.; Piegols, H.; Liu, X.; Li, J.; Li, H.","Lung cancer is the leading cause of cancer-related mortality worldwide, with only approximately 30% of patients benefiting from current immune checkpoint immunotherapy. Oncolytic virotherapy offers a promising strategy to overcome this resistance; however, achieving both potent tumor cytotoxicity and robust antitumor immune activation remains a major challenge. Here, we engineered oncolytic measles virus expressing the tumor suppressor MG53 (TRIM72), designated rMeV-MG53, and evaluated its therapeutic potential against non-small cell lung cancer (NSCLC). rMeV-MG53 retained replication kinetics comparable to parental MeV while driving significantly greater cytotoxicity than an unarmed control in NSCLC cells. Mechanistically, MG53 arming amplified caspase-3-dependent apoptosis and potentiated Gasdermin E (GSDME) cleavage, engaging GSDME-mediated pyroptosis as a key tumor-killing mechanism; pharmacological inhibition confirmed caspase-dependent apoptosis as the initiating event leading to pyroptosis, while excluding necroptosis and ferroptosis as significant contributors to rMeV-MG53-induced cytotoxicity. MG53 overexpression induced an intrinsic pro-inflammatory transcriptional signature enriched for TNF, NF-{kappa}B, and IL-17 signaling, and rMeV-MG53 elicited significantly stronger type I interferon and pro-inflammatory cytokine induction than the unarmed control. In an immunocompetent, MeV-permissive syngeneic NSCLC model, intratumoral rMeV-MG53 achieved superior tumor growth inhibition, amplified caspase-3/GSDME pyroptosis, selectively upregulated Cxcl10, Ifng, and Il1b, and drove robust CD8 T-cell and Granzyme B effector infiltration. This immune remodeling was accompanied by compensatory PD-L1 upregulation, and combining rMeV-MG53 with anti-PD-L1 blockade achieved the strongest tumor suppression of all treatment groups. These findings establish MG53-armed oncolytic MeV as a strategy coupling GSDME-mediated pyroptosis with antitumor immune remodeling to sensitize immune-resistant NSCLC to checkpoint immunotherapy."
2026-07-21,30,10.64898/2026.07.15.738781,1,immunology,"Tumor-derived stearic acid induces macrophage Egr2 signaling to suppress anti-tumor immunity in breast cancer","Ning, Y.; Wu, C.; Phuyal, S.; Hu, X.; Li, H.; Mitchell, R.; Yan, J.; Ding, C.","BackgroundMacrophages in breast cancer are highly heterogeneous and targeting both tissue-resident and bone marrow-derived macrophages represents a high-potential strategy in breast cancer immunotherapy.  MethodsMyeloid-specific Egr2 knockout (KO) mice were used to determine roles of macrophage Egr2 signaling in tumor progression and anti-tumor immune responses. RNA-seq analysis and Flow cytometry were used to examine regulation of Egr2 in tumor-associated macrophages (TAMs) and fatty acid-stimulated macrophages. Tumor cell and macrophage admixture study was used to evaluate effects of fatty acid educated macrophages on anti-tumor responses.  ResultsHere we showed that early growth response 2 (Egr2) was highly expressed in mammary tissue macrophages and recruited macrophages upon tumor progression. Depletion of Egr2 in myeloid cells significantly decreased the immunosuppressive function of polarized M2-like macrophages and TAMs. Tumor progression was delayed in myeloid cell Egr2 knockout mice, which was associated with enhanced function of effector CD8+ T cells and NK cells. Mechanistically, we showed that retinol and nicotinamide metabolism in TAMs were impaired after Egr2 depletion. Further, tumor cell-derived stearic acid (SA) was identified as an important fatty acid inducing Egr2 expression. SA stimulation induced macrophage-mediated immunosuppression in an Egr2 dependent manner. Addition of oleic acid (OA) uniquely repressed SA-induced Egr2 expression and immunosuppressive activity in macrophages.  ConclusionsOur study thus uncovers a novel SA-Egr2 pathway driving macrophage immunosuppression and novel molecular mechanism of OA mediated anti-tumor effect.  WHAT IS ALREADY KNOWN ON THIS TOPICLipid-associated macrophages (LAMs) accumulate lipids and promote immune suppression, tumor growth and metastasis in breast cancers. Fatty acids play a dual, complex role in tumor immunity, acting as both pro-tumorigenic and anti-tumorigenic effects. However, molecular mechanisms underlying fatty acid modulated macrophages and their roles in tumor remain not fully elucidated.  WHAT THIS STUDY ADDSWe demonstrate that Egr2 is essential for the immunosuppressive function of IL-4 polarized M2-like macrophages and TAMs. Tumor cell-derived stearic acid (SA) was identified as an important fatty acid inducing Egr2 expression and immunosuppression in macrophages. Adding oleic acid (OA) uniquely repressed SA-induced Egr2 expression and immunosuppression.  HOW THIS STUDY MIGHT AFFECT RESEARCH, PRACTICE OR POLICYSA-Egr2 axis is a novel pathway driving macrophage immunosuppression. OA treatment enhances macrophage anti-tumor immunity via inhibiting Egr2 signaling and immunosuppression. The data supports the notion that diets enriched in OA may have potential for prevention and suppression of breast cancer."
2026-07-21,30,10.64898/2026.07.15.738715,1,immunology,"CITE-seq of murine bone marrow plasmacytoid dendritic cells and haematopoietic progenitor cells in sepsis","Korfhage, J. A.; Siakaeva, E.; Bhuyan, M. H.; Budeus, B.; Ttoouli, D.; Lautwein, T.; Flohe, S. B.; Scheu, S.","This dataset contains single-cell transcriptomic and surface protein profiles of bone marrow cells enriched for plasmacytoid dendritic cells (pDCs) and haematopoietic progenitor populations from septic and sham-operated mice. Sepsis was induced in BALB/c wild-type mice using cecal ligation and puncture (CLP) of moderate severity, with sham surgery as control. Bone marrow was collected 36 hours after surgery, depleted for selected lineage-positive cells by fluorescence-activated cell sorting, and processed using Cellular Indexing of Transcriptomes and Epitopes by Sequencing (CITE-seq). Sample demultiplexing was performed using hashtag oligonucleotides. The dataset includes gene expression matrices, antibody-derived tag counts, and barcode assignments for 13,725 cells, with a comparable distribution of sham and CLP samples across the total cell number. It may be used to study transcriptional states, surface marker expression, and phenotypic diversity of bone marrow cells in sepsis, to compare with other immunological and haematological single-cell datasets, or to train and benchmark computational tools for multimodal single-cell data analysis."
2026-07-21,30,10.64898/2026.07.15.738751,1,immunology,"Germinal center-independent memory B cells provide rapid protection from lethal influenza challenges","Cakan, E.; Nait Mohamed, F. A.; Hui, A.; Logan, E. C.; Ingram, N.; Alexander, C. A.; Smerczynski, J.; Gadiraju, C. V.; Barnes, E.; Mounier, D. A.; Walker, B. D.; Lingwood, D.; Pillai, S.","Memory B cell recall responses are crucial for rapid protection from pathogens expressing previously encountered antigens. While germinal centers (GCs) contribute to durable B cell memory in many contexts, GC formation is attenuated or completely abrogated during some severe infections. Whether GC-independent responses generate functional memory B cells that may contribute to protective immunity remains unclear. Using mice lacking GCs, we identified a durable class-switched GC-independent memory B cell population that was generated dominantly through a T-cell-dependent response. Vaccine-induced non-GC memory B cells demonstrated greater diversity and provided humoral protection from matched and diverse vaccine-unmatched influenza viral challenges. These results identify a unique, durable, diverse, GC-independent memory B cell population that can mediate rapid protection from severe infections by mutable pathogens."
2026-07-21,30,10.64898/2026.05.31.729018,2,"molecular biology","Thousandfold Expansion Microscopy","Hu, H.; Krah, D.; Ntolkeras, A.; Chanda, S.; Heimbrodt, A.; Mondal, M.; Altendorf, J.; Jing, B.; Berger, B.; Shaib, A. H.; Rizzoli, S.; Boyden, E. S.","Biological macromolecules, such as proteins, are made of concatenated building blocks. We hypothesized that individual protein residues could be imaged by anchoring their side chains to a swellable polymer, cleaving backbone amide bonds, and expanding residues away from each other to a degree that enables them to be visualized separately. We introduce thousandfold expansion microscopy (1000ExM), a four-network interpenetrating hydrogel architecture that enables successive expansion from [~]18-fold to >1000-fold (one billion-fold in volume). Protein and peptide structures are maintained across these expansion factors, as verified by analyses of proteins with known structures (nanobodies, GFP) and a well-studied peptide (mCLING). Computational analysis indicates that 1000ExM resolves adjacent amino acid residues, thereby achieving sub-nanometer precision on conventional light microscopes. We anticipate that 1000ExM will find wide utility in protein visualization and identification, potentially even in intact cells and tissues."
2026-07-21,30,10.64898/2026.07.15.738809,1,genetics,"Scalable single-cell isoform profiling with sequencing-by-expansion","Georgescu, C. H.; Al-Eryani, G.; Brookhart, A.; Chandrasekar, J.; Yaung, S. J.; Rogers-Peckham, M.; Freer, M.; Kartje, M. E.; Yu, H.; Khorgade, A.; Yang, C.; McGee, L.; Berg, K.; Cech, C.; Barrett, S.; Arryman, A.; Bartlett, D. A.; Slamin, A.; Low, S.; Dubinsky, D.; Cipicchio, M.; Hacohen, N.; Lehmann, T.; Lennon, N. J.; Popic, V.; Zhao, C.; Prindle, M.; Mannion, J.; Nabavi, M.; Haas, B. J.; Kokoris, M.; AlKhafaji, A. M.","Single-cell RNA sequencing has transformed our understanding of cellular systems, yet the reliance on short-read sequencing restricts analysis to gene-level quantification and obscures the immense biological diversity generated by alternative splicing. While long-read sequencing technologies can capture full-length RNA and resolve transcript isoforms, current platforms remain constrained by throughput and high per-base costs, rendering them impractical for modern million-cell applications. To address this critical limitation, we developed and optimized sequencing-by-expansion (SBX) chemistry for high-throughput single-cell RNA isoform profiling. Integrated within the AXELIOS 1 sequencing platform, SBX employs a unique biochemical conversion process that transforms complementary DNA into expanded surrogate high signal-to-noise polymers called Xpandomers which are sequenced via translocation through a dense nanopore array yielding over 9.5 billion reads in a two-hour run. To leverage this unique data type for long-read single-cell RNA isoform sequencing, we developed the Consensus UMI Deduplication using Longest Length (CUDLL) algorithm, which computationally consolidates variable-length raw SBX reads into single, high-fidelity consensus reads, elevating sequence accuracy to 99.83% and maximizing per transcript read length. We demonstrate that this consensus approach successfully captures the vast isoform diversity of single-cell libraries and enables the accurate measure of differential isoform expression across distinct cell types in peripheral blood mononuclear cells. Furthermore, SBX coupled with CUDLL efficiently resolves T-cell and B-cell receptor clonotypes directly from whole-transcriptome libraries without the need for VDJ-specific target enrichment. Ultimately, this work establishes SBX and the AXELIOS 1 as a transformative platform for high-scale single-cell isoform sequencing."
2026-07-21,30,10.64898/2026.07.15.735187,1,genomics,"Extracellular vesicle associated nucleic acids and proteins as a complementary fraction for fish biodiversity monitoring and physiological signal recovery","Hayatov, J.; Lu, L.; Xu, X.; Wu, Y.; Avellan Llaguno, R. D.; Ujong, A. O.; Pan, Z.; Huang, Q.","Monitoring the biodiversity and physiological condition of aquatic organisms under environmental stress is central to aquatic ecosystem management. Environmental nucleic acid methods (eDNA and eRNA) have transformed biomonitoring but face well-documented limitations, including susceptibility to degradation, difficulty distinguishing living from legacy or transported signals, and limited capacity to report organism condition. Extracellular vesicles (EVs) released from all kinds of species, are stable and widespread vesicles in environment, showing biomarker potential. Here we evaluate whether nucleic acids and proteins recovered from EVs provide a complementary capture fraction that helps address these limitations. All four targets (eDNA, eRNA, EV-DNA, EV-RNA) shared an identical 12S rRNA metabarcoding workflow and differed only in the pre-analytical capture step, filtration for bulk environmental nucleic acids versus sequential 0.22 {micro}m filtration, tangential flow filtration, and ultracentrifugation for the EV-encapsulated fraction. In a controlled aquarium, EV-DNA recovered all seven reference species (100% sensitivity) versus 85.7% for bulk methods, including a low-abundance detection of Anguilla japonica that warrants independent confirmation. In field sampling at Xinglinwan Reservoir, EV-RNA recovered 11 of 12 expected species (91.7% sensitivity) compared with 50-58% for bulk methods, including four reference taxa detected only by the EV fraction. EV-based methods also captured more even community representation, and EV-RNA showed lower human-read contamination than eDNA. Metaproteomic analysis of reservoir EVs recovered fish-derived proteins, dominated by Cyprinus carpio, including candidate stress-associated functions (chaperones, metallothioneins, oxidoreductases), independently corroborating the EV-based detection of C. carpio. Their abundance varied with seasons, suggesting their ability to respond to environmental changes. Together, these results indicate that EV-associated nucleic acids and proteins constitute an informative complementary fraction for integrated biodiversity and physiological-signal monitoring in impacted aquatic environments.  Graphical abstract  O_FIG O_LINKSMALLFIG WIDTH=200 HEIGHT=126 SRC=""FIGDIR/small/735187v1_ufig1.gif"" ALT=""Figure 1""> View larger version (40K): org.highwire.dtl.DTLVardef@1fdf29eorg.highwire.dtl.DTLVardef@1437587org.highwire.dtl.DTLVardef@1d92e36org.highwire.dtl.DTLVardef@168eb8f_HPS_FORMAT_FIGEXP  M_FIG C_FIG"
2026-07-21,30,10.64898/2026.07.15.738836,1,bioinformatics,"An automated platform for spatial functional modeling and fingerprint analysis of tissue molecular landscapes","Hajihosseini, M.; Patino-Martinez, E.; Ghosal, R.; Kaplan, M. J.; Pyne, S.","Spatial transcriptomics (ST) enables high resolution molecular profiling while preserving tissue architecture, creating new opportunities to investigate how disease-associated pathways are organized within tissues. However, existing analytical approaches largely focus on individual pathways or cell types and do not provide a unified framework for modeling spatially varying pathway interactions across tissue sections and anatomical planes. Here, we present an integrative framework, Spatial Fingerprints Analytics (SFinx), that combines reference-free deconvolution, pathway activity reconstruction, and Spatial Functional Data Analysis (SFDA) to map localized pathway activity and pathway phenotype interactions in complex tissues. Applying SFinx to10x Visium ST datasets from murine lupus nephritis, we reconstructed continuous spatial landscapes of pathway activity and disease-associated phenotypes across kidney sections. This approach identified anatomically restricted inflammatory domains characterized by coordinated activation of immune pathways and revealed substantial spatial heterogeneity in pathway crosstalk across renal compartments. Using generalized additive models with tensor-product splines, we quantified spatially varying associations between lupus nephritis and neutrophil activation pathways across tissue sections, uncovering regions with both positive and negative relationships that would be obscured by conventional bulk analyses. Multi-slice integration further demonstrated reproducible spatial interaction patterns while accounting for section-specific variability. Together, SFinx transforms mixed-spot transcriptomic measurements into interpretable spatial pathway landscapes and interaction maps, providing a general framework for identifying localized disease mechanisms. This approach reveals previously unrecognized spatial organization of inflammatory signaling in lupus nephritis and presents a broadly applicable strategy for studying spatially coordinated biological processes in autoimmune disorders, cancer, and neurodegenerative diseases."
2026-07-21,30,10.64898/2026.07.15.738570,1,bioinformatics,"Stratified Immune Profiling Uncovers Prognostic Heterogeneity Beyond MYCN Amplification and Age in Neuroblastoma","Magno, J. M.; Muzzi, J. C. D.; Resende, J. S. S.; Querne, L. B. P.; Alvarenga, L. M.; Cavalli, L. R.; Figueiredo, B. C.; Castro, M. A. A.","Neuroblastoma is the most common extracranial solid tumor in children, presenting remarkable clinical heterogeneity with survival outcomes ranging from spontaneous regression to aggressive progression. MYCN oncogene amplification and age at diagnosis are established prog-nostic factors that are typically treated as independent covariates in risk stratification, yet their joint influence on the tumor immune microenvironment remains poorly understood. Here we show that stratifying patients by both variables simultaneously reveals six reproducible immune subtypes with distinct transcriptional programs and prognostic significance. Consensus clustering of immunomodulatory gene expression profiles from 149 patients in the TARGET-NBL cohort identified subtypes whose survival trajectories differ significantly within clinical strata defined by MYCN status and age at diagnosis. A linear Support Vector Machine classifier trained on these subtypes, using immunomodulatory gene expression combined with MYCN amplification status and age at diagnosis as predictive features, achieved 97.2% accuracy and a Cohens Kappa of 0.963 under 10-fold cross-validation, and generalized to an independent cohort of 493 patients (GSE62564). Kaplan-Meier analysis revealed significant survival differences across subtypes in both cohorts (TARGET-NBL: log-rank p = 0.0018; GSE62564: log-rank p < 0.0001). Single-sample gene set enrichment analysis identified differential activation of proliferative and immune response pathways across subtypes, consistent between both cohorts. These findings suggest that integrating MYCN amplification status and age at diagnosis as joint determinants of immune organization may reveal prognostic heterogeneity that is not fully captured when these factors are considered independently."
2026-07-21,30,10.64898/2026.07.15.738784,1,"systems biology","Slow stress-load accumulation dominates BDNF-dependent gain in a ten-state computational model of stress biochemistry","Ahmad, I.","BackgroundAcute stress responses are often reversible, whereas sustained stress can produce coordinated disruption across endocrine, metabolic, inflammatory, antioxidant, and neuroplastic pathways. The Tiered Stress Biochemistry Model (TSBM) is a hypothesis-generating ten-state ordinary differential-equation framework linking a stylized cortisol signal to noradrenergic drive, vitamin C, a phenomenological aldosterone/renin-angiotensin drive, magnesium, normalized BDNF-related and Nrf2-related states, inflammation, and tryptophan-kynurenine metabolism.  MethodsFive prespecified scenarios (normal, acute, chronic, depression-like, and low-cortisol PTSD-like) were simulated for 168 hours. Analyses included local stability, output-specific sensitivity screening, structural ablation, a 400-draw Latin-hypercube scan over independent {+/-} 20% parameter ranges, uncertainty distributions for threshold-crossing times, a success-conditioned parameter-trade-off screen, and a wider scan in which hypothesized BDNF-feedback gain magnitudes varied log-uniformly from 0.1 to 10 times nominal. Parameters were classified as literature-derived, literature-constrained/model-defined, calibrated, or hypothesized.  ResultsUnder the specified forcing assumptions, sustained stress produced coordinated changes across several pathways. In the depression-like scenario, removing slow stress-load accumulation increased day-7 BDNF-related activity from 47.2% to 82.6%, reduced inflammation from 14.63 to 2.15 arbitrary units, and lowered KYN/TRP from 0.173 to 0.057. Removing BDNF-dependent gain increased BDNF only to 49.1% and delayed KYN/TRP crossing by 2.5 hours. The stricter multi-output conclusion was retained in 91% of uncertainty draws. Median crossing times retained the nominal sequence, but the complete four-event order occurred in only 43% of all draws.  ConclusionsWithin this reduced model, a shared slow stress-load process coordinates the high-exposure state, whereas BDNF-dependent feedback acts mainly as an amplifier. The model generates an experimentally testable staging hypothesis: under sustained high-exposure forcing, magnesium changes may precede later BDNF-related and KYN/TRP changes. Longitudinal studies are required to determine whether this sequence occurs biologically, whether it is reversible, and whether it has clinical relevance. The simulations are not diagnostic or treatment recommendations."
2026-07-21,30,10.64898/2026.07.01.729829,2,genomics,"Evo 2's Perception of Single Nucleotide Substitutions in the Genes of Two Plant Model Organisms","Mantegazza, O.; Bertolini, L.; Leoni, G.; Colaiacovo, M.; Petrillo, M.; Bonfini, L.; Savini, C.; Ceresa, M.; Zaoui, X.","Although DNA Large Language Models (DNA-LLMs) offer a path to decoding genetic complexity, our ability to evaluate these models is constrained by our incomplete understanding of the very same genetic syntax and functional logic that these models are trained to learn. In this study we use single nucleotide substitutions that have or have not been observed in living organisms, to evaluate how the DNA-LLM Evo 2 interprets gene sequences from two plant model organisms, Arabidopsis thaliana and Oryza sativa japonica. Using perplexity as a measure of the models confidence, we observe that alleles containing simulated substitutions are perceived, on average, as less likely than those observed in vivo. Although the size of the effect is modest, the effect is statistically significant and robust, suggesting that Evo 2 is aligned with our current understanding of evolutionary selective constraints. This approach is designed to be model-agnostic and species-agnostic and could serve as a generic framework for evaluating the performance of DNA-LLMs."
2026-07-21,30,10.64898/2026.07.20.739698,1,microbiology,"Drought-tolerant phenotypes associated with patterns of deterministic microbiome assembly across peanut genotypes","Little, Z. J.; Shantharaj, D.; Chen, C.; Potnis, N.","Plant-associated microbiomes contribute to plant health and resilience, yet the extent to which host traits shape microbiome assembly remains poorly understood despite increasing interest in leveraging them for crop performance. Here, we investigated whether drought-response phenotypes are associated with reproducible patterns of microbiome assembly across peanut genotypes under field conditions. The cultivars represented three drought-response categories: water-savers with tighter stomatal regulation, water-spenders with deeper root systems, and drought-sensitive genotypes. Bacterial and fungal communities were characterized from bulk soil, rhizosphere, and root endosphere compartments of six non-stressed peanut cultivars. Both host genotype and drought-response phenotype were associated with microbiome composition, with phenotype-associated patterns remaining detectable across multiple genetic backgrounds. Unexpectedly, the strongest phenotype-associated differences occurred in bulk soil communities, suggesting plant-mediated effects extending beyond the immediate root zone. Community differences were driven primarily by shifts in the relative abundance of existing taxa rather than turnover of distinct microbial lineages. Fungal communities responded more strongly to host phenotype than bacterial communities, with water-spender genotypes supporting greater fungal diversity and uniquely enriched taxa in the rhizosphere and endosphere. Neutral community modeling indicated stronger deterministic filtering of fungi than bacteria. Together, these findings demonstrate that drought-response phenotypes shape reproducible microbiome variation before stress exposure.  HighlightThis study investigates the potential for host phenotype-associated drivers of microbiome assembly in drought-tolerant peanut cultivars that represented different physiological mechanisms for drought tolerance."
2026-07-21,30,10.64898/2026.07.20.739709,1,microbiology,"Target-Specific Discovery of BMM_1567 Restores Aminoglycoside Activity Against Multidrug-Resistant Gram-Negative ESKAPE Pathogens","Chawla, M.; Narendrakumar, L.; Paul, D.; Kapuganti, R. S.; Kumar, S.; Das, D.; Kamboj, K.; Bakshi, S.; Priyadarshi, P.; Mahajan, D.; Asthana, S.; Das, B.","The global emergence of multidrug-resistant (MDR) ESKAPE pathogens has significantly reduced the effectiveness of existing antibiotics, highlighting the urgent need for new strategies to restore antimicrobial susceptibility. Here, we report the discovery and mechanism of BMM_1567, a peptide potentiator that enhances aminoglycoside efficacy against MDR pathogens. A genetically defined reporter-based screen identified BMM_1567 as a potent inhibitor of aminoglycoside resistance, potentiating spectinomycin activity against MDR Gram-negative ESKAPE isolates at low micromolar concentrations. Structural modeling and molecular dynamics simulations indicated that BMM_1567 interacts with residues lining the antibiotic-binding groove of aminoglycoside-modifying enzymes (ANT, APH, AAC), with highest affinity for ANT ({Delta}G_bind = -62.25 kcal/mol), suggesting competitive inhibition of substrate binding. Site-directed mutagenesis of key ANT residues identified critical amino acids involved in BMM_1567 binding, confirming their role in mediating spectinomycin potentiation. In murine abscess model using XDR E. coli, BMM_1567 in combination with spectinomycin significantly reduced bacterial burden and pro-inflammatory cytokine levels, comparable to colistin. Collectively, these findings establish BMM_1567 as a promising aminoglycoside potentiator that restores antibiotic activity against MDR pathogens through direct inhibition of resistance enzymes, while exhibiting in vivo efficacy and a remarkably low propensity for resistance development."
2026-07-21,30,10.64898/2026.07.21.739787,1,microbiology,"Hypothetical lytic transglycosylase SleB is important for cell fitness in Zymomonas mobilis","Fuchino, K.; Daniel, R.; Astraios, C.; Vollmer, W.","Bacterial peptidoglycan (PG) undergoes a variety of chemical modifications. O-acetylation at the C6 hydroxyl group of N-acetylmuramic acid is a widespread PG-modification found across diverse bacterial phyla. It contributes to virulence in pathogenic bacteria because the O-acetyl group reduces the activity of the PG-degrading host defense enzyme, lysozyme. Beyond its role in host defense evasion, recent studies suggest that PG O-acetylation also regulates the activity of endogenous lytic transglycosylase (LT) autolysins.  The ethanologenic alpha-proteobacterium Zymomonas mobilis O-acetylates its PG, which is associated with tolerance to environmental stresses, including salt. To better understand how PG O-acetylation contributes to stress tolerance, we investigated the predicted lytic transglycosylase SleB. Intriguingly, the sleB gene is located adjacent to the pat operon, which encodes the proteins responsible for PG O-acetylation. We showed that loss of SleB caused impaired growth and morphology, and a significant reduction of crosslinks in the PG of Z. mobilis. Furthermore, the sleB mutant was sensitive to environmental stress resembling the sensitivity of the patA mutant. Collectively, our findings unravelled an important role of SleB in PG remodelling and stress resilience."
2026-07-21,30,10.64898/2026.07.20.739571,1,genomics,"Directional purine pyrimidine asymmetry in CRISPR repeats facilitates spacer acquisition","Barik, S.; Sahu, P.; Ghosh, K.; Subramanian, H.","Spacer acquisition is the primary and essential step of CRISPR-Cas adaptive immunity in most prokaryotes and occurs preferentially at the leader-repeat junction of the CRISPR array. Despite the conservation of the adaptation machinery, spacer acquisition efficiencies and site-specificity vary markedly across CRISPR-Cas systems, suggesting that the local sequence architecture of the repeat and leader-repeat junction may contribute to the variation in the adaptation efficiency. To investigate this possibility, we systematically analyzed the direct repeat sequences and the terminal base pairs at the 3' end of leader regions adjacent to the integration site. We identify a conserved asymmetric purine-pyrimidine (RY) distribution within direct repeats, characterized by a 5' pyrimidine-rich half and a 3' purine-rich half, together with purine enrichment at the 3' end of leader sequences. Building on these observations, we develop a mechanistic model for spacer acquisition by demonstrating the importance of the sequence motif of the first direct repeat and the leader-repeat junction, using the sequence-dependent asymmetric cooperativity model that captures DNA unzipping kinetics. According to our model, sequences with such directional RY-asymmetric nucleotide distribution as direct repeats have high unzipping propensity and thus can promote efficient spacer integration. Consistent with this mechanism, experimental data from previous studies show that repeats with stronger asymmetry and appropriately positioned pyrimidine-to-purine transition sites are associated with larger spacer counts within CRISPR arrays. These findings reveal a conserved architectural feature of CRISPR repeats and provide a mechanistic model connecting DNA sequence organization to efficiency."
2026-07-21,30,10.64898/2026.07.21.739771,1,genomics,"Rational and computation-assisted engineering of a compact and efficient StaCas9 genome editor","Li, M.; You, W.; Tian, Y.; Liu, J.; Wang, S.; Lin, J.; Wang, Y.","Type II-A CRISPR-Cas9 nucleases are widely used for genome editing, yet their functional diversity and therapeutic potential remain incompletely explored. In this study, we systematically analyzed natural variation in PAM recognition among SaCas9 orthologs and identified StaCas9 as a compact and efficient nuclease recognizing an NNG PAM. Structural and sequence analyses revealed that S983 within the PAM-interacting domain contributes to the PAM preference of StaCas9. StaCas9 enabled efficient genome editing across multiple endogenous loci in human cells and achieved high-efficiency disruption of the therapeutically relevant PCSK9 gene, supporting its potential for gene therapy. Furthermore, guided by structural insights, we significantly enhanced the editing activity of StaCas9. Together, these results expand our understanding of PAM recognition in type II-A Cas9 nucleases and establish StaCas9 as a high-performance genome-editing tool for therapeutic applications."
2026-07-21,30,10.64898/2026.07.17.739093,1,genomics,"A highly contiguous genome assembly of Cyclamen persicum to accelerate functional genomics and breeding","Shirasawa, K.; Akita, Y.; Mizunoe, Y.; Takamura, T.","Cyclamen is an economically important ornamental plant widely cultivated for its diverse floral characteristics and adaptation to cool climates. Despite its horticultural significance, genomic resources for this species remain limited, hindering molecular studies and genomics-assisted breeding. Here, we report the first highly contiguous nuclear genome assembly of C. persicum generated using high-fidelity long-read sequencing. The assembled genome spans 1.48 Gb, consisting of 126 contigs with an N50 length of 52.3 Mb. Telomeric repeat analysis identified eight contigs containing telomeric sequences at both ends, suggesting the presence of near-complete chromosome assemblies. Genome completeness assessment using BUSCO indicated 98.1% completeness. Repetitive sequences occupied 82.9% of the assembly, with long terminal repeat retrotransposons accounting for 42.1% of the genome. A total of 40,223 protein-coding genes were predicted, with a complete BUSCO score of 95.7%. Comparative orthogroup analysis with five representative eudicot species identified 430 orthogroups specific to C. persicum and 363 orthogroups shared exclusively between C. persicum and Primula kwangtungensis, indicating the presence of both lineage-specific and Primulaceae-conserved gene families. These findings provide critical insights into gene family evolution within Primulaceae and establish an essential comparative framework for future genomic studies. The genome resource presented here provides an invaluable foundation for investigating genome evolution, gene function, and trait-associated loci in cyclamen, effectively facilitating molecular breeding and genetic improvement in this ornamental species."
2026-07-21,30,10.64898/2026.07.17.739015,1,genomics,"Evolutionary dynamics of sex chromosomes and candidate sex-determining genes across the beetle phylogeny","Fu, Y.; Sun, W.; Hansson, B.","The evolutionary dynamics of beetle sex chromosomes remain poorly understood. Using synteny analyses of 163 chromosome-level genome assemblies, we examine sex chromosome evolution across the beetle phylogeny. Beetles retain a highly conserved ancestral X chromosome region, even in superfamilies with extensive autosomal rearrangements and in species with enlarged neo-X chromosomes formed by fusions of autosomal segments. In contrast, Y chromosomes vary greatly in presence, size and gene content, driven by degeneration of ancestral regions and addition of neo-Y segments in some species. Neo-X and neo-Y chromosomes frequently occur and generally evolve independently, highlighting a flexible neo-sex chromosome dynamics. We identify putative sex-determining genes and propose a novel candidate, the highly conserved and sexually differentially expressed X-linked gene ELAV-like. Our results uncover conserved X elements, fragile Y chromosomes, and independent neo-X and neo-Y formation across 300 million years of beetle genome evolution."
2026-07-21,30,10.64898/2026.07.17.738637,1,genomics,"Title: A de novo transcriptomic atlas of early embryo development in the Arabian killifish","Akinmusola, R. Y.; Minhas, R.; O'Neill, P.; Kon-Nanjo, K.; Kon, T.; Shimada, Y.; Ramsdale, M.; Kudoh, T.","The Arabian killifish (Aphaniops dispar) is new tractable vertebrate model system for developmental, ecological and biomedical research, including drug screening, pharmacological and infection biology studies. It is a relatively small euryhaline teleost with broad thermal tolerance and adaptability across a wide range of salinities from freshwater to hypersaline habitats. The embryos and early larvae are tolerant to environmental stressors and exhibit a delayed period of nutritional independence before hatching. This advantage offers an extended window for experimenting on the early developmental processes. Here, we describe time-course gene expression profiling of Arabian killifish embryos across nine developmental time points, from the 1-cell stage to the larval pre-hatching stage. Clustering of dynamic expression profiles for 27,564 Trinity genes revealed coordinated transcriptional modules corresponding to the maternal, blastula, maternal-to-zygotic transition (MZT)-related, gastrulation, organogenesis and larval maturation stages. The maternal stage displayed a highly distinct expression profile, dominated by maternal-specific transcripts that are rapidly degraded during the MZT. The later stages, from 48 hpf onward, revealed a shift from early regulatory mechanisms to the expression of organogenesis-related genes. The ZGA stage showed the conserved up-regulation of many zinc finger-associated genes, consistent with zebrafish and other teleost genomes. Overall, embryo development in A. dispar is slower than in zebrafish, with equivalent stages occurring several hours later. We propose a delayed onset of zygotic genome activation (ZGA) in the blastula stage, corresponding to 6 hpf in the Arabian killifish. Taken together, this study provides a transcriptomic resource for mining embryo development-related genes in the Arabian killifish."
2026-07-21,30,10.64898/2026.07.16.739005,1,genomics,"Three annotated tiger beetle genomes (Coleoptera, Adephaga, Cicindelidae)","Ramirez, J.; Chou, M.-H.; Gustafson, G.","Advances and accessibility to next-generation technology provide opportunities to sequence non-model organisms. Despite this increase in whole-genome sequencing data, annotation and the production of reference genomes remain limited. Reference genomes are a critical tool for a variety of studies in evolutionary biology, functional genomics, and conservation genetics. Tiger beetles (Cicindelidae) are a diverse and globally distributed family of beetles that serve as bioindicator taxa and flagship species for insect conservation. Here, we report highly complete, contiguous, and annotated genome assemblies representing draft reference genomes for three species of tiger beetle spanning the phylogeny. These draft reference genomes are for Audouins night-stalking tiger beetle, Omus audouini; the montane giant tiger beetle, Amblycheila baroni; and the western red-bellied tiger beetle, Cicindelidia sedecimpunctata.  Article SummaryTiger beetles are a charismatic group with [~]3000 species distributed globally. Despite their popularity among insect enthusiasts and their role as bioindicators of ecosystem health, the group currently lacks a reference genome. This article outlines genome assembly and annotation for three tiger beetle species that span evolutionary relationships within the lineage. Quality control analyses show that the assemblies are reference quality and demonstrate high contiguity, completeness, and accuracy. The resulting draft genome annotations will be a valuable resource for scientific endeavors and allow for continued research on tiger beetles and their allies."
2026-07-21,30,10.64898/2026.07.16.739007,1,genomics,"Reversing aging-like 3D genome disorganization in a Drosophila interphase model","Onufriev, A. V.; Zhang, J.; Sharakhov, I. V.; Tolokh, I. S.","Recent experimental evidence suggests that aging may arise from the progressive deterioration of the epigenetic landscape, while reversing the trend can result in cell and tissue rejuvenation. A mechanistic understanding of how restoration of a key component of this landscape - the 3D structure of the genome - can be accomplished is lacking. Here we investigate lamina-dependent disruption and recovery of the 3D architecture of the Drosophila melanogaster genome at TAD resolution ([~] 100 kb), using a model of the entire nucleus; weakening of chromatin-lamina interactions mimics an aging-associated loss of chromatin organization. We characterize this loss using the Shannon entropy of appropriately normalized Hi-C contact matrices.  Our main finding is that lamina-depletion-induced increases in Hi-C map disorder, deterioration of chromosome territories, and cell-to-cell conformational heterogeneity are largely reversible when WT-like LAD-nuclear-envelope interactions are restored. The original and recovered conformational states of chromatin are nearly indistinguishable by bulk Hi-C contact matrix; the corresponding Pearson correlation coefficient is 0.999902.  The direct experimentally testable prediction is that restoration of functional LAD-lamina interactions will promote recovery of young/WT-like 3D chromatin architecture after lamina-dependent architectural disruption."
2026-07-21,30,10.64898/2026.07.16.739004,1,genomics,"Optimization of High Molecular Weight DNA Extractions from Dried, Museum-Grade Insects Enables Long-Read Sequencing, Phylogenetics, and Methylation Profiling","Hartley, G. A.; Green, R. J.; Pauloski, N.; Tillquist, N. M.; Johnston, P.; Ord, S.; O'Neill, R. J.","Developing an effective DNA extraction method that meets requirements for long-read sequencing of poorly preserved samples, such as museum specimens or ancient material, offers new opportunities for genomic analysis of endangered or extinct species for which samples are rare. However, these samples often yield degraded and highly fragmented DNA, rendering long-read sequencing infeasible for many specimens residing in museum collections. Herein, we demonstrate a protocol for successfully extracting DNA of sufficient quality for sequencing on the Oxford Nanopore Technologies long-read sequencing PromethION platform from a desiccated, museum-grade blue carpenter bee specimen (Xylocopa caerulea). We find the protocol is reproducible across specimens and yields high levels of long, endogenous X. caerulea-derived DNA, highlighting the utility of our method for enabling genomic studies of historical collections. From a single flow cell, we assembled the full-length mitochondrial genome and used this assembly to perform a phylogenetic analysis, accurately placing our X. caerulea specimen among related Xylocopa species, thus demonstrating the phylogenetic utility of long-read museomics. Using these long-read data, we analyzed native CpG methylation, finding endogenous methylation signals that correlate with genic and exonic sequences. This method expands the feasibility of genomic and epigenomic analyses from challenging samples, enhancing our ability to investigate the genomes of endangered and extinct species through archival resources."
2026-07-21,30,10.64898/2026.07.16.739003,1,genomics,"Decoding the mystery of ultra-conservation in developmental enhancers: a role for nucleosome positioning, DNA structure and transcription factor binding.","Woolfe, A.; Parker, S. C.; Almouzni, G.","Many human developmental enhancers are characterized by extreme evolutionary constraint in the vertebrate lineage and unique DNA sequence properties, the functional relevance of which is still unknown. Here, we investigate the consequences of their DNA sequence features on three potential aspects important for their function - transcription factor sequence recognition, chromatin accessibility and DNA structure. Using computational predictions in human as well as other vertebrates and invertebrates, we find that conserved non-coding elements (CNEs) are intrinsically nucleosome disfavoring at their core, but favor nucleosome occupancy at their borders driven by distinct nucleotide features conserved over large evolutionary distances. Nevertheless, using genome-wide nucleosome occupancy datasets, we find vertebrate CNEs exhibit higher nucleosome occupancy in comparison to surrounding regions in differentiated cells but a highly accessible conformation in embryonic tissues, suggesting a role for nucleosome positioning in their function. In addition, CNEs are exclusively enriched for homeobox transcription factor motifs, which are found at high density across their sequences. In particular, motifs specifically enriched at the boundary belong to the PBX-HOX, MEIS and POU transcription factor families, known to recognize specific DNA structural features. Consistent with this finding, CNE boundaries are enriched for unusual DNA structural motifs that may constitute a recognition mechanism by transcription factors that bind a narrow minor groove. The finding that extreme nucleotide conservation are likely to be driven by a combination of nucleosome and protein binding constraints provide a potential mechanistic insight into the function of early developmental enhancers."
2026-07-21,30,10.64898/2026.07.16.738997,1,genomics,"Organism-scale annotation with Pan-human Azimuth","Sarkar, S.; Li, Z.; Molla, G.; Shenoy, A.; Zhang, B.; Collins, D.; Vasilevsky, N.; Gaut, J. P.; Puig-Barbe, A.; Bueckle, A.; Osumi-Sutherland, D.; Börner, K.; Jain, S.; Satija, R.","Single-cell atlases now span many human tissues, but inconsistent annotations across studies limit their utility as a unified reference. We introduce Pan-human Azimuth, a supervised neural network that maps human cells from diverse tissues and datasets onto a single hierarchical organism-scale typology. Developed through NIH HuBMAP, the model is trained on a uniquely curated corpus designed to maximize diversity across tissues and technologies while enforcing uniform, interpretable annotations and stringent quality control. The use of a single organism-wide reference enables us to map tens of millions of cells in the Tabula Sapiens and scBaseCamp repositories, perform cross-tissue comparisons across thousands of samples, and identify striking tissue specialization among fibroblast states. Pan-human Azimuth naturally extends to annotating spatial transcriptomic data, recovering canonical kidney cortical structures and distinguishing glomerular states consistent with expert pathology. We release Pan-human Azimuth alongside cloud, R, and Python interfaces to facilitate standardized organism-wide single-cell analysis."
2026-07-21,30,10.64898/2026.07.16.739001,1,genomics,"The Dynamics of Long Terminal Repeat Proliferation in the Hesperis matronalis Genome","Rifkin, J. L.; Johnson, S. E.; Weis, A. E.; Wright, S. L.; Baucom, R.","Genome sizes vary across four orders of magnitude in flowering plants, with consequences for evolution. Much of this variation is due to differences in transposable element content, particularly in long terminal repeat (LTR) retrotransposons. Despite their importance in plant genome evolution, LTRs have long been challenging to characterize because of their repetitive nature, but recent advances in sequencing allow more detailed explorations of their behavior. They are now known to occupy distinct genomic niches, and to evolve and proliferate over time as they escape host controls. In this study, we present a new genome sequence of the largest Brassicaceae genome, Hesperis matronalis, and describe its transposable element complement and how LTRs contributed to its genome expansion. We find evidence for both early proliferation of Ty3 elements and rapid recent expansion of Ty1-copia elements. In addition, we place the H. matronalis LTRs in a broader context of LTR evolution in the Brassicaceae, showing that the dominant copia families are part of an evolutionary radiation endemic to Hesperis. Finally, we describe differences in LTR age, proximity to genes, and apparent removal rate which suggest consistent genomic niches over the lifespan of a TE family. These results shed light on how LTRs evolve dynamically with host genomes, and have contributed to the expansion of the largest genome in the Brassicaceae.  Significance StatementOrganisms differ in many ways, including the size of their genomes. Genome size, in turn, can affect many aspects of evolution, such as what kinds of mutations are available to natural selection and how effectively natural selection can act. The ""complexity"" of an organism does not predict its genome size; rather, much of this variation is explained by the amount of transposable elements, or ""jumping genes,"" that inhabit a genome. This study describes the evolutionary history of the transposable elements in dames rocket (Hesperis matronalis), which has the largest genome of any plant in the mustard family (Brassicaceae). We find that the genome inflation in Hesperis is due to transposable elements that are not found elsewhere in the Brassicaceae, and likely diversified within Hesperis. Characterizing the evolution and behavior of transposable elements in this genome offers a better understanding of the forces that determine genome size and ultimately affect the evolution of life on earth."
2026-07-21,30,10.64898/2026.07.16.738196,1,genomics,"A rhizarian genome reveals an osmotrophic route to extracellular digestion in eukaryotes","Oeztoprak, H.; Graf, J.; Jacobs, R.; Kaiser, F.; Dumack, K.","Rhizaria, one of the most species-rich and ecologically important eukaryotic supergroups, accommodates a newly discovered osmotrophic species, yet high-quality genomic resources remain scarce, limiting our understanding of their metabolic diversity and ecological functions. Here, we present the genome of Saccharomycomorpha psychra, the first rhizarian telomere-anchored assembly, to be explored as a model and reference for rhizarian ecology and evolution. The 62 Mb assembly, of which half comprises 22 telomere-to-telomere scaffolds, shows a BUSCO completeness of 94.2%, encodes 17,680 genes, and provides the genomic foundation for investigating rhizarian ecology and evolution. The genome of osmotrophic Saccharomycomorpha psychra reveals a functionally integrated secretome of 1,015 proteins dominated by carbohydrate-active enzymes (CAZymes), proteases, lipases, and oxidoreductases. Taken together with 303 predicted high-confidence membrane transporters of a total of 680, skewed toward H-coupled secondary carriers, these features constitute the genomic signature of an extracellular digestive strategy convergent with saprotrophic fungi. Phenotypic MicroArrayTM assays confirmed active utilization of 17 carbon sources, including all six C5 pentose sugars tested, consistent with the predicted arabinose and ribokinase pathways among the most highly expressed metabolic genes in the transcriptome. These findings demonstrate that osmotrophic saprotrophy has evolved independently in Rhizaria with enzymatic solutions that closely parallel those of evolutionary distant fungal decomposers, highlighting the power of ecological context over phylogenetic heritage in shaping extracellular metabolic architecture."
2026-07-21,30,10.64898/2026.07.14.738415,2,bioinformatics,"PrimeKG-Plus: a literature-derived expansion of a multimodal precision medicine knowledge graph","Nguyen, T. T. D.; Nguyen-Phuong, T.; Nguyen, Q.-H.; Abbasi, A. M.; Le Phan, H.-D.; Nguyen, L. B.-A.; Phan, N.-T.; Curabaz, N. N.; Hauser, A. S.; Tanoli, Z.; Nguyen, D. T.; Kooistra, A. J.","Biomedical knowledge evolves rapidly, yet most disease-centered knowledge graphs remain unchanged after publication. We present PrimeKG-Plus, an extension of PrimeKG that updates all 20 original data resources to releases available as of Dec 2025 and incorporates additional resources, including OpenTargets, RepurposeDrugs, and nSIDES. The graph is further expanded with relations extracted from 637 PubMed abstracts and PMC full-text articles using a large-language-model-assisted curation workflow. Extracted relations were refined through normalization, UMLS-based synonym mapping, SapBERT embedding based similarity ranking, and human expert review to ensure data quality. This literature-driven expansion focuses on rare neurological disorders, including Canavan disease, Niemann-Pick disease type C, Tay-Sachs disease and Batten disease. Network topology analyses indicate that the expanded graph improves indirect drug-disease connectivity of 3-6 hops through the graph while adding 447,288 Drug[-&gt;]Protein[-&gt;]Disease paths linking drug-disease pairs that were previously unreachable. Temporal FDA validation captured 55 new molecular entities after the June 2021 PrimeKG data cut-off as drug nodes, 46 absent from the original PrimeKG. By integrating newly incorporated and updated resources with systematically curated literature-derived associations, PrimeKG-Plus provides an up-to-date knowledge graph for network-based drug repurposing and precision medicine applications. Data and code are publicly available."
2026-07-21,30,10.64898/2026.07.17.738618,1,bioinformatics,"seqsizzle: decoding complex barcode and adapter architectures in long-read sequencing data","Wang, C.; Ritchie, M. E.; Davidson, N. M.","Visualizing and troubleshooting long-read sequencing data is a common task when analyzing novel protocols, but identifying several primer sequences from reads exceeding 2 kb with fuzzy matching is challenging for the human eye. Here, we present seqsizzle, a cross-platform terminal user interface (TUI) based tool for convenient visualization of long-read sequencing data directly from the command-line, applicable to all sequencing technologies that produce FASTQ or FASTA output. seqsizzle allows primer sequences to be matched with user-specified fuzzy matching thresholds and highlighted with configurable colors. Additional styling can be applied to distinguish mismatches and quality scores, allowing convenient quality control of long-read sequencing data. To further aid troubleshooting, seqsizzle includes a built-in k-mer enrichment analysis, enabling the detection of unknown primer sequences or unexpected artifacts, which can then be reviewed via manual inspection. seqsizzle is implemented in Rust and is available open-source from https://github.com/ChangqingW/SeqSizzle."
2026-07-21,30,10.64898/2026.07.17.739091,1,bioinformatics,"Binary node clustering via contrastive learning for haplotype phasing in de novo genome assembly","Schmitz, M.; Rauschning, L.; Kawaguchi, K.; Sikic, M.","Accurate haplotype phasing is essential for high-quality genome assembly, yet de novo phasing of complex genomes without parental data remains challenging. We formulate haplotype phasing as a node clustering problem with overlapping clusters on augmented unitig graphs, where nodes represent contiguous, non-branching DNA sequence fragments and two edge types can encode sequence overlap or Hi-C proximity information. We introduce a contrastive learning framework with a custom objective function and train a graph-transformer-based model, termed grapHiC, to phase paternal, maternal, and homozygous unitig nodes.  grapHiC; is the first machine-learning-based method to perform reference-free haplotype phasing and the first approach to directly phase raw unitig graphs without prior simplification. We show that grapHiCaccurately clusters nodes on human-genome-scale graphs and that its predictions can effectively guide phased de novo genome assembly, producing human assemblies with contiguity and phasing quality comparable to the state of the art when integrated with the DipGNNome assembler."
2026-07-21,30,10.64898/2026.07.17.739088,1,bioinformatics,"OmicsLake: Versioned, Agent-Aware Data Lineage for R/Bioconductor Workflows","Matsui, Y.","OmicsLake is an R package for version-aware, dataset-level lineage in R/Bioconductor exploratory workflows. It associates stored versions with dependencies captured within tracked ref()-dplyr-save_as() pipelines or supplied explicitly, and can attach caller-supplied human or software-agent identifiers. Controlled tests recovered all ground-truth edges within the supported path and enabled explicit recovery of an overwritten tagged intermediate. OmicsLake 0.99.3 is MIT-licensed software available at https://github.com/matsui-lab/OmicsLake (tag v0.99.3); source, tests, and evaluation files are archived at https://doi.org/10.5281/zenodo.21391428. Supplementary Material accompanies this preprint."
2026-07-21,30,10.64898/2026.07.17.738869,1,bioinformatics,"Evolutionary divergence of LRRK2 interaction domains contributes to human- and mouse-specific protein interaction networks","Ballotto, L.; Miglionico, P.; Zhao, Y.; Bubacco, L.; Raimondi, F.; Greggio, E.; Manzoni, C.","Leucine-rich repeat kinase 2 (LRRK2) is a complex multidomain protein whose catalytic and protein-protein interaction domains regulate a wide range of cellular processes. To investigate whether evolutionary divergence of these domains contributes to species-specific differences in LRRK2 biology, we combined phylogenetic, sequence, interactome and structural analyses of human and mouse LRRK2. Phylogenetic analysis revealed that the catalytic core predates the acquisition of the N-terminal and C-terminal protein-protein interaction domains during LRRK2 evolution. Accordingly, despite the high overall sequence similarity between human and mouse LRRK2, sequence divergence was not uniformly distributed across the protein but was concentrated within protein-protein interaction domains, whereas the catalytic ROC-COR- kinase core displayed markedly higher conservation. Consistent with this pattern, comparison of curated human and mouse interactomes revealed substantial differences in protein interaction networks and associated biological pathways. Structural modelling of a subset of interactors further showed that predicted interaction interfaces are enriched for residues that differ between the two species, providing a structural rationale for altered interaction specificity. Together, these findings support the view that evolutionary divergence of LRRK2 protein-protein interaction domains contributes to species-specific interactome organization. These results provide an evolutionary framework for interpreting differences between human and mouse LRRK2 and highlight the importance of considering species-specific interaction networks when translating findings from experimental models."
2026-07-21,30,10.64898/2026.07.16.739037,1,bioinformatics,"SPgen: Proteome-wide Spatial Proteomics generation using multi-modality foundation models","Li, J.; Yang, K.; Che, Q.; Zheng, D.; Wei, W.; Jin, C.; Yuan, Y.","Spatial proteomics (SP) measures the spatial distribution of proteins within tissues, providing important insights into tissue function, disease, and therapeutic response. However, current SP technologies profile only a small fraction of the proteome and are limited by cost and measurement noise. Recent AI approaches enable predicting spatial protein expression from transcriptomic or histopathological data, but are typically restricted to paired datasets covering only tens of proteins, limiting their ability to generalize beyond experimentally measured protein panels. Here we present SPgen, a multi-modal foundation-model framework for proteome-wide spatial protein prediction. SPgen integrates protein sequences, functional annotations, transcriptomic profiles, and spatial information to learn transferable representations that enable inference beyond experimentally profiled proteins. Across diverse spatial proteomics datasets, SPgen accurately reconstructs measured spatial patterns, reduces measurement noise, and enables proteome-wide spatial prediction."
2026-07-21,30,10.64898/2026.07.16.739040,1,bioinformatics,"Representative vs. Load-bearing Layers: A Dissociation in Genomic Foundation Models","Cho, Y.; Kim, M. S.; Kim, S.","Downstream use of genomic foundation models follows one of three conventions: aggregating representations across all layers (Pearce et al., 2026), defaulting to the last hidden state as a fixed feature extractor (Dalla-Torre et al., 2024), or picking a single intermediate layer via mechanistic-interpretability tooling (Brixi et al., 2026). None of these examines which layer a joint classifier actually relies on. We probe this question with a minimal training-free scalar, ||{Delta}h{ell}||2, defined as the L2 norm of the per-layer hidden-state shift at the variant token. We evaluate it on 8,008 ClinVar (Landrum et al., 2018) single-nucleotide variants in NT-v2 500M (Dalla-Torre et al., 2024), a masked language model (MLM), and Evo 2 7B (Brixi et al., 2026), a causal language model (CLM) with a hyena/attention hybrid. In both models the layer with peak single-feature AUROC (the representative layer) is not the layer a joint multi-layer classifier most depends on (the load-bearing layer, identified by leave-one-layer-out ablation drop and concordant with |SHAP| (Lundberg & Lee, 2017)). Representative layers sit mid-network in both models, whereas load-bearing depth lies at opposite ends of the depth axis: mid-shallow in the MLM, and deep in the CLM hybrid. The dissociation has direct downstream consequences. In NT-v2, a 1-dimensional mid-layer scalar exceeds the canonical 1024-dimensional last-layer mean-pool base-line by +0.049 AUROC. In Evo 2, the 4096-dimensional mean-pool is competitive with the joint ||{Delta}h{ell}||2 feature, so standard last-layer pooling leaves variant-relevant signal untapped specifically in MLM-based pipelines."
2026-07-22,30,10.64898/2026.07.21.739762,1,"molecular biology","Replication-coupled search positions MutH for strand incision in DNA mismatch repair","Moores, A. N.; Banaz, N.; Makamure, T.; Uphoff, S.","DNA mismatch repair (MMR) safeguards genome stability by correcting replication errors, yet how its components coordinate as an efficient pathway in living cells remains unclear. In Escherichia coli, MutS and MutL detect mismatches and must rapidly activate MutH to incise the nascent DNA strand at distantly located GATC sites. Here, we used live-cell single-molecule tracking to resolve the target-search dynamics of MMR proteins in vivo. We find that MutH binds DNA at hemimethylated GATC sites independently of mismatch recognition and without MutS or MutL. The autonomous recruitment of MutH is facilitated by a switch from fast diffusion to a slow-search mode near DNA replication forks. This guidance allows MutH to transiently occupy potential incision sites in the wake of replication forks, awaiting activation by MutS-MutL. The parallelised search mechanism of MMR proteins facilitates rapid and targeted repair of replication errors in cells."
2026-07-22,30,10.64898/2026.07.20.739671,1,"molecular biology","Activity and specificity trade-offs in adenine base editors","Lukarska, M.; Oltrogge, L. M.; Nisonoff, H.; Long, Y.; Terrace, C. I.; Busia, A.; Aquino, C.; Kim, S. E.; Listgarten, J.; Savage, D. F.","Adenine base editors (ABEs) are CRISPR effectors that introduce A-T to G-C transitions in the genome using a nucleotide deaminase fused to a Cas protein. ABEs have been evolved to have very high editing efficiency, but off-target editing effects compromise their precision and hinder their applications. Here we explore the activity and specificity relationship of ABEs using a combination of machine learning-guided design and high-throughput screening. We designed a diverse library of 12,000 variants and built quantitative bacterial selection systems that allowed us to simultaneously measure their on-target and off-target editing. We found that the ABEs were fully described by the single dimension of intrinsic deaminase activity with no evidence for independent specialization with respect to local sequence context, editing window width, RNA editing, or genotoxicity. These results were supported by in vitro studies and consistent with editing experiments in mammalian cells. Finally, the activity and specificity trade-offs were recapitulated among previously reported engineered variants and a selection of library variants spanning the activity spectrum. Our results suggest that fundamental architectural improvements will be necessary to transcend the activity and specificity limitations for the next generation of ABEs."
2026-07-22,30,10.64898/2026.07.20.739428,1,"cell biology","Nuclear envelope-dependent heterochromatin positioning gates the timing of nucleolar assembly in the early embryo","Ding, X.; Wang, G.; Elnatan, D.; Laurence, M.; Zdanovskis, S.; Couture, M.; Weber, S. C.; Starr, D.; Luxton, G. G.","The nucleolus is the largest nuclear condensate, yet how its assembly is developmentally timed remains poorly understood. In the Caenorhabditis elegans embryo, nucleoli normally appear at the 6- to 8-cell stage. Here we show that the LINC complex and nuclear lamina restrain premature nucleolar assembly through heterochromatin organization. Depletion of the embryonic LINC complex proteins SUN-1 or ZYG-12 induces precocious FIB-1-positive nucleoli at the 4-cell stage, particularly in the EMS and P2 blastomeres. LMN-1 depletion produces a more severe phenotype combining premature assembly with impaired disassembly. Loss of the heterochromatin anchor CEC-4 alone has modest effects but strongly suppresses precocious nucleolar assembly caused by LINC complex depletion. LINC complex and lamin perturbations alter the heterogeneity of HPL-2-marked chromatin, and FIB-1 condensates occupy locally HPL-2-depleted regions. These findings identify nuclear envelope-dependent heterochromatin organization as a developmental gate for nucleolar condensate assembly."
2026-07-22,30,10.64898/2026.07.20.739659,1,genomics,"Persistent, Multi-Species Outbreaks and Long-Range Transmissions of a Measles-Like Virus","Nova, N.; Solari, K. A.; Beckmen, K. B.; Gilbert, M.; Brandell, E. E.; Palacios, J. A.; Hadly, E. A.; Mordecai, E. A.; Petrov, D. A.","Canine distemper--a measles-like disease with high mortality and presently without a cure--poses a major threat to wild and domestic carnivores globally. Domestic dogs are generally considered to be the main reservoir and long-range transmitter of the disease, but the role of wildlife is likely underestimated and the long-term persistence of CDV in wildlife has never been assessed. We sequenced canine distemper virus (CDV) full and partial genomes that were sampled over a decade (2012-2021) from Arctic foxes and other canids in Alaska and Yellowstone, and compiled a dataset of all published CDV genomes sampled across 32 species globally. We show the first ever evidence of persistence of CDV in wildlife (for almost a decade) with explosive transmission dynamics crossing host species barriers. Strains sampled from the Arctic for the first time connect North America to Eurasia, and are distinct from the Yellowstone strain and other known North American lineages. This suggests that separate wildlife outbreaks occur concurrently in North America, with possible introductions from Eurasia. The long-term persistence, long-range movement and explosive spread of this devastating panzootic virus that we document within wildlife is alarming and highlights the need for increased monitoring efforts to better protect wildlife populations globally."
2026-07-22,30,10.64898/2026.07.17.739161,1,genomics,"Comparative genomic and transcriptomic analyses of Strongylus vulgaris reveal developmental and evolutionary deployment of parasitism in a migratory equine nematode","Ripley, N. E.; Ripley, B.; Li, K.; Hudson, E. E.; Howe, D. K.; Kalbfleisch, T.; Smith, M.; Nielsen, M. K.","BackgroundStrongylus vulgaris is a highly pathogenic equine strongyle whose larval stages migrate through the mesenteric arterial system, yet the molecular basis of its development, host association, and evolutionary biology remains poorly resolved. We generated an integrated genomic and transcriptomic resource to characterize genome structure, gene annotation, stage-associated expression, candidate secreted proteins, isoform diversity, gene-family evolution, putative horizontal gene transfer, and drug resistance-associated homologs in S. vulgaris.  ResultsPacBio HiFi sequencing produced a 329.0 Mb genome assembly comprising 3,913 contigs, with a contig N50 of 147 kb and 94.8% BUSCO completeness, substantially improving the prior fragmented draft. Repeat annotation identified 127.5 Mb of repetitive sequence, representing 38.72% of the genome and dominated by unclassified repeats. Integration of RNA-seq-guided annotation with PacBio Iso-Seq evidence refined 16,387 loci and 24,546 transcripts, generating an isoform-retaining discovery proteome of 23,363 predicted proteins. Functional annotation supported 93.5% of predicted proteins and identified 1,530 unknown or weakly annotated candidates. Consensus secretome prediction identified 2,210 high-confidence putative secreted proteins. Stage-associated transcriptomics showed that development was the dominant axis of expression variation, with 5,299 genes differentially expressed between larvae and adults and strong adult sex-associated divergence. Isoform analysis identified 490 high-confidence isoform switches, concentrated primarily in the ML5 female-to-adult female transition. Comparative genomics identified 27,641 orthogroups, 201 S. vulgaris-specific orthogroups, and, after repeat-aware filtering, 48 expanded and 250 contracted gene families. Structure-guided annotation prioritized migratory-stage-enriched secreted candidates, including Cysteine-rich secretory proteins, Antigen 5, and Pathogenesis-related 1 (CAP), Sperm-coating protein (SCP) Tpx-1/Ag5/PR-1/Sc7 protein superfamily (TAPS) -like, von Willebrand factor type A (VWA) - domain, lipid-binding-like, DNase II-like, and peptidase-like proteins. Conservative screening retained 17 putative horizontal gene transfer (HGT) candidates, and drug resistance-homolog analysis recovered 18 nonredundant S. vulgaris homologs without canonical {beta}-tubulin benzimidazole-resistance substitutions.  ConclusionsThese results establish the first integrated, high-quality molecular framework for S. vulgaris and show that its parasitic biology is developmentally structured, isoform-rich, and shaped by both conserved strongylid features and lineage-specific gene-family change. This resource provides a foundation for future studies of interhost migration, host interaction, parasite evolution, and genomic surveillance."
2026-07-22,30,10.64898/2026.07.20.739675,1,biochemistry,"Reprogramming protein interfaces between adenylation and carrier protein domains in nonribosomal peptide synthetases","Ishikawa, F.; Arata, I.; Uehara, T.; Kinoshita, K.; Nakanishi, Y.; Sone, K.; Kashima, T.; Kudo, F.; Eguchi, T.; Tarada, T.; Fushinobu, S.; Tanabe, G.; Miyanaga, A.","Nonribosomal peptide synthetases (NRPSs) assemble structurally diverse bioactive natural products through selective communication between adenylation (A) and carrier protein (CP) domains. Although rational rewiring of these protein-protein interactions could enable customized NRPS design, this remains challenging due to the dynamic nature of protein interfaces. Here we show that structure-guided interface reprogramming enables productive non-cognate A- CP pairings across enterobactin, vibriobactin, pyochelin, and vicenistatin biosynthetic systems. Engineered interactions between the A domains EntE, VibE, or PchD and the non-cognate CPs VinL or EntB were validated by biochemical, kinetic, and structural analyses. Reconstituted pathways containing engineered VibE, EntB, and EntF restored enterobactin production and increased yield to 2.2-fold that of the native EntE-EntB-EntF system. Interface-engineered PchD also enhanced production of a non-native salicylic acid-norspermidine conjugate. An X-ray structure and molecular dynamics simulations of an engineered non-cognate A-CP complex reveal recognition principles for programmable NRPS interface design."
2026-07-22,30,10.64898/2026.07.20.739674,1,biochemistry,"Cyclic-Phe-Pro Binds the ToxRS Interface to Promote Signal Transduction in Vibrio vulnificus","Kim, T.-Y.; Ahn, W.-C.; Kim, J.-A.; Lee, K.-W.; Kim, S.; Park, K.-H.; Woo, E.-J.; Kim, K.-S.","In Vibrio vulnificus, the quorum-sensing signal cyclo-(L-phenylalanine-L-proline) (cFP) binds the membrane receptor ToxRS to activate genes linked to oxidative-stress resistance and virulence. ToxR is a transmembrane transcription factor that pairs with ToxS to sense periplasmic signals, yet how V. vulnificus ToxRS recognizes cFP has remained undefined. AI-guided structure prediction revealed preferential ToxR/S heterodimer formation and a fold conserved with the V. cholerae crystal structure. Molecular docking placed cFP in a hydrophobic pocket at the ToxR-ToxS interface, where Phe279 stacked with its phenyl ring and Arg277 hydrogen-bonded its carbonyl oxygen. Introducing R277L and F279A substitutions lowered basal leuO expression and abolished cFP-dependent induction in a lacZ fusion assay. ChIP showed that cFP enhanced wild-type ToxR binding to the leuO promoter, whereas the mutant bound weakly and did not respond. Thus cFP bridges ToxR and ToxS to stabilize the heterodimer, facilitating ToxR recruitment to promoters and transcriptional activation in V. vulnificus."
2026-07-22,30,10.64898/2026.07.21.739776,1,biochemistry,"A domain-swapped proPC1/3 structure reveals a conformational checkpoint for ER export","Kumar, P.; Hyon, P. A.; Nixon, R.; Bullington, A. V.; Payne, C. A.; Lindberg, I.; Kober, D. L.","Prohormone convertase 1/3 (PC1/3, encoded by PCSK1) is a serine protease expressed in neuroendocrine cells that is required to produce insulin, glucagon-like peptide-1, adrenocorticotrophic hormone, and other peptide hormones. PC1/3 is synthesized as the zymogen proPC1/3, which undergoes autocatalytic maturation in the endoplasmic reticulum (ER) before trafficking to secretory granules. However, how autocatalytic maturation licenses the ER exit of PC1/3 remains unknown. Here, we determined the structure of an immature, catalytically inactive human proPC1/3S382A, which exits the ER as a domain-swapped homodimer. This domain-swapped conformation allows proPC1/3S382A to complete a conserved calcium pocket normally formed after autocatalysis and thereby become competent for ER exit. By defining this calcium pocket as a conformational checkpoint for ER export, our findings provide insights into the maturation of PC1/3 which may apply broadly to the PCSK family. Finally, our structure provides explanations for the functional consequences of many deleterious PCSK1 mutations."
2026-07-22,30,10.64898/2026.07.21.737377,1,bioengineering,"Post-loading ribonucleic acid into lipid nanoparticle carriers","Bizmark, N.; Amelemah, D. F.; Nayagam, S.; Subraveti, S. N.; Kim, B.; Salvati Manni, L.; Wood, K.; Yepuri, N. R.; Moir, M.; Cagnes, M.; Zang, N.; Warr, G. G.; Prudhomme, R. K.","Lipid nanoparticles (LNPs) are effective carriers for messenger ribonucleic acid (mRNA) delivery in vaccines; however, their reliance on extreme cold-chain storage limits global manufacturing and distribution. Conventional LNPs are formed by rapidly mixing four lipids with mRNA through electrostatic interactions between cationic ionizable lipids and negatively charged nucleic acids, facilitating nucleation and precipitation of mRNA-loaded LNPs. However, this binding also accelerates mRNA degradation, requiring stringent cold storage which limits widespread vaccine deployment. To overcome this limitation, we introduce a post-loading strategy in which empty LNPs (eLNPs) are first fabricated and RNA is subsequently loaded at a later stage. Using scalable confined impinging jet (CIJ) mixers, we optimized pH, buffer composition, lipid concentration, and ethanol content to produce colloidally stable eLNPs. Controlled adjustment of ethanol content and pH enabled efficient incorporation of four distinct RNA payloads while maintaining loaded LNP diameters below 100 nm. Post-loaded LNPs demonstrated mRNA delivery efficiencies in HeLa cells comparable to those of conventionally co-precipitated LNPs. Consistent size distributions and zeta potentials further confirmed comparable surface properties. Structural characterization by x-ray and neutron scattering revealed similar internal architectures for post-loaded and co-precipitated LNPs without compromising RNA loading efficiency. Together, these results demonstrate equivalent cellular delivery performance between the two formulations. This post-loading approach enables decentralized assembly of mRNA LNPs at the point of administration, with both eLNPs and mRNA stored under mild refrigeration, thereby improving vaccine accessibility. Moreover, eLNPs function as modular laboratory reagents, facilitating the translation of mRNA research toward clinical applications."
2026-07-22,30,10.64898/2026.07.21.739700,1,bioengineering,"Polyvinylpyrrolidone enhances AAV transduction in vitro and shows preliminary utility for subretinal delivery","Gogoleva, N.; Tran, T.-H.; Oki, M.; Fukuda, S.; Shahri, Z. J.; Kumaga, E.; Takahashi, S.; Hamada, M.","Adeno-associated virus (AAV) vectors are widely used for gene delivery, but inefficient transduction can require high vector doses. We tested whether unmodified linear polyvinylpyrrolidone (PVP), a pharmaceutical excipient, can improve AAV formulation without chemical modification of the vector or polymer. PVP10, PVP40, and PVP360 were evaluated in vitro across HEK293, HeLa, MEF, and CHO cells; selected formulations were tested after intravenous delivery, and 3% PVP40 was tested by subretinal delivery. In vitro, 1-3% PVP increased AAV8- and AAV9-mediated GFP expression across multiple cell lines. PVP360 showed broad activity in the initial cross-cell assay, whereas the HEK293 molecular-weight screen identified PVP40 and PVP360 as the most active formulations. The substantial fold increase observed in CHO cells largely reflected the low baseline transduction of the control group. MTT absorbance declined with concentrated PVP360, whereas PVP40 retained transduction-enhancing activity and was selected for local testing. In the HeLa AAV-DJ assay, the response pattern differed between MOI 1,000 and MOI 100; the largest observed increases in GFP-positive area occurred with 1.5% PVP10 and 1.5% PVP360 at MOI 100. Intravenous AAV9 delivery with PVP did not consistently increase ex vivo organ reporter signal. By contrast, subretinal delivery of AAV-PHP.eB with 3% PVP40 produced a 1.79- fold larger mean DsRed-positive area per retinal section, averaged within each eye (Welchs t-test p = 0.063; Bayesian Pr[{Delta} > 0] = 0.952). These findings support further evaluation of PVP40 for local subretinal AAV delivery."
2026-07-22,30,10.64898/2026.07.20.736912,1,bioengineering,"The Role of Secondary Chordae Tendineae in Mitral Valve Mechanics: A Benchtop Study","Karl, R.; Recco, D. P.; Kizilski, S.; Tharwat Abdelmoneim, I.; Kneier, N.; Hon, K.; Bergt, C. S.; del Nido, P. J.; Hoganson, D.; Engelhardt, S.; Hammer, P.","PurposeSecondary chordae tendineae (CT) are frequently disregarded during mitral valve (MV) repair. However, their contribution to MV biomechanics remains poorly understood. We hypothesized that secondary CT play an important role in maintaining leaflet geometry during valve closure.  MethodsEleven explanted porcine MVs were micro-CT scanned in a systolic configuration under three conditions: (1) physiological baseline with all secondary CT intact, (2) transection of the A2 strut CT, and (3) transection of all secondary CT. Billowing height (BH), coaptation height (CH) along the parasternal long-axis view, and coaptation area (CA) were quantified and compared between conditions. An increase in BH[&ge;] 2 mm from baseline was defined as pathological.  ResultsTransection of the A2 strut CT increased BH by 3.1 mm, exceeding the pathological billowing threshold by 1.1 mm (padj = 0.003). CH decreased by 0.6 mm (padj = 0.003), whereas CA showed no significant change compared with baseline. Subsequent transection of all secondary CT further increased BH to 4.8 mm relative to baseline, corresponding to 2.8 mm above the billowing threshold (padj = 0.003). CH did not differ significantly, while CA decreased by 0.35 cm2 compared with baseline (padj = 0.029). All values represent medians.  ConclusionSecondary CT play a critical role in stabilizing MV leaflet geometry. Their transection resulted in increased leaflet billowing and reduced coaptation metrics associated with unfavorable MV repair outcomes. Preservation or reconstruction of secondary CT may therefore be an important consideration in MV repair strategies."
2026-07-22,30,10.64898/2026.07.21.739741,1,bioengineering,"Tunable Laminar Perfusion Coordinates Endothelial and Perivascular Remodeling in Angiogenic Vasculature-on-Chip","Nawara, T. J.; Meier, K.; Kuom, J.; Hollfinger, I.; Kraxner, J.; Koch, K. S.; Hastermann, M.; Jablonicka, L.; Vinet Barancourt, L.; Schwarzkopf, J. B.; Gerhardt, H.","Perfusable vascular microphysiological systems are increasingly used to model angiogenesis, tissue crosstalk, and disease. However, many platforms still rely on oscillatory, discontinuous, or poorly controlled perfusion regimes, limiting the study of sustained flow-dependent vascular remodeling. Here, we establish a tunable, unidirectional laminar flow workflow for long-term perfusion of angiogenic vasculature-on-chip cultures and use it to investigate endothelial, perivascular, and immune cell responses to sustained flow. Using an AIM Biotech microfluidic platform containing 14-day-old human umbilical vein endothelial cell-derived angiogenic sprouts and pericytes, continuous perfusion enabled intraluminal transport of 1 m tracer beads through vessels, demonstrating stable flow across the vascular bed. Sustained laminar flow induced endothelial remodeling at both the mother vessel and sprout levels, with cellular alignment evident in both compartments. Quantitative analysis of the mother vessel further revealed Golgi polarization against the direction of flow. Sustained perfusion also increased pericyte recruitment to angiogenic sprouts and reduced endothelial proliferation within the mother vessel, consistent with flow-driven vascular maturation and quiescence. Live-cell imaging further captured directional endothelial migration against the flow, lumen remodeling, and dynamic pericyte behavior under continuous perfusion. In immune-cell assays performed under continuous-flow conditions, interactions with untreated endothelium were limited, whereas inflammatory activation increased immune-cell adhesion and crawling. These observations suggest that sustained flow supports a quiescent endothelial phenotype and demonstrate the suitability of the platform for studying inflammatory activation and immune-vascular communication under controlled hemodynamic conditions. Beyond its biological relevance, the workflow provides practical advantages for live-cell imaging, low medium consumption, and downstream perturbation studies. Moreover, the modular design of the platform makes it well suited for vascular-organ crosstalk applications. Collectively, these results establish laminar flow angiogenic vasculature-on-chip as an experimentally tractable model for studying vascular mechanobiology, vascular maturation, and dynamic cell interactions under defined hemodynamic conditions."
2026-07-22,30,10.64898/2026.07.20.738792,1,bioengineering,"On-demand, reversible blood-brain barrier opening via electrical activation of piezoelectric nanoparticles for targeted brain drug delivery","Roy, S.; Siwakoti, U.; Alday, D.; Astete, C.; McElveen, E.; Sigdel, A.; Del Piero, F.; Sabliov, C.; Castagnola, E.; Cai, Q.","Delivering therapeutics to the brain remains one of the most persistent challenges in medicine, because the blood-brain barrier (BBB) excludes over 98% of small-molecule drugs and virtually all biologics from the central nervous system (CNS). We developed electrical BBB modulation (eBBB), an on-demand platform combining vascular-targeting poly-L-lactic acid nanoparticles with high-definition transcranial direct current stimulation to achieve spatially and temporally controlled BBB opening. eBBB produced localized, reversible increases in BBB permeability confined to the stimulated cortex, with the opening area tunable via electrode geometry. This transient window enhanced regional delivery of a small-molecule drug, full-length immunoglobulins, and adeno-associated viral vectors, which are cargo classes otherwise completely excluded by the intact BBB. Neurovascular unit architecture was preserved with no lasting histological damage. Integrating a biodegradable nanomaterial with a clinically evaluated stimulation technology, eBBB offers a programmable, minimally invasive strategy for regional CNS drug delivery across brain malignancies and neurological disorders.  One sentence summaryElectrical activation of piezoelectric nanoparticles reversibly opens the blood-brain barrier for minimally invasive drug delivery to targeted cortical regions."
2026-07-22,30,10.64898/2026.02.09.704847,2,biophysics,"Developing a fluorescent derivative of GagPol as a tool for live-cell imaging of HIV-1 assembly","Gialdini, I.; Rat, V.; Anders-Oesswein, M.; Mueller, B.; Lamb, D. C.","The HIV-1 assembly process is driven by the structural polyprotein Gag, which forms small cytosolic oligomers that traffic to the plasma membrane. While Gag alone is sufficient to drive particle formation, the incorporation of GagPol, a polyprotein comprising Gag and viral enzymes, is essential for productive infection. Maintenance of the proper Gag:GagPol ratio is crucial for virion infectivity. Yet, the mechanisms regulating their cytosolic interactions remain incompletely understood, in part because most studies rely on ensemble biochemical assays that hide cell-to-cell heterogeneity and lack spatial and temporal resolution. To overcome these limitations and investigate the dynamics of GagPol at the molecule level, we systematically tested different approaches to fluorescently label it. We successfully produced two functional fluorescent GagPol variants: one single-labeled GagPol, and a second double-labeled variant with a fluorescent protein added within Gag, that allows concurrent visualization of Gag and GagPol. These labeled versions, in combination with the use of raster image (cross-) correlation spectroscopy, enabled the quantification of Gag and GagPol relative concentrations and intermolecular interactions at the single-cell level. Overall, these variants set the stage for in-depth investigations of GagPol during HIV assembly providing insights into cytoplasmic trafficking, particle assembly, and the kinetics of these processes.  ImportanceThe participation of Gag and GagPol in HIV-1 assembly is central to the generation of infectious virions. While the structural role of Gag and the enzymatic functions of GagPol are well described, little is known regarding the mechanisms underlying their cytosolic interactions, spatial organization, and relative incorporation into assembling particles. Here, we successfully developed two stable fluorescently labeled variants of GagPol; a single labeled variant with a label in the Pol domain and double-labeled construct in which the Gag domain is also tagged. Using these constructs, we can quantitatively investigate Gag and GagPol interactions on the single-cell level. Hence, they provide a framework for a comprehensive study of the oligomerization properties and trafficking of these polyproteins at different stages of HIV-1 assembly, including membrane recruitment and incorporation into nascent virions."
2026-07-22,30,10.64898/2026.07.17.739193,1,genomics,"Within- and between-host dynamics of highly pathogenic avian influenza in domestic birds from Pennsylvania farms and live bird markets","Jaeger, A. S.; Cruz-Adames, E.; Shank, S. D.; Chupikova, I.; Kumta, K.; Anis, E.; Moncla, L. H.","Since late 2021, highly pathogenic avian influenza viruses (HPAI) of the H5 subtype clade 2.3.4.4b have spread across the Americas, devastating wildlife, agricultural animals, and resulting in dozens of human spillovers. National surveillance strategies generally provide only a single representative sequence per poultry outbreak, precluding fine-scale geographic transmission inference or studies of within-outbreak evolution. We produced high-quality deep sequence data from 46 infected Galliformes and Anseriformes sampled from commercial farm and live bird market (LBM) outbreaks in Pennsylvania from 2023-2025. We found that H5N1 viruses were introduced into Pennsylvania at least 68 independent times. We recover independent origins of live bird market outbreaks within the same county 3 weeks apart, and transmission between Pennsylvania LBM and New York commercial birds, suggesting high transmission risk within the Northeast live bird market distribution system. Analyses of within-farm variant populations show frequent variant sharing between samples from the same outbreak, suggesting that variants are propagated among epidemiologically linked infections. We identified 9 known adaptive mutations in these samples, including one instance of PB2 D701N in a LBM chicken sample, suggesting that while rare, concerning mammalian adaptive mutations can be present within these domestic outbreaks. Our data suggest that domestic bird outbreaks support high circulating diversity and wide transmission bottlenecks, increasing the risk of minority variants arising and propagating between infections. These data can help inform targeted biosecurity measures and better quantify the risk of viral adaptation during agricultural outbreaks."
2026-07-22,30,10.64898/2026.07.21.739937,1,biochemistry,"MSTO1 functions as a TRiC assembly factor linking cytosolic proteostasis to mitochondrial function","Bounds, A. M.; Higuchi, C.; Hoppins, S.","Bi-allelic mutations in MSTO1 are linked to clinical disease phenotypes characteristic of mitochondrial dysfunction, including ataxia and muscular dystrophy. Consistent with this, MSTO1 patient-derived fibroblasts have fragmented mitochondria and a striking loss of mtDNA. Although MSTO1 has been implicated in regulating mitochondrial fusion, the molecular function of this cytosolic protein in vertebrate cells remains unclear. Using the auxin-inducible degradation (AID) system we demonstrate that MSTO1-FLAG-AID protein is rapidly depleted to almost undetectable levels. Importantly, these cells recapitulate the fragmented mitochondrial phenotype observed in patients and thus are a valuable model of disease. Surprisingly, prior to any changes in mitochondria, we show that MSTO1-depleted cells have a significant decrease in TRiC levels, an essential cytosolic ATP-dependent chaperone required to fold diverse substrates, including actin and tubulin. We reveal that TRiC is also reduced in MSTO1 patient-derived fibroblasts, indicating that loss of TRiC may contribute to disease pathophysiology. We further demonstrate that knockdown of TRiC leads to a decrease in MSTO1 protein levels and remarkably, was sufficient to induce a fragmented mitochondrial phenotype, independent of changes in tubulin or actin. This reveals a previously unrecognized connection between TRiC and mitochondrial homeostasis. Using co-immunoprecipitation we found that MSTO1 interacts with the TRiC chaperone. We also observe accumulation of early TRiC assembly subcomplexes in the absence of MSTO1 suggesting that MSTO1 facilitates assembly of TRiC. Together, our findings identify MSTO1 as a TRiC assembly factor and connect mitochondrial defects caused by MSTO1-depletion to the loss of TRiC."
2026-07-22,30,10.64898/2026.07.21.739654,1,biochemistry,"Crystal structures of a far-red photoreceptor in different light-absorbing states: insights into spectral tuning and light signaling","Biju, L. M.; Ren, Z.; Kraskov, A.; Bandara, S.; Norouzi Sardareh, E.; Wei, C.; G. Rao, A.; Schapiro, I.; Hildebrandt, P.; Yang, X.","Cyanobacteriochromes (CBCRs) are bilin-binding photoreceptors with remarkable spectral versatility. Using phycocyanobilin (PCB) as a chromophore, CBCRs regulate diverse light-dependent processes in cyanobacteria, ranging from photosynthesis to chromatic acclimation. Although extensive studies have uncovered multiple spectral tuning mechanisms in bilin-binding proteins, recent structural studies of far-red CBCRs suggest the existence of additional tuning strategies in both the 15Z and 15E states. Here we report crystal structures of the representative far-red CBCR Anacy_2551g3 in three distinct light-absorbing states, all of which adopt a compact all-syn PCB conformation. These structures demonstrate that 15Z/15E photoisomerization in Anacy_2551g3 involves minimal chromophore rotation relative to the GAF domain, in stark contrast to other characterized bilin-based photoreceptors. To investigate the molecular basis of its far-red absorption, we examined the protonation and tautomeric states of PCB in the Pfr state using resonance Raman (RR) spectroscopy and quantum mechanics/molecular mechanics (QM/MM) calculations. Comparisons of experimental and calculated RR spectra support a bilin lactam as the predominant tautomeric form in the Pfr state. Integrating structural, spectroscopic, computational and mutational analyses, we propose that specific protein-chromophore interactions play critical roles in modulating chromophore conjugation beyond bilin coplanarity. Structural analyses further suggest a signaling model in which light regulation by Anacy_2551g3 is mediated through reversible switching between a high-affinity Pfr state and a low-affinity Po state that does not involve large chromophore motions. Together, these results provide new insights into how protein-chromophore coupling governs spectral tuning and light signaling in bilin-based photoreceptors.  Significance statementBilins are widespread biological pigments that mediate photoreception, light harvesting, and photosynthesis across diverse light environments. In a phenomenon known as spectral tuning, the optical properties of bilin-binding proteins are profoundly influenced by protein-chromophore interactions. Mechanistic understanding of spectral tuning and light signaling is important not only for advancing fundamental knowledge of light-sensitive proteins but also for developing new engineering strategies in synthetic biology and biotechnology. Recently discovered cyanobacteriochromes (CBCRs) exhibit remarkable spectral diversity and structural versatility, providing excellent model systems for dissecting the mechanisms of bilin-based photoreceptors. By integrating crystallography, spectroscopy and computational methods, this work examines three distinct light absorbing states of a representative far-red CBCR. Our findings reveal previously unrecognized mechanisms of spectral tuning and light signaling, highlighting the critical roles of protein-chromophore coupling and electrostatic interactions in regulating photoreceptor function."
2026-07-22,30,10.64898/2026.01.11.698899,3,bioengineering,"Threshold-Free Neural Network Models for Swim Bout Detection of Larval Zebrafish","Wang, H.; Kroeschell, G.; Zhu, Y.; Mumm, J. S.; Yi, J.","Accurate detection of swim bouts is essential for decoding motor behavior in larval zebrafish, yet conventional threshold-based methods rely on subjective cutoffs and per-experiment tuning. To address this limitation, we developed threshold-free deep learning models operating on tail-curvature time series: an offline model for post hoc analysis and an online model for real-time detection. Both improved precision over threshold-based methods, particularly for low-amplitude bouts. Using the offline model, we show that a head-fixed, closed-loop preparation largely preserves naturalistic swimming kinematics. Repeated trials reduced bout frequency and increased interbout interval, whereas genetic background primarily affects bout duration and maximum amplitude; notably, casper larvae lacked the late-trial decline observed in wildtype and nacre. We further show that detector choice can alter inferred behavioral outcomes. Together, these results establish a high-throughput framework for robust and reproducible analysis of zebrafish swimming behavior across experimental conditions."
2026-07-22,30,10.64898/2026.07.17.739167,1,bioinformatics,"Tangerine: A Python framework for dynamic gene regulation analysis from transcriptomic time series","Narendra, T.; Schweikert, G.","MotivationTime-series single-cell transcriptomics enables the study of dynamic gene regulation. However, standard computational tools frequently aggregate temporal data into static, dense topologies, obscuring the precise regulatory rewiring that drives developmental transitions. Further, navigating the inherent noise of statistical inference without losing biological interpretability remains an important bottleneck.  ResultsWe present Tangerine, a Python framework for the dynamic reconstruction and interactive exploration of time-varying gene regulatory networks. Tangerine integrates time-constrained metacell aggregation with regularized linear modelling and non-parametric correlation to infer dynamic topologies. To solve the interpretability gap, it features a browser-based visual analytics engine. Tangerine empowers researchers to track macroscopic gene module evolution, interactively filter effect sizes, and link topological rewiring directly to raw transcriptomic evidence.  Availability and implementationTangerine is implemented in Python and Plotly Dash. The code is available on Github at https://github.com/ntanmayee/tangerine."
2026-07-22,30,10.64898/2026.07.17.738915,1,bioinformatics,"A Standardized Methodology for FAIRness Assessment and Multi-Dimensional Scoring in Agrosystem Research Data Infrastructures","Haleem, A. U.; Arend, D.; Etukala, J. R.; Mazon, E. R.; Schmidt, M.; Jung, J.; Martini, D.; Usadel, B.; Neidiger, C.; Ulrich, R.; Lange, M.","The NFDI-consortium FAIRagro has established a systematic framework for evaluating the FAIRness of Research Data Infrastructures (RDI) within the German agrosystem research landscape. While FAIR principles are widely accepted, their practical implementation by RDIs remains challenging. By operationalizing the FAIR principles into a reproducible multi-dimensional scoring methodology, this initiative addresses the critical need for a transparent and citable benchmark of RDIs that moves beyond simple compliance. This paper details the underlying assessment criteria, comprising 20 aggregated core metrics, the iterative community-driven validation process, and the integration of these metrics into the FAIRagro Search Hub. This framework evaluates RDIs, like repositories or databases, instead of sampling hosted data sets, across the four distinct categories of FAIR independently, yielding granular, pillar-specific ratings. Unlike aggregate scoring models, which can inadvertently mask technical deficiencies by averaging performance across categories, this multi-dimensional approach ensures that a repositorys distinct strengths and bottlenecks remain fully visible. Our findings demonstrate that standardized scoring not only clarifies data accessibility for users but also highlights specific operational gaps, allowing repository providers to identify precisely where the service implementation can be enhanced. By establishing this data-driven service in the agronomy domain, we provide a scalable template for the broader NFDI and EOSC ecosystems to foster a culture of excellence in research data stewardship."
2026-07-22,30,10.64898/2026.07.20.739698,2,microbiology,"Drought-tolerant phenotypes associated with patterns of deterministic microbiome assembly across peanut genotypes","Little, Z. J.; Shantharaj, D.; Chen, C.; Potnis, N.","Plant-associated microbiomes contribute to plant health and resilience, yet the extent to which host traits shape microbiome assembly remains poorly understood despite increasing interest in leveraging them for crop performance. Here, we investigated whether drought-response phenotypes are associated with reproducible patterns of microbiome assembly across peanut genotypes under field conditions. The cultivars represented three drought-response categories: water-savers with tighter stomatal regulation, water-spenders with deeper root systems, and drought-sensitive genotypes. Bacterial and fungal communities were characterized from bulk soil, rhizosphere, and root endosphere compartments of six non-stressed peanut cultivars. Both host genotype and drought-response phenotype were associated with microbiome composition, with phenotype-associated patterns remaining detectable across multiple genetic backgrounds. Unexpectedly, the strongest phenotype-associated differences occurred in bulk soil communities, suggesting plant-mediated effects extending beyond the immediate root zone. Community differences were driven primarily by shifts in the relative abundance of existing taxa rather than turnover of distinct microbial lineages. Fungal communities responded more strongly to host phenotype than bacterial communities, with water-spender genotypes supporting greater fungal diversity and uniquely enriched taxa in the rhizosphere and endosphere. Neutral community modeling indicated stronger deterministic filtering of fungi than bacteria. Together, these findings demonstrate that drought-response phenotypes shape reproducible microbiome variation before stress exposure.  HighlightThis study investigates the potential for host phenotype-associated drivers of microbiome assembly in drought-tolerant peanut cultivars that represented different physiological mechanisms for drought tolerance."
2026-07-22,30,10.64898/2026.07.21.739949,1,biochemistry,"Assembly of the ATP-driven cobalt chelatase","Zhou, Y.-l.; Yuan, H.; Wu, Y.-c.; Wang, J.; Chen, H.; Yao, L.; Wang, M.; Wang, X.; Wang, J.; He, C.; Chen, X.; Liu, L.","Nature has evolved two distinct chelatase families to catalyze the insertion of metal ions into tetrapyrrole macrocycles. Whereas the single-subunit ATP-independent chelatases have been widely investigated, little is known about the three-subunit ATP-driven chelatases. Here we show step-wise assembly of the ATP-driven cobalt chelatase CobSTN that is essential for aerobic vitamin B12 biosynthesis. The motor subunit CobS fits into a hexameric or dodecameric spiral, and forms complex with the adaptor subunit CobT. Upon binding to adenine nucleotide, the spiral transforms to an asymmetrical ring and CobT synergistically rotates and inserts a distinctive shaft into the ring hole. The largest subunit CobN interacts with the opposite side of CobT from the CobS ring, and hence the holoenzyme is assembled."
2026-07-22,30,10.64898/2026.07.21.739636,1,biochemistry,"Munc18 reprograms the intrinsic neuronal SNARE complex assembly pathway","Vishvakarma, V.; Chapman, E. R.","The SNARE proteins syntaxin/SNAP-25B (t-SNAREs) and synaptobrevin (v-SNARE) contain motifs that assemble into four-helix bundles to drive synaptic vesicle exocytosis; SNAP-25B contributes two helices, D1 and D2. The sequence in which these motifs interact remains unresolved. To address this, we used fluorescence anisotropy of SNARE motifs to conduct real-time order-of-addition experiments and found that the order in which components are mixed can determine whether on- or off-pathway complexes are formed. Beginning with soluble SNARE fragments alone, the first step in assembly is the binding of D1 to syntaxin, followed by the binding of synaptobrevin and D2, where the latter motif acts as a gatekeeper to control v-SNARE*t-SNARE interactions. We then examined the impact of two regulatory factors, Munc18 and the MUN domain of Munc13-1. Strikingly, in the presence of Munc18, all four isolated SNARE motifs must be present at the same time for assembly to occur, revealing a concerted mechanism, while the Munc13-1 fragment was without effect. We created C-SCORE, which reports assembly of the two SNARE motifs of SNAP-25B via FRET, and confirmed that in the presence of Munc18, SNARE assembly becomes concerted. Munc18 also disaggregated syntaxin, potentially contributing to its activation. Finally, our findings regarding SNARE motif folding were well-correlated with function using full-length SNAREs in in vitro lipid mixing assays. Hence, Munc18 acts as a molecular chaperone that directly promotes the concurrent assembly of SNARE proteins into functional fusion machines."
2026-07-22,30,10.64898/2026.07.21.739887,1,bioengineering,"Bacterial surface display enables lysis-independent joint host-pathogen single-cell profiling","Gunnarsson, C.; Hsiao, J. C.; Hochfelder, J. B.; Solomon, S. L.; Lepe, B. A.; Zhu, S.; Xu, K.; Chung, H.; Bryson, B. D.","Heterogeneity in host-pathogen interactions arises from variation in both host cell state and pathogen state, yet most single-cell methods capture these features separately. Joint profiling is limited by fundamental technical mismatches between host- and pathogen-derived material, particularly differences in cell wall structure, lysis requirements, and molecular abundance. Here we introduce a lysis-independent strategy that enables unified measurement of intracellular bacterial presence and state alongside host single-cell profiles. We repurpose bacterial surface display to encode promoter activity and bacterial identity as antibody-detectable signals, rendering bacterial features compatible with existing antibody-based single-cell assays. This approach is modular across promoters, epitope tags, display scaffolds, and bacterial species, including Escherichia coli and Mycobacterium tuberculosis. Surface-displayed reporters are detectable during intracellular infection and can be read out by flow cytometry and droplet-based single-cell RNA sequencing without pathogen-specific lysis optimization or pre-sorting on pathogen signal. Applying this method to infected macrophages, we link heterogeneous bacterial uptake to heterogeneous expression of phagocytosis-associated host programs. This strategy enables scalable, joint host-pathogen single-cell measurements and expands the range of pathogens and states accessible to high-throughput single-cell analysis."
2026-07-22,30,10.64898/2026.07.21.739843,1,bioengineering,"Dynamic hybrid-hydrogel lung models decouple matrix composition, stiffness, and fibroblast memory to define distinct drivers of fibrotic progression","Blomberg, R.; Mueller, M. C.; Vu, T.; Essmaeil, D. H.; Riches, D. W. H.; Magin, C. M.","Idiopathic pulmonary fibrosis is a devastating chronic lung disease characterized by progressive scarring of the lung, which leads to impaired gas exchange and ultimately death. While research has provided us with extensive understanding on end-stage disease, the factors that lead to forward-feedback loops of fibrotic progression are still not fully known. Cell intrinsic activation, pathological extracellular matrix (ECM) composition, and increased tissue stiffness are all hallmarks of advanced fibrosis, but the relative contribution of these factors to disease has been difficult to disentangle using classic in vivo models. In this study we created biomaterials-based 3D lung models that incorporate geometrically relevant co-culture of lung epithelial cells and fibroblasts with tunable stiffness, ECM-containing hybrid-hydrogels. Using this model system, we demonstrated that environmental stiffness has the strongest effect on overall fibroblast activation. RNAseq analysis revealed unique gene-level changes in both fibroblasts and epithelial cells due to both composition and stiffness, highlighting the importance of incorporating both factors into any in vivo disease models. Overall, these results reinforce the value of biomaterials-based models in understanding disease pathogenesis, and their potential for screening of treatment responses."
2026-07-22,30,10.64898/2026.07.18.739384,1,"molecular biology","Sex and race shape serum protein biomarkers and bias diagnostic reference intervals","Son, A.; Ji, J.; Han, E.; Choi, Y.; Park, J.; Lee, H.; Park, S.; Kim, H.","Clinical protein biomarkers, whether measured by FDA-cleared in-vitro diagnostic (IVD) assays or deployed as laboratory-developed tests (LDTs), are routinely interpreted against fixed, population-agnostic reference intervals. Whether the baseline serum concentrations of these proteins differ systematically by sex and by self-reported race in healthy individuals has not been tested across a broad clinical panel on a single standardized platform. Using scheduled multiple reaction monitoring-mass spectrometry (MRM-MS) with stable-isotope-labelled internal standards, we quantified 87 proteins (39 FDA-cleared analytes; 48 LDT/research markers) in 60 healthy, age-matched donors balanced across three races (White, Hispanic, Black) and both sexes. Sex was a pervasive axis of variation: donors separated by sex in unsupervised multivariate space (PERMANOVA p = 0.020) but not by race (p = 0.14). Three FDA-target proteins differed by sex at FDR q < 0.05: sex hormone-binding globulin, haemoglobin-, and albumin, with directions preserved within every race. Race differences were real but protein-specific, exemplified by ancestry-associated CD14. Critically, applying a single pooled 95% reference interval mis-flagged as many as [~]25% of a demographic subgroup as abnormal, versus the 5% expected. Demographic context should therefore be incorporated into reference intervals and decision thresholds for protein-based diagnostics."
2026-07-22,30,10.64898/2026.02.17.706457,2,"cell biology","GlRac Regulates an ATG8-Independent Autophagy-Like Pathway in Giardia lamblia","Klippel, A. H.; Newman-Boulle, C.; Reed, G.; Dule, D.; Kedia, S.; Kelty, M. T.; Chan, W. P.; Shih, H.-W.; Paredez, A. R.","Autophagy is a conserved catabolic process essential for cellular homeostasis and adaptation to nutrient stress. The protozoan parasite Giardia lamblia lacks most canonical autophagy-related (ATG) genes, including the hallmark ATG8, raising longstanding questions about whether this deeply divergent parasite can perform autophagy. Here, we identify an ATG8-independent autophagy-like pathway in Giardia regulated by GlRac, the parasites sole Rho family GTPase. GlRac-positive double-membrane compartments are induced by encystation and nutrient depletion, and their abundance rapidly declines following amino acid replenishment but is unaffected by glucose, indicating amino acid-specific regulation. Giardia Target of Rapamycin (GTOR) levels decrease during nutrient depletion, and GTOR knockdown increases compartment abundance, identifying GTOR as a negative regulator of compartment formation and linking this pathway to nutrient sensing. Time-lapse microscopy revealed that these compartments form through linear and cup-shaped intermediates before becoming spherical and are subsequently cleared upon nutrient replenishment. Of nine putative ATG orthologs examined, none localized as specifically as GlRac to these structures, supporting the existence of a highly divergent pathway. Nevertheless, the compartments exhibit multiple conserved autophagy-associated features, including double-membrane morphology, actin recruitment, acidification, and cysteine protease activity. Pharmacological inhibition of cysteine proteases with E-64d or of V-ATPase-mediated acidification with concanamycin A promotes compartment accumulation, consistent with continuous degradative turnover. GlRac regulates compartment biogenesis bidirectionally: constitutive activation increases compartment abundance and size, whereas knockdown reduces them. Finally, quinacrine, an FDA-approved antigiardial drug that accumulates in acidic organelles, perturbs GlRac-positive compartments, consistent with its reported effects on autophagy in other eukaryotes, raising the possibility that this pathway contributes to parasite fitness. Together, these findings establish GlRac as a central regulator of an ATG8-independent autophagy-like pathway in Giardia and demonstrate that this parasite retains key structural, regulatory, and degradation-associated features of autophagy despite the apparent absence of most canonical ATG machinery.  Author SummaryAutophagy is a conserved cellular process that helps cells adapt to nutrient limitation by remodeling and degrading their own components. The intestinal parasite Giardia lamblia, which causes widespread diarrheal disease, lacks recognizable homologs of most genes associated with canonical autophagy, raising the question of whether this highly divergent parasite can perform the process at all. We found that Giardia forms previously uncharacterized membrane-bound compartments in response to nutrient depletion and during differentiation into its infectious cyst stage. These compartments share key features associated with autophagosomes, including double membranes, acidification, and enzymes involved in protein degradation. We also identified a regulatory protein called GlRac as a central regulator of these compartments. Similar proteins regulate autophagy in plants, fungi, and animals, suggesting that this regulatory mechanism is broadly conserved across eukaryotes. Finally, quinacrine, a drug historically used to treat giardiasis, promotes the accumulation of these compartments, consistent with its reported effects on autophagy in other eukaryotes. Together, our findings reveal that Giardia retains a highly divergent autophagy-like pathway despite the apparent absence of much of the recognizable canonical autophagy machinery, providing new insight into the evolution of autophagy and the cell biology of this important human pathogen."
2026-07-22,30,10.64898/2026.07.20.738363,1,bioengineering,"Randomized Spatial Barcoding for Time-Lapse Flow Cytometry","Chen, X.; Ugawa, M.; Ota, S.","Tracking suspended cells over multiple time points at the single-cell level remains challenging because existing flow-based methods cannot preserve cell identity while maintaining high throughput. Here, we present RASPBerry, a hydrogel-based spatial barcoding platform for time-lapse flow cytometry. RASPBerry generates unique barcodes by randomly co-encapsulating fluorescent beads with individual cells in hydrogel droplets, eliminating the need for predefined barcode patterns or specialized optical instrumentation. We integrate RASPBerry with acoustofluidic imaging flow cytometry to enable time-lapse imaging flow cytometry of suspended cells. The platform identifies more than 17,000 hydrogel droplets with 99.8% matching accuracy. We further demonstrate time-lapse tracking of more than 10,000 suspended cells and quantify stress-induced nuclear morphological changes in more than 5,000 individual cells. RASPBerry provides a simple, scalable, and broadly accessible strategy for time-lapse imaging flow cytometry, expanding the capability for dynamic single-cell analysis of suspended cells."
2026-07-22,30,10.64898/2026.07.20.739063,1,bioinformatics,"MGM2 as a Unified Foundation Model for Microbiome World Exploration","Zhang, H.; Zhang, Y.; Qi, Y.; Liu, T.; Yang, R.; Ning, K.","Microbiomes are information-rich biological systems, yet most computational analyses still reduce communities to cohort-specific abundance tables. Here we introduce MGM2, a multimodal foundation model pretrained on 1,821,291 MicrobeAtlas samples and 225,067 OTUs clustered at 99% sequence similarity. MGM2 couples NTv3-derived microbial sequence embeddings with abundance conditioning and community-semantic alignment to learn transferable sample- and token-level representations. Frozen MGM2 representations outperformed DeepPhylo by 0.06-0.21 macro-AUROC across five temporally held-out MGnify hierarchy levels, with the largest gains for rare and fine-grained labels. In fecal microbiota transplantation, MGM2-XLarge achieved a response ROC AUC of 0.79 and reduced post-transplant Bray-Curtis distance by 15% relative to the recipient baseline. The same representation supported ASV-level trend forecasting across 24 wastewater treatment plants. Sparse autoencoder analysis resolved MGM2-XLarge token states into a 4,096-feature dictionary spanning taxonomic identity, abundance state, ecological context and technical variation. MGM2 therefore provides a sequence-aware and interpretable representation layer for microbiome classification, paired-community prediction, forecasting and feature discovery.  Highlights[bullet] MGM2 integrates sequence, abundance and community semantics through pretraining on 1.82 million microbiome samples. [bullet]Frozen MGM2 improved macro-AUROC over DeepPhylo by 0.06-0.21 across five temporally held-out MGnify levels. [bullet]MGM2-XLarge reached a response ROC AUC of 0.79 and reduced post-FMT Bray-Curtis distance by 15%. [bullet]A 4,096-feature sparse autoencoder atlas resolves taxonomic, abundance, ecological and technical signals."
2026-07-22,30,10.64898/2026.07.19.739457,1,bioinformatics,"MagicLamp: a web server and software toolkit for targeted gene annotation of microbial functions","Garber, A.; Viney, I. A.; Merino, N.; Ramirez, G.; Pavia, M. J.; McAllister, S. M.; Sadeghpour, S.; Manna, A.; Kreger, M. L.; Wolk, B.; Eunwoo, K.; Qu, J.; Armbruster, C. R.; Perez-Rodriguez, I.","Genome and metagenome annotation tools designed for large databases are ill-suited to the discovery of specialized, ecologically relevant microbial functions. MagicLamp (https://github.com/Arkadiy-Garber/MagicLamp) is a modular command-line software toolkit that performs targeted functional gene annotation searches using curated collections of hidden Markov models (HMMs), each representing discrete microbial metabolic processes. MagicLamp is also available as a web server: https://midauthorbio.com/#magiclamp. This targeted approach enables sensitive and specific annotation of genes involved in defined microbial processes, allowing MagicLamp to serve as a dedicated repository for the annotation of specialized microbial functions currently overlooked in other databases and software. The server accepts unannotated genome assemblies or GenBank-formatted annotations to perform HMM-based searches against curated model sets with reproducible, model-specific bit-score thresholds. Automated results are returned as tabular summaries and interactive HTML reports containing cross-genome/metagenome comparisons."
2026-07-22,30,10.64898/2026.07.18.739381,1,bioinformatics,"fastCDS: proteome-scale mapping of protein domains to genomic coordinates","Munoz-Esquivel, G.; Fuxman Bass, J. I.; Soto-Ugaldi, L. F.","SummaryMapping protein regions to genomic coordinates underpins the study of exon architecture and the interpretation of clinical variants in their exon context. Existing tools resolve individual queries accurately but scale poorly to proteome-wide analyses. We present fastCDS, a C++ toolkit with command line and Python interfaces for rapid protein-to-genome coordinate mapping from GTF annotations. It matches the accuracy of existing methods while running at least two to three orders of magnitude faster. Mapping all human Pfam domains in seconds, we used the resulting atlas to examine how exonic architecture varies with domain function.  Availability and ImplementationfastCDS is freely available under the MIT license at {{https://github.com/SotoLF/fastCDS}} and can be installed with pip install fastCDS or mamba install -c bioconda fastCDS. Pre-built GTF genome indices are archived at Zenodo, DOI: https://zenodo.org/records/21436146.  Contactlsoto@rockefeller.edu  Supplementary InformationSupplementary data are available at Bioinformatics online."
2026-07-22,30,10.64898/2026.07.21.738207,1,bioinformatics,"Deep interpretable learning of sample representations for characterizing disease states in single-cell transcriptomics","Wagle, M. M.; Wang, Y.; Samanta, S.; Liu, Z.; Patrick, E.; Yang, P.; Kellis, M.","Single-cell transcriptomics technology offers unprecedented insights into molecular heterogeneity. However, capturing sample-level representations that reflect both systemic and cellular states remains challenging, especially when disease annotations are mostly available as coarse sample-level labels. Here, we introduce Phenoverse, an interpretable deep learning framework that learns sample-level disease state representations through cell type-aware residual encoding, prototype learning, and Perceiver-based aggregation. Applied to independent single-cell transcriptomic cohorts of COVID-19, Alzheimers disease, and systemic lupus erythematosus, totaling over 5 million cells, we demonstrate that learned sample representations enable disease state prediction and encode a continuous spectrum of disease severity on unseen data that correlate with multiple clinical and pathological measures, despite being trained solely on binary phenotype labels. Further, we demonstrate that trajectory-derived genes reveal cross-cohort molecular programs and show consistently higher reproducibility than traditional case-control comparisons. Finally, prototype learning provides intrinsic model interpretability and enables the characterization of cell type-specific disease states. Taken together, Phenoverse offers an interpretable disease-phenotyping approach to dissecting sample heterogeneity, and our results highlight its utility in translating complex single-cell transcriptomic data into patient-level biological insights."
2026-07-22,30,10.64898/2026.07.21.739852,1,biophysics,"Scaling the Dynamics of Coiled Coils","Saha, P.; Saravanan, Y.; Marchesi, A.; Valotteau, C.; Revy, P.; Paull, T. T.; Assenza, S.; Hopfner, K.-P.; Modesti, M.; Rico, F.","Coiled coils are structural motifs in proteins that play diverse functions. In MRE11-RAD50 (MR) complexes, ATP-driven changes in coiled coils are essential for DNA break sensing. However, coiled coil dynamics and its modulation by protein conformational changes remain unclear, partly due to the lack of quantitative tools. Here, we used high-speed atomic force microscopy (HS-AFM) for real-time visualization of the coiled coil conformational dynamics of individual MR complexes from bacteria and human homologs, and a biomedically relevant variant. The mean square deviation of the end-to-end distance of the coiled coils revealed a power-law scaling with time, conserved across conformational states, homologs, and variants, suggesting a universal dynamic scaling. Coiled coils behave as semi-flexible filaments with strong internal friction, leading to relaxation times that were seconds-long and varied among conformational states and variants. Molecular dynamics simulations indicated that strong friction arose from long-lifetime contacts between coils. Our results suggest that MR complexes modulate the coiled coil dynamics to mediate long-range allosteric and allodynamic communication during DNA repair."
2026-07-22,30,10.64898/2026.07.18.739250,1,immunology,"Complement protein concentrations and activity in human cervical mucus","Marathe, J. G.; Mausser, E.; Politch, J. A.; Tjilos, M.; Anderson, D. J.","ProblemComplement, a system of over 30 interacting proteins, functions as a critical immune mediator at mucosal surfaces including the intestine, airway, and nasal mucosae, where it orchestrates complement-dependent cytotoxicity (CDC), complement-dependent phagocytosis (CDP), and inflammatory responses. While complement components have been detected at low levels in genital tract fluids, including cervical mucus, the physiologic dynamics of complement in the female reproductive tract remain poorly characterized. Notably, systematic quantification of complement component levels across the menstrual cycle has not been conducted, limiting our understanding of how hormonal fluctuations may influence complement-mediated protection at the vaginal mucosa.  Method of studyTen healthy women of reproductive age were recruited to provide paired samples of cervical mucus (CM) and serum (S) during each phase of the menstrual cycle: follicular, ovulatory, and luteal. Samples were analyzed using bead-based multiplex assays to quantify 13 primary complement components.  ResultsAll 13 complement proteins tested were detectable in CM and S; C3b/iC3b was the predominant complement component in CM followed by C4 and C3. In contrast, C4 was the dominant component in S followed by C1q and C3. There were significantly higher levels of C2 in CM during the follicular phase of the menstrual cycle vs. the ovulatory phase (1.15{+/-}0.80 vs 0.24{+/-}0.22{micro}g/mL), C4b (0.56{+/-}0.35 vs 0.22{+/-}0.36 {micro}g/mL), C5a (1.45{+/-}1.09 vs 0.38{+/-}0.48 {micro}g/mL)  In contrast, no differences were found in serum complement levels were during the menstrual cycle. Complement concentrations were on average 308-fold (median= 84) lower in CM than in S, except for C3b/iC3b which was only 5 to 7.5-fold lower in CM, and C2 which was higher in CM at the luteal and follicular phases. Midcycle cervical mucus was capable of inducing complement-mediated hemolysis at about 1/3 the potency of serum.  ConclusionCervical mucus contains detectable and functional levels of complement proteins. These normative values can provide a foundation for future studies on immune mechanisms in the FRT."
2026-07-22,30,10.64898/2026.07.22.739966,1,microbiology,"Non-retroviral Endogenous Viral Element Acts as a Stable Antiviral Regulator Across Mosquito Life Stages and Generations","Suzuki, Y.; Baidaliuk, A.; Sekii, Y.; Asin, I. C. A.; Miesen, P.; Prot, M.; Lambrechts, L.; Simon-Loriere, E.; Watanabe, K.","Endogenous viral elements (EVEs) from non-retroviral RNA viruses are widespread in host genomes, yet their functional significance in vivo remains poorly understood. In mosquitoes, EVEs have been shown to suppress cognate viral replication through the PIWI-interacting RNA (piRNA) pathway. However, how this antiviral activity shapes virus-host dynamics beyond reducing viral replication remains unclear. Here, we established Aedes aegypti mosquito lines naturally infected with cell-fusing agent virus (CFAV) that differ in the presence or absence of a CFAV-derived EVE (CFAV-EVE1). Using this natural virus-host system, we showed that CFAV-EVE1 suppressed viral replication across sexes, tissues, developmental stages, and generations. This antiviral effect is initiated by EVE-derived primary piRNAs, as demonstrated in ovaries and heads. Despite reducing viral load, CFAV-EVE1 conferred no measurable benefits on mosquito survival or reproduction, nor did it eliminate CFAV from the naturally infected population under standard laboratory conditions. However, vertical transmission rates were reduced in EVE-containing mosquitoes and prolonged egg storage further reduced viral prevalence, suggesting that environmental stress may reveal EVE-mediated viral suppression. Together, these findings demonstrate that EVEs function as stable, heritable regulators of persistent virus-host interactions and highlight that ecological context may be critical for fully appreciating their functional significance."
2026-07-22,30,10.64898/2026.07.22.740031,1,microbiology,"Promoter architecture decodes response regulator phosphorylation into distinct transcriptional logics in Pseudomonas aeruginosa","Zhu, Z.; Zhao, N.; Song, Y.; Fan, D.; Ying, J.; Nong, C.; Liu, T.; Duan, C.; Zheng, Y.; Zou, S.; Mou, X.; Ma, H.; Liu, H.; Bao, R.","Two-component systems convert environmental signals into transcriptional responses, but how one response-regulator phosphorylation state produces different outputs at different promoters remains unclear. Here we show that promoter architecture determines how the ParR response regulator in Pseudomonas aeruginosa interprets phosphorylation. Phenotypic, transcriptomic, biochemical and promoter-engineering analyses showed that phosphorylation of the conserved ParR receiver residue Asp57 lowered DNA-occupancy thresholds across target promoters. Individual promoters, however, converted this shared increase in binding into activation, repression or phosphorylation-dependent sign switching. Chromosomally D57 ParR variants reproduced these behaviours at endogenous loci and altered antibiotic susceptibility, biofilm formation and virulence-associated phenotypes. Mapping and engineering of representative promoters identified a two-tier cis-regulatory code: half-site sequence compatibility determines productive ParR engagement, whereas spacer length determines regulatory sign and magnitude. Spacer swaps were sufficient to reprogram promoter logic between regulatory modes. These findings separate regulator state from promoter decoding and show how bacterial promoter architecture can diversify the outputs of a shared phosphorylation signal.  ImportancePseudomonas aeruginosa is an opportunistic pathogen that survives antimicrobial treatment and adapts to diverse host environments by rapidly changing gene expression. How a single sensory pathway generates different, and sometimes opposing, responses across many genes has remained unclear. We show that the regulatory protein ParR does not impose one fixed transcriptional program. Instead, the DNA architecture of each target promoter determines whether the same phosphorylation signal activates, represses, or reverses gene expression. The sequence and spacing of ParR recognition sites form a compact regulatory code, and changing spacer length alone can reprogram promoter behavior. Different ParR states were also associated with changes in antibiotic susceptibility, biofilm formation, and virulence-associated phenotypes. Our findings explain how one bacterial signaling pathway can generate diverse physiological outcomes without additional regulators and provide a framework for understanding regulatory flexibility in Pseudomonas aeruginosa and for engineering genetic circuits with multiple outputs.  Graphical abstract  O_FIG O_LINKSMALLFIG WIDTH=200 HEIGHT=142 SRC=""FIGDIR/small/740031v1_ufig1.gif"" ALT=""Figure 1""> View larger version (55K): org.highwire.dtl.DTLVardef@1a02776org.highwire.dtl.DTLVardef@17ebf11org.highwire.dtl.DTLVardef@3218bcorg.highwire.dtl.DTLVardef@f5e0ca_HPS_FORMAT_FIGEXP  M_FIG C_FIG"
2026-07-22,30,10.64898/2026.07.21.739262,1,microbiology,"Detection of bifidobacterial lipoproteins with anti-viral potential in donor human milk","AYARI, S.; Sane, F.; Piva, F.; Devassine, S.; Bray, F.; Gervois, P.; ROMOND, M. B.","BackgroundGroup B coxsackieviruses (CVBs) are involved in triggering type 1 diabetes. Free bifidobacterial lipoproteins (BLps) prevent CVBs cell infection. Our objective is to isolate free BLps potentially released by bifidobacteria in breastmilk and document their bioavailability.  MethodsBifidobacterium breve and B. longum were quantified by qPCR in samples donated to the hospitals biobank (DHM) within two weeks following delivery. BLps were captured onto CV B4, analyzed by SDS-PAGE and competitive ELISA. BLps transport through Caco-2 monolayers was monitored after DHM contact. Titration of anti-CV B IgA was carried out by ELISA.  ResultsAmong the 90 enrolled donors, seven were excluded, 68 donated a unique sample and 15 donated multiple specimens (2 to 12). B. breve and B.longum were detected in 93.0 % and 32.8% unique DHM samples, respectively. The two species showed unstable counts in the multiple donation group. Although at highly variable amounts, BLps were readily detected. Free B.longum Lps were found in absence of B.longum itself. The BLps crossed the cell layer within 4h still binding CV B4.  ConclusionDHM contained BLps able to cross a cell layer mimicking the intestine still retaining their capacity to bind CV B. It suggested a possible newborns systemic protection against CV B4 infection that needs further investigation.  ImpactO_LIOur study provided the first observation of anti-coxsackievirus B free bifidobacterial lipoproteins (BLps) in donor human milk (DHM) samples, complementing the anti-CV B IgA pool. C_LIO_LITheir isolation independently of the bifidobacteria themselves pointed towards an extramammary source. C_LIO_LIDHM BLps were transferred without losing their antiviral potential across the human intestinal epithelial monolayer at a concentration compatible with neonate intake in the first week following birth. C_LIO_LIThe study highlighted that breastmilk encompasses a broader anti-viral repertoire, opening new perspectives to combat enterovirus. C_LI"
2026-07-22,30,10.64898/2026.07.22.740010,1,microbiology,"Proteomic mapping of the dengue virus NS1 microenvironment in infected cells identifies novel host dependency factors including TM9SF3","Centofanti, S. M.; Colella, A.; Chegeni, N.; Aliakbari, K.; Bracho, G.; Hesping, E.; Roche, M.; Carr, J. M.; Chataway, T.; Eyre, N. S.","Dengue virus (DENV) is endemic in over 100 countries and causes approximately 100 million symptomatic infections annually, with symptoms ranging from mild febrile illness to life-threatening severe vascular leakage and haemorrhagic fever. There are currently no approved antiviral therapies available to treat DENV infections. The DENV non-structural protein 1 (NS1) is essential for viral RNA replication and infectious virus particle production, while secreted NS1 contributes to immune evasion and pathogenicity. Towards the identification of novel NS1-host protein interactions that are critical to these functions, an APEX2 proximity labelling-coupled quantitative proteomics approach was employed to map the proteomic composition of the NS1 microenvironment in live infected cells. Our analysis identified a panel of 51 NS1-proximal host proteins, including established DENV host dependency factors (HDFs) involved in NS1 folding and N-glycosylation, as well as previously unrecognised host factors. Loss-of-function approaches were used to determine the importance of these NS1-proximal host proteins to DENV infection, identifying several novel HDFs, including transmembrane 9 superfamily member 3 (TM9SF3). Importantly, the knockout of TM9SF3 was shown to impair DENV infectious virion production and intracellular NS1 abundance and secretion, consistent with the recently described roles of TM9SF3 in Golgi integrity and glycosylation fidelity. Together, this study demonstrates the successful application of APEX2 proximity labelling-coupled quantitative proteomics to the identification of functionally relevant NS1-associated host proteins that may inform the development of future antiviral therapies.  IMPORTANCEThe DENV NS1 protein is a non-enzymatic, multifunctional glycoprotein that plays multiple distinct roles in viral replication organelle formation, viral RNA replication and infectious virus particle production. It is also secreted from infected cells as an oligomeric lipoparticle that participates in immune evasion and vascular damage. Many of its enigmatic roles are thought to be mediated via its interactions with other viral proteins and host proteins. Here, we have employed an infectious NS1-tagged DENV reporter virus and proximity biotinylation-coupled mass spectrometry to characterise the protein microenvironment of NS1 during viral infection. We have then employed functional genomics approaches to identify NS1-proximal host factors that contribute to the viral replication cycle. Amongst the novel host factors that were identified was TM9SF3, which has recently emerged as a Golgi-resident Golgiphagy receptor that is important for maintenance of Golgi integrity and glycosylation fidelity and may represent a future DENV antiviral drug target."
2026-07-22,30,10.64898/2026.04.08.717345,2,bioengineering,"Thermodynamic continuum tumour modelling recovers multicompartment spheroid structure and supports drug-response screening","McNamara, R.; Monsalve-Bravo, G. M.; Stein, S. R.; Francis, G. D.; Allenby, M. C.","Patient-derived tumour spheroids provide experimentally tractable models of tumour growth and treatment response, but standard radius-based measurements do not directly identify the tissue-scale mechanisms that shape internal structure. This study develops and calibrates a thermodynamic continuum model of untreated spheroid internal structural growth, in which viable and necrotic cell populations, nutrient transport, mechanical relaxation, and cell-fate transitions are represented as coupled spatial fields. Because the model does not prescribe internal concentric spheroid compartments like traditional spheroid models, the experimentally reported intermediate (inhibited) radius was treated as an exploratory model-to-data mapping and optimised over different candidate field-derived radii. The calibrated model reproduced the experimental trajectories with aggregate uncertainty-weighted root-mean-square error (WRMSE) values ranging from 0.49 to 1.24 on the metric defined in the manuscript, and improved average fit quality by approximately 40% relative to an existing Greenspan-type compartment model. The model recovered the growth-inhibited and necrotic structure observed in spheroids as an emergent consequence of spatial cell-state dynamics rather than prescribing concentric compartments. Biological and nutrient-associated model parameters were locally constrained to the experimental data, although compensatory relationships were observed among nutrient-response and death parameters. The framework was further extended by introducing a drug transport field as a proof-of-concept demonstration of spatial treatment-response modelling. These results show that a continuum cell-growth model can recover classical spheroid structure while preserving flexibility for exploratory field-based analysis of drug response."
2026-07-22,30,10.64898/2026.07.22.739903,1,bioinformatics,"Contamination of widely used databases compromises rRNA based taxonomic assignment of metagenomes and metatranscriptomes","Grant, A.; Davies, C. S.","Taxonomic annotation of metagenomic and metatranscriptomic datasets frequently relies on aligning small subunit (SSU) rRNA reads to annotated reference databases. However, widely used SSU databases, including SILVA, GTDB, Eukaryome, and those distributed with SortMeRNA, are contaminated with large subunit (LSU) rRNA sequences. Low levels of LSU contamination can lead to large numbers of LSU reads being incorrectly identified as SSU and have serious consequences for downstream taxonomic assignments. The problem can be avoided by rigorously removing LSU sequences from databases used for taxonomic annotation, which we have done for KSGP 4.0. Alternatively, initial SSU read selection can be carried out with a carefully curated small SSU database that is free of LSU contamination. We illustrate these two approaches in combination using a metatranscriptomic dataset from an estuarine sediment. Without database cleaning, LSU-derived reads can make up half of supposed SSU sequences and are assigned to a small number of apparently dominant but artefactual taxa. Database cleaning removes this problem and we provide a script, total_rnaseq, to annotate total RNASeq or metagenomic data using this approach. The KSGP 4.0 database provides substantially improved annotation of Archaea compared to the SILVA database and moderate and small improvements for eukaryotes and bacteria respectively."
2026-07-22,30,10.64898/2026.07.19.739383,1,bioinformatics,"A Disease-Agnostic Nasal Microbiome Wellness Index for Standardized Assessment of Upper-Airway Respiratory Health","Barrera-Suarez, M. A.; Gupta, V. K.; Zhao, X.; Koller, A. L.; Zhao, C. Y.; Suh, G. A.; Karnatovskaia, L. V.; O'Brien, E. K.; Kronzer, V. L.; Sung, J.","BackgroundUpper-airway and respiratory conditions impose a large and growing global burden, yet there is no standardized way to assess whether a nasal microbiome is ""healthy"". Currently, monitoring remains reactive, beginning only after symptoms manifest. The nasal cavity is well suited to proactive monitoring: it shapes respiratory health and pathogen colonization resistance, and can be sampled non-invasively and repeatedly. To address this gap, we introduce the Nasal Microbiome Wellness Index (NMWI), a disease-agnostic, continuous score of nasal microbiome health derived from LASSO-penalized logistic regression. Rather than counting taxa, it learns which taxa (and in what balance) characterize a healthy nose and returns the predicted log-odds that a profile resembles a healthy state. The index was trained on 1654 nasal 16S rRNA gene amplicon sequencing samples (589 healthy, 1065 non-healthy) pooled from 27 publicly available studies, uniformly reprocessed through a single computational pipeline.  ResultsThe NMWI comprises an interpretable signature of 24 taxa whose combined relative abundances determine the health-associated log-odds. Health-associated genera such as Corynebacterium and Cutibacterium raised the score, while dysbiosis-associated genera such as Pseudomonas and Escherichia-Shigella lowered it. The NMWI substantially outperformed the Shannon, Simpson, and Chao1 diversity indices, which showed negligible, directionally inconsistent separation between healthy and non-healthy samples (|Cliffs{delta} | = 0.01-0.20), whereas the NMWI produced large, consistent separation ({delta} = 0.65). It achieved a balanced accuracy of 74.37% on the training data (resubstitution estimate), and 73.43% under repeated 10-times 10-fold cross-validation. Performance remained stable at mean balanced accuracy of 73.82% under a leave-one-study-out framework, reflecting cross-study generalizability. In independent external cohorts, the balanced accuracy was 71.49%, and leave-one-disease-out analysis (in which each disease condition was withheld from training) showed a mean balanced accuracy of 63.92% across unseen conditions, consistent with a disease-agnostic design. The index also generalized across heterogeneous datasets spanning multiple 16S rRNA gene hypervariable regions--to our knowledge the first demonstration of such cross-study, cross-region transferability for the nasal cavity.  ConclusionsThe NMWI distills a complex nasal microbial profile into a single interpretable score computed directly from the 16S rRNA gene data that dominate existing nasal research, making it immediately applicable to published and future datasets without re-sequencing. By replacing descriptive, diversity-based comparison with a quantitative standard, it offers a reproducible, open-source foundation for cross-study benchmarking, individual-level phenotyping, and longitudinal respiratory wellness monitoring."
2026-07-22,30,10.64898/2026.07.19.739418,1,immunology,"Branch-resolved IFN/STING-linked lesion-state architecture in psoriasis: multi-cohort derivation, held-out bulk replication and single-cell context analysis","Sun, H.-Y.; Chang, T.-L.; Wen, Z.-H.; Sun, H.-W.","Objective and design: We tested whether a frozen branch-resolved IFN/STING-linked lesion-state architecture derived from paired psoriasis transcriptomes would transport to an untouched bulk RNA-sequencing cohort and remain detectable within broad cell compartments. Material or subjects: Seven paired bulk cohorts formed the derivation backbone. GSE121212 provided held-out replication using 27 matched lesional/nonlesional pairs; treatment-facing cohorts and GSE228421 provided pharmacodynamic and cellular-context analyses. Treatment: No intervention was administered by the authors; public datasets included ustekinumab-, etanercept-, secukinumab- and risankizumab-exposed samples. Methods: Frozen modules and branches were scored after cohort-wide gene standardization. GSE121212 counts underwent trimmed mean of M-values normalization and log2 counts-per-million transformation. Paired effects, upper-quartile STING-high contrasts, lesional Spearman coupling and prespecified rank concordance were evaluated. Results: GSE121212 lesional-minus-nonlesional effects were 1.288 for STING-core, 1.478 for IFN-responsive activity and 1.188 for proximal-only STING; all lower 95% confidence limits exceeded zero. Coupling-vector concordance was strong (rho = 0.893, P = 0.0068), whereas STING-high effect concordance was moderate (rho = 0.536), yielding partial replication. Conclusions: Held-out replication was partial: the IFN/STING lesion anchor and proximal/IFN-dominant coupling transported, while broader ordering did not fully transport. Transcriptomic findings do not establish biochemical STING activation, causality or clinical thresholds."
2026-07-22,30,10.64898/2026.07.19.735925,1,immunology,"A Synthetic Microbial Therapy Rewires Antitumor Immunity Across Multiple Cancer Types","Das, J. K.; Qin, Q.-M.; Singh, S.; James Thomas, C.; Gupta, S.; Chatterjee, A.; Sunnagatta Nagaraja, S.; Guo, F.; Delgado, K.; Kumar, A.; Ryu, E.; Flannagan, B.; Agca, C.; Agca, Y.; Powell, N.; Barry, E.; Kahl-Mcdonagh, M. M.; Chaki, S. P.; Mendes Ribeiro Correa, A.; Niyakan, S.; Han, S.; Cai, J.; Qian, X.; Kobayashi, K. S.; Han, A.; Jayaraman, A.; Ficht, T. A.; Adams, L. G.; Alaniz, R.; Yee, C.; Song, J.; de Figueiredo, P.","Microbial immunotherapies show promise against cancer, yet broad efficacy and mechanistic insight remain elusive. Here, we introduce SPIKE 1.0 (S1.0), a metabolically engineered bacterium that converts tryptophan into immunomodulatory hydroxyindoles via tryptophan monooxygenase to remodel the tumor microenvironment (TME). A single systemic dose of S1.0 elicited potent, durable antitumor responses across multiple murine models, including humanized mice, with minimal toxicity. S1.0 enhanced inflammatory signaling, activated innate and adaptive immunity, and promoted T cell persistence, memory, and resistance to exhaustion. It outperformed checkpoint inhibitors and synergized with chemotherapy. Multi-omics profiling revealed that S1.0 rewired amino acid metabolism in tumor-infiltrating immune cells and disrupted immunosuppressive networks. These results establish S1.0 as a scalable, cost-effective microbial immunotherapy with broad translational potential for solid tumors."
2026-07-22,30,10.64898/2026.07.19.739468,1,immunology,"Unconventional presentation of an immunodominant HLA-DR15-restricted nephritogenic proteinase 3 epitope implicated in vasculitis","Lu, C.; Shochet, L. R.; Lim, J. J.; Loh, T. J.; Goh, S.; Jones, C. M.; Zhang, J. B.; Allmannsberger, L.; Prakongtham, P.; Tran, M. T.; Chisanga, D.; Ryan, J.; Fugger, L.; Moser, M.; Jenne, D. E.; Reid, H. H.; La Gruta, N. L.; Purcell, A. W.; Rossjohn, J.; Kitching, A. R.","Proteinase 3 (PR3) anti-neutrophil cytoplasmic antibody (ANCA)-associated vasculitis is associated with HLA-DR15, implicating HLA-DR15-restricted CD4 T cell autoimmunity in the disease. However, the PR3 epitopes presented by HLA-DR15 and the autoreactive CD4 T cell responses they elicit are undefined. Using humanized hPR3.DR15+ mice, we identified PR3216-231 as an immunodominant human PR3-derived CD4 T cell epitope presented by HLA-DR15. Immunopeptidomic profiling confirmed the natural processing and HLA-DR15-restricted presentation of PR3216-231. Structural analyses of HLA-DR15-PR3216-231 complexes revealed an unconventional mode of HLA class II antigen presentation, in which a 10 amino acid peptide core occupies the 9 amino acid binding groove, causing a central kink in the bound peptide. PR3216-231-specific CD4 T cells from both hPR3.DR15+ mice and patients with PR3-ANCA-associated vasculitis exhibited convergent T cell receptor features, and patients with active vasculitis displayed a clonally expanded, PR3216-231-specific CD4 TCR repertoire. Immunization of hPR3.DR15 mice with PR3216-231 induced cell-mediated glomerulonephritis characterized by increased renal infiltration of CD4 T cells and macrophages together with segmental glomerular necrosis. These findings identify a nephritogenic PR3-derived CD4 T cell epitope presented by HLA-DR15 in ANCA-associated vasculitis and define a new extended core binding pattern, broadening our understanding of HLA class II peptide presentation."
2026-07-22,30,10.64898/2026.07.21.739946,1,microbiology,"A sensitive bioassay for detecting Plasmodiophora brassicae in canola field soils","Feindel, W.; Zahr, K.; Nyandoro, R.; Xue, S.; Cao, T.; Feindel, D.; Harding, M.; Rahman, H.; Yu, F.; Feng, J.","We describe a biodegradable-cup bioassay for detecting viable Plasmodiophora brassicae in soil samples. Soil samples either artificially inoculated with P. brassicae resting spores or collected from canola fields were aliquoted into biodegradable cups containing 20 g of soil per cup. Two cups representing the same soil sample or inoculum concentration were placed in each pot filled with Sunshine Mix. Six seeds of the canola cultivar  Westar were sown into each cup and thinned to four seedlings per cup ten days after planting. After four weeks, roots were examined for the presence of clubroot galls. Across three independent inoculated-soil experiments, galls were observed in samples containing as few as 1 resting spore g-1 soil. In contrast, under a qPCR assay evaluated in parallel, consistent amplification across three technical replicates was obtained only at 100 resting spores g-1 soil or greater. In field samples, the bioassay produced galls from 11 qPCR-positive samples and seven of ten qPCR-negative samples. Although the bioassay is not intended for rapid diagnosis or direct quantification, it provides a practical tool for annual clubroot surveys and for studies requiring recovery, propagation, or characterization of viable P. brassicae from soil samples collected across diverse geographic regions."
2026-07-23,30,10.64898/2026.07.22.740098,1,biochemistry,"High resolution structure of plant Light-Harvesting Complex II (LHCII) provides insight into lutein conformations and energy quenching","Spurgeon, T.; Muench, S. P.; Adams, P. G.","Plant Light Harvesting Complex II (LHCII) is found in the thylakoid membranes of chloroplasts and balances two roles: energy collection for photosynthesis and energy dissipation to prevent photo-damage when there is excessive sunlight. The mechanism for LHCII to switch between two energetic states has been debated but may involve a pH-triggered conformational change. Here we present single-particle cryo-electron microscopy (EM) structures of ""light-harvesting"" LHCII in detergent at pH 7.5 and pH 4.5. The high resolution (2.48 [A]) maps provide clear placements for all bound pigments, giving high confidence in the models. Surprisingly, we find that there is little conformational change to the polypeptide between these new light harvesting structures and previously published crystals structures, thought to be energy dissipating. The crossing angles of helix A/B and the Lutein 1-Chlorophyll 612 separation distances are similar. This contrasts with other recent analyses of LHCII by single-particle EM that suggested a change to the helix A/B angle and a reduction in Lutein 1-Chlorophyll 612 separation may trigger quenching and a photoprotective state. The high resolution of our structures also allowed us to investigate small conformational changes of the lutein within L1/L2 binding sites of LHCII, revealing rotations and distortions in the pigment that could lead to changes in energy transfer. In addition, we find that low pH causes LHCII to form a destabilised structure where pigment loss from the V1 binding site (usually violaxanthin or zeaxanthin) correlated with a disordered C-terminus, often for just one LHCII monomer with an LHCII trimer. Overall, our findings have important implications for the molecular mechanism of photoprotection."
2026-07-23,30,10.64898/2026.07.22.739993,1,biochemistry,"A de novo designed enzyme for photo-proximity labeling of E3 ligase neighborhoods in live cells","Kim, N. H.; Lin, Z.; Nam, S.; Swaney, D.; Krogan, N.; Kim, Y. H.; Therien, M. J.; DeGrado, W. F.; Wells, J. A.","Photocatalytic proximity labeling proteomics (photo-PLP) has emerged as a powerful technology for rapid capture of protein interactomes in situ. Typically, photo-PLP relies on chemical conjugation of the photocatalyst to the target of interest which creates practical challenges for derivatized photocatalyst synthesis and bioconjugation specificity. Integrating the precision of genetically encodable enzymes with the versatility of chemically defined photocatalysts provides a modular approach to further expand the scope of neighborhood mapping. Here, we present EYClamp, a de novo designed proximity labeling enzyme harnessing the off-the-shelf photocatalyst Eosin Y (EY) as a cofactor. Using a domain-swapped dimer architecture, we designed a scaffold that binds EY with high affinity (Kd = 10 nM) and lengthens its triplet excited-state lifetime by 29-fold. EYClamp enables efficient, multi-scale photocatalytic proximity labeling in live cells with aryl-diazirine-, aryl-azide- and phenol-biotin. We genetically fused EYClamp to a panel of six important E3 ligases. Using EYClamp, we identified over 1,500 candidate neighbors for KEAP1, MDM2, ASB7 and STUB1, providing a broad and unbiased view of these important neighborhoods. Critical functional networks were revealed including ASB7 engagement with HP1a/CUL5 complex for heterochromatin remodeling. Our EYClamp provides a genetically encodable plug-and-play solution for photo-PLP interactome discovery of the large family of E3 ligases and establishes domain-swapping as a promising strategy for de novo photoenzyme design."
2026-07-23,30,10.64898/2026.07.22.740105,1,biochemistry,"Extracellular vesicles derived from cells overexpressing HGSNAT rescue defects in Mucopolysaccharidosis IIIC neurons","Moore, T.; Taherzadeh, M.; Pan, X.; Hewitt, M.; Faseli, M.; Layton-Matthews, D.; Charlebois, C.; Rukhlova, M.; Durcan, T.; Bakhshizadeh, A.; Elahi, S. M.; Sandhu, J. K.; Jezierski, A.; Pshezhetsky, A. V.","Mucopolysaccharidosis III type C (MPS IIIC) is a rare neurological lysosomal storage disorder caused by genetic deficiency of the lysosomal membrane enzyme, heparan--glucosaminide N-acetyltransferase (HGSNAT). To assess the feasibility of therapeutic strategies based on cross-correction of neurons by HGSNAT secreted from transplanted cells overexpressing the enzyme, we generated induced cortical neurons (iCN) from induced pluripotent stem cells (iPSCs) derived from MPS IIIC patients. The neurons were treated with extracellular vesicles (EV) purified from the culture medium conditioned by human endothelial cells transduced with a lentiviral vector encoding EGFP-tagged HGSNAT (LV-HGSNAT-EGFP). The isolated EV showed supraphysiologic HGSNAT activity levels and efficiently delivered the enzyme to the lysosomes of MPS IIIC iCN reducing lysosomal size and restoring normal synaptic protein levels. EV-mediated delivery of HGSNAT to neurons was further confirmed by the analysis of MPS IIIC iCN either co-cultured with iPSC-derived MPS IIIC microglia (iMGL) transduced with LV-HGSNAT-EGFP or treated with the iMGL conditioned medium. MPS IIIC iCN co-cultured with iMGL overexpressing HGSNAT achieved a complete phenotypic rescue, including normalization of lysosomal size, and the levels of heparan sulfate, GM2-ganglioside, synaptic proteins and brain-derived neurotropic factor. Treatment of MPS IIIC iCNs with conditioned medium led to a partial defects correction. Our findings reveal the translational potential of EV-mediated enzyme delivery in MPS IIIC patients treated with LV-mediated haematopoietic progenitor stem cell gene therapy."
2026-07-23,30,10.64898/2026.07.22.740099,1,biochemistry,"iG6PSnFR: A genetically encoded fluorescent sensor for observing glucose-6-phosphate dynamics in living preparations","Marvin, J. S.; Tsives, A.; Huang, S. M.; Koshenov, Z.; Adhikari, R.; Wolfe, A. D.; Gonzalez, I. J.; Feliciano, D.; Ryan, T. A.; Merrins, M. J.; Colon-Ramos, D.; Brown, T. A.","Glucose-6-phosphate (G6P) is a key intermediate in multiple energetic and anabolic pathways, and quantifying its dynamics is essential for understanding cellular physiology. We have previously developed a syndicate of intensity-based, genetically encoded sensors based on the insertion of circularly permuted GFP into a Venus-flytrap-like analyte-binding protein. Here we use the same approach to develop an intensity-based G6P Sensing Fluorescent Reporter (iG6PSnFR). We present two variants: a G6P-activated sensor that increases fluorescence and a G6P-inactivated sensor that decreases fluorescence. We validate performance across progressively more complex preparations, including purified protein in vitro, immortalized and primary neuronal cultures, isolated pancreatic islets, in an intravital liver model, and finally in vivo in C. elegans neurons. In each context, iG6PSnFR reports G6P changes consistent with expected responses to physiological perturbations."
2026-07-23,30,10.1101/2025.09.07.674730,3,bioinformatics,"Fast and accurate taxonomic domain assignment of short metagenomic reads using BBERT","Alekhin, D.; Alon, M.; Sidi, T.; Perez Mazeh, S.; Carmi, G.; Finkel, O. M.; Erez, A.","Shotgun metagenomes from complex environments such as soil uncover vast biodiversity. Yet most short reads produced by shotgun sequencing cannot be taxonomically or functionally annotated, as they lack a sufficiently comprehensive reference, obscuring the true structure and function of microbial communities. We introduce BBERT, a nucleotide large language model optimized for short reads. Testing on a large cohort of soil metagenomes, we found that BBERT identifies bacterial sequence syntax without relying on reference databases, enabling accurate assignment of taxonomic domain, coding potential, and reading frame directly from reads as short as 100 bp. BBERT is small and fast enough to analyze metagenomes using a modest GPU and can be used to convert short metagenomic reads directly to bacterial amino acid sequences for downstream applications. BBERT also improves de-novo metagenomic assembly, reducing mismatches and gaps while accelerating runtime. Using metagenomes from wild legume nodules, we demonstrate that BBERT filtering improves bin quality while significantly accelerating de-novo assembly. By providing fast, reference-free classification of short reads, BBERT unlocks large metagenomic archives for more accurate ecological and evolutionary analyses."
2026-07-23,30,10.64898/2026.07.21.739918,1,biophysics,"Nuclear size and physical properties of the nucleoplasm are determined by colloid osmotic pressure at the nuclear envelope","Lemiere, J.; Tan, Z.; Chang, F.","The size of the nucleus scales with cell size, suggesting a universal scaling rule. Yet the biophysical determinants of nuclear size and the significance and consequences of altered nuclear-to-cell (N/C) ratios, which are observed across diverse pathological states and cell-fate transitions, remain poorly understood. Recent theoretical models propose that nuclear size arises from a balance of colloid osmotic pressures generated by macromolecules in the nucleoplasm and cytoplasm. Here we demonstrate that altering this osmotic balance through massive overexpression of an exogenous protein targeted to either the nucleoplasm or cytoplasm produces predictable changes in the N/C ratio in S. pombe. These quantitative perturbations show that nuclear size is set primarily by the number of proteins in the nucleus and cytoplasm, providing strong support for a pure osmotic pressure mechanism. Furthermore, cells with altered N/C ratios display tunable changes in nucleoplasmic crowding, nuclear condensate formation, nucleolar scaling and heterochromatin organization, establishing a causal link between nuclear size and gene regulatory processes. These findings reveal how cells exploit osmotic forces to set organelle dimensions, with broad implications for understanding how nuclear size shapes gene expression and cell identity in health and disease."
2026-07-23,30,10.64898/2026.07.17.739144,1,microbiology,"IFNγ at the crossroads of systemic protection and brain vulnerability to coronavirus infection","Sabater, A.; Arevalo, A. P.; Perbolianachis, P.; Sanchis, P.; Pascual, G.; Porfido, J. L.; Seniuk, R.; Portela, M.; Valacco, M. P.; Cotignola, J.; Vazquez, E.; Labanca, E.; Carballeda, J. M.; Moreno, P.; Moratorio, G.; Crispo, M.; Gueron, G.; Toro, A.","The COVID-19 pandemic, together with previous outbreaks caused by highly pathogenic coronaviruses, highlighted the importance of understanding the host determinants that influence pathogenesis, both to improve our understanding of disease mechanisms, and to strengthen preparedness for future outbreaks. In our previous work we demonstrated dysregulation of IFN{gamma} response genes in COVID-19 patients, associated with both age and viral burden, positioning IFN{gamma} as a key mediator of host defense against SARS-CoV-2. Here, we used a preclinical murine model of coronavirus infection based on murine hepatitis virus (MHV-A59), widely validated for studying SARS-CoV-2 pathogenesis, together with IFN{gamma} knockout (IFN{gamma}-KO) mice to investigate the role of this cytokine during infection. We performed a comprehensive morphological, biochemical, hematological and proteomic characterization of infected wild-type (WT) and IFN{gamma}-deficient mice. Plasma proteomics revealed impaired inflammatory and coagulation-related responses in IFN{gamma}-KO animals compared to WT controls. We found increased viral load and infectious particles in peripheral organs, including liver, spleen, heart and muscle in IFN{gamma}-KO mice, whereas these were significantly reduced in the brain. Region-specific analysis further demonstrated decreased viral load in the prefrontal cortex and hippocampus of IFN{gamma}-KO animals. Consistently, bioinformatics analysis of transcriptomics data of IFN{gamma}-treated primary neuron cultures, together with frontal cortex from human COVID-19 patients, revealed activation of neuroinflammatory and neurological disease-associated pathways, supporting a role for IFN{gamma} in driving brain inflammatory responses during coronavirus infection. Together, these findings reveal a dual role for IFN{gamma} during coronavirus infection: it is important for controlling systemic viral dissemination and limiting peripheral tissue damage, yet it may also promote viral susceptibility and exacerbated inflammatory responses in the brain. These results support IFN{gamma} modulation as a potential therapeutic strategy to prevent or mitigate neurological complications associated with COVID-19.  Author SummaryViral infections are controlled by the immune system, but the same responses that protect the body can sometimes contribute to tissue damage and disease. We investigated how a key immune molecule, called Interferon Gamma, influences the outcome of Coronavirus infection in different parts of the body. Using a mouse model of Coronavirus infection with Interferon Gamma deficiency, we found that this molecule plays two opposing roles: it helps control the spread of the virus throughout the body, but it also increases vulnerability of the brain to infection and inflammation. When this immune signal was absent, animals showed higher amounts of virus in several peripheral organs but surprisingly had lower levels of virus in specific brain regions. We further found that this immune response was associated with changes in inflammation and neurological processes in human data. Our findings reveal that antiviral immunity is not always uniformly protective and that its effects depend on the tissue involved. Understanding this balance may help guide future approaches to reduce virus-associated complications while preserving the protective functions of the immune response."
2026-07-23,30,10.64898/2026.07.19.739452,2,microbiology,"Accounting for DNA Recovery and Cell Culturability Enhances Quantitative Compatibility of Molecular and Legiolert Assays for Legionella pneumophila","Yang, J.; He, H.; DiLoreto, S.; Sudarshan, A. S.; Graham, K. E.; Neal, L.; Brown, J. S.; Pieper, K. J.; Stubbins, A.; Impellitteri, C. A.; Huang, C.-H.; Pinto, A. J.","Disagreement between molecular and culture-based assays for Legionella pneumophila detection is widely reported, yet comparisons have largely been based on direct assay-derived concentrations or binary positive/negative outcomes. However, it remains unclear whether molecular-culture disagreement reflects concentration-level incompatibility or unaccounted methodological and physiological differences related to DNA recovery and cell culturability. In this study, we observed substantial disagreement between molecular and Legiolert assays in source and finished drinking water samples collected from eight full-scale drinking water systems across the United States. Molecular thresholds adjusted for DNA recovery and cell culturability only partially resolved these discrepancies. We therefore developed a probabilistic Monte Carlo framework that incorporates sample-specific DNA recovery and cell culturability to evaluate the quantitative consistency of culturable L. pneumophila concentrations estimated by molecular and Legiolert assays. Quantitatively consistent and inconsistent samples occurred across both binary concordant and discordant classifications, demonstrating that positive/negative agreement poorly reflects concentration-level comparability. Overall, molecular and Legiolert assays showed strong quantitative consistency once sample-specific DNA recovery and cell culturability were considered. A small proportion of persistent inconsistencies at specific sampling sites, coupled with atypical microbial indicators, suggest that sample heterogeneity likely contributed to the remaining discrepancies. These findings demonstrate that integrating DNA recovery and cell culturability enhanced quantitative consistency between molecular and Legiolert assays and supports the use of molecular methods as rapid quantitative tools to complement culture-based L. pneumophila monitoring."
2026-07-23,30,10.64898/2026.06.27.734978,2,"cell biology","A platform for robust quantitative functional genomics reveals temporal fitness landscapes in African trypanosomes","D'Archivio, S.; Brusini, L.; Trindade, S.; Figueiredo, L. M.; Gadelha, C.; Wickstead, B.","Genome-scale phenotypic screening is transforming our understanding of host-pathogen interactions, but accurate quantitation of mutant fitness and generation of libraries in strains that capture complex disease characteristics remains challenging. Here we introduce Direct RNAi Fragment Sequencing (DRiF-Seq), a sequencing-optimized high-throughput RNA-interference platform that enables robust, clone-resolved quantification of fitness effects in African trypanosomes. Combined with an a posteriori noise estimation approach, DRiF-Seq provides reproducible estimates of fitness magnitude, timing, and statistical confidence for individual mutants and genes. Application to pleomorphic bloodstream-form Trypanosoma brucei enables the first genome-scale quantitative profiling in a mammalian infection model, creating a framework for investigating parasite biology at scale in host. DRiF-Seq demonstrates that over half of core genes have a fitness cost when targetted by RNAi, accurately resolves fitness landscapes within molecular complexes, identifies characteristic temporal signatures of gene disruption, and detects biologically meaningful differences between closely related parasite strains that predict differential drug sensitivity. Comparative analyses with genome-wide datasets from Toxoplasma and Plasmodium further demonstrate conserved and lineage-specific determinants of parasite fitness across eukaryotes. Together, DRiF-Seq provides a sensitive and transferable framework for quantitative functional genomics, a community resource for understanding parasite biology and a system for exploitation of high-complexity mutant screens in host."
2026-07-23,30,10.64898/2026.07.22.740069,1,"cell biology","TMEM135 deficiency remodels hepatic lipid homeostasis and protein malonylation through a DHA-sensitive lipogenic program buffered by peroxisomal metabolism","Hagimori, R.; Landowski, M.; Song, S.; Gogoi, P.; Brush, R. S.; Bonvicino, S. M.; Barrett-Wilt, G.; Ikeda, S.; Yamada, K.-i.; Yen, C.-L. E.; Takimoto, T.; Agbaga, M.-P.; Ikeda, A.","TMEM135 has been implicated in lipid metabolism, but its role in regulating hepatic lipid homeostasis remains unclear. Here, we investigated how TMEM135 affects hepatic lipid metabolism using Tmem135 mutant mice with liver-specific Pex5 deletion. The Tmem135 mutation induced a lipogenic state characterized by depletion of docosahexaenoic acid (DHA), activation of SREBP-dependent pathways, and increased monounsaturated fatty acids without causing hepatic steatosis. In contrast, loss of PEX5-dependent peroxisomal function in Tmem135 mutant mice resulted in marked hepatic lipid accumulation, indicating that peroxisomal metabolism buffers the elevated lipogenic state. Fish oil supplementation to Tmem135 mutant mice restored DHA levels and suppressed lipogenesis. Proteomics identified distinct DHA-sensitive metabolic programs, including activation of SREBP-dependent lipogenesis. Quantitative malonyl-proteomics revealed increased malonylation of glycolytic enzymes, accompanied by altered glycolytic output. Together, these findings identify TMEM135 as a central regulator of hepatic lipid metabolism and uncover a coordinated mechanism linking lipid availability, lipogenesis, and post-translational metabolic regulation."
2026-07-23,30,10.64898/2026.07.20.739547,1,"cell biology","Toxoplasma GRA8 engages the host ESCRT accessory protein ALG-2 and is necessary for parasite metabolic integrity","Kaur, H.; Guevara, R. B.; Rivera-Cuevas, Y.; Olafsson, E. B.; Mayoral, J.; Augusto, L.; Guerra, A. J.; Patel, R.; Bohannon, K. P.; Sexton, J. Z.; Hanson, P. I.; Weiss, L. M.; Carruthers, V. B.","The endosomal sorting complex required for transport (ESCRT) is a hetero-multimeric membrane-remodeling machinery essential for endosomal sorting, intraluminal vesicle formation, cytokinetic abscission, and membrane repair. ESCRT is also hijacked by some pathogens including the protozoan Toxoplasma gondii, which subverts it at the parasitophorous vacuole membrane to support parasite ingestion of host cytosolic proteins. Although the ESCRT accessory protein, ALG-2 is recruited to the parasitophorous vacuole, nothing was known about how this happens. Herein we identify the dense granule protein TgGRA8 as a key effector that recruits ALG-2 and ALIX to the parasitophorous vacuole. We show that TgGRA8 directly binds ALG-2 via conserved ALG-2-binding elements like those found in other ALG-2 interacting proteins including ALIX and SEC31A. Biochemical assays show high-affinity, Ca{superscript 2}-dependent TgGRA8-ALG-2 binding, and structural modeling suggests TgGRA8 may assemble multivalently to coordinate multiple ALG-2 dimers, stabilizing ALG-2/ALIX recruitment through a non-canonical bridging mechanism. Conservation of these motifs among tissue cyst-forming coccidians implies a lineage-linked adaptation that supports infection by these parasites. Metabolomics further indicates that TgGRA8 loss disrupts amino acid, purine, and central carbon metabolism, like those seen in other ingestion deficient mutants. Together, these findings uncover a conserved, multivalent strategy by which Toxoplasma engages host ALG-2 to organize ESCRT at the parasitophorous vacuole, thereby coupling nutrient acquisition to metabolic fitness and exposing a novel agent for probing ESCRT biology."
2026-07-23,30,10.64898/2026.07.22.740085,1,"cell biology","p63 regulates stem cell maintenance and age-associated functional decline in human airway basal cells","Farr, A. S.; Orr, J. C.; Ahmed, B. M.; Hascher, L.; Brooks, T.; Hynds, R. E.","Age is a principal risk factor for chronic respiratory diseases. During aging, the airway epithelium undergoes structural and functional changes, including a reduced regenerative capacity. Basal cells act as stem/progenitor cells within the airway epithelium and are known to acquire age-dependent intrinsic defects, such as genomic mutations, transcriptomic changes and declining stem cell potential. However, the molecular mechanisms bridging transcriptomic change and stem cell function are unknown. Here we show that the transcription factor p63, a key regulator of epithelial cell identity, controls airway basal cell progenitor function in vitro and declines in expression with aging. We found impaired in vitro 2D colony and 3D organoid formation potential, as well as reduced culture longevity in primary human nasal basal cells isolated from older adults (>70 years) compared to those from pediatric (<10 years) donors. p63 protein expression was lower in basal cells from older adults and p63-regulated genes were enriched among genes whose expression changed with aging. Overexpression of p63 in older adult basal cells partially rescued progenitor cell functions, while gene knockdown in pediatric cells caused functional deficits. Integrative transcriptomic analyses revealed the network of p63-regulated genes in basal cells and demonstrated similarities in pathway engagement between TP63-knockdown cells and aged epithelium. Thus, while exogenous p63 expression alone could not rejuvenate older adult epithelial cells, p63 has an influential role in declining epithelial stem cell function during airway aging. Defining the upstream mechanisms controlling p63 decline during epithelial aging may reveal novel targets to promote healthy aging and reduce the burden of chronic lung disease."
2026-07-23,30,10.64898/2026.07.17.739231,1,genetics,"eIF5A is an indispensable protein for eukaryotic cells","Alepuz, P.; Prieto-Diez, S.; Aguilar-Diez, A.; Araque, L.; Peris, D.","eIF5A is an evolutionarily conserved protein found in all eukaryotes, and in Archaea and bacteria. It functions as a translation factor promoting ribosomal elongation, and it can also bind to genes in the nucleus and to mRNA. eIF5A is encoded by two paralogous genes in most eukaryotes, with one copy (TIF51A in yeast and EIF5A1 in humans) highly expressed and essential, and the other (TIF51B in yeast and EIF5A2 in humans) repressed in most cells and conditions. eIF5A is linked to viral infection, aging, diabetes and neurodevelopmental disorders. Whilst derepression of the duplicated silent gene EIF5A2 is associated with several cancers, promoting metastasis. To expand our knowledge of eIF5As function, we searched for suppressors of yeast temperature-sensitive mutants of TIF51A, which cannot grow at restrictive temperature. All suppressors contained mutations in the transcriptional repressors Rox1 and Mot3, resulting in the upregulation of the paralogous gene TIF51B. Next, we searched for suppressors of TIF51A temperature-sensitive mutants in yeast lacking the TIF51B gene. The frequency of suppression was 20-times lower and all suppressors were revertants or contained intragenic mutations in the Tif51A protein that conferred stability. Our results suggest that the duplicated eIF5A gene serves as a non-conventional backup system that rescues mutations in the first copy, but acting at the population level. Furthermore, our results expand our understanding of the repression mechanisms that keep the second eIF5A gene silent. Lastly, our results demonstrate that eIF5A is an indispensable protein in eukaryotic cells, whose function cannot be substituted by mutations in other proteins or pathways."
2026-07-23,30,10.64898/2026.07.20.739603,1,genomics,"Circadian transcriptome in cultured cells depends on synchronisation method and differs from in vivo condition","Dudek, M.; Goncalves, C. F.; Hoyland, J. A.; Meng, Q.-J.","In vitro synchronisation is widely used to study circadian clocks in cells, but whether cultured cells recapitulate tissue-level rhythmic outputs remains unclear. Articular cartilage provides a useful model to address this because chondrocytes are the only resident cell type. Here, we compared circadian time series transcriptomes between primary mouse chondrocytes synchronised by heat shock, dexamethasone, or osmotic stress and in vivo cartilage tissue. All three stimuli robustly synchronised core clock gene rhythms but produced distinct circadian phases and markedly different rhythmic transcriptomes, depending on the synchronizer. Heat shock, dexamethasone, and osmotic stress yielded 5255, 2008, and 879 transcripts classified as rhythmic, respectively, in primary chondrocytes, yet only 64 genes were shared across the three in vitro datasets, and only 15 were shared when in vivo cartilage transcriptome was included. Pairwise comparisons between synchronizers revealed some statistically enriched overlaps, but only marginally above chance, and shared genes showed limited conservation of circadian phase. Functional enrichment analysis also revealed stimulus-dependent rhythmic programmes with modest pathway-level overlap. These findings indicate that circadian output in cultured cells is shaped by the synchronising cue and cellular microenvironment. We also present BodyClocks.org, an interactive resource implementing this comparative framework across a curated collection of circadian transcriptomic datasets."
2026-07-23,30,10.64898/2026.07.17.739095,1,genomics,"Harmonized nucleoside mass spectrometry enables reproducible cross-platform RNA modification quantification","Dalwigk, J. F.; Kerkhoff, K.; Knittelfelder, O.; Ross, R.; Petrella, M. C.; Kusnierczyk, A.; Bhandari, T.; Attina, A.; Burkard, A.; Bras-Costa, C.; DeMott, M. S.; Johnson, K.; Kerkhoff-Bernaciak, X.; Kist, J.; Koegel, K.; Kraemer, M.; Moreno-Ballesteros, R.; Podoprygorina, G.; Simcox, K.; Simsir, O.; Skriba, A.; Wein, S.; Cahova, H.; Garcia, B. A.; Helm, M.; Alexandre, D.; Hoefer, K.; Leidel, S.; Limbach, P. A.; Novoa, E.; Sabido, E.; Schneider, S.; Wolff, P.; Dedon, P.; Cheung, V.; Kaiser, S.","RNA modification analysis by LC-MS/MS is central to epitranscriptomics, yet quantitative comparison across laboratories and instrument platforms remains poorly standardized. Here, we performed a community-driven benchmarking study during the first Human RNome Pro-ject workshop to systematically evaluate cross-platform reproducibility of ribonucleoside mass spectrometry workflows. Using the same analytical column and gradient, standardized RNA samples, and shared reagents, we compared nucleoside quantification across quadru-pole, time-of-flight, and orbitrap-based LC-MS platforms employing distinct acquisition strategies. While chromatographic separation was highly reproducible across systems, nucleoside-specific MS response behavior differed substantially between platforms and limited direct comparability of relative signal intensities. These response differences varied across ana-lytes and concentration ranges, demonstrating that harmonized chromatography alone is in-sufficient for transferable quantitative analysis. Stable isotope-labeled internal standard (SILIS) normalization substantially reduced platform- and method-dependent response and im-proved agreement for most evaluated modifications. External calibration improved agreement between qTOF and Orbitrap workflows for a subset of modifications but did not fully resolve residual intersystem differences. Based on these findings, we establish benchmark-derived recommendations for harmonized relative and absolute RNA modification quantification, including guidance for calibration de-sign, quality control, and data reporting. Together, this work provides a methodological framework for reproducible nucleoside LC-MS/MS workflows and establishes a foundation for large-scale comparative epitranscriptomic studies."
2026-07-23,30,10.64898/2026.07.22.740124,1,bioengineering,"Self-powered electronics-free Wearable Disposable Electrotherapy (WDE) platform for accelerated wound healing","Belali Koochesfahani, M.; Donnery, K. V.; Senthil Kumar, A.; Bhuiyan, R.; Drumm, D. A.; Mirza, B.; Posada Perez, M.; Diaz Uraga, M. R.; Nunez Ponasso, G. C.; Makaroff, S.; FallahRad, M.; Bikson, M.","Electrical stimulation accelerates wound repair by modulating endogenous bioelectric signals that regulate inflammation, angiogenesis, extracellular matrix remodeling, and cellular responses within the wound microenvironment. However, clinical translation has been hindered by cumbersome devices with procedures that disrupt standard wound-care workflows, direct electrode contact with the wound bed, and/or limited stimulation output. Wearable Disposable Electrotherapy (WDE) integrates an electronics-free printed electrochemical architecture into an mm-thick patch that looks and is applied like a conventional bandage. The device is self-powered and delivers a single electrotherapy dose simply by application to the skin. Device dose-control (electrochemical performance) and efficacy were evaluated in a full-thickness excisional wound model in rats, compared with a sham device and a conventional Constant Current (CC) stimulator. WDE or control treatments were applied daily from day 1 through day 13, with endpoint evaluation on day 14. WDE delivered electrical stimulation comparable to CC while reducing the time required to achieve 50% wound closure by 2.08 days (~29%) relative to sham treatment. Histological and immunofluorescence analyses at day 14 demonstrated enhanced tissue remodeling, including increased collagen deposition (~25%), tissue cellularity (~73%), myofibroblast-associated SMA expression (~2.6-fold), angiogenesis-associated CD31 expression (~2.0-fold), and increased expression of both M2- (CD206, ~2.0-fold) and M1-associated (iNOS, ~1.7-fold) markers compared with sham. A novel cellular-resolution dosimetry model, leveraging charge-based boundary element method accelerated with the fast multipole method (BEM-FMM), provides a biophysical framework linking electrical stimulation with wound microenvironment and tissue repair mechanisms. Together, these findings establish WDE as a practical bioelectric wound dressing that accelerates wound healing and tissue remodeling, with the simplicity and scalability of disposable bandages."
2026-07-23,30,10.64898/2025.12.01.691558,3,bioinformatics,"GraTools, an user-friendly tool for exploring and manipulating pangenome variation graphs","Ravel, S.; Marthe, N.; Carrette, C.; Mohamed, M.; Sabot, F.; Tranchant-Dubreuil, C.","Background: Pangenome variation graphs (PVGs), which represent genomic diversity through multiple genomes alignment, are powerful tools for studying genomic variations in populations. However, current tools often lack integration, efficiency, or require format conversions, to use them, hindering their usability. Results: Here, we introduce GraTools, a fast and user-friendly command-line tool for manipulating PVGs using the original GFA file. After a one-time graph import, GraTools enables rapid subgraph extraction, fasta sequence retrieval, and comprehensive analyses, including core/dispensable genome ratio calculation or group-specific segment identification. The import step results in conversion in standard data formats (BAM/BED), enabling the reuse of well-optimized existing tools, allowing an efficient storage and the querying of the PVGs large complex data structures. Scalability is ensured by a modular architecture sup- porting parallel processing and asynchronous I/O operations. GraTools supports coordinates defined on both the primary reference as well as from alternative genomes within the graph without re-importing, and its outputs can be easily visualized or manipulated using external tools. Using an Asian rice pangenome graph (13 accessions), we demonstrate its ability to easily extract subgraphs, compute depth statistics, and identify subspecies-specific segments. An intuitive command-line interface, a real-time execution feedback and a detailed logging system make this tool suitable for a wide range of applications, from population genetics to breeding and genomic medicine, for both biologists and bioinformati- cians. Conclusions: Through its unified graph manipulation interface, GraTools offers an interesting alternative to the few existing tools for manipulating PVGs, facil- itating rapid, efficient and flexible downstream analyses. It is available as an open-source tool (GNU GPLv3), with its documentation available at https: //gratools.readthedocs.io."
2026-07-23,30,10.64898/2026.07.19.739427,1,bioinformatics,"Integrated Bioinformatics Analysis of PALB2 Reveals Expression Patterns, Molecular Interactions, and Prognostic Significance in Breast Cancer","Bithi, A. J.; Rahat, M. H.","Background: Partner and Localizer of BRCA2 (PALB2) is a key tumor suppressor gene involved in homologous recombination mediated DNA repair through its interactions with BRCA1 and BRCA2. Germline alterations in PALB2 have been associated with hereditary breast cancer risk; however, its broader molecular role in breast cancer progression and prognosis requires further investigation. Methods: A comprehensive in silico analysis of PALB2 was performed using publicly available databases and bioinformatics platforms. Differential expression of PALB2 in breast cancer were evaluated using GEPIA2. Prognostic significance was assessed through Kaplan Meier analyses for overall survival (OS) and disease free survival (DFS). Protein protein interaction (PPI) networks were constructed using STRING. Functional enrichment analyses of PALB2-associated genes were conducted using g. Mutational profiling of PALB2 in breast cancer was performed using cBioPortal with data from TCGA breast cancer cohorts. Results: PALB2 expression was elevated in breast tumor tissues compared with normal breast tissues. Survival analyses revealed no statistically significant association between PALB2 expression and either overall survival (HR = 0.88, p = 0.44) or disease free survival (HR = 0.74, p = 0.11). Protein interaction analysis revealed strong interactions between PALB2 and major DNA repair proteins including BRCA1, BRCA2, RAD51, RAD51C, FANCD2, and BRIP1. Functional enrichment analysis showed limited significant pathway enrichment, with only marginal transcription factor motif enrichment observed. Mutational analysis demonstrated diverse genomic alterations including missense mutations, truncating mutations, copy number gains, and shallow deletions. Conclusion: The findings support the biological relevance of PALB2 in breast cancer through its elevated expression and strong connectivity within DNA repair pathways. However, PALB2 expression alone does not appear to serve as an independent prognostic indicator. Further studies integrating genomic, transcriptomic, and clinical parameters are required to clarify its role in breast cancer progression and therapeutic response. Keywords: PALB2; Breast Cancer; Bioinformatics; Gene Expression Analysis; Protein Protein Interaction; Survival Analysis; Mutation Profiling; Homologous Recombination; TCGA; GEPIA2"
2026-07-23,30,10.64898/2026.07.20.739529,1,bioinformatics,"A transparent multicriteria and fuzzy classification approach for genome-based probiotic candidate prioritisation","Ounissi, N. E.; Gomri, M. A.; El Hadef El Okki, M.","The identification of novel probiotic candidates with potential health-promoting properties remains a major challenge in food biotechnology and increasingly relies on in silico screening of genomic information. However, probiogenomic markers are heterogeneous, and safety, survival-colonisation, and functional-benefit traits do not contribute equally to probiotic potential. This study developed the Structured Probiotic Potential Index (SPPI), a fuzzy multicriteria system for genome-based probiotic candidate prioritisation. A hierarchical evaluation structure was established from probiogenomic evidence and organised into three main pillars and fourteen subcriteria. Expert judgements were collected using the Analytic Hierarchy Process, followed by consistency-based curation and weight aggregation. A curated dataset of 48 complete bacterial genomes, distributed into probiotic, potentially probiotic, neutral, and pathogenic groups, was taxonomically validated and analysed using an automated probiogenomic screening pipeline. Genome-wide screening generated 3,218 binary genomic features, from which curated probiogenomic markers were mapped to the scoring hierarchy. The resulting index was formulated as a normalised expert-weighted equation integrating safety, survival-colonisation, and functional-benefit components. SPPI prioritised genomes according to weighted probiogenomic profiles and separated pathogenic genomes from favourable probiotic and potentially probiotic profiles within the analysed dataset. Downstream Fuzzy Comprehensive Evaluation transformed the continuous score into probiotic/potentially probiotic, neutral, and pathogenic classes. Under internal leave-one-out evaluation, all 48 genomes were assigned to their expected reference classes, while confidence analysis distinguished high-confidence from borderline assignments. Post-classification comparison with ProbML showed concordant behaviour for most genomes and discordant predictions for selected cases. These results support SPPI as a transparent genome-based decision-support system for early probiotic candidate prioritisation before experimental validation."
2026-07-23,30,10.64898/2026.07.20.739560,1,genetics,"Programmed chromosome elimination correlates with the overexpression of cohesin and additional B chromosome-encoded genes in Aegilops speltoides","Kim, G.; Thiel, J.; Camara, A. S.; Li, D.; Bojdov, T.; Fuchs, J.; Cuacos, M.; Kumlehn, J.; Jhingan, S.; Himmelbach, A.; Potlapalli, B. P.; Szymanski, J.; Fiebig, A.; Karafiatova, M.; Hajirezaei, M.-R.; Bartos, J.; Houben, A.","Programmed chromosome elimination is a highly controlled developmental process in which specific chromosomes are selectively lost from defined cell types during development. Despite its broad occurrence across plants and animals, the molecular mechanisms driving the tissue-specific elimination of chromosomes remain largely unresolved. Here, we exploit the root-specific elimination of supernumerary B chromosomes in Aegilops speltoides as a tractable model to identify the genetic basis of programmed chromosome loss. A high-quality, chromosome-scale genome assembly was generated, assigning 398 Mb of sequence to the Ae. speltoides B chromosome. Transcriptome profiling across seven tissue types representing chromosome elimination-active, elimination-negative, and B chromosome nondisjunction conditions identified 3,262 genes consistently upregulated in elimination-associated tissues, including 1,035 B genes. Stepwise subtraction of genes expressed in post-elimination and B chromosome-retaining reference tissues, followed by intersection with genes expressed during B nondisjunction in anthers, identified a candidate gene set enriched for chromosome segregation functions. From this set, we prioritized SYN2-B, a B chromosome-encoded cohesin -kleisin subunit whose Arabidopsis thaliana ortholog AtSYN2 induces chromosome bridges and micronucleus formation when misregulated. CENH3-B, an -type centromeric histone variant identified through GO enrichment analysis of B genes expressed in elimination-associated tissues, was shown to be incorporated in centromeres of both A and B chromosomes by transient gene expression assays using protoplasts and 3D structured illumination microscopy. These findings support a model in which B chromosome-encoded perturbations of cohesin activity and centromere composition contribute to selective B chromosome nondisjunction and their elimination in root tissues. Moreover, the SYN2-B promoter is enriched for ethylene response factor-binding sites compared to its A-encoded paralog, suggesting that ethylene is implicated in the root identity pathway driving root-specific B chromosome elimination."
2026-07-23,30,10.64898/2026.07.20.739542,1,genomics,"A highly penetrant LMNA R541C variant associated with dilated cardiomyopathy leads to dysregulation in metabolism and proliferation pathways in stem cell-derived cardiomyocytes","Keller, T. E.; Koehring, C.; Higgins, B. R.; Yang, J.; Siddiqui, F. A.; Farsaei, F.; Kim, K.; McDonald, T. V.","Background LMNA codes a widely expressed nuclear cytoskeletal protein (lamin A/C) with multiple important functions. Pathogenic LMNA genetic variation may lead to autosomal dominant cardiomyopathy, though the severity and rate of progression can vary with the specific nucleotide change and location. Prior studies showed that induced pluripotent stem cells (iPSC)-derived cardiomyocytes (iCMs) with LMNA R541C exhibited reduced LMNA protein abundance, increased sarcomere disorganization, and abnormal electrophysiology. Methods We investigated the LMNA-R541C variant that exhibits a highly penetrant and severe clinical cardiomyopathy phenotype using transcriptomic analysis of iCMs. Patient-derived iPSCs with CRISPR-corrected (clustered regularly interspersed short palindromic repeats) isogenic control cells and CRISPR knock-in LMNA-R541C heterozygous iPSCs were generated for isogenic controlled experiments. Results In differential gene expression analyses we observed that LMNAR541C/WT iPSC-derived cardiomyocytes had consistent perturbations in 123 genes across CRISPR-corrected and knock-in experiments compared to controls. Pathway analysis identified that the G2M checkpoint and oxidative phosphorylation processes were consistently dysregulated and confirm these findings in previously published iPSC and murine models. Discussion These results implicate perturbed gene expression and pathways that may contribute to the severe phenotypes in LMNA-R541C. Informatic analysis of pathways suggests several drug classes including multiple cardiac glycosides as potential targeted therapeutic candidates to be explored."
2026-07-23,30,10.64898/2026.07.23.740317,1,bioinformatics,"PhytoFam: A Nextflow Pipeline for Genome-Wide Analysis of Plant Gene Families","Parajuli, S.; Adhikari, B.; Fennell, A.; Nepal, M. P.","Genome-wide identification of plant gene families is essential for functional and evolutionary studies but often requires the use of multiple independent tools for homolog detection, domain validation, orthology assignment, and phylogenetic analysis. This fragmented approach involves extensive manual scripting, complicates reproducibility and parameter tracking, and may require additional steps to remove redundant protein isoforms. To address these challenges, we developed PhytoFam, a Nextflow-based workflow that automates gene family identification from proteome input through phylogenetic reconstruction. The pipeline integrates HMMER for candidate sequence identification, isoform-aware deduplication, InterProScan for domain confirmation, BLAST reciprocal best hit (RBH) analysis for orthology assignment, MUSCLE for multiple sequence alignment with optional outgroup incorporation, TrimAl for alignment trimming, and IQ-TREE3 for phylogenetic reconstruction. PhytoFam is portable across local workstations and high-performance computing environments and supports deployment through Conda, Docker, and Singularity. We validated the workflow using the Morus alba MADS-box gene family, where the complete analysis finished in 1 h 10 min (9 CPU h). IQ-TREE3 accounted for most of the execution time, whereas InterProScan showed the highest memory requirement with a peak resident set size of 4.5 GB. PhytoFam provides a reproducible, automated, and scalable solution for plant gene family identification and phylogenetic analysis. The pipeline is freely available at https://github.com/sanamparajuli/PhytoFam."
2026-07-23,30,10.64898/2026.07.20.739564,1,biophysics,"Nanopore Electrometry Resolves Peptide Charge Patterns beyond Ionic-Current Blockade","Sur, P.; Maiti, P. K.; Varma, M. M.","Localized measurements of electric fields offer a promising route to expand the information content of nanopore-based single-molecule sensing beyond conventional ionic-current blockade. Here, using all-atom molecular dynamics simulations with virtual electric-field probes placed around a graphene nanopore, we show that the local electric-field captures the presence, and distribution of charged amino acids as the peptides translocate through the pore. These field signatures create reproducible peptide-specific fingerprints across independent translocation events and enable substantially improved discrimination between peptides compared with ionic-current traces obtained under the same simulation conditions. Our results suggest that localized nanopore electrometry can provide a complementary, information-rich readout of peptide charge order that is largely inaccessible to conventional current-blockade-based measurements. This study establishes a simulation-guided framework for integrating nanoscale electrometry with nanopore platforms for future peptide and protein analysis."
2026-07-23,30,10.64898/2026.07.20.739554,1,biophysics,"Symmetry-breaking flow bifurcation as an under-recognised haemodynamic factor in valve-associated thrombosis","Chen, Y.; Vigolo, D.","Venous thrombosis commonly develops in the vicinity of venous valve pockets, where disturbed haemodynamics, xreduced washout, and endothelial dysfunction promote thrombus initiation. While previous studies have focused on conventional flow descriptors such as velocity, shear stress, recirculation, and residence time, the influence of valve mechanics on flow organisation remains poorly understood. Here, we combine a biomimetic vein-on-a-chip platform with computational fluid dynamics, fluid-structure interaction simulations, Ghost Particle Velocimetry (GPV), whole-blood flow measurements, and particle transport experiments to investigate the interplay between valve biomechanics and venous haemodynamics. Movable venous valve leaflets fabricated by in situ photopolymerisation of poly(ethylene glycol) diacrylate (PEGDA) enabled independent control of leaflet stiffness under physiologically relevant steady and pulsatile flow conditions. Previous experiments demonstrated that leaflet flexibility governs thrombus localisation, with symmetric leaflet stiffness promoting clot formation at the valve tips, while asymmetric stiffness shifts thrombus formation towards the valve sinus. In addition, we identify a previously undescribed Reynolds-number-dependent symmetry-breaking transition in post-valve flow. Above a critical flow condition, an initially symmetric jet spontaneously develops into a stable asymmetric flow pattern. This behaviour was consistently reproduced experimentally using GPV and confirmed by Fluid-structure simulations. Valve compliance delayed the onset of the transition by increasing the effective leaflet opening, whereas valves with a small geometric offset promoted earlier asymmetry through higher local flow velocities within the valve gap. The resulting asymmetric flow generated persistent lateral bias in the transport of red blood cell-sized particles, suggesting enhanced platelet accumulation and prolonged residence within one valve sinus. These findings demonstrate that venous valve mechanics regulate not only local flow fields but also particle transport relevant to thrombosis. The discovery of a stable symmetry-breaking flow state provides a new haemodynamic mechanism linking valve stiffness, asymmetric particle transport, and the preferential localisation of thrombus formation, offering new insight into the mechanobiology of deep vein thrombosis."
2026-07-23,30,10.1101/2025.10.23.684145,3,"molecular biology","Sleeping ORANGE: A Transposase-Enhanced CRISPR Approach to Boost Endogenous Protein Tagging Efficiency","Martin, E.-R.; Martin, J. G.; Leslie, K. A.; Russell, M. A.; Oguro-Ando, A.","BackgroundInvestigating the subcellular distribution of proteins is crucial for understanding complex cell behaviours and disease mechanisms, and fluorescence microscopy has become a key tool for visualising protein localisation. Endogenous protein tagging, where the sequence for a tag (typically a peptide or fluorescent protein) is integrated into the native genetic sequence encoding a protein of interest, enables proteins to be visualised without the need for antibodies against the target protein. ORANGE (Open Resource for the Application of Neuronal Genome Editing) is a CRISPR-Cas9-based endogenous protein tagging technique which relies on homology-independent targeted integration (HITI)-mediated gene editing. Utilising HITI as the DNA repair pathway of choice gives ORANGE the advantage of being more efficient than classical homology-directed repair (HDR)-based endogenous protein tagging techniques and additionally, means it can be used in post-mitotic cells.  ResultsWe applied the ORANGE system to tag three proteins, CYFIP1, JAKMIP1, and STAT3, and confirmed that the expressed fusion proteins demonstrate expected subcellular localisations through fluorescence microscopy. Unexpectedly, the efficiency of ORANGE editing was less than 1% in HEK293 cells, despite high transfection efficiency. To improve the editing efficiency associated with ORANGE, we combined the ORANGE method with an established Sleeping Beauty transposase/CRISPR-Cas9 fusion technique, which has been shown to enhance HITI-mediated gene editing. Using this new method, which we term Sleeping ORANGE, we successfully tagged CYFIP1 with the fluorescent protein mNeonGreen. Importantly, quantitative analysis by fluorescence microscopy and flow cytometry demonstrated an increase in editing efficiency using Sleeping ORANGE, with an approximately 12.85-fold increase in the percentage of mNeonGreen-expressing cells at 72 hours post-transfection relative to populations of cells edited with the ORANGE method.  ConclusionsWe have incorporated the DNA-binding domain of the Sleeping Beauty transposase to create a new system that improves the gene-editing efficiency of the ORANGE technique. With further developments to optimise CRISPR gRNA design and reduce off-target effects, the Sleeping ORANGE technique may form a valuable tool for researchers to better understand subcellular localisation and dynamics."
2026-07-23,30,10.1101/2022.04.29.490035,3,genetics,"Genetic architectures of floral pigment and patterning in hybrid monkeyflowers","Cooley, A. M.; Simmons, E. S. G.; Schlutius, C.; Matthews, M.; Zheng, X.; Thomas, D.; Edger, P. P.; Platts, A. E.; LaFountain, A.; George, L.; Williams, A.; Hundley, D.; Conradi Smith, G.; Yuan, Y.-W.; Twyford, A. D.; Puzey, J. R.","Coloration in living organisms varies in hue, saturation, and pattern. Here we use genetic mapping to investigate all three elements in monkeyflowers Mimulus luteus var. variegatus and M. cupreus, whose flower petals differ in both yellow carotenoid and magenta anthocyanin pigmentation and whose hybrids exhibit anthocyanin pattern variation not seen in either parent. We report two QTLs associated with carotenoid intensity, and show that lighter yellow petals accumulate relatively high proportions of beta-carotene at the expense of downstream carotenoids. We propose that the derived loss of carotenoid saturation in M. l. variegatus is due to a function-reducing mutation in a Beta-Carotene Hydroxylase candidate gene, coupled with a reduction in the availability of carotenoid-storing chromoplasts influenced by the ORANGE candidate gene. We next identify five QTLs associated with the spatial patterning of anthocyanin pigment. Two QTLs, 9b and 23, each contain genes in the anthocyanin-activating subgroup of the MYB family. We hypothesize that MYB5a/NEGAN, at QTL-9b, activates spot formation in hybrids as part of a Turing-type reaction-diffusion system, while a MYB at QTL-23 activates solid, unpatterned anthocyanin pigment and may also be able to activate the variegatus allele of MYB5a/NEGAN. In addition to the apparently stochastic placement of most spots (consistent with a Turing mechanism), some pattern aspects - notably spots at the petal tips - appear to conform to a positional specification model in which spot location is predetermined. Collectively, this work begins to identify how combinations of yellow and red hues, shifts in carotenoid intensity, and two cryptic patterning systems all contribute to the complexity of color divergence between two close relatives."
2026-07-23,30,10.64898/2026.07.20.739568,1,genomics,"Sex-biased transcriptional rewiring of neuronal circuits associated with eprinomectin resistance in Haemonchus contortus","Betous, R.; Lioutaud, R.; Petermann, J.; Jouffroy, S.; Jacquiet, P.; Guchen, E.; Courtot, E.; Bordes, L.; Guegnard, F.; Salle, G.; Doyle, S. R.; Lespine, A.","Anthelmintic resistance poses a critical threat to livestock health, with clinical failures of eprinomectin and other macrocyclic lactones documented in the gastrointestinal parasite Haemonchus contortus worldwide. We performed whole-genome Pool-seq of larvae and RNA-seq on adult male and female worms from five phenotypically characterised isolates - two eprinomectin-susceptible and three resistant - from dairy sheep in Southwest France. We identified a conserved macrocyclic lactone resistance locus on chromosome 5 and a putatively eprinomectin-specific locus on chromosome 4, alongside sex-specific transcriptomic responses linking genomic selection signatures to transcriptional phenotype. Predicted functions of selected and differentially expressed genes support reorganisation of neuronal circuits in drug responsiveness, including the kynurenine pathway producing neuroactive metabolites, further supported by quinolinic acid potentiating eprinomectin efficacy in larval assays. Despite geographic proximity, resistance appears to have evolved independently across farms. Together, these findings reveal a complex genetic architecture underlying eprinomectin resistance with implications for targeted diagnostics and resistance management."
2026-07-23,30,10.64898/2026.07.21.739115,1,genomics,"Mediterranean dispersal imposed bottlenecks in Neolithic sheep and goats","Halpin, A.; Erven, J. A.; Alcantra, R.; Rossi, C.; Hare, A. J.; Mattiangeli, V.; Stoddart, S.; Wilczynski, J.; LLoret, A. B.; Huerta, R. P.; Perez, A. P.; Galter, J. T.; Batlle, X. T.; Sana-Segui, M.; Bradley, D. G.; Daly, K. G.","The Neolithic period in western Eurasia involved major dispersal events, including the translocation of livestock into Europe. These domestic animal translocations likely featured founder effects, fundamentally reshaping their genetic landscape. One well-known example is the Mediterranean dispersal, hypothesised to involve rapid maritime translocation with small founding herds, yet the genetic consequences for the livestock themselves remain poorly understood. To investigate this we generated 12 palaeogenomes of sheep and goat from La Draga and Cova de l'Avellaner, and coanalyzed these with other Neolithic Mediterranean assemblages, including 4 additional novel genomes. We observe a significantly lower genetic diversity and higher runs of homozygosity (ROH) in Iberian sheep and goat populations compared to other ancient European and southwest Asian populations. We quantify the magnitude of the bottleneck in goats at ~205 Ne, highlighting the severity of the founder event. We further identify species-specific demographic trajectories: goats experienced a severe and prolonged bottleneck, likely driven by regional isolation within the western Mediterranean, intensive exploitation strategies, and small initial founding herds, while sheep were likely more frequently exchanged across the region. Lastly, identity-by-descent (IBD) indicates connectivity along the Mediterranean coast compatible with a cabotage model. This suggests that seaways facilitated rapid initial dispersal but not sustained livestock transfer from southwest Asia, shaping the genetic foundation of Iberian livestock herds."
2026-07-23,30,10.1101/2025.10.21.683350,3,biochemistry,"Decoding the physicochemical basis of taxonomy preferences in protein design models","Dillon, L. B.; Crook, O. M.; Maiwald, A.","Protein design models have transformed protein engineering by enabling computational exploration of sequence spaces far exceeding experimental capacity. However, their outputs are shaped by both the protein distributions represented in their training corpora and the information available during scoring, so the same model score may reflect backbone-compatible biophysics, taxonomic structure in sequence databases, or other learned regularities rather than protein fitness alone. Here we quantify systematic preferences across 14 protein design models that differ in data modality, training-corpus composition, and scoring context, for comparison grouped as backbone-conditioned, structure plus native-sequence context, or sequence-only. Backbone- conditioned models retain little unexplained taxonomic variance after controlling for protein family and measurable biophysical properties, with residual species variance below 3.3%. In contrast, sequence-only models retain substantial residual taxonomic dependence of 15-20%, indicating that likelihood remains strongly entangled with organism-level sequence statistics. These differences across model classes produce distinct preference landscapes. Backbone-conditioned models organise scores around compactness, packing, and charge, while sequence-only models preserve stronger within-family taxonomic effects. Redesign experiments show that these preferences propagate into generation, shifting templates toward characteristic biophysical profiles rather than uniformly sampling backbone-compatible sequence space. Continued training of ProteinMPNN on ecologically selected extremophile secretomes redirects designed surface chemistry along an acid-base axis while largely preserving structural compatibility and global taxonomic structure. These results show that systematic preferences are not a single failure mode, but separable components arising from scoring context, training-corpus composition, and learned biophysical constraints. Together, they provide a framework for disentangling the sources of model preference and linking them to both scoring behaviour and generated sequence properties."
2026-07-23,30,10.64898/2026.07.08.737358,2,bioinformatics,"EcoXAI: Autonomous Agentic Ecosystem for Explainable Artificial Intelligence and Biomedical Discovery","Matsumoto, N.; Choi, H.; Freda, P. J.; Hernandez, M. E.; Wang, Z. P.; Moore, J. H.","MotivationAs biomedical datasets and knowledge graphs continue to grow in size, complexity, and heterogeneity, navigating and extracting actionable insights from them presents a major bottleneck for researchers. There is a clear need for autonomous analytical solutions that can utilize recent advancements in agentic AI such as agent harnessing and loop engineering without introducing hallucination or workflow fragmentation. Researchers, regardless of technical expertise, need tools that streamline complex data analysis and deliver meaningful, actionable insights grounded in both data and established biomedical knowledge. EcoXAI addresses this by introducing a modular, customizable, containerized multi-agent system that structures analysis into explicit pipeline execution stages, lowering the computational barrier for clinical and translational researchers.  ResultEcoXAI replaces monolithic AI text interfaces with an autonomous execution-driven framework with specialized bioinformatics agents for delivering proactive, data-driven insights grounded in established biological knowledge. Unlike purely LLM-driven or less integrated AI solutions prone to hallucinations or biologically implausible outcomes, EcoXAIs multi-agent framework, which leverages modern agentic management and explicit knowledge graph integration, provides greater transparency and verifiability in its reasoning. In our use case in drug repurposing for Alzheimers Disease, EcoXAI evaluated 103 drug candidates and identified 79 novel candidates whose predictive models exceeded a randomized baseline, including the CCR5 antagonist Maraviroc, whose generated hypothesis was subsequently supported by the literature. These results demonstrate the potential of knowledge graph-grounded AI agents to accelerate hypothesis-driven biomedical research.  Availability and implementationEcoXAI is available on GitHub at: https://github.com/EpistasisLab/EcoXAI.  Contactjason.moore@csmc.edu"
2026-07-23,30,10.64898/2026.06.01.729194,2,bioinformatics,"A pan-cancer analysis of microRNA tissue specificity and its association with dysregulation","Poptsova, M.; Ismailov, A.; Belogurov, A.; Evpak, A.","MicroRNAs are frequently dysregulated in cancer, yet how their tissue-specificity is remodeled during malignant transformation remains poorly characterized. Here we systematically quantified the tissue-specificity of miRNAs across normal (GTEx) and tumor (TCGA) tissues using the Tau index, and compared its distribution between healthy and cancerous states. To robustly define dysregulation, we combined two independent analyses: a binomial test over per-project differential expression across 17 matched normal tissues within TCGA cohort, and a TCGA-GTEx pan-tissue comparison of mean expression. The change in specificity ({Delta}Tau) separated up- from down-regulated miRNAs, showing moderate agreement with the binomial signal and a strong correlation with the expression-based contrast. Finally, we identified 6 miRNAs that lose tissue-specificity upon transformation while remaining consistently upregulated (miR-519a-5p, miR-512-3p, miR-522-3p, miR-105-5p, miR-935, miR-1269a). Functional analysis of experimentally validated targets showed significant enrichment for converging on core oncogenic programs for miR-512-3p, miR-105-5p and miR-935, such as apoptosis and cellular-stress regulation, TP53, FoxO, PI3K-Akt/mTOR signaling, immune modulation. Collectively, integrating specificity dynamics with dysregulation evidence pinpoints candidate miRNAs with coordinated, cancer-relevant regulatory roles and highlights those with favorable tissue specificity profiles for therapeutic targeting."
2026-07-23,30,10.1101/2025.02.10.637328,4,biophysics,"Long-range genomic loci stochastically assemble into hierarchical chromosome structures","Zhang, J.; Wang, S.; Watkins, S. C.; Xing, J.","BackgroundOne fundamental yet open question is how eukaryotic chromosomes fold into segregated territories, a process essential for gene transcription and cell fate. While several models describe how chromosomal loops form at shorter scales, the mechanisms governing large-scale (> 100 Mb) chromosome organization remain poorly understood.  ResultsThrough analyzing multiple sequencing- and imaging-based datasets, we identify long-range chromosomal backbone loop structures that span over 100 Mb, extending beyond the reach of several existing DNA loop models. Some long-range loops are stable for at least 10 minutes, as shown by live-cell imaging with sequence-specific CRISPR-dCas9 fluorescent labeling. Biophysical modeling further demonstrates that their formation is driven by a multivalent binding mechanism. Further epigenetic profiling and spatial density analyses indicate that many of the assembly formations are independent of known large-scale nuclear structures.  ConclusionsOur findings suggest a redundant, distributed cluster mechanism that ensures chromosomal organization robustness across cell types and against mutations. This mechanism coordinates large-scale chromosome compaction while simultaneously guiding the formation of smaller-scale chromosomal structures, offering a new framework for understanding genome folding and its role in cell identity."
2026-07-24,30,10.64898/2026.07.22.740206,1,genomics,"Multidimensional variation and population stratification across 8000 complete human centromeres","Sun, Y.; Wan, S.; Nie, L.; Yu, D.; Zhou, F.; Yang, Y.; Yang, X.; Liu, A.; Chen, Q.; Fu, K.; Ni, Q.; He, Y.; Su, B.; Mao, Y.; Ye, K.; Yang, X.; Zhang, G.; Dongya, W.","Human centromeres are indispensable for the faithful segregation of chromosomes during cell division, yet their highly repetitive nature has historically precluded comprehensive characterization, leaving fundamental questions about their sequence diversity, evolution trajectories and function dynamics unresolved. Here, we generated 6,312 complete human centromere sequences from 320 phased genome assemblies in Asian Pan-Genome project phase 1. By integrating the assemblies from the Human Pangenome Reference Consortium (HPRC) and Human Genome Structural Variation Consortium (HGSVC), we constructed a multidimensional genetic variation map encompassing over 8,000 gapless centromeres. Centromeric satellite arrays account for 4.19% to 6.01% of the whole genome, with substantial variations in size and architecture across chromosomes. Using a refined alpha satellite clustering approach that captures global diversity, we identified 195 higher-order repeat (HOR) arrays, 56.4% of which are absent from the T2T-CHM13 reference genome. Extensive structural variations across multiple dimensions exhibit population stratification, including centromeric haplotypes (CenHaps), ultra-large pericentric inversions spanning up to 36.6 Mbp, and inter-chromosomal HOR sharing that reflects sequence exchange among chromosomes. Integrating CENP-A CUT&Tag experiments and long-read-based DNA methylation profiles, we demonstrate that 16.8% of centromeres harbor multiple potential kinetochore assembly sites, and CenHap-specific local HOR homogenization is associated with kinetochore positioning. Despite global suppression of recombination at centromeres, we observed asymmetric linkage disequilibrium flanking centromeres and an ancient recombination event within the centromere of chromosome 19. Furthermore, contrary to the prevailing assumption of high mutation rates in centromeres, our estimates based on stringent orthology reveal no significantly higher single-base substitution rates for centromeres relative to flanking pericentromeric regions with substantial variations across chromosomes, despite extraordinary structural plasticity. Collectively, these multi-scale centromeric variations provide a global view of human centromere diversity and population stratification, fundamentally redefine centromere evolution through a dual-track model balancing structural innovation with mutational constraint, and establish an essential resource for investigating centromere biology and a baseline reference for diagnosing centromere-associated disorders."
2026-07-23,30,10.64898/2026.07.20.739609,1,genomics,"Multi-omic dissection of RNA control reveals convergent cis-regulatory programs during glucose starvation in yeast","Rossini, O.; Mahmud, S.; Shirokikh, N. E.; Cleynen, A.","Cells reprogram gene expression at multiple, often independently studied, regulatory layers during nutrient stress. Here we use direct RNA sequencing of polysome-fractionated transcripts that simultaneously measures transcript abundance, mRNA degradation, poly(A) tail length, and three RNA modifications (m5C, m6A, pseudouridine) to build an integrated, multi-omic view of the Saccharomyces cerevisiae response to acute glucose starvation. Lasso-penalised mixture-of-regressions clustering of stochastic translation efficiency ({delta}STE) against this combined feature set partitions 5,033 transcripts into five translational programs with distinct functional identities, from a strongly upregulated translation-machinery cluster to a strongly repressed glycosylation cluster. CDS sequence composition discriminates these extremes, while 5' and 3'UTR composition contributes only marginal, largely non-significant effects after length correction. Extending this analysis, we show that the repressed glycosylation program is distinguished by a convergent stack of independent cis-regulatory signatures: weak Kozak initiation context, high upstream open reading frame burden, excess RNA secondary structure specifically over the start codon, and depletion for the targets of major stabilising and export-associated RNA-binding proteins. In other programmes, translation efficiency tunes with initiation-context strength indicating that downstream regulatory layers coregulate translation. These results provide an integrated, feature-resolved map of post-transcriptional regulation during acute nutrient stress."
2026-07-23,30,10.64898/2026.07.20.739705,1,genomics,"Genome size, rather than sociality, predicts the turnover of duplicated genes in termites and hymenopterans","Liu, C.; Aumont, C.; Weng, Y.-M.; Mikhailova, A. A.; Bucek, A.; Sobotnik, J.; Harrison, M. C.; McMahon, D. P.; Hellemans, S.; bourguignon, t.","Gene duplication is a major source of genetic variation and is considered as an important driver of evolutionary novelties, including eusociality in insects, such as ants, wasps, bees, and termites. However, it remains unclear whether selection acts to increase gene copy number in social insects. Here, we studied the paranomes, namely, the whole set of paralogous genes in a genome, of Blattodea and Hymenoptera. We estimated the rates of gene duplication and loss using the distribution of synonymous substitution rate of paralogous genes and showed that regardless of sociality, duplicated genes were lost more rapidly than expected under random drift, indicating that negative selection on duplicated genes is prevalent across Blattodea and Hymenoptera. The rates of gene duplication and loss varied independently of sociality levels, but were positively related to genome size, suggesting the expansion/contraction of gene families can be a side effect of genome expansion/contraction. These results call for a reevaluation of adaptative gene duplications."
2026-07-24,30,10.1101/2025.11.02.685536,3,bioengineering,"Generative Machine Learning and Microfluidics uHTS: An Efficient Partnership for Enzyme Engineering","Nair, P. M.; Steinberg, D. M.; Resende, T.; Suarez, A. F.; Power, H.; Ong, C. S.; Sairam, V.; Cheng, S. H.-Y.; Fragata, L.; Serafini, A.; Oh, V.; Tan, S. H.; Speight, R. E.; Vahidi, A. K.","Enzyme engineering plays a vital role in tailoring biocatalyst performance to meet the needs of target applications. However, the number of sequence trajectories possible from a single wildtype enzyme sequence is too vast to traverse experimentally. Here we present a novel approach that first expands the experimentally accessible sequence space using ultrahigh throughput screening (uHTS), and then uses indirect and low fidelity assay data to create a ""fingerprint"" for a target enzyme class. Experimental data from microfluidic uHTS are extracted and used to engineer specificity into an unspecific peroxygenase (UPO) from Aspergillus brasiliensis (AbrUPO). We created a library with more than 5 million different variants expressed in Komagataella phaffii (Pichia pastoris). Microfluidic droplet sorting was then used to generate a dataset of >30,000 unique sequences paired with function data. This dataset was then used to train a task-specific generative model using the Variational Search Distributions (VSD) framework. We compared the variants selected by rank aggregation from the screening data (R series) with novel sequences generated by the refined generative model (G series). While the wildtype enzyme produces nearly equal amounts of both the desired styrene oxide and undesired phenylacetaldehyde products, three out of five of the highest scoring G series variants produced product mixtures more enriched in the desired compound. In comparison, only one of the five highest scoring R series variants showed this improvement. Overall, the variant most enriched in desired product, G929, produced 2.4x more styrene oxide than phenylacetaldehyde, while G3 and G167, produced the highest quantities of desired product at 2.3x enrichment over the undesired product. Further analysis confirmed that our task-specific generative model outperforms existing models pre-trained on large publicly available datasets. This unique combination of uHTS and generative protein modelling provides an intelligent exploration mechanism which not only enables efficient enzyme discovery, but also accelerates optimization and enables predictive insights that are difficult to achieve with either approach alone."
2026-07-24,30,10.64898/2026.03.09.710580,5,bioinformatics,"STAR Suite: an open-source single-executable transcriptomics engine for reproducible, AI agent-assisted processing","Hung, L.-H.; Baker, D.; Flynn, B.; Huangfu, D.; Luo, R.; Robson, P.; Zhou, T.; Yeung, K. Y.","Processing sequencing data means chaining many specialized tools, a barrier for bench biologists and for the AI agents increasingly used to run analyses. Open, integrated pipelines remain incomplete: the de facto single-cell standard, Cell Ranger, is proprietary - its license bars redistribution, modification, and non-10x use - so it cannot serve as a shareable, AI-discoverable layer, and no production-ready open-source pipeline exists for 10x Flex. Here, we present STAR Suite, which extends the STAR aligner into a single executable for transcriptomics processing.Adapter handling, feature-barcode assignment, Flex probe processing, SLAM-seq analysis, sorting, and quality control are integrated directly into the 28,228-line STAR codebase with no additional external dependencies, adding 132,226 lines of C/C++ made tractable through human-directed AI software engineering. Novel methodologies include dynamic thread interleaving, fast-Hamming feature matching, alignment-validated probe hashing, and variance-based auto-trimming (SLAM-seq); in-process integrations include Y-chromosome removal, per-sample variant masking, and Variational Bayes transcript quantification (bulk RNA-seq). STAR Suite reproduces Cell Ranger 9.0.1 to gene-level Pearson 0.99-1.0 while running 3.6- to 5.7-fold faster, and 3.9-fold faster than stepwise bulk pipelines. Used across the NIH MorPhiC consortium, its source code, workflow recipes (morphic-recipes), and immutable per-run provenance records (morphic-provenance) are released under the permissive open-source MIT license."
2026-07-23,30,10.64898/2026.07.21.739826,1,bioinformatics,"TIR-Learner v4: Accelerated annotation of terminal inverted repeat transposons","Gerhardt, K.; Ou, S.","The rapid expansion of high-quality, nearly complete eukaryotic genomes demands computational accelerations of existing bioinformatic infrastructure. TIR-Learner has been widely used for the de novo identification of Terminal Inverted Repeat (TIR) transposons, but suffers from slow runtime and a large memory footprint. Here we present TIR-Learner v4, a complete rewrite of TIR-Learner v3 and key supporting programs, which accelerates runtimes by two orders of magnitude and caps at a low RAM footprint irrespective of genome size. We demonstrate the scalability of TIR-Learner v4 by annotating TIRs in all 579 VGP Phase I genomes in around 4 hours."
2026-07-23,30,10.64898/2026.07.20.739599,1,bioinformatics,"High-resolution dissection of concept acquisition in different families of protein language models","Whitfield, S. T.; Marty, T.; Vernon, R. M.; Langmead, C. J.; Sridhar, D.; Fournier, Q.","Protein language models have been increasingly successful on tasks ranging from fitness prediction to functional design, yet what biological knowledge they acquire and where it is encoded within their internal representations remain underexplored. Through a high-resolution layer-by-layer interpretability analysis of 8 models from the ESM2 and AMPLIFY families on 22 concepts from human proteome annotations, we found that these models encode concepts of increasing levels of complexity along their depth: basic physicochemical properties and linear motifs are best captured by early-layer embeddings, secondary structure from subsequent layers, and domain-level semantics from middle layers. Principal component projections of these embeddings showed that they separate biologically meaningful protein groupings, and molecular-biology-inspired interventions demonstrated that pLM embeddings can discriminate phosphomimic-active from inactive mutants. Perhaps surprisingly, we observed that pretraining data and compute had a greater impact on the linear emergence of biological concepts than scaling up parameters. By revealing where biological knowledge is captured in pLMs and which choices shape its emergence, our work offers insights to develop more robust, biologically grounded protein language models."
2026-07-23,30,10.64898/2026.07.20.739596,1,bioinformatics,"X-PAIR: an ultrafast multitask framework for proteome-scale reconstruction of PPI networks and partner-specific interfaces from sequence","Rescalli, S.; Carbone, A.","Protein-protein interaction prediction and residue-level interface localisation are biologically intertwined but usually treated as separate computational problems. Here we present X-PAIR, a sequence-based multitask deep learning framework that jointly predicts whether two proteins interact and identifies their partner-specific interface residues. By combining protein language-model representations with lightweight cross-attention, X-PAIR requires neither structural templates nor multiple-sequence alignments. Across leakage-controlled benchmarks, it outperforms existing methods in both tasks, with substantial gains in interface localisation. Multitask learning preserves single-task performance while returning both outputs at near-single-task cost, enabling one million protein pairs to be analysed in under two hours--approximately 500-fold faster for interface prediction and 20-fold faster for PPI prediction than current approaches--thereby enabling proteome-scale analysis. Cross-species analyses reveal distinct evolutionary dependencies: interaction prediction benefits from multispecies training, whereas interface localisation remains robust across taxonomic scales. X-PAIR thus links proteome-scale interaction discovery to the residue-level determinants of partner-specific molecular recognition."
2026-07-23,30,10.64898/2026.07.20.739618,1,bioinformatics,"Deformable Models-Based Retinal OCT Layer Segmentation and Classification with Feature Analysis","Leyba Mesa, M. V.; Ahmad, B.; Ray, E.; Patel, A.; Barkana, B. D.","Optical coherence tomography (OCT) is widely used for retinal disease assessment, but automated quantitative analysis remains challenging because of anatomical variability and noisy imaging conditions. This study presents an interpretable OCT classification framework based on four anatomically guided retinal layers, combining preprocessing, adaptive segmentation, targeted feature engineering, and supervised classification to identify Normal, CNV, DME, and Drusen cases. Layer-specific descriptors included statistical, derivative, fluid-related, and GLCM texture markers. Feature correlation and ranking analyses showed that the proposed descriptors were highly complementary, that the most informative features were concentrated in layers 2 and 4, and that layers 1 and 3 contributed supportive structural information. Among the evaluated classifiers, the neural network performed best, achieving an accuracy of 98.17%, sensitivity of 97.88%, specificity of 99.38%, and AUC of 0.9985. Computational analysis showed efficient training and inference, with a total training time of 2216.3 s, prediction speed of approximately 160000 observations per second, and a compact model size of about 11 kB. These results demonstrated that anatomically guided feature extraction can provide accurate, efficient, and interpretable OCT disease classification, offering a practical alternative to less transparent end-to-end deep learning approaches."
2026-07-23,30,10.64898/2026.07.20.739289,1,bioinformatics,"CHIMIYA-1: An Autoselection Foundation Model for ADMET Property Prediction, Rigorously Benchmarked Against the Therapeutics Data Commons ADMET Group","Varghese, R.; Tiwary, P.; Oswal, K.","Accurate, generalizable prediction of absorption, distribution, metabolism, excretion, and toxicity (ADMET) properties remains one of the highest-leverage unsolved problems in computational drug discovery, and late-stage attrition driven by ADMET liabilities continues to be a dominant cost driver in pharmaceutical research and development. The Therapeutics Data Commons (TDC) ADMET Group has emerged as the fields most widely adopted public benchmark, comprising 22 endpoints under standardized scaffold-split evaluation. In this work we report a comprehensive evaluation of CHIMIYA-1, a proprietary autoselection foundation model developed by Covenant Biosciences, against the full TDC ADMET Group. Departing from common practice in the field, every reported score is the mean and standard deviation of five independently seeded end-to-end evaluation runs (TDCs own minimum submission standard, which we find is not met by all public leaderboard entries), and all 22 endpoints were additionally subjected to an explicit train/test structural-overlap audit prior to reporting, finding zero overlaps on any endpoint. Despite this deliberately conservative evaluation standard, CHIMIYA-1 ranks first among all publicly listed methods on four endpoints, places within the top decile of the field on twenty of twenty-two endpoints (91%), and attains a mean percentile standing near the 74th percentile across the full benchmark, with particular strength on toxicity and physicochemical-property endpoints. We further show that several top-ranked public comparators on this benchmark have been independently found to exhibit confirmed data leakage, a finding that, if anything, understates CHIMIYA-1s relative standing. All results were obtained on commodity single-GPU workstation hardware without recourse to distributed or cloud-scale training infrastructure. We discuss these results in the context of benchmark reporting norms in molecular machine learning and outline ongoing extensions, including continuous prospective-data retraining and CUDA-level throughput optimization of the underlying selection pipeline."
2026-07-23,30,10.64898/2026.07.20.739615,1,bioinformatics,"Statistical Inconsistency of Error-correction Objectives for Perfect Phylogenies","Satas, G.; Myers, M. A.; Shah, S. P.","The binary perfect phylogeny, in which each mutation arises exactly once on an evolutionary tree and is never lost, is a well-studied idealized phylogenetic model. When observed data has errors, a common approach to phylogeny inference is to seek a tree that minimizes the number of error corrections (""flips'') needed to fit a perfect phylogeny. These objectives draw on an intuitive justification: minimizing implied errors should prefer the true tree in expectation. We test this assumption using a generative model with independent errors and prove that error-correction objectives are statistically inconsistent for all positive error rates: in expectation, the minimum-cost tree need not be the true tree. Our proof is constructive and yields counterexamples involving any tree topology and any positive error rates, demonstrating the ubiquity of the phenomenon. The core problem is that tree topologies can explain observed mutation patterns with fewer errors than actually occurred, and differ in their ability to do so, introducing systematic bias. This mechanism is distinct from previously identified sources of inconsistency such as homoplasy or incomplete lineage sorting, since the error-free setting is trivially consistent for perfect phylogenies. We investigate how often this failure may occur in practice. Simulations calibrated to error rates from single-cell sequencing data show that an incorrect tree is preferred over the true tree in a substantial fraction of cases (over 50% in some settings) with rates increasing with tree size. Moreover, winning trees are not random but share specific topological features. Notably, at error rates typical of single-cell sequencing data, trees with deeper, more imbalanced topologies are consistently favored over more balanced ones. These results demonstrate that inconsistency is not a theoretical edge case, and that understanding when and how it arises is important when interpreting results in practice."
2026-07-23,30,10.64898/2026.07.20.739398,1,bioinformatics,"BGX: A Comprehensive Pipeline for Genomic Insight into Bioactivity Prediction, Genomic Surveillance, and Novel Biosynthetic Gene Cluster Assessment","Chakrabortty, A.; Singh, L.; Kaur, B.; Paliyal, S.; Mantri, S. S.","The increasing availability of genomic and metagenomic data has created significant opportunities to explore microbial diversity, biosynthetic potential and functional traits. However, comprehensive and comparative genome analysis often requires integrating multiple independent tools, making large-scale studies challenging to implement and manage. Here, we present Bacterial Genome eXplorer (BGX), an integrated and scalable pipeline that streamlines large-scale genome analysis and exploration of biosynthetic potential. BGX integrates different analytical tools into six major stages: (i) genome retrieval and assembly, (ii) genome quality assessment, (iii) antimicrobial resistance (AMR) gene profiling, (iv) annotating Biosynthetic gene clusters (BGCs) and novelty assessment, (v) bioactivity predictions, and (vi) clustering and networking analysis. In addition, BGX provides a user-friendly interactive interface to facilitate data exploration and interpretation. We demonstrated the versatility and scalability of BGX through large-scale analysis of two independent datasets: 248 genomes from the One Day One Genome (ODOG) initiative and 153 publicly available genomes from NCBI. This analysis enabled the comprehensive characterisation of genome quality, AMR determinants, biosynthetic potential and candidate bioactive metabolites across two datasets. BGX is distributed as a Docker container that simplifies installation, enables reproducible data processing, and supports pipeline execution across different computational environments. The modular and reproducible architecture of the BGX pipeline provides an effective framework for large-scale genome mining, genomic surveillance, and accelerates the discovery and prioritisation of novel secondary metabolites. BGX is now accessible at https://bgx.nabi.res.in"
2026-07-23,30,10.64898/2026.07.22.740120,1,bioinformatics,"neissflow: Streamlining Genomic Epidemiology of Neisseria gonorrhoeae with Nextflow","Morin, K.; Hetrick, E.; Shrivastava, A.; Tran, E.; Cartee, J. C.; Hebrank, K.; Gernert, K.; Schmerer, M.; Joseph, S. J.","Antimicrobial-resistant Neisseria gonorrhoeae (Ng) poses a growing global public health threat. Existing tools available for Ng genome analysis carry notable limitations, including incomplete re-sistance marker coverage, absence of species identification, and lack of phylogenetic capability. We developed neissflow, a highly parallelized Nextflow pipeline for Ng genome analysis that integrates five subworkflows: read preprocessing, species identification, de novo assembly, antimicrobial re-sistance (AMR) profiling, and recombination-aware phylogenetic analysis with outbreak detection. neissflow performs extensive quality control on reads, assemblies, variant calls, and phylogenetic results. Validation was performed on two datasets: a mixed-species dataset (n=158; 105 Ng and 53 non-gonococcal species) for sensitivity/specificity assessment, and a reproducibility dataset (n=283 replicate sequences from 17 reference strains) for consistency and phylogenetic validation. neiss-flow achieved 100% sensitivity and specificity for Ng species identification compared with MALDI-TOF and PubMLST methods. All nine AMR and typing analytes demonstrated [&ge;]98.1% concordance with PubMLST genotype calls. Genotype-phenotype validation confirmed perfect concordance for key resistance determinants including gyrA mutations with ciprofloxacin resistance, 23S rRNA mu-tations with high-level azithromycin resistance, and tetM plasmid gene with high-level tetracycline resistance. Reproducibility analysis demonstrated 99.97% concordance across 3,093 analyte calls. Phylogenetic validation demonstrated 100% accuracy for both strain-level and intra-MLST clustering. neissflow is a robust, accessible, and standardized pipeline, positioning it as a valuable tool for public health laboratories engaged in Ng AMR monitoring and outbreak investigations. Keywords: Neisseria gonorrhoeae, antimicrobial resistance, whole-genome sequencing, bioinfor-matics pipeline, genomic surveillance, Nextflow, public health, outbreak detection"
2026-07-23,30,10.64898/2026.07.22.739984,1,bioinformatics,"J-AST: a web-based analysis platform for antimicrobial susceptibility testing","Gerst, R.; Mottola, A.; Khatri, D.; Berman, J.; Figge, M. T.","Antimicrobial resistance and tolerance pose escalating global health threats, necessitating reproducible and accessible tools for antimicrobial susceptibility testing (AST). While disk diffusion assays (DDAs) and Epsilometer tests (Etests) are widely used, there are limited open-source tools to analyze them. We present J-AST, a free, open-source, web-based platform for analyzing both DDAs and Etests. It provides automated and interactive annotation of regions of interest and metadata management, and quantifies microbial resistance and tolerance. J-AST outputs correlate strongly with those of existing tools, and equivalent DDA and Etest results correlate strongly with each other. The automated MIC detection achieved >90% agreement with manual readouts. J-AST is deployable both as desktop software and cloud service, unifies automated analysis with interactive review, and advances both fundamental research and clinical AST workflows."
2026-07-24,30,10.64898/2026.07.23.740341,1,biophysics,"Direction of ESCRT-III-dependent membrane bending emerges from bilayer asymmetry","Tran, J.; Roux, A.","In cells, ESCRT-III is unique in mediating fission of membrane necks from inside, a process called reverse-topology fission. Yet, in vitro, the complex primarily assembles outside membrane necks and mediates fission with normal topology. Here, we show that the direction of ESCRT-mediated membrane deformation emerges from bilayer asymmetry rather than being intrinsically encoded by the ESCRT machinery alone. Using genetic perturbations in budding yeast, we find that disruption of phospholipid asymmetry and sphingolipid homeostasis does not abolish ESCRT-dependent trafficking but renders ILV formation highly sensitive to membrane physical state, leading to inefficient cargo sorting and accumulation of stalled endosomal intermediates. In vitro reconstitution experiments and synthetic in vivo cargo systems demonstrate that asymmetric protein distribution across the membrane is sufficient to bias curvature directionality, with luminal leaflet crowding promoting efficient ILV incorporation and cytosolic crowding inhibiting inward budding. Together, these results support a model in which ESCRT-mediated membrane bending directionality emerges from the intrinsic tension difference between the bilayer leaflets. This tension difference arises from both lipid and cargo crowding-encoded asymmetries within the bilayer, rather than being solely encoded by ESCRT polymer properties."
2026-07-23,30,10.64898/2026.07.22.740027,1,biophysics,"Molecular characterization of MRI/CYREN reveals the Ku binding mode and the role of multimerization in stimulating the activity of NHEJ in DNA repair","Vu, D.-D.; Makins, K.; Knoedlstorfer, S.; Pelupessy, P.; Carlier, L.; Bouvignies, G.; Stark, J.; Modesti, M.; Ferrage, F.","Mammalian cells primarily repair DNA double-strand breaks through non-homologous end joining (NHEJ), a pathway that requires the Ku heterodimer, DNA-PKcs, XRCC4 complexed with DNA Ligase 4, and XLF as core components. In addition, several auxiliary proteins are involved in the regulation of NHEJ, whose importance has been underscored recently. Among them, MRI, also known as CYREN, is one of the most important auxiliary proteins. Despite its importance, the structural properties of MRI remain poorly characterized. In this study, we used solution NMR spectroscopy combined with cellular experiments to investigate two isoforms of human MRI (MRI1 and MRI2) at the residue level. Our findings reveal that both isoforms are predominantly disordered, and that the APLF-like Ku-binding motif (A-KBM) of MRI undergoes folding upon binding to the von Willebrand A domain of Ku80 (Ku80vWA). Moreover, an evolutionarily dominant leucine-to-methionine substitution in A-KBM significantly increases binding affinity for Ku80vWA by over 30 times without impacting cellular NHEJ efficiency. Importantly, we identified here a domain that drives MRI multimerization that is required for efficient NHEJ in cellular assays. This work further deciphers the increasingly recognized functional roles of disordered protein regions of the NHEJ machinery."
2026-07-23,30,10.64898/2026.07.20.739629,1,biophysics,"Beyond the Static Caliper: Dynamical Translocases and the Mathematical Imperative for Single-Molecule Proteomics","Taylor, J. E.; Sharma, P.; Krantz, B. A.","The advent of single-molecule nanopore sequencing established a powerful platform for modern genomics by using static biological pores to report the translocation of canonical nucleic acids, enabling rapid, accessible nucleic acid analysis. However, extending this strategy to single-molecule proteomics has stalled against a fundamental biophysical bottleneck. Current efforts in nanopore proteomics attempt to retrofit these static, spatial ""caliper"" biological nanopores (e.g., -hemolysin, MspA, CsgG, aerolysin) for protein sequencing despite the immense steric, charge, and conformational heterogeneity of proteins. Unlike the chemically uniform, polyanionic phosphodiester backbone of DNA, the proteome contains isosteric and isobaric variants that confound purely volumetric measurements made by static pores. To address this bottleneck, we propose the application of dynamical translocases--naturally evolved, protein-handling nanomachines (e.g., the anthrax toxin protective antigen). Unlike static pores that rely on passive diffusion, dynamical translocases employ target-docking clamp architectures that achieve low nanomolar sensitivity. Active-site conformational dynamics generate high-dimensional kinetic fingerprints that enable molecular discrimination during translocation. By coupling dynamical translocases with Physics-Informed Machine Learning (PIML), we demonstrate that amino-acid side-chain-dependent thermodynamic friction can be mathematically decoded, enabling >90% accurate classification of chemically distinct amino acid classes and doing so label-free without the artificial DNA-handles required by legacy platforms."
2026-07-24,30,10.64898/2026.07.23.740401,1,"systems biology","Kruppel-like factors KLF5 & KLF8 emerge as master transcriptional regulators of Alzheimers disease, as revealed on cell fate regulomes in human brain organoids","Aubert, A.; Comby, A.-C.; Bramoulle, A.; Mendoza-Ferri, M.-G.; Azzolin, P.; Li, H.; Moussy, A.; Das, S.; Colombo, B. M.; Mendoza-Parra, M. A.","In addition to the well described beta-amyloid plates accumulation and tau hyper-phosphorylation, Alzheimers disease (AD) is accompanied by major changes in gene expression. Herein, we aimed at revealing master transcription factors (TFs) responsible for gene expression changes during AD progression. For this, we have used human brain organoids (BORGs) harbouring AD-related genetic mutations (APP-Swedish, PSEN1-M146V), which were traced over multiple time-points by bulk and spatially-resolved transcriptomics. By reconstructing gene regulatory networks (GRNs) that recapitulate BORG development, we have identified a subset of 110 AD-specific master TFs, and for 75 of them we retrieved KLF5 and/or KLF8 binding motifs within their promoters. Furthermore, 64 of the AD-specific TFs found in BORGs are significantly over-expressed on AD human patients samples, confirming the relevance of these factors beyond the context of the familial genetic mutations. Finally, we have demonstrated that this AD-specific regulome is at least partially controlled by the aberrant CREB3L2-ATF4 heterodimer previously described as being induced by the beta-amyloid plates deposition. Overall, these findings reconstitute the regulome behind the progression of AD and highlights key TFs as potential druggable targets for the treatment of the disease."
2026-07-24,30,10.64898/2026.07.23.740330,1,"molecular biology","5' Complementarity-Mediated End Joining (5'CMEJ) DNA repair","Pribylova, A.; Ponce-Lilly, C.; Molnar, A.; Fischer, L.","How cells choose among competing DNA double-strand break repair pathways, and whether the choice differs across the tree of life, remains poorly understood, limiting prediction of CRISPR editing outcomes, particularly in plants. Through a meta-analysis of 2,098 SpCas9 target sites across plants, animals, and an alga, we show that deletion patterns reflect cell-division status rather than taxonomic origin: dividing cells favour polymerase Theta-Mediated End Joining (TMEJ), whereas non-dividing cells employ a largely overlooked pathway, 5' Complementarity-Mediated End Joining (5'CMEJ). Unlike the known resection-dependent pathways, which use 3' overhangs, 5'CMEJ exploits the 5' overhangs generated by staggered SpCas9 cleavage."
2026-07-24,30,10.64898/2026.07.24.740509,1,"cell biology","Peroxiredoxin 6 limits mitochondrial peroxidation to prevent mitochondrial ER contact site assembly and inflammatory signalling following adaptive stress","Li, P.; Zheng, Y.; Tang, J.; Xia, Q.; Casas Martinez, J.; Ortiz-Alcantara, A.; Requejo-Aguilar, R.; Padilla, A.; Quinlan, L. R.; Miranda-Vizuete, A.; Goljanek-Whysall, K.; McDonagh, B.","Peroxiredoxin 6 (PRDX6) is a multifunctional enzyme with peroxidase, calcium independent phospholipase A2 (aiPLA2) and lysophospatidylcholine acyltransterase (LPCAT) activities. Although PRDX6 can repair peroxidised phospholipids and help prevent ferroptosis, its role in the adaptive response to physiological oxidative stress remains unclear. In this study PRDX6 function was investigated using myoblasts exposed to an acute low concentration of H2O2 and Caenorhabditis elegans subjected to a swimming intervention. Mild oxidative stress promoted myogenesis and mitochondrial turnover in myoblasts, while exercise enhanced activity and longevity in C. elegans. The adaptive responses were associated with increased mitochondrial localisation of PRDX6. In contrast, loss of PRDX6 under mild stress conditions resulted in increased mitochondrial lipid peroxidation, enhanced mitochondrial ER contact sites (MERCS), mitochondrial calcium accumulation, release of mitochondrial DNA and activation of innate immune signalling pathways. Similar phenotypes were induced by the ferroptosis activator erastin and rescued by the lipid peroxyl scavenger Ferrostatin-1, indicating lipid peroxidation was the key triggering event. Furthermore, inhibition of mitochondrial calcium uptake in C. elegans prevented calcium overload and attenuated inflammatory signalling. Together, the results identify PRDX6 as a conserved regulator of mitochondrial adaptation to physiological oxidative stress, functioning to limit mitochondrial lipid peroxidation and prevent excessive MERCS assembly, mitochondrial calcium dysregulation and inflammatory activation."
2026-07-24,30,10.64898/2026.07.24.740489,1,"cell biology","Identification of lipid specificity in membrane organizing protein complexes","Cook, K. C.; Palacio-Rodriguez, K.; Böhlig, K.; Lennartz, H. M.; Lenz, S.; Shevchenko, A.; Honigmann, A.; Hummer, G.; Von Appen, A.; Nadler, A.","Organelle membrane identity is encoded by protein and lipid composition. Human cells produce thousands of distinct lipid species for this purpose. Yet, the precise molecular functions of most lipids remain unknown, owing to limited methods for in situ investigations of individual lipid species. Here, we use minimally modified bifunctional lipid probes to detect and functionally characterize lipid-protein interactions across time and subcellular compartments. We leverage this approach to map time-resolved protein interactomes of individual lipids representing major membrane lipid classes as they are transported through the organelle system of human cells. We identify hundreds of unique lipid-protein interaction candidates, measure lipid-induced protein abundance changes, and distinguish between directly and indirectly interacting subunits of associated protein complexes. Informed by this multimodal dataset, we interrogate the lipid specificity of membrane organizing complexes, in particular the selective co-association of phosphatidylethanolamine with the ancestral subunits of the nuclear pore (NDC1) and MICOS (MIC60) complexes. Using super-resolution microscopy and molecular dynamics simulations, we demonstrate that phosphatidylethanolamine stabilizes both NDC1 and MIC60 in highly curved membrane nanodomains, indicating that major membrane organizing complexes are positioned by selective lipid-protein interactions. Altogether, our experimental strategy provides a blueprint for discovering and characterizing cellular functions of individual lipids."
2026-07-24,30,10.64898/2026.07.23.735226,1,"cell biology","CRISPR/Cas9-mediated deletion of Shp1 and Shp2 reveals distinct roles in human megakaryopoiesis and proplatelet formation","Schaeffer, E.; Barre, E.; Hennequin, D.; Loubiere, C.; Mallo, L.; Strassel, C.; Di Buduo, C.; Balduini, A.; Senis, Y. A.; Mazharian, A.","The non-receptor protein-tyrosine phosphatases Shp1 (PTPN6) and Shp2 (PTPN11) play critical roles in hematopoietic signaling networks, yet their specific functions in human megakaryopoiesis and thrombopoiesis remain incompletely understood. While Shp2 is recognized in murine models as a positive regulator of thrombopoietin (Tpo)-mediated signaling through the Ras/MAPK and PI3K/AKT pathways, Shp1 has been implicated in RhoA-dependent cytoskeletal remodeling. However, the extent to which these roles translate to human megakaryocyte (MK) development and platelet production is not known. In this study, we systematically investigated the contributions of Shp1 and Shp2 to human MK development and function using CRISPR/Cas9-mediated gene deletion of PTPN6 and PTPN11 in CD34 hematopoietic stem and progenitor cells (HSPCs), combined with pharmacological inhibition of Shp2 using the structurally-distinct allosteric inhibitors SHP099 and RMC-4550. Efficient gene editing of PTPN6 and PTPN11 resulted in the complete ablation of Shp1 and Shp2 in CD34 HSPC-derived MKs. Genetic deletion or pharmacological inhibition of Shp2 markedly impaired MK proliferation, polyploidization, maturation, and proplatelet formation, whereas loss of Shp1 expression did not. Further, Shp2 inhibition significantly reduced platelet production in a 3-dimensional human bone marrow tissue model. Deletion and inhibition of Shp2 abrogated Tpo-induced ERK1/2 and AKT phosphorylation, confirming its essential role in Mpl receptor signaling. These findings demonstrate the distinct functional roles of Shp1 and Shp2 in MKs and establish Shp2 as a critical positive regulator of Mpl-mediated megakaryopoiesis and thrombopoiesis."
2026-07-24,30,10.64898/2026.07.24.740514,1,biochemistry,"A rapid HPLC-based method to determine NAD(P)(H) and NMN redox cofactor concentrations and ratios in microbes","van Wijk, N. E.; van der Heijden, E. C. M.; Hernandez-Sancho, J. M.; Volke, D. C.; Nikel, P. I.; van Heerden, J. H.; Bruggeman, F. J.; Claassens, N. J.; Weusthuis, R. A.; Bisschops, M. M. M.","Redox cofactors are a key part of cellular physiology as they are involved in most metabolic pathways, and their ratios are linked to cellular robustness. However, measuring their levels in cells remains a challenge. Here, we describe a novel method to rapidly measure NAD(H), NADP(H) and nicotinamide mononucleotide (NMN) levels and their oxidized/reduced ratios using an HPLC connected to a fluorescence detector. By extensively characterizing this method and benchmarking it against the classical iodonitrotetrazolium (INT) assay, we show that this method results in accurate and reproducible measurements of NAD+, NADP+ and NMN levels in bacteria. We further demonstrate that this method can be used to determine intracellular NADH and NADPH concentrations and ratios of nicotinamide nucleotide cofactors in engineered Escherichia coli strains, as well as other bacterial species such as Pseudomonas putida"
2026-07-24,30,10.64898/2026.07.24.740453,1,bioengineering,"Bioengineering of a Chimeric Metarhizium anisopliae cPr1A Protease with Enhanced Binding and Enzyme Activity Through C-terminal Fusion of Bombyx mori Chitin-Binding Domain","Maurya, N.; Saini, G. K.","Abstract Metarhizium anisopliae is an important entomopathogenic fungi used in biological control of agricultural pests, but its commercial application is limited by relatively slow host mortality. This study aimed to engineer a chimeric protease (cPr1A) with enhanced binding affinity and protease activity against insect cuticle. We hypothesized that stronger cuticle binding would increase local enzyme concentration at the cuticle surface and thereby enhance cuticle degradation. To achieve this, the Bombyx mori chitin-binding domain (BmCBD) was fused to the C-terminus of the Pr1A protease from M. anisopliae. Recombinant Pr1A and cPr1A were expressed in Escherichia coli, purified by Ni-NTA affinity chromatography. Binding and protease activity were assayed in triplicate using Samia ricini cuticle powder as substrate. Results are presented as mean +/- SEM. The chimeric protease cPr1A showed a 28.9% increase in cuticle binding compared to wild-type Pr1A (15.81 +/- 1.97 vs. 12.27 +/- 2.13 g bound protein/mg cuticle powder; p < 0.002) and a 35% increase in protease activity (0.343 +/- 0.08 U/mg vs. 0.254 +/- 0.06 U/mg; p < 0.03). These results indicate that cPr1A is a promising candidate for overexpression in M. anisopliae to enhance cuticle degradation and potentially improve fungal virulence against insect pests."
2026-07-24,30,10.64898/2026.07.24.740506,1,"molecular biology","Repeated intermittent clenbuterol administration induces exposure history-dependent proteomic remodeling in mouse skeletal muscle","Hitachi, K.; Yamaguchi, H.; Kiyofuji, Y.; Tsuchida, K.","Clenbuterol (CB), a {beta}2-adrenergic receptor agonist, is known to increase skeletal muscle mass. However, because its effects are influenced by treatment duration, dose, and {beta}-adrenergic receptor responsiveness, it remains unclear how extended intermittent CB exposure alters the skeletal muscle proteome. In this study, we established a repeated intermittent CB administration model in mice and compared the effects of single and repeated CB exposure on plantaris muscle using label-free quantitative proteomics. Repeated CB exposure produced a more evident muscle-weight response than single exposure under the same long-term experimental timeline. Proteomic profiling revealed that repeated CB exposure was not a simple reproduction or amplification of the single CB response, but was associated with distinct changes in sarcomere-associated, tissue-remodeling-related, membrane-trafficking-related, and metabolic proteins. Integrated response-class analysis further identified multiple patterns of protein regulation, including shared CB-responsive proteins and proteins preferentially identified as changed under repeated CB conditions. Immunoblotting validated representative proteins from these response classes: Klhl40 and Napa as shared CB-responsive proteins, Galectin-3 as a strongly CB-responsive remodeling-related protein, and Rab18 as a protein change more clearly detected under repeated CB conditions. Together, these findings indicate that repeated intermittent CB exposure induces exposure history-dependent proteomic remodeling in skeletal muscle. This study provides a resource for understanding the molecular consequences of repeated CB exposure and for future mechanistic studies of {beta}2-adrenergic stimulation-induced skeletal muscle adaptation."
2026-07-24,30,10.64898/2026.07.23.738870,1,"molecular biology","Inflammatory suppression and cancer-associated bypass of the b0,+selenium-utilization program in the human intestine","He, X.; Zhong, K.; Pu, Y.; Hu, H.; Du, Y.; Chen, X.; Chen, L.","The b0,+ transporter (SLC3A1/SLC7A9) imports cystine and selenocystine at the enterocyte apical membrane and defines a selenium-utilization program in the healthy human intestine (He et al., bioRxiv 2026); how this program is altered in disease is unknown. Using a multi-cohort single-cell framework with donor-level statistics, we find that inflammation and cancer remodel a single epithelial redox-currency axis in opposite directions. In adult Crohn's disease, b0,+ co-expression in small-intestinal enterocytes was suppressed (median 4.9% vs 34% positive; P = 0.008) but preserved in paediatric IBD; this loss reflected replacement of b0,+ -high mature enterocytes by a dedifferentiated state rather than transcriptional disruption, with the SLC7A9-SELENOP coupling intact. Downstream, GPX4 alone was selectively suppressed while the selenocysteine-incorporation machinery was preserved, priming the epithelium for ferroptosis in a severity-graded manner. Inflammatory cytokines (IFN{gamma}, TNF) suppressed the selenium pole in small-intestinal enteroids, and a network knockout indicated that b0,+ supports the selenoproteome through substrate supply rather than transcriptional control; an independent patient proteome and a Caco-2 polarization model corroborated the axis. Colorectal-cancer colonocytes showed the opposing pole, near-absent b0,+ with induction of the xCT/thiol program (P = 5.6 x 10 -5) and a ferroptosis-resistant configuration. Thus b0,+ marks the supply node of a dual-pole selenium-thiol axis: inflammation collapses the selenium pole toward a ferroptosis-prone dedifferentiated state, whereas cancer bypasses it toward an xCT antioxidant pole. The baseline axis state is an exploratory correlate of anti-TNF response and a candidate point of disease-associated vulnerability."
2026-07-24,30,10.64898/2026.07.24.739718,1,"cell biology","DNA barcoding-based paired daughter cell analysis reveals division preferences of hematopoietic stem cells","Fukushima, T.; Nishiyama, A.; Koide, S.; Isobe, T.; Yabushita, T.; Asada, S.; Goyama, S.; Iwama, A.; Yamazaki, S.; Tamura, T.; Kitamura, T.; Suda, T.; Tanaka, Y.","Hematopoietic stem cells(HSCs) maintain their pools by stem-stem division and produce mature blood cells through stem-progenitor or progenitor-progenitor division. A paired daughter cell(PDC) assay combined with single cell transplantation is a powerful method to compare the lineage outputs of two HSC daughter cells. However, single-cell transplantation precludes large-scale analysis of daughter-cell pairs, as only one cell can be transplanted per recipient. Here, we developed a DNA barcoding-based PDC assay to overcome this limitation, enabling simultaneous analysis of 476 daughter pairs from individual HSC divisions and revealing that daughter-cell fates are coordinated and that HSC division patterns are biased toward stem-stem and progenitor-progenitor divisions rather than stem-progenitor divisions. These findings indicate that HSC fate outcomes are directed toward symmetric division outcomes. Integration of single-cell RNA sequencing with DNA barcoding revealed a continuum of HSC states from balanced HSCs to myeloid-biased HSCs and ultimately to a low-output HSC subset in which progressively reduced production of mature blood cells relative to stem cell expansion, a proxy for stem-stem division bias, exhibits distinct activities of transcription factors and signaling pathways. Overall, our analysis uncovers characteristic patterns of HSC division and links stem maintenance with distinct molecular features."
2026-07-24,30,10.64898/2026.07.14.738239,3,bioengineering,"Small-scale bioreactor cultivation of HEK293-based suspension cells increases extracellular vesicle yield","Woud, W.; Dilla, E. B.; Dits, N.; Keijzer, T.; Bernal, C.; van Royen, M. E.; Martens-Uzunova, E. S.; de Vrij, J.","Purpose Extracellular vesicles (EVs) are increasingly explored as natural vehicles for drug delivery and gene therapy approaches. However, reproducible yield and scalability of EV production still pose major challenges in the clinical translation of EV-based therapies. In this study, we sought to quantify and characterize EVs released by suspension-cultured HEK293 cells (Expi293F cells) grown in shaker flasks or small-scale bioreactors, to investigate how the culturing environment affects EV production yield. Methods Expi293F cells were cultivated (N=3) in either shaker flasks or a bioreactor system and total cell density, viability, and size were monitored. Supernatants were drawn daily post-cell seeding and were analyzed for EV quantity, size, morphology, and CD63 expression. Results No significant differences were observed in terms of total cell density, viability and cell size between both cultivation settings. However, cultivation of Expi293F cells in the bioreactor environment significantly increased EV yield by 3 fold compared to shaker flask cultivation (p < 0.01). Other parameters such as average nanoparticle size, EV morphology and CD63 expression remained comparable between both cultivation methods. Conclusion These results demonstrate that Expi293F-derived EV yield can be increased by culturing cells in a scalable bioreactor system. These findings pave the way towards the production of therapeutic-based EVs in a scalable and reproducible manner suitable for future (pre-)clinical applications."
2026-07-24,30,10.1101/2025.05.22.655415,3,"systems biology","Interplay between store-operated calcium entry and mitochondrial phosphate handling modulates force and fatigue during exercise","Francis, E. A.; Hamid, J.; Kumar, A.; Rangamani, P.","The dynamics of calcium ions in skeletal muscles link electrochemical activation and contractile force generation. Recent experimental data suggest that store-operated calcium entry (SOCE), the process of extracellular calcium influx upon depletion of calcium from the sarcoplasmic reticulum (SR), helps delay the onset of muscle fatigue during exercise. We hypothesize that SOCE regulates force generation during prolonged muscle activity by allowing for sustained calcium release from the SR. We test this hypothesis with a quantitative biophysical model that simulates the biochemical events of muscle contraction, from depolarization at the T-tubules to calcium release from the SR to calcium binding and force generation throughout the myoplasm. We also consider the balance between calcium removal from the myoplasm and SOCE through the T-tubule membrane, along with mitochondrial uptake of free calcium and phosphate. We use the model to test the effects of SOCE inhibition on force production. The magnitude of myoplasmic calcium and force are lower in SOCE knockout cells, especially when SOCE reduction is combined with impaired uptake of phosphate by mitochondria. We then test the effects of SOCE during resistance exercise or high-intensity interval training. These simulations predict a context-dependent relationship between force generation and SOCE -- increased SOCE is associated with greater force production during resistance exercise, but worsens the effects of fatigue in certain cases of high-intensity training. Such SOCE-induced fatigue is attributed to phosphate accumulation in the myoplasm and can be mitigated by increased rates of mitochondrial phosphate uptake."
2026-07-24,30,10.1101/2025.06.26.661779,4,"cell biology","Long-term ex ovo culture of Caenorhabditis elegans embryos","Stubbert, C. A.; Soe, C.; Shah, P. K.","While the genetic tractability, transparency and invariant development of the Caenorhabditis elegans embryo have led to its broad adoption as a model system for the study of cell and developmental biology, its impermeable eggshell has complicated the use of small-molecule reagents during embryogenesis. Existing genetic approaches for rendering the embryo permeable to acute small molecule treatment have increased the accessibility of early embryogenesis to pharmacological manipulation but compromise long-term viability, preventing their use in studies of later developmental processes or post-exposure physiology. Here, we describe the use of an optimized enzymatic eggshell digestion protocol coupled with a minimal, serum-free culture media that supports the survival and normal development of ex ovo embryos through larval maturation and adulthood. We show that this approach renders embryos permeable to a wide range of small molecules, enabling precise temporal manipulation of developmental processes previously inaccessible through conventional genetic methods. We demonstrate the utility of this technique through the application of small molecule fluorescent dyes, the pharmacological modulation of cytoskeletal components including microtubules and actin, as well as the minus-end-directed microtubule motor protein dynein, highlighting applications for study of cell division, morphogenesis, and neuronal cell biology, especially in later stages of embryogenesis. This approach expands the experimental toolkit available for labeling and manipulating developmental processes in C. elegans."
2026-07-24,30,10.64898/2026.05.28.728510,2,biochemistry,"Detergent selection as a determinant of lysate melting behavior and drug-target hit-calling in thermal stability proteomics","Sniezek, C.; Glukhova, V. A.; Schmitz, C.; Vlajic, K.; Schweppe, D. K.","Thermal proteome profiling (TPP) and proteome integral solubility alteration (PISA) assays measure drug-target interactions by monitoring protein thermal stability across the proteome. While detergents are routinely used in lysate-based thermal profiling, the field lacks consensus on whether detergents should be present during the melting step or only added afterward as an extraction buffer, and whether detergent identity matters for this choice. Here, we evaluate how commonly used detergents and the timing of their use in thermal stability workflows affect proteome-wide thermal stability and PISA hit calling in TF-1 lysates. We find that NP-40 and DDM produce highly correlated melting profiles when used exclusively as post-melt extraction buffers, but diverge substantially when present during the melting step. DDM in particular prevents the thermally-induced loss in solubility of large classes of proteins, such as cell surface proteins, and these effects propagate directly into PISA hit calling. Performing the PISA melt in DDM versus NP-40 results in the gain and loss of distinct drug-target interactions for both the PAK4 inhibitor PF-3758309 and the PLK1 inhibitor volasertib. Notably, DDM enables detection of a volasertib-TMEM97 interaction that was previously not detected in NP-40. However, we also find that the stabilization effects of DDM mask the identification of some known PISA hits for these drugs. We further introduce a four-parameter logistic model of protein melting to aid in modeling of these findings and a linear regression framework for PISA hit calling that outperforms pairwise t-tests in low-replicate settings. Together, these results establish detergent selection as a tunable experimental variable in thermal profiling and suggest that some drug-target engagements previously attributed exclusively to intact-cell context may be recoverable in lysates with appropriate buffer conditions."
2026-07-24,30,10.1101/2025.07.22.665918,5,bioinformatics,"Phylogenetic detection of protein sites associated with continuous traits","Duchemin, L.; Muntane, G.; Boussau, B.; Veber, P.","Comparative genomic data can be used to look for substitutions in coding sequences that are associated with the variation of a particular phenotypic trait. A few statistical methods have been proposed to do so for phenotypes represented by discrete values. For continuous traits, no such statistical approach has been proposed, and researchers have resorted to sensible but uncharacterized criteria. Here, we investigate a phylogenetic model for coding sequences where amino acid preferences at a site are given by a continuous function of a quantitative trait. This function is inferred from the amino acids and the trait values in extant species and requires inferred point estimates of ancestral values of the trait at internal nodes. For detecting sites whose evolution is associated with this trait, we use a significance test against the hypothesis that amino acid preference does not depend on the trait. This procedure is compared to simpler strategies on simulated alignments. It displays an increased recall for low false positive rates, which is of special importance for performing whole-genome scans. This comes however at a much higher computational cost, and we suggest using a simple test to filter promising candidate sites. We then revisit a dataset of alignments for 62 species of mammals, using longevity as a phenotypic trait. We apply our method to three protein families that have previously been proposed to display sites associated with variation in lifespan in mammals. Using a graphical representation extracted from the detailed phylogenetic analysis of candidate sites, we suggest that the evidence for this in the sequence data alone is weak. The proposed method has been added to our Pelican software. It is available at https://gitlab.in2p3.fr/phoogle/pelican and can now be used with both discrete and continuous phenotypes to search for sites associated with phenotypic variation, on data sets with thousands of alignments."
2026-07-24,30,10.64898/2026.07.21.739817,1,genomics,"TRIM28 preserves ovarian identity by stabilising lineage-specific transcription factor hubs","Sitkiewicz, L.; Chaleil, F.; Granes, G.; Rossitto, M.; Dejardin, S.; Cammas, F.; Lefrancois-Martinez, A.-M.; Stevant, I.; Poulat, F.","Maintenance of ovarian cell identity is required throughout life to prevent the activation of the testicular programme, but the epigenetic mechanisms underlying this process remain poorly understood. Although TRIM28 is required to prevent granulosa-to-Sertoli transdifferentiation, it can act both as a regulator of H3K9me3-dependent heterochromatin and as a transcriptional co-regulator through its E3 SUMOligase activity. Here, we combined CUT&RUN, ATAC-seq and RNA-seq to define the respective contributions of these activities to maintain ovarian cell identity. Strikingly, only a small fraction of TRIM28-bound regions was associated with H3K9me3. Although Trim28 deletion induced focal H3K9me3 loss, it had limited transcriptional consequences and primarily affected repetitive elements rather than regions controlling testis-determining genes. In contrast, Trim28 loss led to reductions in chromatin accessibility and H3K27ac at regions enriched for ovarian transcription factor (TF) motifs FOXL2, NR5A2, ESR2 and RUNX1. Moreover, TRIM28 was frequently co-localised with these factors on chromatin, and the accessibility these co-bound regions were reduced by Trim28 deletion. Finally, SUMOylation loss was observed in regions co-occupied by TRIM28 and the ovarian TFs. Together, our findings identify TRIM28 as a central organiser of ovarian TF hubs whose predominant function is to preserve granulosa cell identity through stabilisation of lineage-specific TFs rather than H3K9me3-dependent heterochromatin."
2026-07-24,30,10.64898/2026.07.23.740375,1,immunology,"Beyond the blood: Tissue-resident immunity shapes SARS-CoV-2 vaccine antibody responses","Schröter, J.; van Dorp, C. H.; Davis-Porada, J.; Teijaro, J. R.; Farber, D. L.; Yates, A. J.","Infections and vaccinations elicit coordinated humoral and cellular adaptive immune responses that together provide protection. In addition to antibodies, pathogen-specific memory T and B cells persist in blood and tissues, but it remains unclear how their composition and spatial distribution relate to serum antibody titers, the most common correlate of vaccine-induced protection. Understanding these relationships is essential for predicting vaccine efficacy and optimizing immunization strategies. We analyzed tissues from 58 adult human organ donors vaccinated against SARS-CoV-2, including individuals with and without prior infection. Using multivariate imputation, dimensionality reduction, and correlation, regression, and causal analyses, we identified immune signatures linking memory B cell, CD4 T cell, and CD8 T cell subsets in spleen, lung, and lung-draining lymph nodes with antibody titers and neutralizing activity. Our analyses indicate that humoral immunity is driven primarily by virus-specific B cells and CD4 T cells in lymphoid tissues rather than blood, whereas tissue-localized CD8 T cell responses, although correlated with antibody levels, develop independently. These findings demonstrate that cross-sectional immune profiling across multiple tissues recapitulates established immunological principles and reveal that serum antibody responses emerge from coordinated cellular immune responses distributed throughout the body."
2026-07-24,30,10.64898/2026.06.28.735042,6,"cell biology","A rare pre-existing progenitor-like Primed SMC compartment is the dominant inferred source of SMC-derived cellularity in vascular injury and atherosclerosis","Wani, S.; Kitching, M.; Aboulhassanzadeh, S.; Lungu, T.-S.; Kilicgun, I.; Ulibarri, K.; Liu, W.; Floudas, A.; Redmond, E. M.; Cahill, P. A.","The cellular origin of smooth muscle cell (SMC)-derived populations in vascular lesions remains unresolved. Here we show, using single-cell transcriptomic analyses spanning carotid ligation injury, Myh11-CreERT2-traced aortic homeostasis, and LDLR- and ApoE-deficient atherosclerosis, that a rare progenitor-like ""Primed"" SMC compartment pre-exists at baseline in all models and in the healthy human aorta. Relative to contractile SMCs, Primed SMCs attenuate sarcomeric and contractile programmes while inducing matricellular, progenitor-niche and chondrogenic-poised developmental programmes, resolving into conserved niche/progenitor (Cd34, Fst, Tnfrsf11b) and matricellular (Vcam1, Thbs1, Timp1) cores overlaid by vessel-specific signatures, on a retained SMC identity. Multiple orthogonal computational lineage-inference approaches indicate that this compartment expands predominantly through autonomous self-renewal and is the dominant inferred source of cycling and lesion fibrochondrocyte populations, while contractile SMCs are consistently depleted as a feeder source. These findings reframe lesional SMC cellularity as expansion of a pre-existing Primed compartment rather than widespread phenotypic switching of contractile SMCs."
2026-07-24,30,10.64898/2026.07.24.740321,1,genetics,"CRISPR-mediated centromere fission generates neo-chromosomes with distorted meiotic inheritance in Arabidopsis","Burns, R.; Mandakova, T.; Morgan, C.; Topp, S.; Gorringe, N.; Li, T.; Jenike, K. M.; Wlodzimierz, P.; Naish, M.; Lysak, M. A.; Henderson, I. R.","Centromeres are essential for chromosome segregation and are epigenetically defined by CENH3/CENP-A nucleosomes. Centromere position along chromosomes varies within and between species, ranging from telocentric to metacentric architectures. Yet, how centromere position influences chromosome inheritance and karyotype evolution remains poorly understood. To reposition the centromere, we used CRISPR-Cas9 to break the centromeric satellite array of Arabidopsis thaliana chromosome 3. Fission chromosomes rapidly acquired telomeres, converting a metacentric into two stable telocentric neo-chromosomes. Neo-centromere formation involved genetic restructuring and de novo satellite higher-order repeat formation, together with epigenetic remodeling of CENH3 and DNA methylation. Crossing the six-chromosome fission line to five- chromosome wild type produced a meiosis-specific trivalent that mis-segregated and generated aneuploidy. Trivalent recombination doubled through two obligate crossovers, which were shifted towards the telomeres. Inheritance was strongly distorted in favor of the wild type centromere, as telocentrics segregated into inviable monosomic gametes. The reciprocal trisomic gametes were associated with centromere-proximal recombination, demonstrating that crossover position governs trivalent segregation. Distortion further increased when CENH3 was over-expressed, implicating centromere strength in the outcomes of trivalent meiosis. Our results reveal rapid centromere remodeling following karyotype change, and how trivalent centromere architecture distorts inheritance, with implications for hybrid incompatibility and synthetic chromosome design"
2026-07-24,30,10.64898/2026.07.22.740005,1,genomics,"Animal retrozymes are nonautonomous sequences of Penelope-like elements","Li, Z.; Clavereau, I.; Pollet, N.","Hammerhead ribozymes (HHRs) are small catalytic RNAs found across diverse life forms. In animals, they can occur as dispersed copies or in tandem genomic arrangements. These tandemly organized forms, known as Non-LTR retrozymes, were recently identified as a distinct group of non-autonomous retrotransposons, likely mobilized via a rolling-circle transposition mechanism and potentially involved in host transcriptome regulation. However, their evolutionary origins remain poorly understood. Here, we investigate the presence, genomic distribution, and possible origins of Non-LTR retrozymes across a broad range of vertebrate species. We find that these elements display a patchy phylogenetic distribution, notably absent from the Aves and Mammalia lineages. In species where they are present, retrozyme copy number, consensus length, and monomer proportion vary widely across species and retrozyme families, suggesting diverse amplification dynamics. Genomic mapping reveals a significant enrichment of Non-LTR retrozymes in intergenic regions and exclusion from genic regions, implying selective pressures against genic insertion. Strikingly, the phylogenetic distribution of Non-LTR retrozymes coincides with that of Penelope-like elements (PLEs). Phylogenetic analysis further shows that the pLTR region of PLEs is closely related to Non-LTR retrozymes, supporting the hypothesis that Non-LTR retrozymes are non-autonomous derivatives of PLEs. Together, our findings shed new light on the evolutionary origin and genomic behaviour of Non-LTR retrozymes and underscore their potential regulatory roles in vertebrate genomes."
2026-07-24,30,10.64898/2026.07.21.739755,1,genomics,"Germline genomic and methylomic dynamics following three generations of early-life metabolic challenges","de Anca Prado, V.; Pertille, F.; Andersson, D.; Mourin-Fernandez, M.; Godia, M.; Jimenez-Chillaron, J. C.; Ruegg, J.; Guerrero-Bosagna, C.","Environmental and dietary factors can exert multigenerational effects on health and development. In this study, we investigated whether early-life metabolic challenge affects the germline genome and epigenome across three generations. Using a murine model of early life obesity via litter size reduction (overnutrition group, ON) and a control group (CT), we followed the paternal lineage focusing on germline genomic and methylation changes employing Genotyping-by-Sequencing (GBS) coupled with methyl-immunoprecipitation (GBS-MeDIP). We found that unrelated ON families clustered together based on identified Single-Nucleotide Polymorphism (SNP), suggesting that the treatment may have genomic impact. Copy number variations (CNVs) events were identified in ON individuals, being enriched in Long Interspersed Nuclear Elements (LINEs) and Long Terminal Repeats (LTRs). While Principal Component Analysis (PCA) of the methylome showed no clear treatment effect, pathway enrichment and regional analyses revealed methylation changes associated with transposable elements and developmental genes. Notably, the ON group exhibited a disruption in the methylation of Repetitive Elements (RE), which was significant in the same type of RE that were also enriched in the observed CNVs. The ON also showed reduced emergence of novel SNPs in offspring compared to the CT group. These findings suggest that multigenerational metabolic challenge can constrain genetic variability and induce genome instability, potentially mediated by transposable element activity rather than widespread changes in DNA methylation. This work highlights the importance of studying both genome and epigenome dynamics under realistic, multigenerational exposure scenarios and suggests that early metabolic challenges can have long-lasting impacts on genomic architecture and evolutionary potential."
2026-07-24,30,10.1101/2025.11.20.688607,3,bioinformatics,"Orchestrating Spatial Transcriptomics Analysis with Bioconductor","Crowell, H. L.; Dong, Y.; Billato, I.; Cai, P.; Emons, M.; Gunz, S.; Guo, B.; Li, M.; Mahmoud, A.; Manukyan, A.; Pages, H.; Panwar, P.; Rao, S.; Sargeant, C. J.; Shepherd Kern, L.; Ramos, M.; Sun, J.; Totty, M.; Carey, V. J.; Chen, Y.; Collado-Torres, L.; Ghazanfar, S.; Hansen, K. D.; Martinowich, K.; Maynard, K. R.; Patrick, E.; Righelli, D.; Risso, D.; Tiberi, S.; Waldron, L.; Gottardo, R.; Robinson, M. D.; Hicks, S. C.; Weber, L. M.","Spatial transcriptomics technologies provide spatially-resolved measurements of gene expression through assays that can either target selected genes or capture transcriptome-wide expression profiles. The complexity and variability of these technologies and their associated data necessitate multi-step workflows integrating diverse computational methods and software packages. We provide a freely accessible, open-source, continuously updated and tested online book containing reproducible code examples, datasets, and discussion about data analysis workflows for spatial omics data using Bioconductor in R, including interoperability with Python."
2026-07-24,30,10.64898/2026.07.22.740152,1,bioinformatics,"pyfraglib: An integrated cfDNA fragmentomics platform","Schuette, D.; Godfrey, L. K.; Schneider, J.; Borchmann, S.; Heger, J.-M.; Schwarz, R. F.","Summary: Cell-free DNA (cfDNA) fragmentomics is the analysis of a diverse set of cfDNA fragment features, e.g. fragment length profiles, windowed protection scores, and end motifs. As such it requires software tooling for fragment extraction, statistical feature modeling, and cohort-level comparative analysis. In silico simulations can facilitate the development and validation of new methods by generating testing datasets with known ground truth. Existing tools address individual aspects of this workflow but none provide all necessary capabilities within a single package. Results: We present pyfraglib, a platform integrating fragment extraction from short- and long-read sequencing, statistical feature modeling (Gaussian mixture and NMF decomposition of fragment length profiles, end motif diversity, windowed protection scores), cohort-level differential testing of said features, and a simulation module. The library is exposed through a command-line interface, a Python API, and a Nextflow pipeline. We demonstrate pyfraglib in two ways. First, on two simulated 20-sample cohorts we show that pyfraglib's per-sample and cohort-level analyses recover the differences introduced by construction. Second, we apply pyfraglib to 89 cfDNA samples from a central nervous system lymphoma (CNSL) study and construct a fragmentomics score combining an NMF signature with end motif and WPS summaries via a classifier trained on cerebrospinal fluid and healthy donor plasma samples. As a proof of concept and applied to patient plasma samples, the score identifies a high-risk subgroup with worse failure-free survival (log-rank p=0.0205). Conclusions: pyfraglib integrates sample- and cohort-level fragmentomics analyses as well as in silico simulation within a consistently engineered Python framework. pyfraglib source code and documentation are available at https://github.com/ICCB-Cologne/pyfraglib."
2026-07-24,30,10.64898/2026.07.24.740457,1,"pharmacology and toxicology","Rank-Resolved Multi-Engine Docking and Optuna-Optimized Re-Ranking with ProDock for Virtual Screening","Le, L. H. S.; Pham, T.-A.; Tran, N.-T. N.; Van-Nguyen, P.-C.; Phan, T. L.; Truong, T. N.","False positives in virtual screening often arise when a single docking score or top-ranked pose is treated as sufficient evidence for binding. We extend the previously introduced ProDock software from a database-backed docking platform into a rank-resolved, multi-engine workflow for automated preparation, docking, pose analysis, and optimized re-ranking. The extended workflow combines local docking with GNINA and global docking with DiffDock with pose-level descriptors, namely binding-site occupancy, ligand localization, interaction-fingerprint similarity, and steric clash counts, together with Optuna-based threshold optimization. Across 43 DUDE-Z targets, the archived benchmark outputs reported higher enrichment values for CNN-based GNINA scores after optimization. CNNaffinity PR-AUC changed from 0.197 to 0.294 and LogAUC from 0.708 to 0.763, whereas empirical affinity ROC-AUC changed from 0.770 to 0.758. Structural investigation of re-docked actives showed that re-ranked poses were more native-like, with improved binding-site occupancy, reduced centroid displacement, and greater recovery of co-crystal interactions. The extension provides a reproducible framework for combining complementary docking engines with interpretable pose-level metrics before hit selection, thereby aiding the identification of true-positive candidates in virtual screening."
2026-07-24,30,10.64898/2026.07.21.739464,1,immunology,"mRNA-based prime-and-pull vaccination combines benefits of subcutaneous and mucosal BCG vaccination","Valencia-Hernandez, A. M.; Zhao, G.; Seifert, J.; Miranda-Hernandez, S.; Puri, M.; Kupz, A.","Abstract Pulmonary vaccination has been proposed as a strategy to improve protection against tuberculosis, due to the generation of immune cells that more efficiently survey and eliminate infected cells within the lung. However, uncontrolled replication and excessive inflammation associated with mucosal delivery of live-attenuated vaccines highlight the need for alternative strategies that balance efficacy and safety. Here, we describe a prime-and-pull vaccination approach in which systemic immunity is established by subcutaneous BCG vaccination, followed by the induction of local lung immunity through mucosal delivery of lipid nanoparticle formulated multi-antigen mRNA. Proof-of-concept studies using a model antigen demonstrated the induction of polyfunctional antigen-specific T cells in the lung with minimal inflammatory cell infiltration, compared with mucosal BCG vaccination. Eight Mycobacterium tuberculosis- and BCG-derived proteins were subsequently selected to generate four multi-antigen mRNA constructs. In vivo vaccination and challenge experiments demonstrated that this prime-and-pull strategy is well tolerated and confers protective immunity against tuberculosis in a murine model. Collectively, these data support a modular mRNA-based prime-and-pull vaccination strategy as a translational approach that bridges the improved immunogenicity and efficacy of mucosal BCG vaccination with the safety profile of parenteral BCG administration."
2026-07-24,30,10.64898/2026.07.22.739998,1,immunology,"Lineage-specific regulation and RNA-associated functions of SATB1 in mature B-cells","Frayssinhes, J.-Y. A.; Meriot, L.; Marchiol, T.; Pinault, E.; Forne, T.; Spilianakis, C.; PINAUD, E.; Le Noir, S.","Special AT-rich binding protein 1 (SATB1) is a nuclear matrix-associated transcription factor that orchestrates higher-order chromatin architecture and gene expression in T and B lymphocytes. While SATB1 role in T cells is well-established, its regulation and function in B cells remain underexplored. Here, we showed that Satb1 expression in mature B cells is controlled by alternative promoter usage and splicing, with promoters P1 and P3 dynamically switching upon LPS-induced activation, while P2 remains transcriptionally silent. We identified four Satb1 mRNA isoforms, including two novel transcripts (Delta9 and Delta9Delta11), all of which maintain open reading frames. Satb1 transcription decreases upon activation while SATB1 protein content evolves differently, suggesting post-transcriptional regulation. SATB1 forms a high-molecular-weight complex in B cells, and co-immunoprecipitation mass spectrometry reveals RNA-binding proteins as its predominant interactors. These findings specify SATB1 expression kinetics during B-cell activation and reveal its role as a regulator of RNA splicing in B cells."
2026-07-24,30,10.64898/2026.07.24.740480,1,microbiology,"Single-Cell Metagenomics Links Plasmid-Derived Antimicrobial Resistance to Hosts in the Pig Gut Microbiome","Zubov, A.; Vigre, H.; Otani, S.; Ling, M.; Andersen, V. D.; Steengaard, M.; Assis, J.; Aarestrup, F. M.; Jahn, L. J.; Santos, A.; Munk, P.","Antimicrobial exposure can alter gut resistance reservoirs, but bulk metagenomics alone often cannot distinguish whether observed changes reflect expansion of bacterial hosts, altered abundance of plasmid-derived sequences, or redistribution of mobile elements across host backgrounds. Here, we combined longitudinal bulk short-read metagenomics with selected bulk long-read and single-cell shotgun metagenomic sequencing to analyse faecal samples from six Danish pigs over 11 weeks, including an unplanned tiamulin exposure affecting the three pigs housed on the right side of the stable. We constructed a catalogue of 885 plasmid-derived sequences collapsed into 195 bins. Twenty-eight bins and 212 contigs carried resistance annotations, including ribosomal-target markers relevant to pleuromutilin exposure. Single-cell evidence linked subsets of plasmid-derived bins and contigs to bacterial host taxa, enabling host-resolved inspection of resistance-associated plasmid-derived features in longitudinal bulk metagenomes. The microbiome-wide plasmid-derived-sequence prevalence screen identified two bins with post-event associations, whereas resistance-gene abundance and host-attributed plasmid-derived-sequence abundance screens identified no significant host-resolved associations. Because exposure was unplanned and confounded with pen side and disease signs, treatment-response results are exploratory. The main contribution is a single-cell-informed microbial ecology workflow for linking plasmid-derived resistance features to host backgrounds and longitudinal abundance patterns in complex gut microbiomes."
2026-07-24,30,10.64898/2026.01.29.702573,3,microbiology,"Pericyte dysfunction alone may be insufficient to drive tick-borne orthoflavivirus NS1-mediated microvascular permeability","Brown, E.; Duruanyanwu, J.; Campagnolo, P.; Maringer, K.","The emerging tick-borne flaviviruses Alkhumra haemorrhagic fever virus (AHFV) and Kyasanur Forest disease virus (KFDV) can cause severe haemorrhagic disease, yet the mechanisms driving this vascular leakage remain unclear. The microvascular capillaries and post-capillary venules affected during orthoflavivirus-related haemorrhagic disease consist of an endothelial cell barrier ensheathed in and supported by perivascular cells (pericytes), and we recently identified a critical role for pericytes in amplifying dengue microvascular dysfunction. The orthoflavivirus non-structural protein 1 (NS1) has been implicated in endothelial dysfunction and vascular leakage for several tick- and mosquito-borne flaviviruses. Here, we examined whether NS1 from AHFV and KFDV disrupts microvascular barrier integrity in pericyte-endothelial cell cocultures. We found AHFV and KFDV NS1 to disrupt the ability of pericytes to support endothelial cell function, which is required for maintenance of the microvascular barrier. However, under our experimental conditions, we detected no endothelial hyperpermeability upon NS1 treatment in endothelial cells cultured alone or in combination with pericytes. Our findings suggest that the concomitant impairment of both endothelial cell and pericyte function may be required for NS1 to induce microvascular hyperpermeability. Our work highlights the potentially synergistic effects of microvascular cells during orthoflavivirus haemorrhage and emphasises the need for further work into the mechanisms of vascular dysfunction during AHFV and KFDV infection."
2026-07-24,30,10.1101/2025.04.10.648262,4,microbiology,"Time-resolved phenotyping at subcellular resolution reveals shared principles and key trade-offs across antimicrobial peptide activities","Fragasso, A.; Schlechtweg, T.; Lin, W.-H.; Barron, A. E.; Jacobs-Wagner, C.","Cationic antimicrobial peptides are a broad family of host defense molecules that neutralize bacteria by permeabilizing one or more membranes and/or inhibiting intracellular targets. Here, we present a time-resolved single-cell pipeline for quantifying these effects in Escherichia coli. Applying this pipeline to 18 diverse natural peptides and synthetic peptidomimetics reveals shared core activities, but with different kinetics, defining two classes with opposite trade-offs. Class I peptides cause abrupt growth arrest, predominantly coupled with inner membrane permeabilization and ribosome/DNA reorganization, conferring fast, multipronged action. However, rapid intracellular absorption by the first permeabilized cells depletes the extracellular pool, rendering them ineffective against dense populations, including biofilms. Class II peptides act more gradually, with delayed or absent inner membrane permeabilization, limiting their speed of action. However, this results in slower intracellular absorption and greater efficacy at high cell densities and against biofilms. These opposing functional trade-offs point to important immunological and therapeutic implications."
2026-07-24,30,10.64898/2026.07.24.740396,1,microbiology,"Differential impact of cell wall antibiotics on the Rod complex and aPBPs in Bacillus subtilis: Insights into the peptidoglycan elongation machineries","Cornilleau, C.; Rouchet, C.-J.; Barbotin, A.; Destouches, L.; Lablaine, A.; Bauda, E.; Morlot, C.; Carballido-Lopez, R.","Bacterial cell wall (CW), primarily composed of the biopolymer peptidoglycan, serve as essential protective barriers against external stresses and the internal turgor pressure. The peptidoglycan (PG) biosynthetic pathway encompasses sequential enzymatic reactions in the cytoplasm and in the membrane that involve critical enzymes susceptible to antibiotic targeting. Virtually each step of the pathway is the target of a known antibiotic. Antibiotic-induced inhibition of PG assembly typically weakens the sacculus, often leading to cell lysis. However, the cascade of events that follow inhibition of a specific enzyme of the pathway, and how these culminate in cell death remain largely unknown. Here, we investigated the effects on growing Bacillus subtilis cells of two categories of CW antibiotics: inhibitors of the synthesis of soluble PG precursors in the cytoplasm (fosfomycin and D-cycloserine) and inhibitors of the polymerisation and crosslinking reactions at the outer leaflet of the membrane, which incorporate newly externalised precursors into the existing network (vancomycin and penicillin). In B. subtilis, the latter reactions are catalysed along the sidewalls by the Rod complex, thought to primarily build the sacculus, and by class A penicillin-binding proteins (aPBPs), thought to add to repair it. Our findings reveal that the two antibiotic groups lead to growth arrest, sacculus thinning, and eventual cell lysis. However, while the impact of vancomycin and penicillin G is rapid, lacking morphological deformation, fosfomycin and D-cycloserine induce cell widening and bulging before lysis. During shortage of PG precursors, dysregulated PG hydrolytic activity contributes to elevated cell lysis but is not responsible of bulging. Instead, dispersed PG synthesis by aPBPs persists while the activity of the Rod system is rapidly arrested, resulting in cell rounding. We propose that this facilitates the redirection of the limited PG precursors to sites of CW repair, thereby preserving cell integrity and allowing for prolonged growth during antibiotic challenge."
2026-07-24,30,10.64898/2026.07.24.740531,1,microbiology,"A nutrient-derived dietary gradient links gut microbiome composition, network structure, and host physiology","Xu, J.; Riabchenko, M.; Bartolomaeus, T. U. P.; Mueller, A.; Hannibal, L.; Huber, R.; Jeitler, M.; Jarquin-Diaz, V. H.; Forslund-Startceva, S. K.; Storz, M. A.","Diet is an important determinant of gut microbiome composition and host physiology. However, dietary exposure is often represented using categorical groups that may not fully capture variation in nutrient intake or its associations with gut microbiome and host biomarkers. Here, we analyzed diet-microbiome-host physiology relationships in healthy adults with long-term adherence ([&ge;]2 years) to omnivore, vegetarian, or vegan diets. We integrated four-day weighed dietary records, blood biomarkers, and 16S rRNA gene sequencing to characterize dietary intake, host physiology, and gut microbiome composition. We derived nutrient intake gradients by dimensionality reduction of representative nutrients and identified the second nutrient intake gradient (NIG2) as a quantitative axis reflecting variation between animal- and plant-leaning nutrient profiles, broadly recapitulating categorical dietary groups. While NIG2 showed no association with microbiome within-sample diversity, it explained gut microbiome compositional variation that was not detected using categorical dietary groups. Mediation analyses identified nominal candidate microbiome-mediated diet-biomarker relationships involving thyroid-related, hematological, and vitamin-related biomarkers. Network analyses of NIG2-defined animal-leaning and plant-leaning subsets identified subset-specific microbial associations and differences in microbial community structure and potential interactions. Overall, this continuous nutrient-derived dietary gradient provides a quantitative exposure metric for characterizing diet-microbiome-host physiology relationships."
2026-07-24,30,10.64898/2026.07.24.740500,1,microbiology,"Physiological basis of photosynthetic hydrogen production in the cyanobacterium Synechocystis","Strabel, N.; Paul, F.; Regenbogen, J.; Boehm, M.; Appel, J.; Gutekunst, K.","Photosynthetic hydrogen (photoH2) production by the cyanobacterium Synechocystis sp. PCC 6803 is an attractive means for storing solar energy. However, photoH2 yields remain limited by competing electron flux pathways. Recent in vitro characterization suggests that photoH2 production requires electrons from both carbohydrate oxidation and photosynthesis. Engineered fusions between photosystem I (PSI) and hydrogenase (PSI-H2ase) aim to divert electrons toward H2 production and rely exclusively on photosynthesis. Thus, photoH2 production differs fundamentally between wildtype (WT) and PSI-H2ase fusion mutants. Here, we show that photoH2 production in WT is enhanced by supplemented glucose, consistent with the recently reported confurcating nature of HoxEFUYH H2ases. PhotoH2 production was further studied in the new psaE-hoxUYH mutant by simultaneously monitoring electron flux through PSI alongside with turnover rates of O2, CO2 and H2. PsaE-hoxUYH achieved the highest photoH2 yield and longest production period among the currently available PSI-H2ase mutants in Synechocystis, prolonged by removing O2. Upon illumination, psaE-hoxUYH exhibited high initial photoH2 production rates, which decreased in parallel with CO2 fixation and ceased immediately in the presence of O2. In absence of O2, photoH2 production still declined slowly. Therefore, in addition to CO2 fixation and O2, other yet unknown factors might limit photoH2 production under these conditions. Moreover, we traced a previously observed high H2 production phase of unclear origin in psaD-hoxYH cultures to contaminating [FeFe] H2ases from Clostridium intestinale rather than genuine photoH2 production by the mutant. Together, these findings indicate a complex metabolic interplay tuning photoH2 production in Synechocystis WT and PSI-H2ase fusion mutants."
2026-07-24,30,10.64898/2026.07.21.739760,1,genomics,"The mutational landscape of innervation axes in cancer","Batool, A.; Arora, C.; Nemati Fard, L. A.; Passannanti, R.; Varisco, M.; Vukotic, R.; Capsoni, S.; Cattaneo, A.; Raimondi, F.","The mutational landscape of neural innervation axes in cancer has garnered increasing attention due to their significant influence on tumorigenesis, metastasis, and treatment resistance. This study provides an overview of the alterations of neural signaling pathways based on multi-omics data analysis. In particular, we conducted a comprehensive analysis of mutations in key genes associated with neurotrophin signaling, norepinephrine and cholinergic pathways, alongside paracrine and synaptogenic factors. Our findings reveal that 65% of patients in a pancancer cohort exhibit at least one somatic alteration in these pathways, with neurotrophin genes being the most frequently altered. Notably, alterations in these genes (e.g., NGF) correlate with poor patient survival across various cancer types, suggesting their oncogenic potential. We also identified significant co-occurrence of mutations and differential expression patterns from both bulk and single-cell RNAseq data, indicating complex interactions among these pathways that contribute to tumor innervation and neuroplasticity. This study underscores the necessity of understanding the crosstalk between neural signaling and cancer biology to improve patient stratification based on mutational profiles and identify potential therapeutic targets. Further research utilizing advanced genomic techniques is essential to elucidate the mechanistic roles of these pathways in tumor innervation."
2026-07-24,30,10.64898/2026.07.21.739768,1,genomics,"Genetic architecture of soluble arabinoxylan fibre in elite genotypes of bread wheat revealed by genome-wide association analysis","Alabdullah, A. K.; Kosik, O.; Leverington-Waite, M.; Mitchell, R. A.; Prins, A.; Brett, J.; Griffths, S.; Shewry, P. R.; Lovegrove, A.","Dietary fibre intake remains below recommended levels, and increasing fibre content of widely consumed white wheat flour (derived from the starchy endosperm) represents a scalable strategy to improve public health. In wheat starchy endosperm, arabinoxylan (AX) is the dominant fibre component, with the water-extractable (WE) fraction being particularly beneficial to health. We assembled an Elite Fibre Panel (EFP) of 384 elite modern wheat genotypes from UK commercial breeding programmes and quantified the content of WE-AX in wholemeal, as a proxy for soluble AX in white flour, across two UK field environments. Wholemeal WE-AX, showed substantial quantitative variation and moderate genotype-by-environment interaction, with a broad-sense heritability of 0.68. Genome-wide association analyses using 6,791 SNPs identified seven loci associated with WE-AX content. The strongest and most stable effects were mapped to major loci on chromosomes 1B and 6B, previously implicated in AX regulation, while additional loci of smaller and sometimes environment-dependent effect were detected on chromosomes 3A, 5B, and 7A. Favourable alleles increased WE-AX content by ~5-15% and combined additively. LD-defined intervals contained several high-confidence candidate genes involved in cell-wall biosynthesis, remodelling and post-depositional modification, including PER1, a validated regulator of arabinoxylan cross-linking, together with genes encoding a UTP-glucose-1-phosphate uridylyltransferase, trichome birefringence-like proteins and xyloglucan endotransglucosylase/hydrolases. These findings demonstrate that substantial gains in soluble AX can be achieved by pyramiding favourable alleles already segregating within elite germplasm, providing a practical route for breeding wheat with enhanced dietary fibre content and improved nutritional quality."
2026-07-24,30,10.64898/2026.07.21.739876,1,bioinformatics,"The Barcode Inference Pipeline (BIP): From Sequencer Output to DNA Barcodes","Prosser, S. W.; Thompson, K. A.; Bard, N. W.; Floyd, R. A.; Ozsahin, E.; Hebert, P. D. N.","DNA barcoding involves the recovery of a DNA sequence for a target gene region from its source specimen. This process gains complexity when multiple sequences are recovered from a specimen, as is often the case when data are generated by high-throughput sequencers. This diversity can reflect both methodological artifacts (e.g., chimeras, PCR errors, sequencing errors, tag jumps) and real template diversity in the DNA extract (e.g., contamination, endosymbionts, NUMTs, parasites). To support analysis of the sequence data from three million specimens annually, the Centre for Biodiversity Genomics (CBG) has developed BIP, the Barcode Inference Pipeline. Compatible with all sequencing platforms, BIP processes .fastq files and returns both target DNA barcodes and non-target sequences. To generate results, BIP implements quality and size filtration, demultiplexing, primer trimming, chimera scanning, sequence error correction, OTU delineation, and sequence identification. When analysis targets the cytochrome c oxidase 1 (COI) barcode region, BIP also assigns each OTU to a known BIN or identifies its nearest neighbour BIN. As final output, BIP returns summary files ready for upload to BOLD or for other downstream analyses. They include a taxonomic assignment for each OTU, generated by comparison with a DNA barcode reference library. We describe BIP's flexibility and structure, then demonstrate its functionality by analyzing COI sequence data from 100K specimens. Because of its capacity to disentangle target and non-target sequences, BIP outperforms an alternative software package, ONTbarcoder, in several important ways. To ease access, installation, and functionality, BIP is provided as a Docker container (github.com/cbg-innov/BIP)."
2026-07-24,30,10.64898/2026.07.21.739865,1,bioinformatics,"GatorPrism: Prototype-Conditioned Routing across Coalition Graph Experts for Spatial Multi-Omics Integration","Zhang, Z.; Zhang, Y.; Li, X.; Bian, J.; Shen, J.; Liu, Y.","Spatial multi-omics integration requires balancing cross-omics consensus with modality-specific signals whose importance varies across tissue locations. We present GatorPrism, a self-supervised coalition graph mixture-of-experts framework that explicitly separates cross-omics consensus from modality-specific structure and adaptively integrates their contributions across tissue locations. A joint expert encodes an intersection-based consensus graph, while modality-private experts capture mixed spatial-molecular structures; a prototype-conditioned router assigns spot-specific coalition weights. GatorPrism is trained end-to-end to preserve shared and modality-specific neighborhoods, align co-registered modalities, maintain spatial coherence, and prevent routing collapse. Across eight spatial multi-omics datasets, GatorPrism achieved strong performance across nine clustering metrics against nine competing methods. In human tonsil, inferred domains were supported by concordant RNA and ADT markers and distinct functional programs. In embryonic mouse brain, routing profiles revealed anatomically localized shared, RNA-private, and ATAC-private states supported by transcriptomic, chromatin-accessibility, and motif evidence. These results establish GatorPrism as an accurate and interpretable framework that reveals how shared and modality-specific molecular signals organize tissue structure. Source code is available at https://github.com/Gator-Group/GatorPrism."
2026-07-24,30,10.64898/2026.07.23.739930,1,bioinformatics,"EXCAVATE-HT: A Bioinformatic Pipeline to Identify Targetable Genomic Variants for Allele-Specific Editing","Saxena, A. G.; Ramey, G. D.; Capra, J. A.; Conklin, B. R.; Macklin, B. L.","Allele-specific CRISPR/Cas editing is a powerful tool with great potential for treating genetic diseases and for uncovering the effects of allelic diversity. By targeting commonly inherited single nucleotide polymorphisms (SNPs), a small number of gRNAs can treat many more individuals than targeting rare disease mutations. However, current tools for identifying common targetable variants and generating CRISPR guide RNAs (gRNA) have fundamental conceptual and technical limitations. Here, we introduce EXCAVATE-HT (EXtracting Common Allelic VAriants for Targeted Editing in High-Throughput) a bioinformatic tool that mines population variant data to generate CRISPR libraries targeting genomic loci for allele-specific editing. Users define their loci of interest, Cas species, and SNP frequency, then EXCAVATE-HT outputs an annotated list of allele-specific gRNAs. EXCAVATE-HT can also generate libraries of gRNA pairs to enable excision. We illustrate the use of EXCAVATE-HT to design and characterize multiple gRNA libraries for allele-specific targeting of the disease gene, Cone-Rod Homeobox (CRX). EXCAVATE-HT revealed multiple excisions that could treat >30-fold more patients than targeting a single CRX disease mutation."
2026-07-24,30,10.64898/2026.07.24.739986,1,bioinformatics,"A new automated pipeline for whole genome shotgun sequencing analysis and hazard characterization of microbial pesticides","Saraiva, J. P.; Lupo, V.; Cerqueira, F.; Makri, S.; Vasileiadis, S.; Guijarro, B.; Bartholomaus, A.; Papagiannitsis, C. C.; Harmel, M.; Declerck, S.; Cornet, L.; Chatzinotas, A.; Karpouzas, D. G.; Brader, G.","Microbial pesticides are increasingly important for sustainable crop protection, yet hazard analysis and risk assessment remain challenging and require specific characterization of properties relevant to both safety and biological activity. Whole-genome sequencing (WGS) can support the identification of microorganisms at high resolution and characterize potential hazards associated with infectivity, pathogenicity, antimicrobial resistance, and toxic metabolite production. However, the routine use of WGS in this context requires accessible, reproducible, and interpretable workflows. Here, we present a publicly available web-based workflow for WGS-supported hazard analysis of microbial biocontrol agents. The workflow accepts assembled genomes as well as short-read, long-read and hybrid sequencing data, and performs genome quality assessment, taxonomic assignment, genome annotation, AMR detection, mobile-element screening, pathogenicity prediction and secondary-metabolite analysis, and compiles the results into an HTML report. For bacterial agents, we implement a transparent rule-based risk-classification module integrating taxonomic identity, PathogenFinder2 predictions, CARD/RGI resistance evidence, WHO priority taxa, and medically important antimicrobial categories. Secondary-metabolite assessment combines antiSMASH with local BLAST searches and EFSA-aligned identity/coverage thresholds to support product-level interpretation of biosynthetic gene clusters. Comparison with the currently used MOpS workflow developed by EFSA demonstrates the added benefits of the proposed workflow for a guided hazard analysis of microbial pesticides. The workflow is intended as a community-accessible pre-assessment tool that complements regulatory platforms by improving transparency, reproducibility, and early identification of potential hazards in microbial biocontrol candidates, envisioned to make WGS an integral part of the risk assessment of microbial pesticides."
2026-07-26,30,10.64898/2026.07.04.722344,2,bioengineering,"Negligible incorporation of lipophilic dyes into bona fide small extracellular vesicles","Ji, Y.; Ji, Q.; Ji, J.; Shentu, Y.; Zhou, l.; Wu, J.; Shao, Q.; Xu, W.; Zhang, C.; Shen, M.; Xie, Q.","Lipophilic dyes are widely used to track extracellular vesicles (EVs), yet their labeling efficiency toward bona fide small EVs (sEVs) remains poorly defined. Using a serum-free HEK293F system that produces endogenously fluorescent protein-tagged sEVs (sEVs-FPT) as an unambiguous reference while minimizing interference from dye-binding non-vesicular particles, we reassessed this efficiency with two orthogonal methods: nanoflow cytometry and fluorescence microscopy. PKH26, PKH67, and DiD labeled less than 0.5% of sEVs-FPT, regardless of vesicle heterogeneity. In vivo, dye-derived signals were far less abundant than tag-derived signals and failed to colocalize with them. Mechanistic evidence indicates that this failure stems from the inability of sEVs, as acellular structures, to actively internalize dye aggregates. These findings reveal a fundamental limitation of lipophilic dye-based EV tracking and underscore the need for orthogonally validated labeling strategies."
2026-07-26,30,10.64898/2026.05.29.728838,2,bioinformatics,"An integrated resource for systems-level analysis of aging hallmarks and associated genes","Tiwari, R.; Balaji, M.; Chivukula, N.; Sil, P.; Samal, A.","Aging is a complex biological process involving progressive cellular dysfunction, tissue decline, and increased susceptibility to multiple chronic diseases. A systemic view of aging through its established hallmarks provides a structured framework to understand this complexity and drive therapeutic discovery. To this end, we present AgingHallmarksDB, an interactive web platform that enables systems-level analysis of hallmark-associated gene sets. Aging-related genes were first curated from seven established resources, and those present in at least two of these resources were considered as consensus aging-related genes. Using functional annotations derived from GO, KEGG, and Reactome, a total of 3111 genes were mapped to the 11 aging hallmarks, of which 2593 were supported by additional experimental or manually curated evidence, with 1089 of these forming the consensus set. Further, AgingHallmarksDB supplements hallmarks and gene annotations with tissue or cell-type class specificity, exosomal profiles, and regulatory interactions, enabling users to perform hallmark enrichment, protein-protein and regulatory interaction-based analysis. To elucidate the interconnectedness of hallmarks, network separation and proximity analyses of hallmark-associated modules were performed, revealing functional overlap between hallmarks on the human interactome. Furthermore, the utility of AgingHallmarksDB was demonstrated through network topological and regulatory interaction analyses of common hallmark genes, hallmark enrichment and network proximity analyses of eight chronic age-related diseases and seven developmental and congenital diseases, and gene set enrichment analysis of a PM2.5-associated skin transcriptome. Together, these analyses highlight the utility of AgingHallmarksDB for aging hallmark-centred systems biology research. The resource is accessible at https://cb.imsc.res.in/aginghallmarksdb/."
2026-07-26,30,10.1101/2025.02.25.639997,3,bioinformatics,"deepthought: the microscopy acquisition stack as an object of study","Kesavan, P. S.; Devadasan, S.; Bohra, D.","Analysis-in-the-loop microscopy has been demonstrated many times, but it is rarely used outside the laboratories that build it. Each demonstration constructs its own acquisition infrastructure, so little transfers between them, and it has remained unclear which parts of the problem are already solved. In this work, the microscopy acquisition stack was itself treated as the object of study, and was investigated by construction. A minimal stack was built end to end, and four applications were then driven through it as test conditions. These were fixed-cell high-throughput immunofluorescence, live time-lapse imaging of an unsynchronized population, fluorescence anisotropy imaging, and autonomous focus and exposure. Each element of the stack was then classified by how it varied across these applications. Device access, sequencing, data storage and viewing held constant, and mature implementations of each were adopted unchanged. Interpretation, or how an image becomes a set of entities, differed with the application and belongs behind an interface. Two elements had nothing available to adopt and were therefore built. These are a geometric representation of the sample that a plan can traverse, and a representation of a run that yields detected objects rather than images. With those two in place, feedback from analysis into acquisition was ordinary control flow. The system was applied to the DNA damage response, where 22,000 cells were acquired and analyzed without operator intervention, and cells were followed through mitosis over 24 hours in an unsynchronized population without chemical synchronization. One element, targeting, or the choice of where to observe next, varies between applications and remains unabstracted in this implementation. It is identified here as the next requirement."
2026-07-25,30,10.64898/2026.07.22.740205,1,biophysics,"Anti-Z-NA antibodies can distinguish accessible Z-form states across DNA, RNA, and DNA-RNA substrates","Chin, D.; Luo, Y.; He, Z.; Yin, C.; Williams, R.; Dröge, P.; Balachandran, S.; Luo, D.","Left-handed (Z-form) double-stranded nucleic acid conformers (Z-DNA and Z-RNA, collectively called Z-NA) are molecular patterns recognized by ADAR1 and ZBP1, which are sensor proteins involved in innate immunity. Monoclonal antibodies raised against Z-DNA, such as Z22 and Z-D11, are employed as probes for the study of Z-NAs, but their substrate specificity and functional equivalence remain unclear. Here, we used biochemical, biophysical, and structural approaches to compare the binding modes and target specificies of Z22 and Z-D11, using Z-prone CG-rich dsDNA, dsRNA, and DNA-RNA hybrids as substrates. Both antibodies failed to form stable complexes with short CG-rich dsRNA under conditions compatible with antibody stability, which suggests that they are unable to induce A-to-Z transitions in dsRNA. In contrast, both antibodies robustly complexed with dsDNA and DNA-RNA hybrid substrates. Cryo-EM structural analysis confirmed that both antibodies interact with Z-NA through a conserved interaction network, and demonstrated that complexes between the antibodies and DNA-RNA hybrids adopted distinct higher-order organizations. Z22 retained binding to both Z-DNA and Z-RNA segments, whereas Z-D11 displayed substrate-dependent organization and was restricted to Z-DNA segments Molecular modelling provided mechanistic explanation for the differences in Z-RNA binding ability between the two antibodies, which was confirmed in situ with ADAR1-depleted, IAV-infected and JTE607-treated cells. We also demonstrate that Z-D11, in contrast to previously described Z22, is unable to induce B-to-Z-transitions in short d(CG)6 oligos under physiological conditions. Together, these results show that anti Z-NA monoclonal antibodies are not functionally interchangeable: whereas Z22 recognizes pre-formed Z-RNA, Z-DNA-RNA hybrids, and Z-DNA, Z-D11 recognizes Z-DNA, and DNA segments in Z-DNA-RNA hybrids. These differences are dictated by substrate composition, local geometry, and conformational accessibility, which also likely impact their ability to induce NA structural transitions. These findings have important implications for interpreting antibody-based detection of left-handed nucleic acids in biological systems."
2026-07-26,30,10.64898/2026.01.28.702352,3,biophysics,"PLCβs are recruited to the plasma membrane in macrophages by both Gβγ and Gαq","Falzone, M.; Banerjee, P.; MacKinnon, R.","PLC{beta} enzymes cleave PIP2 from the plasma membrane, producing IP3 and DAG, which regulate intracellular Ca2+ levels and protein kinase C activity, respectively. They are regulated by GPCR signaling through the G proteins G{beta}{gamma} and Gq and have been shown to function as coincidence detectors for dual stimulation of Gq and Gi-coupled receptors via these G proteins. PLC{beta}s are aqueous-soluble enzymes, but partition onto the membrane surface to access their lipid substrate. We previously demonstrated that membrane recruitment and orientation of the catalytic core on the membrane surface underlie G{beta}{gamma}-dependent regulation of PLC{beta} enzymes. Using macrophages as a model system, where PLC{beta} signaling is essential for responses to infection and tissue injury, we investigated the contribution of G{beta}{gamma}-dependent regulation and membrane recruitment of PLC{beta} in the context of endogenous signaling. By measuring Ca2+ mobilization, we demonstrate that both Gi and Gq-coupled receptors independently stimulate PLC{beta} activity, illustrating that G{beta}{gamma} alone is sufficient to activate PLC{beta} in certain contexts. Using total internal reflection and stimulated emission depletion microscopy, we demonstrate that most of the PLC{beta}3 in the cell is localized away from the plasma membrane at rest but is rapidly recruited to the plasma membrane upon stimulation by both Gi and Gq-coupled receptors, illustrating that both G{beta}{gamma} and Gq recruit PLC{beta} to the plasma membrane. These results support an updated model for G protein-dependent regulation of PLC{beta} enzymes, where G{beta}{gamma}-induced regulation in the absence of Gq is context dependent and dictated by the local concentration of receptor, G proteins, and PLC{beta}."
2026-07-26,30,10.1101/2023.10.17.562748,2,biophysics,"Biomolecular Resolution as a Quantification of Structural Information Content","Kinz-Thompson, C. D.; Ray, K. K.","Resolution is a poorly defined, ad hoc concept in structural biology, and multiple, seemingly conflicting definitions exist. In part, this ambiguity is because the structural information describing a biomolecule manifests in different ways depending upon the length scale being considered, while typical approaches to resolution just consider a single length scale. To address this shortcoming, here we develop a definition of resolution as a measure of how effectively those different manifestations of biomolecular structural information are embedded in experimental data across different length scales. We show how biomolecular structures can be decomposed into a hierarchy of structural elements, and combinations of those structural elements yield representations of the biomolecule with different degrees of spatial detail. A probabilistic measure, which we call ""hierarchical resolution,"" can then be calculated to determine the statistically optimal representation of a biomolecule in an experiment. Hierarchical resolution is a local, detection-sensitive resolution measure capable of quantifying the biomolecular structural content of an experiment. Altogether, these advances comprise a technique-independent definition of resolution, and clarify the term ""atomic resolution"" for high-resolution techniques."
2026-07-26,30,10.64898/2026.05.25.727646,2,"cell biology","Dual lineages of Langerhans cells cooperate to restore the immune barrier after skin injury","Schmitter-Sanchez, A. D.; Basista, N.; Mishra, S.; Kim, H.; Bench, A.; Matte-Martone, C.; Seo, M.-S.; Lee, G. W.; Park, S.","Langerhans cells (LCs) are key immune sentinels of the epidermis. How this network reorganizes to safeguard epidermal immunity after injury has remained unclear. Here, we uncover a previously unrecognized two-lineage program of LC repopulation during wound repair. Classically, tissue-resident embryonically derived LCs (eLCs) migrate to lymph nodes in response to antigens. In contrast, we find that injury triggers nearby eLCs to migrate into wounds, providing immediate coverage. In parallel, circulating monocytes infiltrate the skin and differentiate into long-lived monocyte-derived LCs (mLCs) that integrate stably into the network. We identify the chemokine receptor CXCR2 as a novel regulator of eLC migration into wounds, distinct from the CXCR4/CCR7 pathways mediating LC egress to lymph nodes. Pharmacological inhibition of CXCR2 impairs directional eLC migration and is accompanied by increased mLC infiltration, preserving immune barrier density. These findings reveal a coordinated and flexible two-lineage repair program that ensures robust restoration of epidermal immunity."
2026-07-26,30,10.64898/2026.07.24.740573,1,immunology,"Rapid motility arrest of the Lyme disease spirochete, Borrelia burgdorferi, by vaccine-induced OspA antibodies","Bhattacharyya, A.; Yau, R.; Bartlett, T. M.; MANTIS, N. J.","Outer surface protein A (OspA)-based Lyme disease vaccines elicit antibodies that inhibit transmission of infectious Borrelia burgdorferi spirochetes from ticks to humans, although the mechanism by which this occurs is unclear. Here we demonstrate using high-resolution, single-cell fluorescence video microscopy that B. burgdorferi motility is arrested within minutes by human OspA-specific monoclonal antibodies and polyclonal OspA antisera from mice immunized with a candidate OspA mRNA lipid nanoparticle vaccine."
2026-07-26,30,10.64898/2026.07.24.740504,1,"cell biology","A GSK3-dependent phosphorylation switch licenses BNIP3-mediated mitophagy","Hurd, T. R.; Philip, R. R.; Minenkova, A. V.; Li, Y.","The turnover of mitochondria through mitophagy is essential for maintaining mitochondrial function and matching mitochondrial content to cellular demand. In many cells, this process is mediated by the paralogous mitochondrial receptors BNIP3 and BNIP3L, which recruit WIPI-family autophagy effectors to initiate mitophagosome formation. However, the mechanisms that activate BNIP3/L remain poorly understood. Here, we show that the kinase GSK3 directly phosphorylates BNIP3, licensing receptor activity and activating mitophagy. Phosphorylation promotes BNIP3 recruitment of WIPI proteins, thereby initiating mitophagosome formation. We identify the critical phosphorylation sites required for this regulation and demonstrate that disruption of these sites abolishes BNIP3-dependent mitophagy. Together, our findings identify phosphorylation as a molecular switch controlling BNIP3/L activity and suggest that receptor phosphorylation may temporally and spatially license mitophagosome formation and mitochondrial clearance."
2026-07-26,30,10.64898/2026.05.27.726245,2,genomics,"Pansoma, a machine learning tool for identifying somatic variants using pangenome graphs","Shen, J.; Fu, Q.; Macias, J. F.; Human Pangenome Reference Consortium,  ; Li, D.; Wang, T.","Somatic variant calling, the identification of mutations in non-germline cells acquired over an individual's lifetime, is critical for studying diseases, including cancer, and for developing precision oncology strategies. Traditional somatic variant calling methods rely on linear reference genomes, which do not adequately capture human genetic diversity and result in reference bias, compromising the accuracy of somatic variant detection. The recently developed graph-based human pangenome reference represents diverse genetic variants across human populations and has promised to drive advances in many genetics and genomics studies. In this study, we introduce Pansoma, a novel pangenome-native and machine learning-based tool specifically designed for somatic variant calling using a pangenome graph reference. Pansoma performs somatic variant detection from both short- and long-read sequencing data by learning tensor representations of alignment on graph nodes rather than on a linear reference. Pansoma outputs variant representations anchored to the pangenome graph paths and conventional somatic variant calls remapped to the linear reference. Additionally, we provide a suite of bioinformatics tools tailored for graph-based genomic data management and analysis of variant calling results. Benchmarking shows that Pansoma improves tumor-only somatic variant detection while preserving graph-specific variant representations that are not directly recoverable from linear-reference outputs."
2026-07-26,30,10.64898/2026.01.30.702896,3,biochemistry,"Efficient and low-impact enzymatic glycosylation with robust sucrose synthase variants","Mejia-Otalvaro, F.; Delima, D.; Hobusch, M.; Lax, B. M.; Mendonca, C.; Bidart, G.; Matera, A.; Branger, A.; Escorial Garcia, M.; Rovira, C.; Welner, D. H.","Glycosyltransferase-driven glycosylation enables environmentally mild synthesis of high-value chemicals, but industrial implementation is constrained by the cost of UDP-glucose. Sucrose synthase (SuSy) offers an attractive route for UDP-glucose recycling, yet inadequate operational stability has limited its use. Here, we report an integrated engineering workflow that overcomes the longstanding trade-off between efficiency and robustness in glycosyl donor recycling enzymes. We engineered GmSuSy wild-type and obtained variants combining supra-wildtype activity (178%) with enhanced thermostability ({Delta}Tmapp = 13.3 {degrees}C), solvent tolerance (70% retained activity in 25% DMSO) and a 123-fold longer half-life. The variants achieved total turnover numbers of ~1 million (60 {degrees}C), supporting their industrial relevance. Mechanistic analyses revealed that long-range residue communication networks couple oligomeric interfaces with active sites, shifting conformational populations toward stable, catalytically competent states while increasing hydrophobic packing and reducing solvent accessibility. This enhanced robustness enabled significant process-level gains, including >90% conversion yields in indoxyl and MANT glycosylation. Techno-economic and life-cycle assessments indicate the potential to halve reaction costs and reduce environmental impacts threefold, establishing SuSy robustness as a key lever for sustainable industrial glycosylation."
2026-07-26,30,10.64898/2026.07.24.740376,1,immunology,"IL-13 Induces a Tuft Cell-Intrinsic CD45 Checkpoint to Limit Intestinal Type 2 Immunity","Sochen, C.; Lebon, S.; Habshush-Menachem, A.; Sarusi-Portuguez, A.; Holiar, V.; Rudenko, V.; Toval, B.; Liu, J.; Levin, Y.; Vaaknin, E.; Rosenthal, N.; Tiferet, N.; Orr, I.; Ben-Dor, S.; Haffner-Krausz, R.; Grencis, R.; Munitz, A.; Karo-Atar, D.; Shulman, Z.; Biton, M.","Tuft cells initiate intestinal type 2 immunity, yet the mechanisms that restrain excessive tuft cell activation remain poorly understood. Here, we identify the receptor tyrosine phosphatase CD45 (Ptprc), previously considered a hematopoietic marker, as a regulator of intestinal tuft cell function. CD45 expression is restricted to a subset of tuft cells and is induced by helminth infection and IL-13. Epithelial-specific deletion of Ptprc activated a tuft cell inflammatory program, promoted an epithelial inflammatory state, and increased eosinophil accumulation at homeostasis. During Heligmosomoides polygyrus bakeri infection, CD45 deficiency enhanced ILC2 and Th2 responses and reduced parasite burden, demonstrating that epithelial CD45 limits type 2 immunity in vivo. Accordingly, in intestinal organoids, CD45 was dispensable for IL-13-driven tuft cell differentiation but restrained IL-13-responsive transcriptional programs. Mechanistically, CD45-deficient tuft cells exhibited altered protein abundance of STAT5 and IL17RB, implicated in tuft cell immune regulation. Together, these findings identify CD45 as a tuft cell-intrinsic regulatory checkpoint that restrains intestinal type 2 immunity through an IL-13-induced negative-feedback circuit."
2026-07-26,30,10.64898/2026.07.24.740563,1,immunology,"Sialyl-Tn-positive tumour-derived extracellular vesicles impair dendritic cell function via horizontal transfer of glycans","Silva, Z. C.; Andre, N. D.; Sharma, S.; Vieira, M. S.; de Oliveira, B. R.; Videira, P. A.","The sialyl-Tn (STn) glycan antigen is aberrantly expressed in a subset of triple-negative breast cancer (TNBC) and is associated with poor prognosis and immunosuppressive microenvironment. Tumour-derived extracellular vesicles (TDEVs) are emerging regulators of immune escape, however the role of glycan-mediated mechanisms remains elusive. Aberrant glycosylation is a hallmark of cancer that extends to TDEVs, yet how tumour-associated glycans within EV cargo modulate cell function remains poorly understood. Here, we used engineered MDA-MB-231 TNBC cells to overexpress the glycosyltransferase ST6GalNAc-I, generating STn-positive cells whose EVs were enriched in STn (STn+ EV). The STn+ EVs impaired the maturation of monocyte-derived dendritic cells (DCs), reduced antigen presentation, and diminished CD4 and CD8 T cell priming, alongside the expansion of regulatory T cells. DCs co-cultured with STn EVs display STn at their cell surface. Notably, STn+ EVs transferred both STn antigen and the ST6GalNAc-I to recipient DCs. Enzymatic removal of terminal sialic acids from STn EVs reversed the immunosuppressive effects, confirming the STn-dependent nature of DC dysfunction. These findings add STn to the extensive list of components of EVs' molecular cargo that play a role in immune suppression and may contribute for developing precision medicine approaches in oncology."
2026-07-26,30,10.1101/2025.03.07.642033,2,immunology,"Role of mast cells in endomicrobial sepsis revisited: Mast cell-deficient mice show normal immunological protection","Feyerabend, T. B.; Schochter, F.; Tasdogan, A.; Bechberger, M.; Rodewald, H.-R.","Kit-mutant mice are highly susceptible to polymicrobial sepsis elicited by cecal ligation and puncture (CLP). This vulnerability has been attributed to the mast cell deficiency of Kit mutants, suggesting key roles of mast cells in antibacterial defense. We show that mice lacking mast cells but wild-type for Kit are as resistant to sepsis as mast cell-proficient mice, excluding mast cells as protective factor. Induction of sepsis by direct injection of intestinal microbiota instead of surgical gut perforation revealed comparable protective responses of Kit-deficient and Kit wild-type mice, indicating intact antibacterial immunity in the absence of Kit. Notably, cecal contents of Kit-mutant mice contained 1000-fold greater Escherichia coli colony-forming units compared to wild-type mice. Consistently, 16S rRNA gene sequencing revealed a broad compositional shift characterized by enrichment of Enterobacteriaceae and other taxa associated with inflammatory intestinal states, in keeping with intestinal dysmotility in Kit-mutant mice. Thus, upon intestinal puncture, overrepresentation of pathogenic bacteria led to a more severe infection of Kit mutants compared to wild-type controls. Hence, the susceptibility of Kit-mutant mice to sepsis is caused by enteral dysbiosis, not mast cell deficiency. These findings highlight the importance of considering genotype-dependent effects on endogenous microbiota composition in CLP models. Collectively, our results show that immunological resistance to sepsis is independent of mast cells."
2026-07-26,30,10.64898/2026.07.22.739677,1,immunology,"H5N1 influenza binding and cell entry via human class II MHC, and blocking by cross-reactive antibodies","Pursell, T.; Mikelov, A.; Wirz, O. F.; Ort, J. T.; Li, S. H.; Atkinson, R. K.; Zhong, J.; Santos, J. J. S.; Joshi, S. A.; Afghani, J.; Han, X.; Haraguchi, E.; Hoh, R. A.; Lee, J.-Y.; Lam, B.; Stanford, A.; DeLaitsch, A. T.; Schuetz, J.; Röltgen, K.; Van Slyck, S.; Smith, D.; Ha, B.; Niemann, C. U.; Hensley, S. E.; Boyd, S. D.","Highly pathogenic avian influenza H5N1 clade 2.3.4.4b viruses are currently responsible for a multi-species outbreak affecting wild birds, poultry, numerous mammalian species, and humans. Influenza A viruses typically initiate infection through binding to sialic acid, although select bat and human influenza viruses can also exploit class II major histocompatibility complex (MHC-II) molecules for cell entry. Here we show that emerging H5N1 clade 2.3.4.4b viruses, but not historical H5 lineages, bind human MHC-II HLA-DR and mediate sialic acid-independent cell entry. Hemagglutinin binding to primary human immune cells varies with MHC-II expression and is further shaped by HLA-DR allelic variation, identifying host genetic determinants that may influence susceptibility to infection. Mammalian-adaptive substitutions within the hemagglutinin sialic acid receptor-binding domain reduce MHC-II binding, suggesting this interaction is remodeled during clade 2.3.4.4b H5 adaptation to a human host. Lastly, cross-reactive monoclonal antibodies isolated from clade 2.3.4.4b H5-naive humans can block the hemagglutinin-MHC-II interaction. These findings identify a previously unrecognized receptor pathway in contemporary H5N1 viruses and reveal that both human genetic variation and pre-existing humoral immunity can modulate this interaction, with implications for host range, cellular tropism, spillover risk, and therapeutic intervention."
2026-07-26,30,10.64898/2025.12.02.691918,2,microbiology,"Concurrent ecological and evolutionary processes contribute to mutualism breakdown between legumes and rhizobia","Bedwell, S.; Lakis, I.; Megow, A.; Carpenter, A.; Ricks, K.; Fields, C.; Lau, J. A.; Whitaker, R.; Heath, K.","Ecology and evolution jointly shape community responses to environmental perturbations, yet these processes are often examined separately, even in microorganisms where both occur over short time-scales. For example, during mutualism breakdown, shifts in diverse microbial communities might coincide with evolutionary changes in mutualistic traits within key symbionts. Here we study the legume-rhizobium mutualism after 33 years of nitrogen fertilization. Pairing a manipulative inoculation study with full-length 16S rRNA amplicon sequencing provides incomparable resolution across biological scales: whole bacterial community, genus Rhizobium, Rhizobium ASVs, and symbiosis plasmids. Clover host plant growth is first limited by symbiont availability; the preferred partner of clover declines in N-addition soils, while a diverse, largely uncharacterized Rhizobium community increases. This ecological change is compounded by a concurrent evolutionary decline in the quality of the preferred symbiont through changing frequencies of symbiotic plasmids. These shifts make mutualists both rarer and inferior, reducing the benefits hosts receive from mutualism."
