Date,ISOWeek,DOI,Version,Category,Title,Authors,Abstract
2026-09-07,37,10.64898/2026.09.02.748801,2,bioengineering,"Modelling and measuring effects of shear stress in extrusion bioprinting of endothelial- epithelial cell co-cultures","Davern, J. W.; Weekes, A.; Amaya Catano, J.; Meinert, C.; Bray, L.; Klein, T. J.","Extrusion-based bioprinting enables the development of tissue-like constructs; however, the impact of printing-associated shear stress on cell viability and function remains a critical consideration. To address this, we developed a comprehensive workflow combining rheological characterization, computational fluid dynamics (CFD) modelling, and experimental validation to predict and assess shear stress effects during bioprinting. The rheological properties of gelatin methacryloyl (GelMA) at 5 % (w/v, 20 {degrees}C) and 10 % (30 {degrees}C) concentrations were modelled, comparing various non-Newtonian regression models. CFD simulations were validated using micro-particle image velocimetry, showing agreement between predicted and measured velocities. The impact of bioprinting-associated shear stress on cell viability was assessed using a co-culture of human umbilical vein endothelial cells and breast epithelial cells. Immediate post-printing analysis revealed increased apoptosis in GelMA 5 % (w/v, 20 {degrees}C), although 10 % (w/v) GelMA demonstrated higher shear stress levels compared to 5 % GelMA. After 1 day of culture in crosslinked hydrogels, apoptosis increased in extrusion pressure, demonstrating the impact of low levels of acute shear stress. This workflow provides a robust methodology for predicting acute shear stress impacts during bioprinting, laying the foundation for future optimization studies."
2026-09-07,37,10.1101/2025.04.02.646906,4,bioinformatics,"Learning Universal Representations of Intermolecular Interactions with ATOMICA","Fang, A.; Desgagne, M.; Zhang, Z.; Zhou, A.; Loscalzo, J.; Pentelute, B. L.; Zitnik, M.","Molecular interactions underlie nearly all biological processes, yet most representation models describe isolated entities or specialize in a single molecular setting. Here, we introduce ATOMICA, an interaction-centered geometric deep learning model designed to learn transferable representations of intermolecular interfaces across proteins, small molecules, metal ions, and nucleic acids. Self-supervised pretraining on 2,037,972 interaction complexes yields representations spanning atoms, molecular building blocks, and complete interfaces. The latent space captures molecular identity and interaction context, supporting sequence recovery and zero-shot prioritization of residues involved in non-covalent interactions. ATOMICA provides structural information complementary to sequence representations on RNA and protein-pocket ligand classification. Across protein-pocket analyses, ATOMICA distinguishes ATP- and ADP-associated pocket states and retrieves ligand-matched pockets across proteins without detectable structural alignment. The latent space also enables cross-modal comparison, with orthosteric inhibitor embeddings retrieving regions proximal to native peptide and protein interfaces. Applied to the dark proteome, ATOMICA-Ligand predicts candidate ions or cofactors for 2,646 pockets, and five heme candidates show Soret-band shifts consistent with heme association. Together, these results show how interaction-centered molecular representations can transfer structural information across molecular interaction types and generate experimentally testable hypotheses."
2026-09-07,37,10.1101/2025.07.27.666994,2,biophysics,"Quantum Sensing Reveals Chemotherapy Induced Persistent Oxidative Footprints in Fixed Brain Cancer Cells","Parhi, J.; Ghosh, A.; Saha, S.; Zaveri, D.; Majumder, A.; Tallur, S.; Majumder, A.; Saha, K.","Glioblastoma (GBM) is a highly aggressive cancer with poor prognosis despite temozolomide(TMZ) treatment. TMZ induces oxidative stress, causing persistent redox alterations. We report the first use of nitrogen-vacancy centers in nanodiamonds as quantum sensors for T1 relaxometry in fixed GBM cells, detecting stable paramagnetic signatures linked to chemotherapy-induced persistent oxidative damage. U87-MG cells treated with TMZ show dose-dependent T1 shortening, consistent with conventional ROS fluorescence assays. TBHP studies confirm that the T1 response reflects accumulated redox adducts. Measurements remain robust across fixation and permeabilization protocols. Since drug-resistant GBM cells preserve antioxidant signatures, unchanged T1 times after treatment may indicate early resistance phenotypes. This fixed-tissue compatible readout could stratify patient response, guide adaptive therapy, and support biopsy-based diagnostics and post-treatment drug analysis in routinely preserved clinical specimens enabling retrospective studies and better outcomes for future personalized oncology decision making pathways."
2026-09-07,37,10.64898/2026.09.02.748910,2,immunology,"Intravital single-cell behavior profiling reveals disrupted germinal center B cell motility and interactions by EZH2 gain-of-function mutation","Min, C.; Choe, K.; Chen, X.; Karagiannidis, I.; Sivakumar, N.; Xu, C.; Melnick, A.; Phillip, J. M.; Beguelin, W.","Germinal center (GC) B-cells give rise to the majority of non-Hodgkin lymphomas, underscoring the need to pinpoint critical processes that initiate and drive lymphomagenesis. Lymphoma driver mutations can alter GC B cell functions and B cell fate decisions. Here, we studied how EZH2 oncogenic mutation in GC B cells alters cellular motility and interactions with T follicular helper (Tfh) cells and follicular dendritic cells (FDCs) to determine B cell fate. By combining intravital imaging, single-cell behavior analyses, and RNA sequencing, we uncover how lymphoma-associated EZH2 mutations reprogram the behaviors of GC B cells in vivo. We found that EZH2 mutations increased single-cell motility speeds and morphological plasticity of GC B cells, redirecting migration toward the FDC-rich light zone subregions rather than to the dark zone. Although mutant EZH2 GC B cells exhibited normal engagement quality with FDCs, they showed shorter interaction times and reduced surface engagement with Tfh cells. Notably, EZH2 mutant B cells required prior contact with FDC before engaging with Tfh cells, thus impairing DZ recycling. This motility phenotype scaled with local mutant clone abundance, suggesting a behavioral strategy underlying how mutant cells outcompete WT cells. Lastly, we developed scMOTIPh, a computational framework that integrates single-cell behavioral features with transcriptomic profiles. Applying scMOTIPh to mutant GC B cells within the FDC-rich zone revealed enhanced ATP production, metabolic and antigen-presentation programs, and suppression of cell-death pathways, which is consistent with a tendency for malignant transformation and survival fitness. These findings provide an in vivo, single-cell view of how an epigenetic lesion rewires the local microenvironment by modulating single-cell behaviors within native GCs, revealing a dynamic mechanism for early lymphomagenesis."
2026-09-07,37,10.64898/2026.08.20.745084,2,"cell biology","Clathrin differentially adapts its trimerisation domain during mammalian evolution to traffic the insulin-responsive GLUT4 glucose transporter","Bates, G. T.; Bultitude, W. P.; Greig, J.; McClellan, A.; Pinotsis, N.; Ramsahye, P.; Siu, W. S.; Kamuda, K.; Chiozzi, R. Z.; Thalassinos, K.; Djordjevic, S.; Brodsky, F. M.","In humans, the CHC22 isoform of clathrin regulates glucose metabolism by trafficking the GLUT4 glucose transporter for intracellular storage in skeletal muscle and release following insulin signalling. Some vertebrate lineages have lost the gene encoding CHC22 but operate the same insulin-stimulated GLUT4 trafficking pathway. Here, we show that species lacking CHC22 exclusively produce an alternatively-spliced form of the universally expressed CHC17 clathrin isoform (CHC17-SAS) with a truncated C-terminus similar to CHC22, expressed predominantly in skeletal muscle. Through its trimerisation domain, CHC17-SAS binds the CHC22-specific adaptor SNX5 that enables CHC22's distinct intracellular function. The 2.3 [A] crystal structure of the CHC22 trimerisation domain demonstrates conservation of the core trimeric fold from CHC17 but differences in electrostatic surface charge that may account for their differential properties. Using GLUT4 translocation assays in HeLa cell models, we show that CHC17-SAS is a functional surrogate for CHC22. Identification of CHC17-SAS resolves the evolutionary conundrum posed by CHC22 absence in some vertebrate lineages, and reveals a common mechanism for mammalian GLUT4 trafficking."
2026-09-07,37,10.1101/2025.05.29.656912,3,"cell biology","A Transcriptionally Distinct Intermediate Activation State Precedes Langerhans Cell Migration from the Epidermis","Kiselev, A.; Schmitter-Sanchez, A. D.; Mishra, S.; Kim, H.; Williams, S.; Park, S.","Langerhans cells (LC) are antigen-presenting cells that form dense epidermal networks for immune surveillance. Upon antigen uptake, LCs are activated and subsequently orchestrate immune responses by migrating into the lymphatic system. However, the regulation of transcriptional programs during activation and the behavior of LCs in vivo during this transition remain poorly understood. Therefore, this study combines single-cell transcriptomic analysis with intravital imaging to reconstruct the activation trajectory of epidermal LCs. In particular, the study generates a high-resolution single-cell transcriptomic dataset comprising over 22,000 high-quality epidermal LCs under both homeostatic and injury conditions. Notably, a distinct intermediate activated state that precedes LC migration was identified and characterized at the level of signaling pathways and transcription factors. The integration of this dataset with external datasets from homeostatic and injured skin reveals wound-specific fibroblasts as the major source of C3, which is the central component of the complement cascade. Moreover, intravital imaging of C3-deficient mice and pegcetacoplan treatment demonstrates that C3 contributes to LC accumulation adjacent to wound sites. Collectively, the study findings identify an activated epidermal LC population and implicate complement signaling in the regulation of LC behavior during skin injury."
2026-09-07,37,10.64898/2026.07.22.740216,2,biochemistry,"Molecular Mechanism of Lipid Recognition and Membrane-Guided Gating in Plant Minimal START Proteins","Kumari, K.; Mahtha, S. K.; Parihar, M.; Tiwari, G.; Yadav, G.; Gaur, V.","The hydrophobic nature of lipids requires specialized transport mechanisms, and one such non-vesicular transport mechanism involves START (StAR-related lipid transfer) domain proteins. START domains either occur as a part of multidomain proteins or occur solo as in minimal START proteins. Unlike well-studied multidomain variants, plant minimal START proteins remain poorly understood, leaving their ligand specificity, structural dynamics, and biological roles largely uncharacterized. Integrating structural screening with experimental validation, we analyzed representative plant minimal START proteins and confirmed their specific binding to amphipathic lipids, primarily myristic acid and lysophosphatidylcholine. The ligand binding involves a bipartite mechanism, in which basic residues within the cavity interact with polar lipid headgroups, while the hydrophobic tails are accommodated deeper within the cavity. Mechanistically, ligand binding induced closure of a lid-like gate at the cavity entrance, whereas membrane proximity promoted reopening of the gate and ligand release, collectively suggesting a membrane-guided gating mechanism for lipid exchange. Consistent with this model, localization studies show that these proteins associate with the endoplasmic reticulum, plastids, Golgi apparatus, and plasma membrane, major sites of lipid metabolism. Together, our findings establish plant minimal START proteins as bona fide lipid-binding proteins that utilize a bipartite ligand-binding mechanism coupled with membrane-responsive gating dynamics."
2026-09-07,37,10.64898/2026.04.15.718738,2,biophysics,"Quantitative and amino acid sequence analysis of soluble HIV-1 Vpu and calmodulin interactions","Ogunbowale, A.; Hadadianpour, E.; Ishola, O.; Islam, M. M.; Ramos, N.; Saffarian Delkhosh, A.; Georgieva, E. R.","HIV-1 Vpu supports viral adaptation through host-protein interactions. Although mainly membrane-associated, we recently identified a soluble Vpu form that forms a stable complex with Ca2+-bound calmodulin (Ca2+-CaM), potentially influencing Vpu trafficking. Here, to determine the binding affinity and identify regions of soluble Vpu involved in CaM binding, we used ensemble Forster Resonance Energy Transfer (eFRET). We tested Cy3-labeled full-length (FL) Vpu, a C-terminal fragment (helices 2 and 3), and a Cy3-labeled FL Vpu V22A/W23Y/I33N mutant with substitutions of key residues in Vpu helix 1 and helices 1-to-2 loop having a role in the interaction with Ca2+-CaM. All Vpu variants were labeled at residue L42C. Ca2+-CaM was tagged with Cy5 at residue S39C. eFRET analysis of 100 nM Cy3-Vpu variants mixed with Cy5-Ca2+-CaM (in the range 100 nM-2.5 microM) revealed heterocomplexes formation with dissociation constants (Kd) and binding free energies (deltaG). FL Vpu-Ca2+-CaM showed highest stability (Kd ~74 nM, deltaG ~-9.7 kcal/mol), while the truncated C-terminal region and V22A/W23Y/I33N mutant formed weaker complexes with Ca2+-CaM (Kd ~182 nM and 800 nM, deltaG ~-9.2 kcal/mol and ~-8.3 kcal/mol). The reduced Vpu-Ca2+-CaM stability after disruption of binding sites in and near Vpu helix 1 may explain how this interaction is regulated, including through lipid competition that promotes Vpu membrane insertion. We propose that, at the membrane, hydrophobic helix 1 dissociates from Ca2+-CaM and inserts into the lipid bilayer, weakening the complex and releasing CaM. These findings clarify HIV-1 Vpu interactions with cellular components and may inform antiviral development."
2026-09-07,37,10.64898/2026.09.02.748817,1,"systems biology","Selectively Advantageous Instability and Information Theory in Sex-specific Aging","Tower, J.","Biological information is generally thought to be subject to selection for faithful maintenance. However, accurate preservation is often combined with regulated mechanisms that generate state change. Selectively advantageous instability (SAI) is modeled here as instability that is favored because useful alternatives become accessible. In a minimal AB replicator, degradation of B destroys a functional AB complex but releases A, which permits formation of the superior AAB replicator. Positive selected instability therefore expands the occupied state distribution and necessarily increases Shannon state entropy relative to the corresponding perfectly stable system. Modeling shows that active destabilization is favored above a threshold determined by environmental change, passive error, destabilization cost, and the relative adaptive targeting of active versus passive variation. Importantly, when actively generated variation is sufficiently structured, selection simultaneously favors increased maintenance and increased active destabilization of the same information channel. This relationship is described as stabilization-destabilization complementarity. Shannon entropy quantifies uncertainty, while relative entropy quantifies mismatch between generated and fitness relevant state distributions. Aging is not produced by reversible exploration alone. Aging results when selected exploration also causes persistent or cumulative loss of maintained organization. Age and sex extensions show how delayed costs and shared genetic control can generate antagonistic pleiotropy and sexual conflict. Published phenotype switching and environmental memory data are used as empirical tests. A unified interpretation is provided in which SAI can be selected as a mechanism of adaptive state space exploration even when long term information displacement is costly."
2026-09-07,37,10.1101/2025.09.07.674757,3,microbiology,"Febrile temperature enhances Plasmodium falciparum and neutrophil adhesion by disrupting the endothelial glycocalyx","Introini, V.; Long, R.; Oyerinde, O. R.; Gestal-Mato, M.; Sender, S. S.; Rizo Alvarez, I. d. J.; Hartmann, L.; Stein, F.; Hwang, G. M.; Gutierrez, B. L.; Seydel, K. B.; Birbeck, G.; Bernabeu, M.","Fever, a universal host defense response in infection and inflammation, paradoxically contributes to neurological complications in malaria. Febrile temperatures are known to enhance parasite virulence protein expression, but direct effects on the human endothelium remain unknown. We found that a 1-hour exposure to 40 {degrees}C, representative of fever in children with cerebral malaria, increased adhesion of Plasmodium falciparum-infected red blood cells and neutrophils to 3D brain microvascular models displaying a wide wall shear stress gradient. Mechanistically, this brief hyperthermia triggered rapid endothelial glycocalyx shedding, exposing endothelial receptors for binding. This response was more pronounced in brain than in pulmonary microvessels, revealing a greater vulnerability of the cerebral vasculature to fever. Pharmacological inhibition of matrix metalloproteinase activity preserved glycocalyx integrity and abolished the temperature-induced increase in adhesion. These findings identify fever as a host-specific amplifier of malaria-associated microvascular pathology, highlighting the importance of antipyretic strategies to mitigate disease severity."
2026-09-07,37,10.64898/2026.09.03.748596,1,genetics,"Sexual dimorphism of autism-like phenotypes in microglial eIF4E overexpression mice","Niu, C.; An, J. J.; Masterson, H. V.; Xu, B.","Background: Autism spectrum disorder (ASD) is a group of neurodevelopmental disorders characterized by deficits in social communication and interaction, and restricted interests or repetitive behaviors. ASD is approximately four times more prevalent in males than in females. In this study, we investigated whether sex hormones or sex chromosomes underlie the male bias in ASD susceptibility. Methods: We used the MG4E mouse model, in which microglial eIF4E overexpression produces robust male-biased ASD-like phenotypes. To distinguish the contributions of sex hormones and sex chromosomes, MG4E mice were crossed with four-core-genotype (FCG) mice carrying Sry gene manipulations, generating eight genotypes of experimental mice. Social interaction and repetitive behaviors were assessed using standard behavioral assays. Dendritic spine density was quantified in Thy1-GFP mice. Expression of estrogen receptors (ERs) and androgen receptor (AR) was examined in microglia isolated from control and MG4E mice. Results: Sex hormones, rather than non-Sry genes on sex chromosomes, are responsible for the male-biased deficits in social interaction and the increase in dendritic spine density. At postnatal day 14, ERs were undetectable in microglia, whereas ER expression was readily detected in neurons. Conclusions: These findings demonstrate that sex hormones are a major determinant of the increased susceptibility of males to ASD-like phenotypes in MG4E mice. The absence of ER expression in microglia suggests that sex hormones may act indirectly through hormone-responsive neurons to regulate microglia-neuron interactions during neurodevelopment."
2026-09-07,37,10.64898/2026.09.02.748967,1,genomics,"Motif-based model of transcription predicts effects of sequence variants in AR enhancers and reveals distinct functions for AR-associated transcription factors","Taeb, H.; Safaeesirat, A.; Tekoglu, E.; Xiao, K.; Huang, C.-C. F.; Lack, N. A.; Emberly, E.","Androgen receptor (AR)-mediated transcription plays a central role in prostate cancer development and progression, yet the contributions of individual transcription factors (TFs) to AR-dependent enhancer activity remain incompletely understood. Here we use a biophysically motivated, interpretable motif-based model to dissect these contributions from STARR-seq data in LNCaP cells. By fitting the model separately to androgen inducibility and to baseline enhancer activity, we resolve TFs into three functional classes: hormone-dependent drivers, constitutive activators, and dual-role factors that contribute to both. These patterns suggest that inducibility is associated not only with the presence of AR and co-activator motifs, but also with the relative absence of constitutive activators that may saturate enhancer output. We validate the model against an independent saturation-mutagenesis dataset spanning 40 AR enhancers, predicting mutational effects at single-base resolution (AUC = 0.76), and show that direct fitting to these data independently recovers known AR regulators. Finally, we apply the model to prostate cancer GWAS risk alleles in AR binding site regions, prioritizing four candidate variants predicted to reduce the DHT/EtOH enhancer activity ratio at these loci."
2026-09-07,37,10.64898/2026.09.02.748420,1,genomics,"Long read sequencing of retinal RNA improves killifish transcriptome annotation","Rebba, S.; van Schalkwyk, L.; Krzywanska, A. M.; MacDonald, R. B.; Clark, B. B.; Ruzycki, P. A.","Purpose The African Turquoise Killifish has recently emerged as a powerful model for aging and age-related disease research studies. However, molecular based investigations have been limited by preliminary genome and transcriptome builds with incomplete reference genome sequence, fragmented chromosome assembly, and missing gene annotations. These issues make primary (alignment and quantification) and secondary (Gene Ontology, Gene Set Enrichment Analysis, cross-species comparisons) analyses difficult to reliably implement and interpret. This study seeks to generate a complete retinal reference transcriptome to facilitate future killifish transcriptomic, epigenetic, and proteomic studies of the visual system. Methods We generated an enhanced retina transcriptome using long-read PacBio RNAseq data that was processed using a robust computational pipeline to merge reads, classify genes, and annotate with nearest orthologous gene names from other species. This new annotation was compared to available references and validated using bulk and single cell RNAseq datasets. Results Comparison of the widely used Nfu_20140520 and the newly released NfurGRZ-RIMD1 genome builds identified NfurGRZ-RIMD1 to be more contiguous and complete. However, we identified limitations with both transcriptomes, including the lack of annotation of certain retina specific genes and many uninformative gene names. Using long-read PacBio sequencing of RNA collected from young and old Killifish retinas, we annotated a deep retinal transcriptome onto the NfurGRZ-RIMD1 reference genome. This analysis identified thousands of previously unannotated transcripts from retinas of young and old killifish. By matching each translated protein sequence to its nearest ortholog, we increased the number and proportion of genes with meaningful gene names. Mapping of bulk and single-cell RNAseq data showed substantial increase in mapping rate and identified hundreds of genes and transcripts with age-dependent expression dynamics. Conclusions Assembly of an enhanced retinal transcriptome for the killifish improved both primary and secondary analyses of bulk and single cell RNAseq data. Improvements will benefit future studies investigating the mechanisms of aging in the killifish and to best utilize this powerful model to understand human disease."
2026-09-07,37,10.1101/2025.09.16.675553,2,biochemistry,"Conformational gating of product release sets the catalytic ceiling of a bioluminescent reporter","Toul, M.; Horackova, J.; Schenkmayerova, A.; Planas-Iglesias, J.; Landolt, T.; Sucharitakul, J.; Janin, Y.; Prakinee, K.; Chaiyen, P.; Stavrakis, S.; deMello, A.; Johnson, K. A.; Damborsky, J.; Marek, M.; Bedar, D.; Prokop, Z.","Luciferases are widely used bioluminescent reporters, yet the molecular determinants of their catalytic efficiency and light-emission stability remain incompletely understood. Here, we reconstruct the complete catalytic pathway of Renilla luciferase by combining steady-state, transient, and temperature-dependent kinetics with crystallography and molecular simulations. We show that the enzyme is substantially undersaturated with oxygen (Km,O2 = 719 M), causing its true turnover number (kcat = 21.9 s-1) to be systematically underestimated. Concurrently, elevated oxygen drives irreversible enzyme inactivation after ~1,500 turnovers, revealing a fundamental trade-off that limits oxygen-affinity engineering. Instead, the genuine bottleneck of the catalytic cycle is the induced-fit conformational opening of the product-bound enzyme. Selective engineering of this transition step through rational loop grafting yielded a variant AncFT-L14 with enhanced catalytic efficiency and glow-type bioluminescence with substantially slower signal decay in cell lysates. Collectively, our results identify conformational dynamics as a primary tunable determinant of luciferase function. More broadly, this work establishes a mechanistically grounded framework for the development of next-generation bioluminescent tools and for engineering enzymes controlled by dynamically gated ligand exchange."
2026-09-07,37,10.64898/2026.09.02.748789,1,bioengineering,"Out-of-sight partners: autonomous wearable supernumerary limbs for dynamic co-manipulation","Verdel, D.; Xu, B.; Cervantes-Culebro, H.; Devillard, A.; Mattioli, L.; Farina, D.; Soueres, P.; Burdet, E.","Supernumerary robotic limbs (SLs) could extend human motor capabilities beyond the natural body, yet most demonstrations have been limited to simple, quasi-static tasks or direct teleoperation under visual control. Whether humans can safely and intuitively collaborate with autonomous SLs during complex, dynamic tasks remains unknown. We studied this question in a demanding assembly task requiring coordinated transport and handovers of a long object, which could not be completed by a single person. We developed a reconfigurable backpack platform mounting up to four high-payload robotic arms, together with safety-aware motion planning that generates human-compatible trajectories from task states without training data. Despite the SLs operating out of sight, participants adapted quickly, completed the task reliably, and reported low cognitive demand alongside high perceived safety and predictability. Kinematic and force analyses showed that control design governed both movement fluency and whole-body stability: faster limb motions yielded smoother interactions and shorter completion times, and a mirrored coordination strategy--in which one robotic limb counterbalanced the other--further shortened duration and reduced variability in left-right ground reaction force differences during co-manipulation. These results show that humans can integrate autonomous wearable limbs as out-of-sight partners in dynamic whole-body collaboration, and delineate behavioral and control principles underpinning fluency, stability, and usability in human augmentation."
2026-09-07,37,10.64898/2026.01.13.699115,3,bioengineering,"Amplified genome editing by in vivo editor production","Ngo, W.; Rosas-Rivera, D.; Wasko, K. M.; Qiu, L.; Kang, M. H.; Gogna, S.; Zeng, J.; Hooks, M. T.; Wu, J. L. Y.; Li, Z.; Doudna, J. A.","Genome editing enzymes have vast therapeutic potential. However, achieving sufficient delivery in vivo remains a major challenge, because editing machinery is confined to the subset of transfectable cells in a tissue. Here, we tested the possibility that genome editing could be amplified in vivo by enabling transfected cells to transfer editing enzymes to neighboring cells. Our data show that this NANoparticle-Induced Transfer of Enzyme (NANITE) strategy quadrupled editing efficiency in cultured cells relative to non-spreading controls. A single intravenous injection of the NANITE plasmid into mice induced ~3-fold higher levels of liver editing at the transthyretin (Ttr) locus relative to non-spreading controls, with corresponding reductions in serum TTR levels. Spreading therapeutic enzymes offers a nonviral and non-infectious strategy to boost therapeutic effects after delivery."
2026-09-07,37,10.64898/2026.09.02.748406,1,bioinformatics,"labapi: a Python object model for the LabArchives electronic lab notebook","Li, C.; Lawrimore, J.; Moraczewski, D.; Thomas, A. G.","labapi is a Python library that enables computational workflows to connect to LabArchives' electronic lab notebook (ELN). Without an Application Programming Interface (API) connection, researchers must manually add workflow outputs through the LabArchives web interface, navigating to the appropriate page and uploading each output so that it appears with the experimental notes that provide context. labapi translates the flat LabArchives API into a Python object model following the existing hierarchy of the web interface, allowing workflows to navigate and modify notebook content through familiar paths. labapi enables researchers to build interconnected workflows that both read in and write data to LabArchives' ELN automatically. Researchers can inspect those outputs in the notebook, and later analysis code can read them back for another stage of analysis."
2026-09-07,37,10.64898/2026.09.02.748999,1,bioinformatics,"PharmCast: rapid generation of three-dimensional pharmacophore fingerprints from two-dimensional structure without conformer generation","Muskal, S. M.; McGregor, M. J.","A three-dimensional pharmacophore fingerprint records the binding features a molecule can present. It is a description of a hand in search of a glove. Because it is defined by presented features instead of two-dimensional structure, it can identify pharmacophoric similarity between structurally distinct compounds, which is what scaffold hopping and non-obvious me-too design require. The descriptor has remained a niche tool because its cost is dominated by conformer generation. In the reference pipeline, generating 100 conformers requires 2.82 s of the 2.86 s needed to fingerprint one screening collection compound; the bit calculation requires 0.039 s. We therefore removed the conformational stage. PharmCast is a feedforward neural network that predicts all 10,549 bits of a PharmPrint ensemble fingerprint directly from a SMILES string. On the same machine, PharmCast generated pharmacophore fingerprints for two molecules and compared them in 0.584 ms, whereas the conventional conformer-based pipeline took 5.71 s. PharmCast version 10 was trained on 5,887,229 molecules drawn from a screening collection, activity-backed ChEMBL compounds from 142 to 1000 Da, and peptide loops excised from crystal structures. We evaluated 155,648 purchasable catalog compounds excluded from every training set, 139,700 activity-backed ChEMBL compounds not present in the version 10 training set, and 13,500 peptide loops reserved for testing. Median fingerprint error, Pearson r, and pairwise ranking accuracy were 0.008, 0.980, and 0.936 for screening collection chemistry; 0.016, 0.984, and 0.952 for loop peptides; and 0.027, 0.936, and 0.889 for activity-backed ChEMBL compounds. The reference calculation reproduces itself at an error of 0.006 and r of 0.995. Ensemble pharmacophore fingerprints can therefore be predicted from two-dimensional structure alone at a cost suitable for large-scale collection screening and virtual library exploration. Keywords: pharmacophore, fingerprint, scaffold hopping, surrogate model, virtual screening, applicability domain"
2026-09-07,37,10.64898/2026.09.02.747090,1,bioinformatics,"Keloid transcriptomics reveal heterogeneity in fibroblast subtype enrichment, gene expression, and immune cell responses","Panzer, J. J.; Pan, M.; Nair, M.; Loveless, I. M.; Adrianto, I.; Huang, L.; Chitale, D.; Francescone, R.; Vendramini-Costa, D. B.; de Guzman Strong, C.; Levin, A. M.; Jones, L. R.","Keloid disease (KD) is a fibroproliferative skin disorder resulting from abnormal scar formation that causes pain, itching, and decreased quality of life. While multiple KD transcriptomic studies exist, the influence of cell type composition on bulk tissue gene expression is unknown. We characterized fibroblast subtype and immune cell enrichment using bulk RNA-Seq of head and neck keloid and matched adjacent normal skin tissue (MANST) from 14 patients (10 African American and 4 European American). Cell type enrichment was calculated by single sample gene set enrichment analysis. Linear mixed-effects models were employed for 1) differential cell type enrichment across tissue, 2) tissue type-specific associations between fibroblast subtypes and immune cells, and 3) differentially expressed genes (DEGs) across tissue. Validation was conducted in an independent cohort of 8 African Americans. Three fibroblast subtypes and 14 immune cell types were differentially enriched across tissue type. Further, 17 tissue type-specific fibroblast subtype-immune cell enrichment associations were identified, with 14 exhibiting decreased association in keloid tissue relative to MANST. After adjustment for cell type enrichment, MIR31HG and NR4A2 were significant DEGs with the largest positive and negative fold-changes, respectively. By considering cell type enrichment, underlying keloid tissue-specific cell type and gene expression associations were revealed."
2026-09-07,37,10.64898/2026.09.04.749364,1,"systems biology","A signaling network motif couples protein expression levels and intracellular localization","Mazo-Duran, D.; Juarez-Leardini, A.; Torrillas, R.; Lanza-Arnaiz, J. M.; Serrano-Saiz, E.; Formentini, L.; Estella, C.; Lim, F.; Miguez, D. G.","Most of the accepted major signaling pathways incorporate a mechanism of physical separation of active versus inactive effector proteins, in the form of dynamic nucleocytoplasmic shuttling. Here, we show that when this translocation takes place as dimers, it operates as a network motif that introduces a nonlinear coupling between expression levels of a protein and its intracellular localization. This mechanism modulates the activity of the TGF-{beta} signaling cascade by affecting the location of its main effectors, the R-Smads, as well as in all signaling cascades analyzed that incorporate a dimerization step linked to nucleocytoplasmic shuttling, operating as a singular type of nonlinear network motif that does not require a loop of regulation and takes advantage of physical intracellular compartmentalization."
2026-09-07,37,10.64898/2026.09.04.749342,1,"systems biology","Net conversion calculations of catabolic pathways","Bruggeman, F.; Remeijer, M.; Odendaal, C.; Gonzalez-Cabaleiro, R.","Motivation: The stoichiometry (or net conversion) of a catabolic pathway is an often used principle of biochemistry. It expresses the molar yield of charged energy carriers (e.g. ATP) and catabolic products (e.g. lactate) on the energy source (e.g. glucose). Product yields are engineering targets of metabolic engineering and used in microbial ecology to assess energy metabolisms of microbial species. For a single species under a single condition, the catabolic pathway is frequently assumed fixed, while there might be multiple options encoded in its genome. To find these options, the manual (heuristic) methods that have been used for decades fall short. Results: In this paper, we explain how net conversions can be calculated from reaction stoichiometries of a metabolic network and evaluated using thermodynamic information. We start with an (old) heuristic method. Next, we explain we relate the net conversions of metabolic networks to their elementary flux modes (EFMs) and show that a single EFM gives rise to a single net conversion. EFMs are mathematical objects that are computable with existing software. We use these to illustrate how all net conversions of complex (pan-)metabolic networks can be computed. We consider examples from aerobic and anaerobic microbiology. Then, we introduce the parameter {Omega}, the driving force per unit flux, which allows for the thermodynamic comparison of pathways. To calculate {Omega}, only the standard Gibbs free energy potential, i.e., {Delta} G m' of the net conversion and its corresponding EFM are required. A generic workflow (and all underlying Python code) are provided, as well as applications to perform the workflow without coding. We also provide those software packages that automate our methods. Impact: This paper serves as an illustration of how modern computational systems biology can be used to automate the calculation of net conversions in microbial ecology and metabolic engineering. We hope that this paper inspires future metabolism research using quantitative, rigorous methods."
2026-09-07,37,10.64898/2026.09.02.748764,1,immunology,"Reanalysis of data from ten years of koala chlamydia vaccine trials reveals inherent bias and a lack of protective efficacy","Chappell, K. J.; Blyton, M. D. J.","Koalas within Australia are facing multiple threats from habitat loss, climate change and pervasive chlamydial disease. A safe and effective vaccine to protect koalas against chlamydia would be a welcome veterinary intervention to prevent this devastating disease which causes blindness, renal and reproductive pathology, infertility and mortality. However, over a decade of vaccine development and research trials has produced conflicting results, which vary from no observable indication of protective efficacy to a 64% reduction in chlamydia associated mortality. Given this discrepancy we conducted an independent analysis of data underpinning the highly cited publication demonstrating vaccine efficacy that was the basis for a permit for limited use in koalas. In doing so, we identified a substantial error in the way the data was encoded for analysis, which resulted in survival from birth to time of vaccination incorrectly being attributed to vaccination. After correction for this error, we show using the exact methods of the original authors that there was no significant difference in the survival or disease rate between vaccinated and unvaccinated koalas. Furthermore, we identified a substantial source of bias whereby animals with disease at their first health assessment were not excluded from the study and as those animals were generally not vaccinated, they were almost six times more likely to be included in the control group. Reanalysis including only koalas that were healthy on initial assessment and for which follow-up health assessments were performed, showed that vaccinated individuals were equally likely to contract disease or to die with disease; 18 of 143 vaccinated koalas (12.6%) developed disease and 3 (2.1%) died, compared to 63 of 439 control animals (14.4%) that developed disease and 11 (2.5%) that died. This study highlights the importance of randomised, observer blinded, placebo-controlled studies in veterinary settings to uphold scientific rigor and prevent stratification bias."
2026-09-07,37,10.64898/2026.09.03.749213,1,"molecular biology","Validation of a quantitative PCR assay for the detection and quantification of the nematode Litylenchus crenatae in American beech leaf tissue","Torres-Bedoya, E.; Miles, A.; Ker, J.; Rotondo, F.; Snover-Clift, K.; Bonello, P.","Beech leaf disease (BLD), caused by the migratory plant pathogenic nematode, Litylenchus crenatae (LC, Anguinidae) is presently one of the most concerning forest diseases in the United States. BLD has spread rapidly across the landscape and is currently found in 15 U.S. states and Ontario, Canadian, making monitoring a top priority. Here, we report on the development and testing of a probe-based qPCR detection assay that integrates previously reported LC-specific primers with a newly designed probe, enabling sensitive and reproducible quantification of nematodes in plant and non-plant matrices. This assay exhibited strong in silico and in planta specificity and high quantitative performance (R2 = 0.988-0.996), with amplification efficiencies of 90.0-96.8%. The assay also performed consistently on LC-spiked spore trap membranes used to monitor the fungal aerobiome, despite matrix-associated shifts in amplification efficiency. These results support the utility of the assay for monitoring and surveillance. The reliability was further evaluated by two independent diagnostic laboratories, demonstrating high inter-laboratory concordance in detection and strong agreement in relative quantification. The analytical sensitivity and reproducible performance of the assay align with key validation principles outlined by the APS Diagnostic Assay Validation Network (DAVN) and support its application as a molecular tool in experimental, diagnostic, and surveillance contexts, with important implications for national and international LC monitoring and disease management."
2026-09-07,37,10.64898/2026.09.03.749250,1,"molecular biology","A positively selected microRNA controls a reversible aging program in striated muscle","Boldridge, M. A.; Xu, L.; Wang, X.; Stirm, M.; Bonilla, G.; Zhu, C.; Lee, J. Y.; Stark, R. L.; Damal Villivalam, S.; Bengtson Loevendorf, M.; Petri, A.; Wagschal, A.; Gilroy, C.; Gonzalez, F.; Cai, L.; Hecker, P. I.; Vyberg, M.; Almeida, R.; Punnati, C.; Jin, C.; Schnurr, T. M.; Riddell, D. O.; Hildyard, J. C. W.; Shashikadze, B.; Lange, A.; Klymiuk, N.; Froehlich, T.; Kauppinen, S.; Piercy, R. J.; Knowles, J. W.; Fay, A.; Kang, S.; Temel, R. E.; Sadreyev, R. I.; Wolf, E.; Springer, M. L.; Naar, A. M.","Aging is the primary risk factor for most chronic diseases and is characterized in striated muscle by progressive functional decline, mitochondrial dysfunction, and chronic inflammation. The miR-128-1 locus resides within a positively selected haplotype on chromosome 2q21.3 associated with variation in grip strength, pulmonary function, and cardiometabolic traits in humans. Here, we show that antisense oligonucleotide-mediated inhibition of miR-128-3p restores muscle mass and function in aged mice, improves cardiac function while limiting adverse remodeling following myocardial infarction, and ameliorates skeletal and cardiac muscle pathology in mouse and pig models of Duchenne muscular dystrophy. Across these contexts, miR-128-3p inhibition induces a conserved transcriptional response characterized by activation of mitochondrial programs and suppression of inflammatory and fibrotic signaling, resembling the effects of established longevity interventions. These findings identify miR-128-3p as a regulator of a conserved aging-associated program and establish its inhibition as a strategy to restore tissue function across aging-related muscle pathologies."
2026-09-07,37,10.64898/2026.09.03.748874,1,"molecular biology","Conservation of Nuclear Receptor DAF-12 with Evidence for Ligand Diversification in Plant-Parasitic Nematodes","Liu, Y.; Fan, C.-W.; Wang, Z.; Wendt, G.; Zacharias, L. G.; McDonald, J. G.; Li, Y.; Shen, S.-Y.; Xu, H. E.; Collins, J. J.; Kliewer, S. A.; Mitchum, M. G.; Mangelsdorf, D. J.; Mathews, T. P.","Plant-parasitic nematodes cause extensive crop losses that threaten global food security and create substantial economic hardship, yet strategies for their control remain limited. Although plant-parasitic nematodes have life cycles that mirror those of their free-living and animal-parasitic relatives, comparatively little is known about the signals that drive life-cycle progression. Dafachronic acids (DAs) are steroid hormones that control life cycle by activating DAF-12 nuclear receptors in Caenorhabditis elegans and animal-parasitic nematodes. To define whether an analogous pathway exists in plant-parasitic nematodes, we investigated the responsiveness of DAF-12 orthologs from six plant-parasitic nematode species to {Delta}7-DA, an endogenous DAF-12 ligand in C. elegans and several animal-parasitic nematodes. We find that whereas some plant-parasitic nematode receptors are activated by {Delta}7-DA, others are not. Structural modeling of all six ligand-binding domains, together with docking of {Delta}7-DA into each model, indicates that responsiveness is governed by a combinatorial ligand-recognition network surrounding the ligand carboxylate rather than by any single contact residue. We further demonstrate that egg and second-stage juvenile extracts from the soybean cyst nematode, Heterodera glycines, lack detectable DA but contain distinct lipophilic fractions that activate its DAF-12 ortholog. Together, these findings suggest that many plant-parasitic nematodes utilize endogenous DAF-12 ligands that are structurally distinct from DA. Uncovering modulators of this pathway could lead to new strategies to combat nematode-driven crop loss."
2026-09-07,37,10.64898/2026.09.04.749084,1,"molecular biology","Residual cohesin function and PARP1 levels determine PARP inhibitor sensitivity in STAG2-deficient cancers","Molenaar, T. M.; Karagiorgou, Z.; Jacobs, S.; Tang, D. L.; Sadal, I.; Rooimans, M. A.; de Lange, J.","The STAG1 and STAG2 paralogs are mutually exclusive subunits of cohesin, a large protein complex that controls different aspects of genome organization. Loss-of-function mutations in STAG2 are common in a variety of cancers, and have been associated with increased sensitivity to poly(ADP-ribose) polymerase inhibitors (PARPi). This provides a possible entry point for therapeutic exploitation. However, insights in the underlying mechanism and additional determinants of this sensitivity are currently lacking. Here we show that STAG2-deficient cell lines exhibit variable PARPi sensitivity. While wildtype TP53 enhances PARPi sensitivity in RPE1 cells, STAG2 depletion does not trigger p53 or affect PARPi sensitivity in RPE1-TP53wt cells. PARPi sensitivity is determined by the capacity of STAG1 to compensate for the lack of STAG2. It appears that STAG2 is not uniquely required for the PARPi response, and its loss predominantly sensitizes cells through a general defect in cohesin function. PARP trapping underlies this sensitivity and is strongly influenced by basal PARP1 expression levels and further enhanced by oncogenic signaling. Perturbations in sister chromatid cohesion also enhances PARPi sensitivity, correlating with aggravated cohesion defects and increased chromosome breakage. Mechanistically, cohesin impairment does not appear to compromise repair of nickase-induced DNA lesions, suggesting that cohesin-defective cells are particularly vulnerable to a distinct class of lesions associated with trapped PARP. Together, our findings identify residual cohesin function and PARP1 expression as key determinants of PARPi response and suggest that successful clinical application of PARP inhibitors in STAG2-mutant cancers will require biomarker-guided patient stratification rather than STAG2 mutation status alone."
2026-09-07,37,10.64898/2026.09.03.749309,1,"molecular biology","Detection of Japanese Encephalitis Virus in Mosquitoes Collected from Selected Areas of Laguna, Philippines Using an Optimized One-Step RT-PCR Protocol","Chan, J. L. R.; Mendoza, B. C.; Villegas, L. C.; Masangkay, J. S.; Baldrias, L. R.; Carvajal, T. M.; Watanabe, K.","Japanese encephalitis virus is a leading cause of encephalitis in humans and agricultural animals across Southern and Eastern Asia. It is primarily transmitted by mosquitoes of the Culex genus, notably Culex tritaeniorhynchus. In the Philippines, JEV is reported to account for 7% to 18% of clinical cases of meningitis and encephalitis. Therefore, updated and comprehensive data on circulating JEV strains in the country are crucial for developing effective mitigation strategies. This study aimed to optimize an assay for JEV detection using one-step reverse transcription polymerase chain reaction (RT-PCR). Additionally, the presence of JEV in mosquitoes collected from eleven cities and municipalities in Laguna was assessed, and the mosquito carriers were identified based on morphological characteristics. Results demonstrated that the optimized one-step RT-PCR assay successfully detected JEV at various dilutions, with a limit of detection (LoD) of 0.115 ng/L. The assay exhibited 100% specificity, with no amplification observed for any viruses other than JEV. Sequence analysis of the positive control, JEV SA14-14-2 RNA, revealed 96.96% to 98.41% similarity to JEV reference sequences in the NCBI database. Among the 5,522 female mosquitoes collected, Culex tritaeniorhynchus and Culex gelidus were the most prevalent species. The highest mosquito species diversity and the most even distribution were found in the three barangays of Paete, but Siniloan, Laguna had the highest vector density for the three Culex species, Culex tritaeniorhynchus, Culex gelidus, and Culex fuscocephala. RT-PCR analysis of 189 pooled mosquito samples revealed no detectable JEV genetic material. This study is likely the first investigation of JEV presence in mosquito samples from Laguna, Philippines. These findings contribute to proactive JEV surveillance, enhancing our understanding of the virus's presence and distribution. The results underscore the importance of targeted prevention and control measures to mitigate JEV transmission in high-risk areas."
2026-09-07,37,10.64898/2026.09.03.749122,1,"molecular biology","Internet-delivered cognitive behavioral therapy is associated with distinct blood small RNA profiles in panic disorder","Vaknine Treidel, S.; Halaj, A.; Mitzva, L.; Goltser-Dubner, T.; Strauss, A.; Gelchinsky-Karagichev, B.; Pevzner, D.; Oz, O.; Amer, R.; Lavon, M.; Gadish, O.; Bennett, E. R.; Greenberg, D. S.; Carmel, L.; Israel, S.; Segman, R.; Huppert, J. D.; Soreq, H.","Panic disorder associates with altered fear circuitry, autonomic dysregulation and stress-related immune perturbations, yet its molecular and treatment-response signatures remain poorly defined. Internet-delivered cognitive behavioral therapy (iCBT) is an effective first-line treatment with unexplained outcome variations across individuals. Here, we report altered profiles of small non-coding RNAs in peripheral blood mononuclear cells from panic disorder patients before and after iCBT, compared with longitudinally sampled healthy controls. Thirteen top-ranking microRNAs discriminated patients from controls and separated pre- and post-treatment states, both of which differed from controls. Correspondingly, baseline hsa-miR-125b-5p levels were significantly associated with post-iCBT symptom improvement. Transfer RNA-derived fragments (tRFs) showed even greater discriminatory power, with nuclear-Val-3'-tRF family members exhibiting a pronounced post-treatment shift. Pathway analyses of panic disorder-associated and CBT-responsive small RNA targets converged on immune-related pathways, supporting a role in inflammatory mechanisms and highlighting blood small non-coding RNAs as promising biomarkers of panic disorder and its therapeutic response."
2026-09-07,37,10.64898/2026.09.03.749217,1,"molecular biology","Chemical Genetic Targeting of the LRRK2 GTPase Domain","Prorok, R. E.; Zhu, L. Y.; Bowcut, V.; Wu, H.; Guiley, K. Z.; Morstein, J.; Shokat, K.","Genetic variants throughout the multi-domain protein leucine-rich repeat kinase 2 (LRRK2) gene are the most common cause of autosomal dominant Parkinson's disease, and the most prevalent Parkinson's-associated LRRK2 variants enhance kinase activity. Hence, the kinase domain has been extensively targeted for therapeutic development. However, clinical progression of LRRK2 kinase inhibitors has been limited by on-target peripheral toxicities linked to strong kinase suppression, raising the question of whether targeting LRRK2 kinase activity through other means could offer a more tunable therapeutic window. LRRK2 is one of two proteins in the human proteome that possess a Roc-COR GTPase domain in tandem with a kinase domain, and the GTPase domain has been shown to intramolecularly regulate kinase output. Here, we ask whether the Roc-COR GTPase can be targeted as an alternative approach to downregulate kinase activity. We utilize a chemical genetic approach to sensitize LRRK2 to existing GTPase inhibitors and show that pharmacologically engaging the Roc-COR GTPase domain in cells decreases but does not fully inhibit LRRK2-mediated Rab10 T73 phosphorylation. This study lays the groundwork for future efforts directed at the development of pharmacological inhibitors for the LRRK2 GTPase, providing an alternative approach for therapies targeting LRRK2-driven Parkinson's disease."
2026-09-07,37,10.64898/2026.09.04.749330,1,"molecular biology","An Improved Protocol for High-Efficiency and Cost-Effective CRISPR/Cas9-Mediated Knock-ins in C. elegans","Vats, A.; Sen, A.; Bandyopadhyay, A.; Sudhanand, M.; Mascarenhas, M. X.; Bhattacharya, A.","CRISPR/Cas9-mediated homology-directed precise genome editing using long single-stranded DNA (ssDNA) donors has expanded the possibilities for generating defined genetic modifications. However, the required ssDNA donor preparation can be technically demanding and often requires extensive locus-specific sequence design. Here, we examined parameters influencing ssDNA donor-mediated genome editing and developed approaches to simplify donor preparation using {lambda}-exonuclease-mediated ssDNA generation. By evaluating donor designs across multiple genomic loci, we found that efficient genome editing can be achieved with relatively short homology regions for a range of insertion sizes. These findings provide a basis for simplifying ssDNA donor preparation and the overall gene-editing pipeline, potentially facilitating its application across species."
2026-09-07,37,10.64898/2026.09.03.748992,1,"cell biology","Comparison of Techniques for Isolating Small Extracellular Vesicles from Drosophila Larval Hemolymph","Green, A.; Vasquez, C. G.; Yang, S. W.; Kwon, Y. V.","Extracellular vesicles (EVs) are membrane-delimited nanoparticles, secreted by virtually all tested cell types to mediate intercellular and interorgan communication by transporting biomolecules, such as proteins, nucleic acids, and lipids, to recipient cells. Many EV isolation techniques have been developed for mammalian EVs and exploit specific EV properties, such as size, density, and solubility. Although Drosophila has emerged as a simple yet robust animal model for studying fundamental EV biology in its native context, it remains unclear whether commonly used EV isolation techniques can be applied to hemolymph (Drosophila blood). In this study, we first provide an in-depth characterization of particles in hemolymph using two complementary particle analysis techniques: dynamic light scattering (DLS) and nanoparticle tracking analysis (NTA). We then evaluate the performance of three commonly used small EV isolation methods--solvent precipitation, ultracentrifugation, and size-exclusion chromatography--for their ability to isolate small EVs from Drosophila larval hemolymph. All three methods can enrich small EVs from hemolymph to varying degrees, but none completely remove circulating proteins and lipoproteins. In particular, size-exclusion chromatography yields the purest small EV fractions, as evidenced by the enrichment of Drosophila orthologs of human small EV markers, including Tetraspanin 42Ee (Tsp42Ee), Tetraspanin 42Ed (Tsp42Ed), Tetraspanin 96F (Tsp96F), and Annexin B11 (AnxB11), although it produces the lowest protein yield. Altogether, our study provides practical guidance on both selecting an appropriate small EV isolation method and rigorously characterizing isolated small EV fractions according to specific research needs. More broadly, the knowledge gained from this study provides a framework for the isolation and characterization of small EVs in other insects, thereby facilitating future EV research across diverse insect species."
2026-09-07,37,10.64898/2026.09.03.749311,1,"cell biology","PCDH17 regulates lysosomal degradative capacity to promote autophagy attenuation during prolonged starvation","Chen, B.; Lu, S.-l.; Noda, T.","Autophagy is induced by nutrient starvation to recycle intracellular constituents; however, its activity must subsequently be attenuated during prolonged nutrient deprivation. The mechanisms underlying this attenuation in mammalian cells remain incompletely understood. Here, using complementary HaloTag-based assays, we show that autophagic activity declines during prolonged starvation in HeLa cells. A genome-wide CRISPR/Cas9 knockout screen designed to identify cells that sustain autophagic activity under these conditions identified protocadherin 17 (PCDH17) as a regulator of autophagy attenuation. PCDH17 depletion maintained autophagic activity during prolonged starvation without detectably altering mTORC1 signaling, ULK1 abundance, or the proximal machinery of autophagosome formation. Instead, PCDH17 depletion increased lysosomal abundance, acidification, and proteolytic activity, whereas PCDH17 overexpression produced reciprocal effects. We further identified a lysosome-associated PCDH17 subpopulation that is supplied predominantly through the biosynthetic ER-Golgi pathway. This pool undergoes proteolytic processing and lysosomal turnover, with starvation preferentially accelerating degradation of the C-terminal fragment while preserving a comparatively stable N-terminal fragment. Together, these findings identify PCDH17 as an unexpected negative regulator of lysosomal function and demonstrate that modulation of lysosomal degradative capacity contributes to autophagy attenuation during prolonged starvation."
2026-09-07,37,10.64898/2026.09.03.749057,1,"cell biology","Protein-driven colloid-osmotic pressure controls nuclear size, organization, and function","Ohsawa, S.; Sancho, G. A.; Narduzzi, G.; Zhao, W.; Lakhe, D.; Estrada, M. E.; Biswas, A.; Moriizumi, H.; Zatulovskiy, E.; Reber, S.; Jagannathan, M.; Neurohr, G. E.","The size of the cell nucleus is tightly controlled and changes in nuclear size correlate with altered nuclear function during development, cell differentiation and senescence. How nuclear size is regulated and whether changes thereof are functionally relevant remains unclear. Here, we demonstrate that nuclear size is determined by the osmotic pressure exerted by proteins in yeast, human cells and frog egg extracts. The biophysical model we establish solves the long-standing question of how the nuclear-to-cytoplasmic ratio is regulated and maintained. Furthermore, altering protein-driven osmotic balance modulates the physical properties of the nucleus, with a direct effect on chromatin organization and gene expression: Nuclear enlargement causes the dissolution of heterochromatic structures and derepression of subtelomeres and transposons, while simultaneously down-regulating highly expressed housekeeping genes. Importantly, these global transcriptional patterns closely mimic the gene expression changes that occur as yeast, human, and drosophila cells enlarge. Importantly, artificially forcing nuclear compression is sufficient to reverse these size-associated expression changes. Together, our findings provide a quantitative, mechanistic explanation for the coupling between the size of the nucleus and the cell, and they establish nuclear size as a modulator of chromatin organization and gene expression."
2026-09-07,37,10.64898/2026.09.03.749169,1,biochemistry,"Molecular Determinants of Sequence-Dependent N-glycosylation by the Human Oligosaccharyltransferase","Andjelkovic, M.; Belen-Aguilar, J. F.; Belda, D.; Ruiz-Pernia, J. J.; Tunon, I.; Mingarro, I.","Protein N-glycosylation is catalysed by the oligosaccharyltransferase (OST) complex, yet how local sequon composition controls substrate selection by human OST remains poorly understood. Here we combine atomistic molecular dynamics, alchemical free-energy calculations, in cellulo glycosylation assays and human glycoproteome analysis to define the molecular basis of sequence-dependent N-glycosylation. We built, to our knowledge, the first atomistic model of human OST with both the lipid-linked oligosaccharide donor and an acceptor peptide simultaneously accommodated in a catalytically competent complex. Simulations show that conserved STT3 motifs stabilize the acceptor Asn and explain how substitutions at positions 0, +1 and +2 alter binding and productive geometry. Cellular assays in HEK 293T cells validate the predicted loss of glycosylation for N0Q sequon, +1 Pro and the +2 hierarchy Thr > Ser >> Cys. Analysis of 14,800 human glycosites confirms these rules at proteome scale."
2026-09-07,37,10.64898/2026.09.03.749286,1,bioengineering,"Cytoskeletal disassembly by optogenetic control of RhoA signaling termination","Berlew, E. E.; Barakat, J.; Camacho Sierra, P.; Boerckel, J. D.","Cellular morphodynamics require adaptive cytoskeletal remodeling, mediated by precisely coordinated activation and termination of RhoA GTPase signaling. RhoA activation is well-studied, but the kinetics and molecular basis of signaling termination remain poorly understood. We engineered an optogenetic toolbox on the single-component BcLOV4 platform for bidirectional control of RhoA activation (opto-GEF11) and termination (opto-DLC1). Prior studies have inferred GTPase inactivation kinetics indirectly, by tracking passive recovery from an activated state, but whether this reflects the kinetics of forward signaling termination remains unclear. Using opto-DLC1, we show that direct RhoA termination is an order of magnitude faster than passive disactivation, despite comparable signaling amplitude. Mechanistically, opto-DLC1 triggered rapid actin disassembly through cofilin disinhibition but drove YAP nuclear efflux at half the rate of opto-GEF11-induced nuclear influx. Together, these findings introduce a platform technology for controlling protein signaling termination, resolve RhoA activation and termination kinetics with sub-second precision, and reveal a mechanistic asymmetry between signaling activation and termination that enables cytoskeletal homeostasis."
2026-09-07,37,10.1101/2025.11.07.687234,2,"molecular biology","HDAC2 inhibition restores H4K16ac and delays senescence in HGPS VSMCs","Karimpour, R.; Ngubo, M.; Stanford, W. L.; Hendzel, M.","Histone H4 lysine 16 acetylation (H4K16ac) controls chromatin compaction, replication-coupled chromatin maturation and double-strand break repair. It is also depleted in Hutchinson-Gilford progeria syndrome (HGPS) vascular smooth muscle cells (VSMCs). To identify the enzymes that set steady-state H4K16ac, we depleted KAT5, KAT8, all eleven zinc-dependent HDACs and all seven sirtuins in HeLa and U2OS cells, then in unaffected control and HGPS VSMCs. KAT8 depletion markedly reduced H4K16ac; KAT5 depletion had little effect. Among erasers, HDAC2 was dominant: its depletion or overexpression bidirectionally modulated H4K16ac, HDAC1 did neither, and SIRT1 depletion raised H4K16ac in these lines but far less in HGPS VSMCs. HDAC2-directed inhibitors (BRD4884, MI192, Santacruzamate A) restored H4K16ac in HGPS VSMCs, whereas the SIRT1 inhibitor EX527 did not. They also improved nuclear architecture, reduced {gamma}H2AX signaling, preserved Ki67 positivity across serial passage, and limited senescence-associated {beta}-galactosidase accumulation. HDAC2 is therefore the predominant class I regulator of steady-state H4K16ac and a candidate target for limiting senescence in HGPS VSMCs."
2026-09-07,37,10.1101/2025.08.15.670481,3,"cell biology","Tracking maternal proteins uncovers a central role for the residual body in organelle recycling during Toxoplasma gondii replication","von Knoerzer-Suckow, J.; Sazegar, P.; Periz, J.; Gras, S.; Meissner, M.","Toxoplasma gondii replicates through endodyogeny, an unconventional form of internal budding in which two daughter cells are assembled within a single mother cell. During this process, daughter cells must acquire a full complement of organelles, which may be inherited from the mother, formed de novo, or assembled through a combination of both mechanisms. To date, the fate of maternal components during replication remains poorly understood. We previously showed that F-actin driven dynamics generate an intravacuolar network, associated with the residual body (RB) and facilitates the recycling of microneme proteins. However, the inheritance and recycling of other organelles have not been systematically analysed. To address this, we employed a dual HaloTag-based pulse-chase fluorescence labelling strategy to distinguish between de novo-synthesized and maternally inherited proteins in replicating tachyzoites. This approach reveals three distinct modes of organelle inheritance: (1) inheritance of intact maternal organelles (e.g., rhoptries and micronemes), (2) expansion and division of pre-existing maternal organelles with incorporation of newly synthesized components (e.g., Golgi apparatus and apicoplast), and (3) degradation of maternal structures followed by de novo assembly (e.g., inner membrane complex). Furthermore, we identify Myosin F (MyoF) as an important factor in the redistribution of maternal micronemes and rhoptries. In the absence of MyoF, these organelles accumulate in the RB, while restoration of MyoF permits accumulated maternal micronemes to redistribute to daughter parasites. Together, these findings support a role for the RB as a dynamic compartment in the recycling and redistribution of maternal organelles."
2026-09-08,37,10.1101/2025.02.01.635985,2,genomics,"A Litmus Test for Confounding in Polygenic Scores","Smith, O. S.; Smith, S. P.; Peng, D.; Miao, X.; Mostafavi, H.; Berg, J. J.; Edge, M. D.; Harpak, A.","Polygenic scores (PGSs) are being rapidly adopted for trait prediction in the clinic and beyond. PGSs are often thought of as capturing the direct genetic effect of one's genotype on one's phenotype. However, because PGSs are constructed from population-level associations, they are influenced by factors other than direct genetic effects, including stratification, assortative mating, and dynastic effects (""SAD effects""). Our interpretation and application of PGSs may hinge on the relative influence of SAD effects, since they may often be environmentally or culturally mediated. We developed a method to measure these influences, Partitioning Genetic Scores Using Siblings (PGSUS, pron. ""Pegasus""). PGSUS leverages a comparison of a PGS of interest based on a standard GWAS with a PGS based on a sibling GWAS--which is largely immune to SAD effects--to partition variance in a PGS (in a given sample) into components due to direct effects, SAD effects, and their covariance. Using PGSUS, we found that in many cases direct genetic effects contribute relatively little to PGS variation--most pronouncedly so in PGSs for social or behavioral traits, such as educational attainment or neuroticism. PGSUS further breaks down variance components by axes of genetic ancestry, allowing for a nuanced interpretation of SAD effects. In particular, PGSUS can detect stratification along major axes of ancestry as well as SAD variance that is ""isotropic"" with respect to axes of ancestry. Applying PGSUS, we found evidence of stratification in PGSs constructed using large meta-analyses of height as well as in multiple PGSs constructed using the UK Biobank. We show that a given PGS can suffer from stratification along a major axis of ancestry in one sample but not in another (for example, in comparisons of prediction in samples from contemporary vs. ancient DNA samples). We further show that when axes of stratification are shared between GWAS and prediction samples, stratification can both aid and impede phenotypic prediction accuracy. In summary, PGSUS offers advances in interpretation towards more informed application of polygenic scores."
2026-09-08,37,10.64898/2026.08.12.744394,2,bioinformatics,"SPARKLE: evidence-constrained correction of local RNA leakage in high-resolution spatial transcriptomics","Wang, S.; Zhu, B.; Li, S.; Wei, X.","High-resolution sequencing-based spatial transcriptomics, including Stereo-seq and Visium HD, aggregates dense capture units into cell-resolved expression matrices. During tissue processing and permeabilization, RNA released from source cells can spread to neighbouring capture locations, reducing cell-type specificity and biasing downstream analyses. Here we developed SPARKLE (Spatial Ambient RNA Kernel-based Leakage Estimator), a cell-level correction method that uses capture locations outside cell-segmentation masks as within-sample spatial evidence of leakage. SPARKLE fits sparse spatial kernels to out-of-mask observations to estimate a sample-level propagation scale and gene-specific leakage coefficients. It corrects only genes supported by out-of-mask goodness of fit and uses expression-dependent conservative shrinkage to protect highly expressing source cells. In ten simulated scenarios, SPARKLE achieved the highest cell-wise concordance in eight and the lowest RMSE in nine. In axolotl brain, mouse brain and human ovarian cancer, SPARKLE removed ectopic marker signal from neighbouring cells while retaining source-cell expression, improved agreement with independent single-cell and single-nucleus references, and recovered an inferred fibroblast-to-tumor COL1A2-SDC4 communication route that was obscured by ectopic COL1A2 expression. Conclusions remained stable across plausible spatial scales and background-bin sizes. Runtime scaled near-linearly with tissue-window area and was further accelerated on GPU. SPARKLE is therefore a reference-free, fast and scalable method for correcting local RNA leakage from evidence contained within each sample, improving the reliability of cell-type localization, tissue-compartment identification and cell-cell communication inference."
2026-09-08,37,10.64898/2026.09.02.748873,1,biophysics,"Surface Tension and Stalk Elongation Drive Dictyostelium Morphogenesis","Nishikawa, S.; Kuwana, S.; Honda, G.; Hashimura, H.; Sawai, S.; Ishihara, S.","We investigate the mechanical principles underlying fruiting body morphogenesis in Dictyostelium discoideum. Quantitative shape analysis based on the Young--Laplace law, together with AFM indentation measurements, indicate surface tension as the dominant tissue-scale force acting on the culminating fruiting body. Based on this observation, we construct a hydrodynamic phase-field model with tunable surface and interfacial tensions, and analyze its behavior numerically. Our results show that, once a stalk begins to form, the elevation of the cell mass arises naturally through a dewetting process. Through quantitative comparisons with experimental measurements, we identify the mechanical conditions required for detachment from the substrate and for establishment of the characteristic morphology of the culminating fruiting body. Together, our model analysis highlights the importance of stalk-tip elongation and tissue-scale surface and interfacial tensions in the construction of large-scale three-dimensional tissues."
2026-09-08,37,10.1101/2025.07.18.665531,3,biophysics,"From Attraction to Repulsion: Omicron-Driven Rewiring of Nanobody Interfaces on the SARS-CoV-2 RBD","Golcuk, M.; Abu-Juam, F. E.; Basturk, D.; Gursel, A. D.; Buran, C. X.; Metin-Akkaya, R.; Yildiz, A.; Gur, M.","Mutations in the SARS-CoV-2 spike receptor-binding domain (RBD) of the Omicron variant enable broad escape from neutralizing antibodies (Abs) and nanobodies (Nbs), yet the atomistic basis of epitope-dependent loss of Nb binding remains unclear. We performed all-atom molecular dynamics (MD) simulations of 13 Nbs bound to the Omicron RBD to characterize their binding modes, binding-pose stability, and interfacial dynamics. Analysis of the trajectories and corresponding free-energy landscapes revealed that most Nbs occupied a single dominant basin but showed varying degrees of within-basin heterogeneity and often exhibited orientation shifts, whereas two Nbs (Nb21 and Sb14) showed pronounced pose plasticity and dissociated from the RBD. For the remaining 11 Nbs, covariance-matrix analysis mapped stabilizing and destabilizing residue couplings, revealing recurrent hydrophobic anchor patches within the receptor-binding motif and Nb-specific interaction patterns reflecting differences in the sequences and chemistries of their complementarity-determining regions. Omicron substitutions rewired interaction networks, shifted Nb binding orientations relative to the corresponding experimentally determined reference structures (obtained with the ancestral WT RBD for all Nbs except H3), and introduced unfavorable repulsion, either directly at mutation sites or indirectly via mutation-driven reorientation, thereby reducing interfacial stability. Low-speed steered MD unbinding simulations of the 11 Nb-RBD complexes and the ACE2-RBD complex, performed at a pulling velocity within the range used in high-speed AFM-based force spectroscopy, yielded lower mean unbinding work for all 11 Nbs than for ACE2. These simulations also revealed heterogeneous, stepwise Nb unbinding pathways in which receptor-binding ridge (RBR)-mediated anchoring maintained partial Nb attachment through newly formed interactions and stabilized transient intermediate binding poses. Together, these Nb-RBD interaction fingerprints and pathway-resolved unbinding simulations pinpoint epitope-specific determinants and mutation-induced clash sites, providing a mechanistic basis for diminished Nb binding."
2026-09-08,37,10.64898/2026.07.20.739554,2,biophysics,"Symmetry-breaking flow bifurcation as an under-recognised haemodynamic factor in valve-associated thrombosis","Chen, Y.; Vigolo, D.","Venous thrombosis commonly develops near venous valve pockets, where disturbed hemodynamics and reduced washout create spatially heterogeneous flow environments. Conventional descriptions of this region emphasize continuously varying quantities such as velocity, shear stress, recirculation, and residence time, but do not address whether post-valve flow can transition between distinct organized states. Here, we combine computational and experimental vein-on-a-chip approaches to resolve Reynolds-number-dependent post-valve flow organization and its downstream transport consequences. In a geometrically symmetric rigid valve, increasing Reynolds number triggered a symmetrybreaking transition from a centered jet to a persistent asymmetric flow state, with repeatable separation between the increasing- and decreasing-Reynolds-number branches under transient forcing. Valve compliance delayed this transition by increasing the effective opening and reducing local inertial forcing, whereas a small bilateral geometric bias promoted earlier branch selection. Fluid-structure interaction further showed that, after symmetry breaking, unequal hydrodynamic loading generated unequal leaflet deformation, providing a mechanism for structural reinforcement of the selected flow state. The Reynolds-number-dependent ordering was reproduced experimentally and remained detectable in whole blood. Downstream transport of RBC-scale particles exhibited a delayed but persistent lateral redistribution relative to the velocity-field response. These results identify post-valve symmetry breaking as a flow-state transition regulated by local inertial forcing, valve mechanics, and geometric bias. Venous-valve hemodynamics can therefore transition between distinct flow states, providing a physical basis for how small mechanical or geometric differences can generate persistent transport heterogeneity relevant to thrombosis."
2026-09-08,37,10.64898/2026.09.04.749435,1,biochemistry,"Expanding Macrocyclic Topology through Cysteine-to-N-Terminal Cyclisation Enables Covalent Peptide Inhibitor Discovery","Sawtell, E.; Barrueco, M.; Whiteside, J. R.; Williams, C.; Laabei, M.; Lovell, S.","Macrocyclic peptides are an attractive therapeutic modality capable of engaging challenging protein targets while retaining many favourable drug-like properties. Their high-affinity binding also provides an ideal framework for proximity-driven covalent inhibition through incorporation of latent electrophiles. Phage display enables the high-throughput screening of billion-member macrocyclic peptide libraries; however, existing libraries rely predominantly on cysteine-mediated cyclisation, restricting the range of macrocyclic topologies available for ligand discovery. Here, we report a mild and efficient cyclisation strategy based on a bromomethyl picolinaldehyde (BMP) linker that reacts with a cysteine side chain and the peptide N-terminus to generate a previously unexplored macrocyclic topology incorporating neighbouring pyridine and imidazolidinone rings. The chemistry is compatible with phage display and enabled screening of BMP-cyclised peptide libraries against plasma kallikrein, yielding a potent macrocyclic inhibitor. The BMP-cyclised peptide displayed substantially greater potency than analogous peptides cyclised through either a disulfide bond or the widely used linker 1,4-bis(bromomethyl)benzene (DBMB). Furthermore, comparison with an equivalent DBMB-cyclised library demonstrated that BMP-mediated cyclisation enabled access to binding motifs not identified by conventional cysteine-to-cysteine cyclisation. Finally, positional sulfur(VI) fluoride exchange (SuFEx) electrophile scanning converted the BMP-derived hit into a selective covalent macrocyclic activity-based probe capable of labelling plasma kallikrein in human plasma. Together, these findings establish BMP-mediated cyclisation as a versatile strategy for expanding the topological diversity of phage-displayed macrocycles and accelerating the discovery of both reversible and covalent macrocyclic peptide ligands."
2026-09-08,37,10.64898/2026.09.04.749427,1,biochemistry,"A nucleolar assembly module integrates an ancestral isoaspartylase to safeguard ribosome biogenesis","Panse, V. G.; geiger, a. g.; Favre, S.; vadas, o.; Arx, T. v.; ackle, f.; Ruoss, M. A.; Zyberaj, L.; Verma, Y.; Separovich, R.; Hutter, C. A. J.; Oborska-Oplova, M.; Portugal-Calisto, D.; seeger, m.; Beltrao, P.; Leulliot, N.; Smirnov, A.; Kressler, D.; Panse, V. G.","Eukaryotes inherited the core ribosome biogenesis apparatus from archaea. However, nucleocytoplasmic compartmentalisation and expansion to >200 assembly factors created the challenge of integrating this ancestral machinery into a complex maturation programme. One solution is the formation of transient modules in which newly acquired assembly factors support deeply conserved components. Here, we identify such a module, centred on the ancestral isoaspartylase Fap7, which couples the modification of the ribosomal protein uS11 to its incorporation into pre-ribosomes. Fap7 partners with Krr1 to capture uS11, forming an early checkpoint in which uS11 loading licenses Kri1 engagement and assembly progression. Loss of uS11 modification triggers a late checkpoint, preventing aberrant pre-ribosomes from acquiring translational competence. Integrative structure-function studies reveal how the ancestral isoaspartylase is embedded within a conserved eukaryotic assembly-factor network to safeguard the timing, order, and fidelity of ribosome production."
2026-09-08,37,10.64898/2026.09.04.749436,1,biochemistry,"Redox Control of S-sulfocysteine Formation in Adenosine Phosphosulfate Reductase","Ymeraj, M.; Ramos-Guzman, C. A.; Hanzevacki, M.; Elisi, G. M.; Bottegoni, G.; Mulholland, A. J.","Sulfur assimilation fuels bacterial growth by supplying the reduced sulfur required for the biosynthesis of sulfur-containing biomolecules. Adenosine 5'-phosphosulfate reductase (APSR) catalyzes the first reductive step of this pathway, converting adenosine 5'-phosphosulfate (APS) to adenosine monophosphate. This reaction proceeds through nucleophilic attack by catalytic C256, located in the flexible C-terminal tail, on the sulfur atom of APS, forming a thiosulfonate enzyme intermediate. Here, we investigate this reaction in APSR from Pseudomonas aeruginosa, an opportunistic pathogen associated with severe infections, particularly in patients with cystic fibrosis. APSR contains an iron-sulfur [4Fe-4S] cluster, which participates in redox steps of the reaction. Here, we show that the redox state of the iron-sulfur cluster also controls the catalytic step. Multiscale molecular simulations investigate how oxidized and reduced cluster states affect APS binding, active site organization, and the nucleophilic attack step. Molecular dynamics (MD) simulations show that the oxidized [4Fe-4S]2+; cluster stabilizes substrate interactions and the conformation of the C-terminus, facilitating a catalytically productive orientation of C256. The activation barrier of 17.7 {+/-} 1.7 kcal mol-1 from quantum mechanics/molecular mechanics (QM/MM) umbrella sampling MD simulations at the B3LYP-D3(BJ)/6-31G(d) level of theory is in good agreement with the experimental kinetics. The redox state of the iron-sulfur cluster shows its role in modulating the conformation of conserved K144, which is important for transition state stabilization in the nucleophilic attack. These findings illuminate the mechanism of this P. aeruginosa target and provide broader insight into the roles of iron-sulfur clusters in controlling enzyme reactivity."
2026-09-08,37,10.64898/2026.06.16.732556,2,"systems biology","A heterogeneous biomedical knowledge network framework for rare disease drug candidate prioritization: integrating Orphadata and DisGeNET via gene-bridge harmonization","Ramani, D.","Rare diseases collectively affect over 300 million individuals worldwide, yet the vast majority lack approved pharmacological treatments, leaving patients with few therapeutic options and researchers with limited computational tools for systematic candidate identification. This study presents a network-based computational framework that integrates two complementary public biomedical databases (Orphadata, which catalogs gene-disease associations for Orphanet-classified rare disorders, and DisGeNET, which documents gene-drug interaction records) through a reproducible three-stage gene symbol harmonization pipeline comprising HGNC identifier standardization, MyGene.info API mapping, and RapidFuzz fuzzy string matching. The resulting heterogeneous tripartite knowledge network encompasses 15,454 nodes and 35,131 edges, covering 2,249 clinically distinct rare diseases. A Graph Attention Network (GAT) is trained on this network using node-type classification as a pretext task, enabling the model to learn biologically informed node representations encoding the structural co-association of disease, gene, and drug entities. These representations are used to rank drug candidates for a query rare disorder via cosine similarity in the embedding space. The framework is explicitly positioned as a decision support tool for prioritizing existing gene-bridged drug-disorder connections rather than predicting novel associations. Held-out evaluation across 200 disorders demonstrates Hits@10 = 0.400 compared to a random baseline under 0.001, a greater than 400-fold improvement. The rank-4 retrieval of NITISINONE, the approved standard of care for hereditary tyrosinaemia type 1, for a query disorder sharing the HPD tyrosine catabolism pathway, without pathway annotations provided to the model, supports the biological plausibility of the learned embeddings. The complete pipeline is reproducible and is deployed as an interactive decision support interface on HuggingFace Spaces."
2026-09-08,37,10.64898/2026.04.13.718117,2,immunology,"Adaptive immunity is dispensable for salamander appendage regeneration","Harrison Umeano, C.; Oesterle, M.; Ghaffarinia, A.; Okeke, U.; Larsson, N.; Meena, S.; Bolech, E.; Consiglio, C. R.; Eroglu, E.; Simon, A.; Leigh, N. D.","Complex multi-tissue regeneration capacity varies across vertebrates. Mammals are amongst the least regenerative species, while salamanders can regenerate complex tissues such as limbs and tails throughout life. Previous studies have shown that innate and adaptive immune cells are present during salamander limb regeneration. While innate immune cells have been shown to promote limb regeneration, it is unknown whether adaptive immunity is responsive to amputation or plays a role in appendage regeneration. Here we show that during limb regeneration in axolotls, the immune response is characterized by a coordinated immunoregulatory signature including the downregulation of antigen presentation, cytokine secretion, and T cell activation. We corroborate this transcriptomic data in vivo using skin allografts in newts and define the blastema as an immunosuppressed niche. To test the role of adaptive immune cells in regeneration, we generated Recombination activating gene 1 deficient (Rag1-/-) newts. Rag1-/- newts lack antigen receptor recombination and show a marked reduction of adaptive immune cells. We find that Rag1-/- newts do not reject allografts, confirming their functional immunodeficiency. Finally, we demonstrate that both larval and adult newts regenerate appendages in the absence of adaptive immunity. Our work demonstrates that the adaptive arm of the immune system is not required for appendage regeneration and establishes an important model for novel experimental approaches in comparative immunology and regenerative biology."
2026-09-08,37,10.1101/2025.07.08.663716,3,"molecular biology","Structural basis of DNA N6-adenine methylation in eukaryotes","Nan, B.; Yang, W.; Nie, L.; Wang, D.; Xu, M.; Niu, J.; Wang, Y.; Guan, W.; Chen, Z.; Zhuang, G.; Gao, S.; Liu, Y.","As a transcription-associated epigenetic mark abundantly present in many unicellular eukaryotes, DNA N6-adenine methylation (6mA) is maintained by the AMT1 complex. However, the structure-function relationship of the AMT1 complex remains to be fully elucidated. Here, we employ AlphaFold3 (AF3) for de novo structural modeling of the AMT1 complex, complemented by molecular dynamics simulations. Functional relevance of key structural features, especially those of the AMT1 ternary complex with the double-stranded DNA (dsDNA) substrate and the cofactor, are validated by extensive mutagenesis, both in vivo and in vitro. Our analysis reveals the structural basis for DNA substrate recognition, base flipping, and catalysis in this prototypical eukaryotic DNA 6mA-methyltransferase. It also allows us to delineate the reaction pathway for processive methylation involving translocation of the AMT1 complex along the dsDNA. As the active site is conserved across the MT-A70 family of eukaryotic N6-adenine methyltransferases, the structural insight will facilitate rational design of specific inhibitors."
2026-09-08,37,10.64898/2026.09.04.749396,1,"cell biology","Adaptor interactions trigger Pan1 self-assembly during clathrin-mediated endocytosis in budding yeast","Mamta, M.; Rivier-Cordey, A.-S.; Ivanovic, L.; Bagyashree, V. T.; Kukulski, W.; Kaksonen, M.","Clathrin-mediated endocytosis requires the coordinated assembly of a highly dynamic protein network that couples membrane remodeling to actin-driven force generation. The essential budding yeast protein, Pan1, scaffolds the endocytic protein network by linking adaptor proteins, and other coat components, and actin assembly regulators. How Pan1 coordinates all these different proteins in space and time is not well understood. We show that Pan1 undergoes biomolecular condensation. Elevated Pan1 expression induced the formation of condensates that exhibited partial rapid molecular exchange, temperature-dependent reversibility, and sensitivity to disruption of weak hydrophobic interactions. The Pan1 assemblies are compositionally selective, preferentially enriching late-stage endocytic factors while excluding early adaptor proteins. Truncation analysis demonstrated that condensation depends on cooperative contributions from intrinsically disordered regions, the EH2 domain, and the oligomerization module, whereas a C-terminal region negatively regulates condensation. Deletion of Pan1 regions promoting its self-assembly perturbed Pan1 assembly and function at endocytic sites. Disruption of interactions between Pan1 and endocytic adaptors did not alter the dynamics of endocytic events but instead reduced the number of endocytic events marked by Pan1 and caused the formation of ectopic Pan1 condensates. This indicates that adaptor-mediated interactions spatially constrain Pan1 localization by seeding Pan1 assembly at endocytic sites. Our findings support a model in which adaptor proteins seed Pan1 assembly at the endocytic sites while multivalent interactions drive Pan1 self-assembly to build the higher-order molecular network of the late endocytic coat."
2026-09-08,37,10.64898/2026.09.04.749443,1,"cell biology","Multimodal profiling establishes ovarian fibrosis as a measurable and targetable hallmark of human reproductive aging","Hughes, L.; Zaniker-Gomez, E.; Devrukhar, P.; Biswas, S.; Trofimchuk, A.; Atazhanova, T.; Riley, J.; Kleinhans, A.; Zhang, M.; Holm Nielsen, S.; Karsdal, M.; Stout, M.; Babayev, E.; Duncan, F.","ABSTRACT Ovarian aging underpins infertility, systemic morbidity, and mortality in women. Stromal fibrosis is implicated in ovarian aging but has not been defined in the human ovary in situ. We integrated shear wave elastography (SWE), extracellular matrix (ECM) neoepitope fingerprinting, and singlecell RNA sequencing of follicular fluid aspirates within the same individual to comprehensively profile ovarian fibrosis. In an age-stratified cohort (<33 and >37 years; N=32), age predicted ovarian stiffness, while mean stiffness was independently associated with reduced oocyte yield and follicular efficiency. ECM profiling revealed a dynamic fibrotic index favoring formation over degradation products. Single-cell transcriptomics demonstrated an age-associated fibroinflammatory stromal program enriched in pro-fibrotic pathways with stromal-immune crosstalk. In a larger validation cohort (25-45 years; N=100), age was similarly associated with ovarian stiffness. Thus, ovarian fibrosis is a quantifiable hallmark of human reproductive aging and represents a robust potential non-invasive biomarker and target for therapeutic intervention."
2026-09-08,37,10.64898/2026.09.04.749402,1,biochemistry,"A pseudohelicase-centered complex couples assembly-dependent RNA cleavage to poly(UG)ylation","Busetto, V.; Brehm, M.; Sgromo, A.; Mager, M.; Pshanichnaya, L.; Becker, E. C. A.; Ketting, R. F.; Ameres, S. L.; Falk, S.","Robust RNA interference in Caenorhabditis elegans requires Argonaute targeted RNAs to be cleaved by RDE 8 and poly(UG)ylated by MUT 2, generating templates for RNA dependent RNA polymerases that synthesize secondary small RNAs. RDE 8 and MUT 2 are physically coupled within the cleavage and poly(UG)ylation (CPUG) complex, together with the pseudonuclease NYN 1 and MUT 15, but how their activities are controlled and coordinated is unknown. Structural and biochemical analyses reveal that the RDE 8/NYN 1 nuclease module is autoinhibited, restricting cleavage outside CPUG. We identify MUT 15, the CPUG scaffold linking this nuclease module to MUT 2, as a pseudohelicase. MUT 15 remodels the nuclease module, licensing RDE 8 activity upon complex assembly. Reconstituted CPUG synthesizes long poly(UG) tails, with the substrate 3' end determining tailing efficiency and register. Within CPUG, RNA engagement by MUT 2 limits RDE 8 access, while poly(UG) tails themselves are not cleaved by RDE 8, preventing re cleavage. Together, CPUG couples assembly dependent RNA cleavage to downstream processing, imposing safety and directionality."
2026-09-08,37,10.64898/2026.09.03.749120,1,bioengineering,"Democratizing Agentic Access to Bioinformatics and Biopharmaceutical Databases and Analyses with BioMCP-TS","Yuan, Y.","Practitioners want to give AI agents direct access to biomedical databases and analyses, but today that means choosing between dependency-heavy skill packages, data-lookup-focused server tools, and closed vendor platforms. BioMCP-TS removes the choice: one open-source server that installs with a single pinned command and verifies its own setup. An agent working through BioMCP-TS can search and cross-reference 50+ bioinformatics, pharmaceutical, and patent databases (genes, variants, drugs, diseases, literature, clinical trials, patents, functional genomics, and structures) and, uniquely among open bioinformatics servers, run heavyweight analyses in-process as WebAssembly: Bioconductor differential expression and htslib genomics operations with no R installation, C toolchain, or containers on the host, plus read-only SQL over curated local databases. We demonstrate these strengths with seven practical cases spanning drug-target due diligence, translational intelligence, GWAS follow-up, dependency analysis, cohort genomics, and differential expression, ranging from a first federated lookup through target-disease landscapes to published-structure shortlists and reproducible RNA-seq results, each answered end-to-end within minutes. The server, recorded transcripts, and the full problem set are available at https://github.com/yeyuan98/biomcp-ts (npm: biomcp)."
2026-09-08,37,10.64898/2026.09.03.749070,1,bioinformatics,"TCRdenoise - an unsupervised similarity-based approach for denoising of TCR-pMHC specificity data","Lund, J. M.; Deleuran, S. N.; Nielsen, M.","Public repositories of T cell receptor (TCR)-peptide-MHC (pMHC) interactions constitute a critical resource for studying adaptive immunity and developing predictive models of TCR specificity. However, recent evidence suggests that a substantial fraction of reported TCR-pMHC interactions may be incorrectly annotated, limiting the quality of downstream analyses and machine learning applications. Here, we present an unsupervised sequence similarity-based framework for denoising peptide-specific TCR repertoires. The method combines pairwise TCR similarity metrics derived from TCRbase and TCRdist3 with hierarchical clustering and a novel adaptation of the silhouette score designed to address the prevalence of singleton clusters and highly imbalanced cluster structures. By incorporating a pseudo-cluster containing singleton and background TCRs, and by optimising both clustering distance thresholds and minimum cluster-size criteria, the proposed approach identifies TCRs likely to represent true antigen-specific binders while filtering putative noise. Using experimentally validated repertoires from TCRvdb, we demonstrate that the modified silhouette score closely tracks clustering solutions that maximise separation between binding and non-binding TCRs, achieving strong agreement with independent validation based on the Matthews correlation coefficient. Extension to a large collection of peptide-specific TCR data revealed a strong negative correlation between the percentage of TCRs classified as noise and the predictive performance of peptide-specific binding models. Further, the denoising classification labels on this data set were corroborated using structural modeling confidence scores of the peptide-TCR interface extracted from a refined AlphaFold 3 modeling pipeline. Additionally, retraining NetTCR on denoised data improved internal cross-validated performance compared with models trained on the full data set, whereas models trained exclusively on TCRs classified as noise performed close to random. Together, these results demonstrate that sequence similarity-based denoising can effectively enrich for biologically meaningful TCR-pMHC interactions and improve the quality of training data for predictive immunological models. The proposed framework provides a scalable strategy for improving the reliability of public TCR databases and facilitating the development of more accurate TCR specificity prediction methods."
2026-09-08,37,10.64898/2026.09.03.749137,1,biophysics,"Edge-Aware Graph Attention Networks for Interpreting Biophysical Mechanisms from Molecular Dynamics Simulations","Ahsan, M.; Pindi, C.; Palermo, G.","Graph attention networks (GATs) are emerging as powerful aritficial intelligence (AI) tools for learning biomolecular dynamics, yet extracting mechanistic insight from learned attention remains challenging. Here, we present an interpretable AI approach that combines molecular dynamics prediction with mechanistic interpretation through attention-derived communication networks. We develop three edge-aware GAT models - Edge-Conditioned, Edge-Injected, and Edge-Gated - that differ in how edge information is incorporated during message passing. Relative to a standard GAT, our edge-aware models improve coordinate prediction while recovering complementary aspects of residue communication. Application to Chignolin and HIV-1 protease demonstrates their ability to characterize communication networks underlying protein folding, allostery, and mutation-induced functional remodeling. Analysis of the communication networks using graph-based descriptors of communication throughput, intensity, and relay revealed that the Edge-Conditioned model preferentially emphasizes communication hubs characterized by high communication throughput and intensity, the Edge-Injected model preferentially highlights high-intensity communication within functionally important regions, and the Edge-Gated model most clearly resolves long-range communication relay. Overall, this approach provides an interpretable AI strategy for uncovering the communication mechanisms that underlie folding, allostery, and long-range signal propagation in molecular machines, while also supporting AI-guided modulation of biomolecular function and rational protein engineering."
2026-09-08,37,10.64898/2026.09.03.749129,1,biophysics,"Dilatable DNA origami nanopores as nuclear pore mimics","Bertosin, E.; Van Herck, B.; Barth, A.; Wang, S.; Dekker, C.","The nuclear pore complex (NPC) is a massive protein system that controls all nucleocytoplasmic transport via a dynamic network of intrinsically disordered proteins called FG-Nups. We developed an NPC-mimicking DNA origami nanostructure that self-assembles into a tetrameric, octagonal nanopore with an inner diameter that, through addition of DNA oligonucleotides, can be tuned in a user-defined fashion from 57 to 66 nm - mimicking the contracted and dilated states of NPCs. We demonstrated that these origami nanopores can dilate within minutes and recontract at slower timescales. Both contracted and dilated pores can be inserted into lipid bilayers, where they maintain their conformation and allow transmembrane transport of fluorescent proteins. With outer diameters up to 87 nm, these are, to our knowledge, the largest DNA origami nanopores inserted into lipid membranes. Functionalization of the pores with the FG-Nup Nsp1 reduces non-specific cargo diffusion across the lipid membrane while facilitating translocation of the transport receptor Kap95, demonstrating transport selectivity much like biological NPCs. The work establishes a size-tunable platform to dissect nuclear transport mechanisms, with potential applications for engineering programmable artificial channels."
2026-09-08,37,10.64898/2026.09.03.749271,1,immunology,"Cytokine signaling regulates multiple stages of gammaherpesvirus infection in myeloid cells","Kostelecky, R.; Vragel, G.; Gamez, P.; Medina, E. M.; Oldenburg, D.; Goodspeed, A.; Weigel, C.; Baiocchi, R.; Clambey, E. T.; van Dyk, L.","The gammaherpesviruses, including Epstein-Barr Virus and Kaposis Sarcoma-associated Herpesvirus, establish lifelong infections by maintaining a balance between lytic and latent infection states. How this balance is regulated in myeloid cells, an important but understudied cell type that can achieve both infection states, remains unclear. Using the murine gammaherpesvirus 68 (MHV68) model, we show that IFNg; and IL-4 reciprocally regulate lytic infection in macrophages in a time- and JAK/STAT signaling dependent-manner, with basal JAK/STAT signaling further restricting lytic infection. Using a combination of MHV68 reporter viruses, cellular and molecular techniques, we demonstrate that IFNg blocks lytic replication through at least two distinct mechanisms, restricting delivery to or stability of the viral genome in the nucleus and potently restricting lytic cycle progression downstream of the immediate-early viral transactivator, RTA. These findings define specific points during lytic infection where IFNg; to enforce restricted, latent-like infection in myeloid cells."
2026-09-08,37,10.64898/2026.09.03.749291,1,genomics,"Gonadal remodelling in socially driven sex change is associated with novel and known sex genes, epigenetic reprogramming, and inflammation-mediated apoptosis.","van der Burg, C. A.; Goikoetxea, A. A.; Muncaster, S.; Ortega-Recalde, O.; Hore, T.; Kamstra, K.; Fedrigo, O.; Jarvis, E. D.; Tracey, A.; Howe, K.; Todd, E. V.; Gemmell, N.","Many fish undergo dramatic, socially cued female-to-male sex change, yet the events that initiate and then regulate gonadal reprogramming and reorganisation during this phenomenal metamorphosis are broadly unknown. The New Zealand spotted wrasse, Notolabrus celidotus, is a temperate fish species that displays the extraordinary ability to undergo protogynous sex change. Removal of a terminal-phase male from a social group triggers the most dominant female to change sex and become a male. To characterise the molecular changes associated with gonadal metamorphosis in spotty, we used genomic and transcriptomic approaches, generating a high-quality genome and a transcriptomic time-series that captures the sex change process from start to finish. These data, together with paired histological data, reveal distinct transcriptional profiles that characterise the process of sex change. As expected, the expression of masculinising genes steadily increases, while feminising genes steadily decrease, throughout the transition. We further identify novel candidate genes, including genes involved in immune signalling and tissue remodelling through inflammation-mediated apoptosis, whose expression strongly correlates with key events in sex change, while also confirming the roles of known sex determination and differentiation genes in this process. Collectively these data give us new insights into how a normally committed developmental process remains plastic and is reversed to completely alter organ structures, and also sheds light on the evolution of sex determination in other animals. This work furthers the development of the spotty as a new tractable model for sex change research."
2026-09-08,37,10.64898/2026.09.03.749128,1,genomics,"Single-cell characterization of human periodontal ligament (PDL) cells reveals uniformly mesenchymal populations in matched maxilla and mandible pairs from four donors","Radermacher, C.; Dzhanaev, R.; Hasberg, C.; Neuss-Stein, S.; Gorgels, A.; Moellmann, J.; Marx, N.; Babler, A.; Kuppe, C.; Bastos-Craveiro, R.; Wolf, M.; Modabber, A.; Jahnen-Dechent, W.; Knaup, I.","The periodontal ligament (PDL) is a mechanically active connective tissue whose fibroblasts and resident progenitor cells drive tooth support, remodeling, and regeneration. Although PDL cell populations are known to be heterogeneous, the composition of expanded primary PDL cultures and the extent to which anatomical origin shapes their transcriptome remain incompletely defined. Here we applied single-cell RNA sequencing to cultured primary PDL cells isolated from matched upper (maxilla) and lower (mandible) jaw sites of four donors, yielding 43,423 cells that were integrated across donors and analyzed by unsupervised clustering. The expanded cultures were uniformly mesenchymal and fibroblastic, essentially devoid of endothelial and immune signatures, and resolved into ten functionally distinct fibroblast substates rather than discrete cell types, including proliferating, collagen- and extracellular-matrix-high, contractile, and progenitor-like populations. Donor identity was the dominant source of transcriptional variation, with several substates restricted to individual donors. A donor-controlled comparison of maxilla versus mandible revealed only a small set of differentially expressed genes, headed by craniofacial positional-identity transcription factors (PITX1 higher in the mandible; BARX1, ALX1, and NKX6-1 higher in the maxilla), indicating that cultured PDL cells retain embryonic positional memory. In contrast, curated wound-healing gene modules did not differ significantly between jaws, and the transcriptional data therefore did not support the clinical impression of faster healing in the maxilla, suggesting that the healing asymmetry more likely reflects vascular, mechanical, and inflammatory signaling factors acting beyond the steady-state transcriptome. These findings characterize the cellular composition of expanded PDL cultures and identify positional identity as the principal jaw-dependent transcriptional feature."
2026-09-08,37,10.64898/2026.09.03.744669,1,bioinformatics,"Microhomology-Driven Genomic Alterations in Cancer Genomes: Patterns, Prevalence, and Clinical Implications.","Kostka, D.; Sztromwasser, P.; Kimmel, M.; Jaksik, R.","Homologous recombination deficiency (HRD) can force cancer cells to rely on alternative DNA repair pathways, including microhomology-mediated end joining (MMEJ), an error-prone mechanism that can generate deletions with microhomology at repair junctions. Because such patterns may reflect DNA repair defects with clinical relevance, this study aimed to assess the biological and prognostic significance of microhomology-associated deletions and optimize their detection parameters to improve patient stratification and inform targeted therapeutic strategies, including PARP inhibition. We optimized the microhomology length threshold (Mlt parameter) using signal-to-noise ratios and survival models. We evaluated the utility of whole-exome (WES) versus whole-genome sequencing (WGS). We then investigated how Loss of Function (LoF) alterations affect microhomology-associated deletion burden and assessed their prognostic significance across an ovarian cancer (OV) cohort and a TCGA Pan-Cancer dataset. Applying an Mlt = 2 threshold maximized the precision and statistical reliability of microhomology-associated deletion identification. WGS yielded higher reproducibility, whereas WES proved insufficient for accurate estimation. Inactivation of tumor suppressor genes, including RB1 and CCDC122, was associated with increased microhomology-associated deletion burden. Importantly, higher burden correlated with extended overall survival in ovarian cancer. Furthermore, while baseline microhomology-associated deletion burden varies by tumor type, Pan-Cancer analysis identified candidate gene-level alterations, including FDX1 and PDE8B, whose LoF increased microhomology-associated deletion burden across tumors. Precise parameterization combined with WGS resolution highlights the extent to which specific gene losses affect deletion burden consistent with MMEJ-mediated repair. Identifying these genetic vulnerabilities and the resulting deletion burden may provide a candidate prognostic biomarker and foundation for personalized therapies."
2026-09-08,37,10.64898/2026.09.03.749125,1,bioinformatics,"AnnoAudit: a marker-based protocol for auditing single-cell atlas annotations reveals annotation-driven artifacts in a widely used traumatic brain injury resource","Zhang, L.; Rao, H.; Li, M.; Qian, X.; Zhang, Y.; Yan, Q.; Gao, R.","Single-cell atlas annotations are routinely treated as ground truth but rarely validated before use. We present AnnoAudit, a marker-based audit protocol that combines four convergent checks - marker scoring, unsupervised clustering, margin-gated module scoring, and applicability-gated pretrained models - into a composite Annotation Contamination Score (ACS), plus a trajectory-correlation fingerprint tracing suspicious signals to their cell type of origin. Applied to CEREBRI (GSE269748), the most widely used single-cell TBI atlas (73 citations), the official ""glutamatergic neuron"" label is systematically contaminated: of 45,051 labeled cells, only 963 (2.1%) are marker-confirmed glutamatergic neurons; the remainder are microglia (31.4%), astrocytes (18.6%), oligodendrocytes (15.9%), and other types. The contamination generates coherent false signals - a biphasic trajectory for 40 of 307 ion-channel genes, a KCNC3-specific OXPHOS signature, and an inversion of KCNC3 regulation at 7 days - whereas the corrected response is a sustained acute KCNC3 up-regulation conserved across four datasets and three injury models, and the fingerprint traces 96.3% of 244 informative ion-channel trajectories to non-neuronal populations. Simulation-calibrated ACS is 82.6% for CEREBRI and 70.4% for a human ALS atlas (GSE330130); three marker-defined controls pass. AnnoAudit needs only the deposited count matrix and a canonical panel; we propose it as a routine quality step."
2026-09-08,37,10.64898/2026.09.03.749124,1,bioinformatics,"A shared functional organisation underlies vascular disease remodelling","Bradford, A.; Bidula, S.; Fabian, L.; Warren, D.","Cardiovascular disease involves coordinated remodelling across multiple biological processes. Gene-level signatures vary substantially between studies because different combinations of genes can support similar biological processes. Pathway-level analyses can provide more stable representations of these processes but typically consider pathways independently. We hypothesised that grouping related pathways into conserved biological functions and quantifying their relative weighting would reveal a higher-order, transferable property of vascular tissue that we term functional organisation. We quantified the relative weighting of six conserved biological functions across independent transcriptomic datasets spanning human vascular disease, experimental models and therapeutic interventions. Vascular tissues exhibited a reproducible functional organisation defined by the balance of these functions. A dominant remodelling trajectory captured coordinated, nonlinear rebalancing of structural, immune, signalling and metabolic programmes, while a second dimension distinguished contractile/ECM organisation from immune activity. This organisation was preserved across independently reconstructed reference cohorts and remained robust to analytical sensitivity testing. When independent datasets were projected into this fixed framework, biological and clinical phenotypes occupied coherent positions along the remodelling landscape. Plaque-derived vascular, stromal and immune cell populations also occupied ordered functional positions, linking cellular heterogeneity to tissue-level organisation. The same organisational structure generalised across atherosclerosis, peripheral vascular disease and abdominal aortic aneurysm and revealed continuous biological heterogeneity within conventional clinical classifications. Genetic, pharmacological and dietary perturbations reproducibly shifted functional organisation, demonstrating that organisational state is dynamic and biologically responsive. Together, these findings identify functional organisation as a reproducible tissue-level property of vascular remodelling and provide a framework for understanding cardiovascular disease as coordinated rebalancing of biological functions rather than alteration of individual pathways in isolation."
2026-09-08,37,10.64898/2026.09.03.749294,1,bioinformatics,"CellART: a unified framework for extracting single-cell information from high-resolution spatial transcriptomics","Chen, Y.; Liu, Y.; Wang, Z.; Zeng, Y.; Chao, Z.; Jiang, P.; Chen, H.; Wang, J.; Xiao, J.; Yang, C.","Understanding how different cell types assemble into tissues and organs, as well as how they interact to transmit and receive biological signals, is essential for advancing biomedical and biological research. Recent advancements in spatial transcriptomics (ST) technologies have opened new avenues for investigating biological systems by achieving subcellular spatial resolution. Since cells are the fundamental units of life, extracting single-cell information from high-resolution ST data is crucial. However, existing ST platforms often capture sparse transcript counts per spot or measure only a limited number of genes, complicating the extraction of comprehensive single-cell information. In this study, we introduce CellART, a unified framework designed to extract single-cell information across diverse high-resolution ST platforms, including VisiumHD, Xenium, MERFISH, and Stereo-seq. By leveraging multimodal data, such as staining images, spatial transcriptomics data, and single-cell RNA sequencing references, CellART simultaneously performs cell segmentation and cell type annotation through a seamless integration of deep learning and probabilistic modeling. We demonstrate the efficiency, generalizability, and robustness of CellART across various high-resolution spatial transcriptomics platforms, capable of processing datasets containing millions of spots. Comprehensive experiments validate the biological relevance and accuracy of the recovered cellular information within spatial configurations. Notably, we highlight the utility of CellART in breast and colorectal cancer datasets, showcasing its ability to fully leverage high-resolution ST data. By enhancing cellular resolution, CellART facilitates the identification of transient cancer cell states and immune cell subtypes. Furthermore, CellART enables investigations into cancer-immune cell communication, uncovering both established interactions and novel ligand-receptor pairs. The outputs of CellART are compatible with widely used community tools, facilitating a variety of downstream analyses."
2026-09-08,37,10.64898/2026.09.03.748766,1,bioinformatics,"Atlas-scale single-cell analysis beyond in-memory paradigm with scAtlasPy","Xu, H.; Ye, Y.; Zhang, S.; Xie, R.; Li, J.; Lin, J.; Hu, Y.; Gao, L.","Single-cell atlases are rapidly outgrowing the memory capacity of standard workstations, challenging the in-memory paradigm underlying mainstream computational ecosystems. Here, scAtlasPy decouples scale of atlas from memory capacity by leveraging the disk-resident computing. It enables full-resolution analysis of a 100-million-cell atlas with only 42.9 GB peak memory, whereas state-of-the-art platforms are limited at 3 million cells with 512 GB memory. scAtlasPy achieves 137,745 cells/s, 10.4x faster than scDataset with 82.6% lower memory usage for random minibatch retrieval. Its extensible architecture offers a flexible platform for diverse atlas-scale analytical tasks, facilitating the discovery of complex cellular heterogeneity and functions in massive cell atlases."
2026-09-08,37,10.64898/2026.09.03.749010,1,biophysics,"BioSecBench-Function: A Verifiable Benchmark for Reasoning about Biological Function from Experimental Data","Wang, D.; Xu, Q.; Banerjee, A.; Jain, R.; Vermani, A.; Felix, J.; Moreno, G.; AlZaben, F.; Keul, N.; Seeyave, E.; Bhasin, H.","Inferring biological function from experimental data is central to understanding emerging pathogens and developing effective countermeasures, yet interpreting these data remains slow and expert-intensive. AI agents could help accelerate this process by reasoning across sequence, structural, and biophysical evidence. We present BioSecBench-Function, a verifiable benchmark for recovering biosecurity-relevant function from real biological data. The benchmark comprises 111 evaluations built from published datasets and graded deterministically against ground truth. We organize evaluations along two dimensions: threat axis (spanning seven biosecurity-relevant question types) and biological question (indicating whether the solution depends primarily on sequence, structure, or biophysical assay data). Across 7,326 runs from twenty-two model-harness configurations, Opus 5 under Claude Code led on endpoint pass rate at 50.3%, and Grok 4.6 under Grok Build led on overall pass rate at 44.1% when refusals counted as failures. Performance varied substantially across both model-harness configurations and task categories. Refusal rates differed sharply by provider, and cost was a poor predictor of accuracy: several configurations exceeded 40% pass rate at low cost. BioSecBench-Function provides a standard for measuring whether agents can be trusted to interpret what a new pathogen or variant does when the next outbreak arrives."
2026-09-08,37,10.64898/2026.09.04.749274,1,biophysics,"Type II topoisomerase substrate geometry revealed through combined experiment and computation.","Prajapati, M. N.; Seol, Y.; Silver, J.; Desai, P. R.; Das, S.; Neuman, K. C.","Type II topoisomerases (topo IIs) are essential enzymes that regulate DNA topology through a strand-passage mechanism in which a duplex DNA (transfer-segment) is passed through a transiently cleaved second duplex DNA (gate-segment). Biochemical and structural approaches have revealed critical details of the binding and cleavage of the gate-segment DNA. However, capture of the transfer-segment DNA has proven more difficult to resolve due to the transient nature of the interaction. Nonetheless, selection of the transfer segment with a specific conformation or orientation relative to the gate segment is predicted to govern aspects of topo II activity, including chiral discrimination and the ability to reduce topological complexity below equilibrium. To determine the conformation and orientation of the transfer-segment relative to the gate segment, we combined experimental single-molecule measurements of topo II unlinking a single DNA crossing with Brownian dynamics simulations of the DNA crossing. By correlating the unlinking rate with the geometric features of the DNA crossing, we obtain the complete three-dimensional preferred crossing geometry for strand passage. Strikingly, the preferred crossing geometries for Escherichia coli topoisomerase IV and Methanosarcina mazei topoisomerase VI are distinct and provide structural models of the DNA synapse selected for strand passage along with a mechanistic basis for their differing activities and biological functions. The approach we develop is generalizable, providing unique insights into the kinetic selection of DNA synapse structure."
2026-09-08,37,10.64898/2026.09.03.748870,1,"pharmacology and toxicology","A novel workflow integrating whole-body PET microdosing data and therapeutic-dose pharmacokinetics across species to inform first-in-human dose selection","Nguyen, B. T.; Barrail-Tran, A.; Ursino, M.; Goutal, S.; Caille, F.; Naninck, T.; Le Grand, R.; Lambotte, O.; Tournier, N.; Comets, E.","Introduction: First-in-human studies require dose extrapolation from pharmacokinetic animal studies combined with safety assessments. Subtherapeutic doses of radiolabelled drugs can be administered in preclinical and early clinical development to gain a dynamic pharmacokinetic understanding, potentially informing pharmacologically-based pharmacokinetics (PBPK) models through whole-body PET data. Aims: to develop a PET-informed modelling framework for preclinical-to-human extrapolation, with dolutegravir as a case-study. Methods: We developed a structured workflow integrating micro- and conventional-dose data for interspecies and dose extrapolation. We built a whole-body PBPK model in PK-Sim/MoBi (v12.1) using non-human primate (NHP) data in 5 key organs incorporating dolutegravir physico-chemical properties, protein binding, metabolism and efflux. Sensitivity analyses and parameter estimation were performed sequentially first with PET microdosing organ data over 3h, then with fluid and tissue concentrations following a 2.5 mg/kg IV injection. Finally, 100 Caucasian healthy adults (50% male, 20-80 years) receiving 50 mg qd po after high-fat meals were simulated using the two sets of estimated parameters and physiology-related parameter distributions provided by PK-Sim. Results: Dolutegravir blood data were well described in NHPs over 3 hours, with parameters adjusted to handle the macrodose-related changes. While microdose-based parameter estimates systematically underpredicted exposure, combining NHP micro- and conventional dose data predicted steady-state geometric mean AUC0-24 and Cmax closely matching human reported profiles, although slightly underpredicting Ctrough. Conclusions: PET-PBPK modelling combining micro- and conventional doses in NHPs successfully predicted dolutegravir concentrations in healthy volunteers, additionally informing tissue distribution. This proof of concept study supports early PET data acquisition to build robust priors for first-in-human studies."
2026-09-08,37,10.64898/2026.09.04.749543,1,immunology,"Loss of Mitochondrial Respiratory Capacity Reshapes Myeloid Cell Function during Mycobacterium tuberculosis infection","Martinez, E. L.; Mabry, C. J.; Coleman, A. K.; Osborne, M. S.; Simmons, J. D.; Hahn, S.; Huskey, J. B.; Armijo, K. S.; Newbolt, T.; Davis, J. R.; Zhou, L.; Kalams, S.; Mogilenko, D.; Patrick, K. L.; Watson, R. O.","Myeloid cells are essential mediators of host defense against Mycobacterium tuberculosis (Mtb), yet the metabolic programs that sustain their function during chronic infection remain poorly defined. Here, using scRNA-seq we identified a striking, coordinated decline in mitochondrial electron transport chain gene expression across diverse myeloid populations as Mtb disease progressed in mice. This transcriptional remodeling was associated with broad changes in immune and metabolic pathways, including reduced antigen presentation, interferon responses, protein synthesis, and glycolysis. Accordingly, loss of Complex I in macrophages (Ndufs4 knockdown) reduced MHC-II surface expression, dysregulated inflammatory gene expression, and limited control of Mtb replication. Finally, analysis of single-cell transcriptomic data from Mtb-exposed human household contacts identified an almost identical transcriptional program enriched in IGRA+ individuals, supporting a role for mitochondrial respiratory remodeling in human TB. Together, these findings demonstrate that mitochondrial bioenergetic competence is required to sustain macrophage effector function during chronic Mtb infection and suggest that mitochondrial restoration may boost protective responses in TB patients."
2026-09-08,37,10.64898/2026.09.04.749398,1,immunology,"TLR-mediated activation of synovial fibroblasts from osteoarthritis patients promotes chondrocyte dysfunction","Dai, Y.; Gong, A.; Duran Hernandez, N.; Liang, X.; Liu, X.; J. Gearing, L.; Durek, P.; Li, Y.; Oehme, S.; Wu, P.; Heinrich, F. F.; Lehmann, K.; Wu, S.; Lauterbach, L.; Pichler, L.; Maleitzke, T.; Donner, S.; Perka, C.; Latz, E.; Kroenke, G.; Winkler, T.; Mashreghi, M.-F.; Loehning, M.; Shen, P.","Objective: Toll like receptor (TLR) activation by cartilage derived damage-associated molecular patterns contributes to osteoarthritis (OA) pathogenesis, but the role of synovial fibroblasts in this process remains incompletely understood. We investigated the TLR responsiveness of human OA synovial fibroblasts and determined how TLR activation influences fibroblast-mediated regulation of chondrocyte function. Design: Primary synovial fibroblasts isolated from OA patients were characterized for TLR expression and stimulated with agonists targeting TLR1/2 to TLR9. Inflammatory mediator production, matrix metalloproteinase expression, mitochondrial respiration, and transcriptomic responses were assessed. Functional effects on cartilage homeostasis were evaluated using autologous chondrocyte spheroid co-cultures. Results: Approximately 50% of cells within OA synovial membranes were fibroblasts (CD45-CD31-PDPN+). Synovial fibroblasts expressed multiple TLRs at both the transcript and protein levels. Activation of TLR1/2, TLR4, TLR5, and TLR2/6 induced robust expression of IL-6, IL-8, G-CSF, MMP3, and MMP10, with minimal effects on mitochondrial respiratory function. Transcriptomic analysis revealed activation of inflammatory pathways together with enrichment of antigen presentation and protein translation programs. In autologous co-culture, TLR1/2-activated synovial fibroblasts promoted inflammatory and catabolic gene expression, suppressed anabolic gene expression, and impaired chondrocyte spheroid growth. Conclusions: Human OA synovial fibroblasts are highly responsive to TLR activation and acquire a pro-inflammatory, cartilage-degrading phenotype that directly impairs chondrocyte homeostasis. These findings identify synovial fibroblasts as key effectors of innate immune signalling within the OA joint and support targeting shared TLR-mediated pathways in joint-resident cells as a potential disease-modifying therapeutic strategy."
2026-09-08,37,10.64898/2026.09.04.749390,1,immunology,"High-Dimensional Immunophenotyping Identifies Circulating Immune Signatures Associated with FeNO-Defined Asthma Phenotypes","Solanki, N.; Wanner, N.; Thomas, J.; Wang, Y.; Erzurum, S.","Background: Asthma is a heterogeneous inflammatory airway disease traditionally classified into T2 high (eosinophilic) and T2 low inflammatory phenotypes. Fractional exhaled nitric oxide (FeNO) is commonly used as a biomarker of T2 inflammation, although nitric oxide also regulates monocyte maturation and T cell polarization. We hypothesized that FeNO identifies distinct systemic immune phenotypes in asthma. Methods: Peripheral immune cell subsets were characterized using OMIP - 69, a 40 - color high dimensional immunophenotyping panel encompassing innate and adaptive immune populations. Adults with asthma and healthy controls underwent peripheral blood immunophenotyping. FeNO was dichotomized at 25 ppb (FeNO - high [&ge;] 25 vs FeNO - low <25). Immune-cell subset proportions were summarized as medians (IQRs) and compared using the Wilcoxon rank-sum test. Logistic regression was used to evaluate associations between immune subsets and FeNO status. Results: Eighteen participants with asthma and seven healthy controls were enrolled. Asthmatic participants had higher BMI than healthy controls (median [IQR] asthma: 35.1 [28.9 - 37.7] vs healthy: 25.4 [22.6 - 26.7] kg/m2; p=0.003), although demographics were otherwise similar. Among asthmatics, 10 participants had FeNO - low asthma, and eight had FeNO - high asthma. FeNO - high asthma demonstrated increased classical monocytes (CD14++CD16 -) and compared with healthy controls (p=0.027), whereas FeNO - low asthma more closely resembled healthy controls. Intermediate monocytes (CD14++CD16+) were increased in FeNO - high versus FeNO - low (p= 0.08); a similar association was noted for classical monocytes (p = 0.13). In contrast, CCR7+ TCR; T - cells were significantly enriched in FeNO - low asthma (p=0.002). Logistic regression demonstrated positive associations between high - FeNO and classical monocytes (OR 16.06, 95% CI 1.56 - 1304.69; p=0.007) and intermediate monocytes (OR 4.19, 1.22 - 132.30; p=0.017), whereas CCR7+ {gamma} {delta} T - cells were negatively associated with high FeNO (OR 0.06, 0.00 - 0.47; p=0.001). Conclusions: Distinct systemic immune signatures identified by high-dimensional cytometry support the existence of biologically divergent FeNO - defined asthma endotypes and may inform future biomarker-driven approaches to patient stratification and precision therapy."
2026-09-08,37,10.64898/2026.09.07.749807,1,microbiology,"Host nutrients drive paired-substrate growth and distinct biofilm lifestyles in Finegoldia magna","Coluccio, A.; Lopez Palomera, F.; Lawhorn, S.; Spero, M. A.","Host-associated bacteria navigate complex nutrient landscapes where metabolites act as both growth substrates and cues that shape behavior. Yet, for most commensal and pathogenic bacteria, the nutrients and metabolisms that support persistence in the host remain unknown. Finegoldia magna is an obligate anaerobe that normally colonizes human skin and mucosal surfaces but also causes persistent biofilm-associated infections on implanted medical devices and in chronic wounds. Here, we developed a defined medium to investigate how nutrients influence F. magna physiology. We found that F. magna has a remarkably restricted metabolism that is specialized to use a limited set of host-relevant nutrients, including glycine, fructose, nucleosides, and betaine. Carbon-source screens showed glycine was the only substrate that supported growth as a sole carbon source. Instead, growth typically required two carbon substrates: a compatible electron donor-acceptor pair, suggesting redox balance imposes major constraints on its metabolism. To determine whether these constraints extend to host environments, we cultured F. magna in media derived from human chronic wound tissue. Despite its chemical complexity, F. magna displayed a similarly restricted metabolic profile, primarily consuming peptides, nucleosides, and betaine. These nutrients also directed biofilm behavior, with different metabolites promoting surface attachment or aggregation. Our findings show that although F. magna lacks metabolic flexibility, this opportunistic pathogen appears specialized to exploit host-derived products of skin physiology, tissue damage, and inflammation. This work suggests that host-associated bacteria with highly specialized metabolisms may be especially responsive to nutrient availability, linking local metabolite composition to key persistence behaviors like biofilm formation."
2026-09-08,37,10.64898/2026.09.07.749877,1,microbiology,"Multimodal imaging reveals surface degradation of voice prosthesis implants resulting from colonisation by polymicrobial biofilms","MacGowan, L.; Rooney, L. M.; Thompson, P.; De Blieck, S.; Stanier, J.; Douglas, C.; McConnell, G.","Total laryngectomy is performed for advanced laryngeal and hypopharyngeal cancers. Following the surgery, the insertion of indwelling silicone-based voice prosthesis (VP) implants is considered the gold standard for speech rehabilitation. However, early VP failure due to biofilm formation and invasion of the VP surface can lead to routine use of nystatin and the need for frequent valve changes. Despite these burdens, the composition and impact of colonising pathogens on VP integrity are poorly understood. We have developed a rapid pipeline which permitted the transfer, fixation, staining, and imaging of explanted VPs from patients within 90 minutes of sample collection. Using this pipeline, we demonstrate a multimodal reflection contrast and fluorescence confocal laser scanning microscopy technique to simultaneously map the VP surface and visualise the biofilms in situ, providing new insights into the role of pathogens on VP failure. Our results reveal that complex fungal and bacterial biofilms form polymicrobial biofilms on the VP surface. We demonstrate that biofilms not only reside on the VP surface but can invade the device, releasing silicone particles that are visible within the volume of the biofilms and are separate from the VP surface. Our findings highlight the complexity of the biofilms that form on speech valves; complex polymicrobial biofilms require more advanced treatment than what is conventionally used. Work should focus both on the patient factors that may influence this and the material properties of the valve."
2026-09-08,37,10.64898/2026.09.08.750013,1,microbiology,"Fitness costs of antibiotic resistance mutations in rich media do not reliably predict those in infection-like environments","Knowles, J.; Pittaccio, L. M.; Lindon, S.; Woods, C.; Gifford, D. R.; Kahl, L. J.; MacLean, R. C.; Cameron, S. J.; Wheatley, R. M.","The acquisition of antibiotic resistance is typically associated with a fitness cost, reducing the competitive ability of cells in the absence of antibiotics. Our ability to predict these costs informs our ability to predict how likely it is that resistance will subside in the absence of treatment. Fitness costs are typically measured in laboratory cultures using a nutritionally rich medium for growth. Here, we tested the impact of infection-like environments on the prevalence and magnitude of fitness costs associated with antibiotic resistance mutations in the opportunistic pathogen Pseudomonas aeruginosa. We assessed two different clinically relevant infection niches, the lung and urinary tract, through the use of infection-niche mimicking media that models the chemical compositions of these niches. The fitness costs of resistance mutations in rich media did not reliably predict those in infection-like environments, on average costs were increased in the lung-mimicking environment and costly mutations were less prevalent in the urinary tract-mimicking environment. Synthetic human urine significantly enhanced the fitness of P. aeruginosa with resistance mutations in nfxB, encoding a multidrug efflux pump transcriptional repressor, and we identified oxalate as the likely component driving this effect. Our findings highlight the importance of environmental chemical composition for shaping the fitness costs of resistance in P. aeruginosa and suggest that nfxB mutants may have a selective advantage in the urinary tract, mediated by the presence of oxalate."
2026-09-08,37,10.64898/2026.09.08.750034,1,microbiology,"Machine learning prediction of eukaryotic hosts for giant viruses","Chang, H.-Y.; Schulz, F.; Ku, C.","Giant viruses (GVs; Nucleocytoviricota) infect diverse eukaryotes and are ecologically important across ecosystems. Although cultivation-independent sequencing has recovered tens of thousands of GV genomes from environmental samples, eukaryotic hosts are only known for a few isolates, leaving the host contexts of most GVs elusive. We developed GVHoP (Giant Virus-Host Predictor) that predicts eukaryotic hosts from GV genomes by integrating gene content and GV-eukaryotic sequence similarities. Trained on isolates with experimentally identified hosts, GVHoP achieved 97% accuracy in cross-validation and predicts hosts at three hierarchical levels of eukaryote classification. Functional analyses link top predictive features to various processes involved in virus-host interactions, including viral entry, replication, morphogenesis, and cellular metabolic reprogramming. Applying GVHoP to 7,897 GV metagenome-assembled genomes assigned hosts to 5,280 viruses and uncovered potential novel hosts across major GV orders that cannot be inferred from core-gene phylogenetic information. The predicted host composition clearly separates aquatic and terrestrial environments and distinct aquatic ecosystems. Together, GVHoP links viruses known only from nucleic acid sequences to their putative hosts across the eukaryotic tree of life, improves our understanding of GV-host interactions and their potential impacts on ecosystems, and paves the way for further ecological and functional studies of environmental GVs."
2026-09-08,37,10.64898/2026.09.07.749006,1,microbiology,"Description of Venenivibrio orakeikorakoensis sp. nov. and Venenivibrio aotearoaensis sp. nov, and emended description of genus Venenivibrio, Venenivibrio stagnispumantis species","Welford, H. E.; Carere, R. C.; Marshall, M. E. A.; Lagutin, K.; Mitchell, K. A.; Stott, M. B.","Two thermophilic bacterial strains, designated OKO1 and KUI1, were isolated from hot springs within the Taup[o] Volcanic Zone of New Zealand. Analysis of the 16S rRNA gene identified both as members of the genus Venenivibrio, sharing 99.13% and 98.82% sequence similarity with Venenivibrio stagnispumantis CP.B2T, respectively. The novel isolates were characterised using a polyphasic taxonomic approach alongside V. stagnispumantis. Despite their close phylogenetic relationship, the strains differed markedly in cell morphology, physiology and genomic content. Both isolates exhibited broad tolerance to temperature and pH, while re-examination V. stagnispumantis CP.B2T revealed substantially wider physiological capabilities than previously reported, bringing its phenotype into closer agreement with the new isolates. Comparative genomic analyses identified key differences in genes encoding cytochromes, hydrogenases, and nitrogen metabolism, suggesting distinct metabolic potential among the strains. Although the genomes shared average nucleotide identity (ANI) values of 95-96%, placing them near the accepted species boundary, the combined phenotypic and genomic evidence support recognition of OKO1T and KUI1T as two species within the genus. We therefore propose Venenivibrio orakeikorakoensis sp. nov. (type strain OKO1T, ACCESSION) and Venenivibrio aotearoaensis sp. nov. (type strain KUI1T, ACCESSION) as new members within the genus, and emend the descriptions of Venenivibrio stagnispumantis and the genus Venenivibrio to incorporate the expanded phenotypic and genomic diversity revealed in this study."
2026-09-08,37,10.64898/2026.09.07.749883,1,microbiology,"Polyploid Achromatium sp. expresses protein variants based on environmental cues","Heidig, S.-L.; Lama, S.; Rijal, J. B.; Remy, P.; Volland, J.-M.; Gros, O.; Vranken, W. F.; Carapito, C.; Ionescu, D.","Achromatium spp. are giant bacteria harboring hundreds of non-clonal chromosomes per cell. The allelic divergence they exhibit could be a mechanism to enable fine-tuned responses to environmental changes, enabling this organism to broaden its ecological range. However, while ubiquitous in freshwater and marine environments, Achromatium has not been obtained in culture, leaving the role and functioning of its genomic and proteomic diversity poorly understood. Here, we incubated freshly collected freshwater Achromatium under three temperature conditions to conduct comparative mass spectrometry-based proteomics experiments. These were interpreted against an Achromatium-specific protein atlas developed from curated published and new assemblies from marine and freshwater environments. This de novo assembled atlas allowed a twenty-fold increase in the number of identified proteins compared to mass spectrometry data searches against the UniProt database. Predicted proteins from the Achromatium atlas were grouped into orthologs, 5% of which showed temperature-associated detection of distinct protein variants within the group. This provides the first indication that Achromatium uses distinct protein variants under different environmental conditions, enabling it to swiftly respond to environmental changes through differential expression from its cache of chromosomes."
2026-09-08,37,10.64898/2026.09.04.749474,1,"molecular biology","Inner-membrane transporter genotype shapes susceptibility to non-lytic antimicrobials and bacterial fitness in Escherichia coli","Chang, E. D.; Jurgensen Engberg, J. M.; Franzyk, H.; Loebner-Olesen, A.; Frimodt-Moeller, J.","Intracellularly acting antibacterials must cross the bacterial inner membrane to reach their targets in the cytoplasm. Using a panel of isogenic Escherichia coli strains with single, double and triple deletions of sbmA, ygdD and mdtM the susceptibility to bleomycin, Oncocin, Api88 and Bac7(1-17), was assessed together with bacterial fitness in vitro and in vivo during mouse intestinal colonization. SbmA was the dominant susceptibility determinant, while YgdD contributed strongly to bleomycin and Api88 susceptibility and more modestly to Oncocin and Bac7(1-17) susceptibility. Simultaneous loss of YgdD and SbmA produced both a 128-fold increase in the bleomycin MIC and a 37% increase in doubling time, indicating that the two proteins share partly overlapping functions. Single mutants showed no detectable growth defect, but the {Delta}ygdD {Delta}sbmA, {Delta}ygdD {Delta}mdtM and {Delta}ygdD {Delta}sbmA{Delta}mdtM mutants showed significant growth defects. In mice, {Delta}sbmA and {Delta}mdtM showed reduced late competitive persistence. These findings support a compound-specific network of inner-membrane susceptibility determinants with context-dependent fitness costs."
2026-09-08,37,10.64898/2026.09.03.749148,1,bioinformatics,"bioq: a unified, agent-native command-line interface to a fleet of AI drug-discovery methods","Liu, Z.; Wang, Y.","Artificial intelligence methods now span the drug-discovery pipeline --structure prediction, de novo design, docking, affinity estimation, and ADMET -- yet each tool ships with its own, often incompatible, GPU software stack, so chaining several into a workflow requires reproducing conflicting software environments and access to datacenter-class hardware that most labs do not have. bioq is a dependency-light command-line client backed by bioq-services (accontrol-plane gateway plus a growing fleet of 38+ containerized drug-discovery tools spanning 7 discovery stages and 6 molecular modalities). The bioq CLI is self-describing and consistent across the fleet of computational tools, giving researchers and coding agents uniform access to any tool from a laptop, with no local model code, CUDA setup, or cloud configuration, running on serverless GPUs billed per job. The interface-gateway-services architecture makes bioq an execution substrate for automated, agent-driven discovery. bioq and bioq-services are open source under the MIT License and available at https://github.com/wolfsonliu/bioq and https://github.com/wolfsonliu/bioq-services. bioq runs on Python > 3.10 with httpx as its only runtime dependency; services run as Linux containers and are self-hostable via the provided local deployment scripts (alongside scripts for Alibaba Cloud Function Compute). Install, quickstart, test data, and self-hosting instructions are in the repository. The project is actively maintained and will continue to receive updates to both features and services."
2026-09-08,37,10.64898/2026.09.04.749375,1,bioinformatics,"End-to-end plaque counting and virus titration from laboratory plate images with deep learning","Moris, E.; Costable, A.; Rey, S.; Ferreiro, I.; Hurtado, J.; Villagran, M.; Luciano, L. L.; Vazquez, A. E.; Ramos, J.; Monteiro, I.; de Santiago, M. V.; Moreno, P.; Moratorio, G.; Orlando, J. I.","Plaque assays are the gold standard for quantifying infectious virus, yet plaque enumeration is still routinely performed manually, making virus titration labor-intensive, subjective, and difficult to standardize across analysts and laboratories. Existing automated methods primarily address individual tasks, such as plaque segmentation or counting, but do not provide an integrated workflow from plate images to biological quantification. In this paper we present Titra, an end-to-end workflow for automated cytopathic effect (CPE)-based virus titration from standard photographs of plaque assay plates. The workflow combines automatic well detection, plaque segmentation, post-processing for instance separation, plaque counting, and plaque-forming units per millilitre (PFU/mL) estimation within a single web-based platform that also enables experiment management and expert review. The approach was evaluated using images from three viral species (Mayaro virus, Coxsackievirus B3, and vaccinia virus), two plate formats (6- and 12-well), and heterogeneous image acquisition conditions, including both a newly curated dataset and the public VACVPlaque dataset. Automated plaque counts showed strong agreement with manual annotations (Pearson correlation coefficients of 0.98 for MAYV/CVB3 and 0.88 for VACV), while PFU/mL estimates closely matched manual calculations for the MAYV/CVB3 dataset (Pearson r=0.975). Comparative experiments against U-Net, StarDist, HSD-WBR, and PyPlaque demonstrated competitive segmentation and counting performance, with the proposed approach achieving the highest Dice and mAP on the public VACVPlaque dataset."
2026-09-08,37,10.64898/2026.09.06.749739,1,bioinformatics,"How do Co-Folding Models Organize Structural Information?","Park, M.; Kim, S.; Moon, S.; Kim, H.; Jeon, G.; Kim, W. Y.","Co-folding models accurately predict biomolecular complexes, but how their internal representations support joint structure prediction remains unclear. We analyze the Boltz-1 trunk by decomposing its pair representation into intra-chain and inter-chain blocks and applying ablation, layer-wise representation geometry, and activation patching. Our results show that structural information is distributed across three streams: the single representation carries token-internal atomic detail, the intra-chain pair representation encodes chain-level geometry, and the inter-chain pair representation controls relative molecular arrangement. Across the trunk depth, representations follow a Mix-Compress-Refine trajectory, while linear probes reveal that intra-chain distance content is largely supplied by MSA preconditioning and inter-chain distance content is constructed progressively across Pairformer layers at each recycle. Apo-holo patching further shows that ligand-induced backbone changes are not fully resolved before diffusion; instead, the diffusion module reconciles partially inconsistent intra- and inter-chain constraints. These findings provide a mechanistic view of how co-folding trunks organize structural information and suggest more partition-aware designs for future biomolecular structure prediction models."
2026-09-08,37,10.64898/2026.09.05.749640,1,biophysics,"Mechanistic Insights into HIV-1 Capsid Interactions with CPSF6","Hudait, A.; Ghosh, K.; Voth, G. A.","A crucial stage of the HIV-1 life cycle is the docking of the viral capsid at, and its translocation through, the nuclear pore complex (NPC). During this process, the capsid interacts with a series of cellular host factors that regulate efficient nuclear entry. One such host factor is cleavage and polyadenylation specificity factor 6 (CPSF6), which plays a critical role in efficient HIV-1 nuclear entry and integration. Experimental evidence suggests that nucleoporins (NUPs), such as NUP153, initially engage the capsid, followed by CPSF6 binding and oligomerization during subsequent stages of nuclear import. However, the mechanistic basis by which CPSF6 binds to the capsid and subsequently oligomerizes remains poorly understood. To address this question, we have developed bottom-up coarse-grained (CG) models that explicitly simulate the process of CPSF6 binding and oligomerization on the HIV-1 capsid. Our simulations show that CPSF6 assembles into a mesh-like coating surrounding the capsid, consistent with experimental observations. Furthermore, we then demonstrate that CPSF6 binding is dependent on the intrinsic curvature of the capsid lattice. Finally, we investigate how perturbing CPSF6-CPSF6 interactions alters binding, oligomerization dynamics, and curvature dependence. Together, these findings provide new mechanistic insights into how CPSF6 regulates HIV-1 nuclear entry."
2026-09-08,37,10.64898/2026.09.04.749224,1,biophysics,"An N-terminal ATTR Fibril Segment Promotes Transthyretin Amyloid Nucleation and Polymorphism","Gadhe, L.; Nguyen, B. A.; Fernandez Ramirez, M. d. C.; Konstantoulea, K.; Lozen, M.; Tagad, H.; Mendoza-Oliva, A.; Vaquer-Alicea, J.; Diamond, M. I.; Saelices, L.; Louros, N. N.","ATTR amyloidosis is caused by transthyretin (TTR) amyloid deposition, yet the sequence-encoded events linking TTR misfolding to fibril nucleation and structural polymorphism remain incompletely defined. Here, we exploit the modular organization of patient-derived TTR fibrils to investigate two components of the pathological core: an N-terminal beta-hairpin spanning residues 11-35 (N-TTR) and a larger C-terminal fragment spanning residues 57-123 (C-TTR). Both fragments independently form beta-rich amyloid fibrils, as demonstrated by electron microscopy, circular dichroism, and fluorescence spectroscopy. Yet, their activities differ markedly. N-TTR fibrils promote full-length TTR aggregation and seed in an engineered cellular biosensor platform established to detect templated TTR assembly, whereas C-TTR aggregates show no detectable templating activity. Cryo-electron microscopy reveals two N-TTR polymorphs that preserve structural features of disease-derived folds, while energetic profiling identifies N-TTR as a stabilizing hotspot within ex vivo structures, providing a basis for this templating functionality. These findings reveal a functional hierarchy among amyloidogenic segments of TTR, since distinct regions form fibrils independently, but only those with structural compatibility efficiently template the parent protein. N-TTR therefore represents an autonomous amyloidogenic segment that links local sequence propensity to TTR nucleation, templating, and fibril polymorphism."
2026-09-08,37,10.64898/2026.09.03.749134,1,"molecular biology","Variant-specific nucleocapsid mutations shape host innate immune trajectories during SARS-CoV-2 infection","Berger, J. M.; Schroeder, J. M.; Soh, T. K.; Pekarek, N.; Breul, L.-M.; Doerner, S.; Bluemke, P.; Huang, J.; Bosse, J. B.; Pfefferle, S.; Uetrecht, C.","The SARS-CoV-2 nucleocapsid (N) protein is one of the most highly expressed proteins during infection and plays crucial roles in the protection and packaging of viral RNA, replication, suppression of the immune response and virus assembly. The N gene and the overlapping accessory open reading frame ORF9b have continually evolved throughout the circulation of the virus, likely due to ongoing adaptation to the human host. This genetic variability influences the interplay of the N protein and its interactors. Yet, little is known about how specific mutations within the N/ORF9b locus of Variants of Concern (VOCs) shape the progression and outcome of infection. Here, we use a multi-omics approach to decipher how these genetic alterations reprogram the host cell by creating Wuhan-Hu-1-based recombinant viruses carrying an isogenic backbone with respective N mutations from the VOCs (called rNs) and comparing their effects at the transcriptome and proteome levels. We found that the mutations induce distinct transcriptional and translational alterations: rN-Alpha drives a stealth-like infection characterized by sustained translation efficiency and specific evasion of the 2'-5'-oligoadenylate synthetase (OAS) innate immune sensor, whereas rN-Delta and rN-BA.2 trigger a highly elevated inflammatory response. For rN-Delta, hyperphosphorylation of the N-protein drives cellular stress culminating in necroptotic cell death. Because these viruses differ only within the N/ORF9b locus, N sequence variation emerges as a determinant of infection outcome in its own right, warranting increased surveillance attention."
2026-09-08,37,10.64898/2026.09.04.749277,1,biochemistry,"Allosteric remodelling of the Ebola virus glycoprotein underlies differences in entry mechanisms across species","Calvaresi, V.; Kratochvil, J.; Bekauri, A.; Kukura, P.; Struwe, W. B.","During Ebolavirus transit through the endo-lysosomal pathway, the glycoprotein GP undergoes a series of conformational rearrangements upon cathepsin cleavage and NPC1 receptor binding, culminating in host-virus membrane fusion. While these rearrangements underpin viral entry, their molecular mechanisms remain poorly understood. Here, we combine hydrogen/deuterium-exchange mass spectrometry and mass photometry to resolve structural dynamic and energetic transitions of GP of two major species, Zaire (EBOV) and Sudan (SUDV). We describe the allosteric axes that govern reorganization of the cleavage sites, opening of the receptor binding cavity and priming for fusion upon NPC1 engagement. We show that GP cathepsin cleavage and receptor binding exhibit different mechanisms and kinetics across species, and are allosterically coupled in a species-specific manner. We reveal that fusion priming is optimized via distinct routes in EBOV and SUDV GP. These data suggest that GP structural dynamics and allosteric remodelling underlie differences in entry mechanisms across Ebolavirus species."
2026-09-08,37,10.64898/2026.09.08.749228,1,bioinformatics,"Agent-driven Model Development for RNA 3D Structure Prediction","Majewski, M.; Malo, L.; Montero-Blay, A.; Marengo, M.; Gkeka, P.; Minoux, H.","Large language model (LLM) agents have shown promise in driving scientific discovery, but their effectiveness in complex, real-world biological problems remains underexplored. We ask whether a general-purpose LLM agent can drive semi-autonomous development of a model for a genuinely hard biological problem, RNA 3D structure prediction. We designed a development loop where, under a fixed budget and with human supervision, the agent iteratively proposed, implemented, trained, and evaluated model changes. Over 297 iterations, the model evolved from a randomly-initialised baseline to QuickFold, an 8.9M-parameter folding trunk that matches the strongest open-source baselines (RhoFold+, NuFold) on lDDT and TM-score within noise on a held-out test set at a fraction of their inference cost. We frame this less as a new predictor than as a case study in feedback-driven, agent-led model development."
2026-09-08,37,10.64898/2026.09.04.749280,2,microbiology,"A novel recombinant BCG vaccine using a mycobacteriophage promoter shows improved protection against tuberculosis","Tsukamoto, Y.; Tsujimura, Y.; Mukai, T.; Tamura, T.; Maeda, Y.; Torigoe, S.; Saiga, H.; Asaka, M. N.; Komine, T.; Miyamoto, Y.; Nakaya, M.; Makino, M.; Ato, M.","The limited efficacy of conventional bacillus Calmette-Guerin (BCG) vaccination against adult pulmonary tuberculosis highlights the need for improved vaccine strategies. Genome integration can overcome the plasmid instability of recombinant BCG, but we hypothesized that this approach would be constrained by reduced transcriptional activity of conventional promoters when present as a single genomic copy. Here we identified P79, a mycobacteriophage-derived promoter that sustains high-level expression from a single genomic locus and used it to construct a genome-integrated recombinant BCG, termed LRC-BCG. LRC-BCG secretes the HSP70-MMPII fusion antigen flanked by the PEST sequences, maintained stable antigen expression over serial passages, and induced strong activation of macrophages and dendritic cells in vitro. In vivo, LRC-BCG inhibited Mycobacterium tuberculosis multiplication more effectively than conventional BCG, even at low doses. These findings demonstrate the feasibility of using P79 for stable genome-integrated recombinant BCG and support LRC-BCG as a promising tuberculosis vaccine candidate."
2026-09-08,37,10.64898/2026.03.03.709364,3,biochemistry,"Metabolic compensation via gluconeogenesis explains the non-essentiality of glycogen phosphorylase as an insecticidal target in Plutella xylostella","Zhou, Y.; Kang, Y.; Liu, Y.; Li, R.; Wang, D.; Yi, C.; Li, Y.; Zhang, Y.; Tian, Z.; Liu, J.","Glycogen phosphorylase (GP) catalyzes the rate-limiting step of glycogenolysis and occupies a central position in insect carbohydrate metabolism, supplying precursors for chitin biosynthesis. Acyl urea compounds structurally related to benzoylphenylurea (BPU) insecticides are potent inhibitors of mammalian GP, raising the question of whether insect GP could serve as an independent insecticidal target. Here, we systematically evaluate this possibility in the diamondback moth Plutella xylostella. We show that a mammalian GP inhibitor (GPI) potently inhibits recombinant PxGP (IC50 = 2.96 nM), while the BPU insecticide diflubenzuron (DFB) does not. Molecular docking and MM/GBSA analysis predict that this selectivity reflects differential side-chain engagement: GPI is predicted to occupy the allosteric site at the dimer interface via contacts with seven residues spanning both subunits ({Delta}G = -34.63 kcal/mol), whereas DFB's difluorobenzoyl moiety is predicted to remain solvent exposed without productive protein contacts ({Delta}G = -29.29 kcal/mol). Despite potent in vitro inhibition, GPI exhibits no insecticidal activity, and RNAi-mediated knockdown of PxGP (confirmed by enzyme activity measurements showing ~29% reduction in per-larva GP-a activity) does not impair development or survival. We provide evidence that insects compensate through a multi-layered metabolic response: upregulation of gluconeogenic enzymes (PEPCK, G-6-Pase), selective upregulation of glycogen branching enzyme (GBE) but not -amylase, and changes in protein content suggestive of catabolic substrate mobilization. Fitness assessment reveals transient larval weight loss (24-48 h) with complete recovery of pupal weight, adult wing morphology, and female fecundity, indicating that the metabolic compensation response is ultimately effective in sustaining development. These findings suggest that GP is functionally non-essential under these conditions, likely through a combination of gluconeogenic compensation and the availability of alternative carbon sources, and highlight the importance of considering metabolic network redundancy in target-based insecticide design."
2026-09-09,37,10.64898/2026.09.04.749459,1,bioengineering,"Multidimensional T1-T2 Relaxation Imaging In Vivo on a Portable 0.064~T MRI Scanner","Wilczynski, E.; Najmudeen Magdoom, K.; Avram, A. V.; Williamson, N. H.; Benjamini, D.; Horovitz, S. G.; Basser, P. J.","Purpose: To demonstrate the feasibility of whole-brain multidimensional T1-T2 relaxation imaging on a portable 0.064 T MRI scanner. Methods: A two-dimensional inversion-recovery, fast spin-echo acquisition was used to jointly encode T1 and T2 relaxation. Joint relaxation distributions were reconstructed voxel-wise using marginal-distribution constrained optimization (MADCO). The approach was evaluated in a quantitative relaxation MRI phantom and subsequently applied in vivo in a healthy volunteer. Joint distributions, marginal distributions, distribution-derived measures, and statistical dependencies between the two relaxation dimensions were examined. Results: Phantom joint relaxation estimates showed good overall agreement with mono-exponential relaxation measurements and previously reported values at 0.064 T. The in vivo acquisition provided whole-brain coverage over a broad range of relaxation weightings and tissue contrasts. Reconstructed joint T1-T2 distributions showed spatially organized features across the relaxation space, including broad and overlapping relaxation components that were not fully represented by single-value relaxation maps or by either 1D marginal distribution alone. Selected regions of the joint relaxation space produced component maps with distinct spatial patterns. Statistical analysis further showed a dependence between the two relaxation dimensions, supporting the presence of added information in the joint distribution that is lost when treating T1 and T2 separately. Conclusion: Whole-brain multidimensional T1-T2 relaxation imaging is clinically feasible on a portable 0.064 T MRI scanner. Joint relaxation distributions provide information beyond single-value relaxation mapping and may support further developments of quantitative multidimensional imaging at ultra-low field."
2026-09-09,37,10.64898/2026.09.04.749469,1,bioengineering,"Arrayed hydrogels pair whole-cell imaging with single-cell mass spectrometry proteomics","Overton, M.; Deroy, C.; Wang, E.; Lennon, A.; Elias, J. E.; McClure, R.; Herr, A. E.","Multimodal single-cell analysis aims to elucidate cellular-level phenotype within heterogeneous cell populations. Advancements in single-cell proteomics (SCP) seek to deepen quantitative depth, coverage, and reproducibility for a robust view of functional cell state. However, broadly accessible multimodal approaches are poised to benefit from sample-preparation advancements upstream of the mass spectrometer. Here, we introduce ProteoParcel, a multimodal SCP platform for indexing upstream widefield single-cell images to downstream label-free, bottom-up proteomics. Parcels are spatially arrayed planar polyacrylamide gels patterned with microwells. Each parcel, containing one microwell and an abutting gel region, is designed to integrate the single-cell imaging and SCP analysis modes. First, for whole-cell imaging, each microwell isolates an intact, individual breast cancer cell (MCF-7). After imaging, cells are subjected to in-microwell chemical cell lysis, electro-injection of whole-cell lysate from the microwell into the abutting gel region, in-gel chemical fixation, and finally in-gel tryptic digestion prior to peptide extraction for SCP. Location-indexed parcels are independently releasable to confer single-cell resolution to downstream mass spectrometry. To ensure SCP-suitable proteome solubilization and trypsin/Lys-C digestion, we optimize cell lysis, electrophoresis, and gel pre-equilibration conditions within the gel. Using ProteoParcel, we identify over 1,400 protein species from single, imaged MCF-7 cells. Scrutiny of the gel preparation conditions confirms that hydrogel-lysate interactions introduce predictable, physicochemically interpretable (cell membrane, hydrophobicity) detection biases, while broad functional-class composition and subcellular compartment coverage are preserved when benchmarked to in-solution digestion. ProteoParcel makes facile same-cell multimodal SCP and live-cell imaging."
2026-09-09,37,10.64898/2026.09.04.749227,1,bioengineering,"Thermoresponsive, Shear-Thinning Supramolecular Hydrogels from Peptide-Polymer Conjugates for Bioinspired 3D Cell Culture","Huntington, B. M.; Dresel, J. A.; Schweitzer, M.; Furst, E. M.; Besenius, P.; Kloxin, A. M.","Physically assembled, supramolecular hydrogels often are formed by weak bonds, producing useful viscoelastic properties that are reminiscent of soft tissues within the human body yet presenting challenges in stability under physiological conditions. In this work, we establish an approach for creating self-assembling, supramolecular hydrogels based on a peptide-polymer conjugate (PPC) as a three-dimensional (3D) cell culture platform. The viscoelastic properties of these hydrogels, including thermoresponsiveness and shear-thinning, were measured using rheometry. Building on these observations, we then developed a method for the encapsulation and culture of human wound healing cells, fibroblasts, within the PPC hydrogels, observing both excellent cell viability and material stability over time. The modulation of stiffness by temperature variation and the reversible nature of these hydrogels imparts unique properties for both cell encapsulation and harvesting and offers potential for a variety of biomedical applications, from 3D cell culture systems to therapeutic delivery."
2026-09-09,37,10.1101/2025.04.19.649656,3,bioinformatics,"Vizitig a pangenome and pantranscriptome explorer","Degardins, B.; Paperman, C.; MARCHET, C.","Vizitig is the first platform for real-time exploration and querying of DNA and RNA sequence de Bruijn graphs across many samples, unifying visualization, metadata, and flexible search. It constructs compacted colored de Bruijn graphs from raw sequencing reads and reference sequences, then provides an interactive web interface for graph exploration. It integrates raw and reference-based data, handles complex variation, and provides a human-readable feature-based (also referred to as metadata) query language with scalable graph loading. Its domain-specific query language supports composable searches combining sequences of arbitrary size, genomic features such as gene or exon identifiers, and experimental factors such as sample identifier or abundance thresholds. On-demand subgraph loading retrieves only regions of interest, enabling interactive exploration of large datasets in the graphical user interface without loading the entire graph into memory. We demonstrate Vizitig's capabilities through case studies in pantranscriptomics and pangenomics. In pantranscriptomics, we recover fusion transcript breakpoints on long and short reads. In pangenomics, we explore sequence variations across yeast, rice, nematode, and human pangenomes. Vizitig scales from small virus genomes to human-scale pangenomes (our largest experiments comprises up to 20 assembled human haplotypes, on a laptop). Vizitig enables fast, reproducible analysis in both pangenomics and pantranscriptomics while providing a deployable and user-friendly working environment."
2026-09-09,37,10.64898/2026.06.24.734366,2,immunology,"Longitudinal proteomic module profiles vary across human monocyte differentiation and polarization conditions","Navarro Quiroz, R.; Diaz-Olmos, Y.; Geribaldi-Doldan, N.; Fernandez-Ponce, C.; Zarate Penata, E.; Escorcia Lindo, K.; Luna-Rodriguez, I. K.; Jaruffe Pinilla, A.; Bello Lemus, Y.; Pacheco Lugo, L.; Pacheco Londono, L.; Acosta-Hoyos, A.; Galan Freyle, N.; Navarro Quiroz, E.","Human monocyte differentiation involves changes in multiple protein programs, but comparisons across culture conditions can conflate source variation with differentiation time. We reanalyzed public proteomic measurements arranged in four source blocks across M1-polarizing, M2-polarizing, dendritic-cell and osteoclast conditions at days 2, 4, 6, 8 and 10. The original experiment used three individual-donor preparations and one preparation pooled from 40 donors; these are not four individual donors. Eight predefined protein-module scores formed an 80-observation matrix. A multivariate model tested joint condition and condition-by-time terms beyond source block and categorical time, using 9,999 permutations that preserved complete block-specific culture trajectories. The joint condition terms accounted for an additional 31.37% of total module-score variation (pseudo-F = 4.257567; permutation p = 0.0002). The association persisted after omission of each source block, with incremental R-squared of 0.315-0.390. Secondary day-specific tests detected differences at days 4-10, whereas day 2 did not meet the false-discovery criterion. Descriptive trajectories showed a shared increase in glycolysis/pentose-phosphate scores alongside condition-dependent mitochondrial, redox and proteostasis profiles. At day 10, M2-labelled cultures had the lowest mean mitochondrial score, whereas M1-labelled cultures had the highest three-protein resolution-associated score. All eight module tests survived multiplicity correction, and no single-module omission abolished the multivariate association. These findings describe condition-associated configurations within four heterogeneous source preparations. Equal weighting of source blocks does not estimate a mean across individual donors. The analysis does not establish pathway activity, single-cell trajectories, population-level replication or external biological validation."
2026-09-09,37,10.64898/2026.09.06.749708,1,microbiology,"Cyclic di-AMP signalling affects cell division and penicillin susceptibility in Streptococcus pneumoniae.","Gjennestad, R. S.; Aadne, S. H.; Kjos, M.; Straume, D.","Resistance to {beta}-lactam antibiotics in the human pathogen Streptococcus pneumoniae is mainly attributed to the acquisition of mutated versions of pbp2x, pbp2b and pbp1a, encoding functional penicillin binding proteins with reduced affinity to {beta}-lactams. This enables the bacterium to synthesise peptidoglycan required for cell division in the presence of higher {beta}-lactam concentrations. In addition, it has recently been shown that increased levels of the second messenger molecule cyclic di-AMP, resulting from mutations that compromise the cyclic di-AMP degrading phosphodiesterase Pde1, contribute to decreased {beta}-lactam susceptibility in this species. A link between cyclic di-AMP levels and beta-lactam resistance has also been reported in several other Gram-positive bacteria. Here, we further investigated this link in S. pneumoniae and present evidence supporting that cyclic di-AMP could be involved in regulation of cell division. We confirm that elevated cyclic di-AMP levels decreased penicillin susceptibility and cell size in pde1 mutants. Next, we show that low cyclic di-AMP levels had the opposite effects in which cells became more susceptible to penicillin and displayed an elongated morphology with multiple incomplete septa. Using fluorescence microscopy and bacterial two-hybrid assays, we found that proteins involved in cyclic di-AMP synthesis (CdaA, CdaR) and degradation (Pde1) were enriched around the division site and that they most probably interact with each other. Finally, we identified changes to the cell wall stem peptide composition of {Delta}pde1 cells. Together our findings indicate that cyclic di-AMP could function as a regulator of the division machinery."
2026-09-09,37,10.64898/2026.09.03.749262,1,genetics,"PRDM9 Alleles Guide Distinct Patterns of Recombination Localization in Atlantic Salmon","Gulbrandsen, O. S.; Brekke, C.; Baudement, M.-O.; Nguyen, T. T.; Kent, M. P.; Barson, N. J.; Lien, S.","Meiotic recombination in many vertebrate lineages is directed to genomic regions by the DNA-binding protein PRDM9. To date, PRDM9 research has focused primarily on mammals, and its role in recombination localization has only recently been established in salmonids. PRDM9 binding specificity is determined by a tandemly repeated zinc-finger array that exhibits extensive allelic diversity within and between species. However, the extent to which PRDM9 variation shapes recombination landscapes in salmonids remains poorly understood. Here, we performed large-scale genotyping of PRDM9 in an aquaculture population of Atlantic salmon (Salmo salar) using long-read sequencing. By integrating PRDM9 genotypes with pedigree information and genome-wide recombination data, we generated PRDM9-specific linkage maps and sets of inferred crossover events. We show that the presence of specific PRDM9 alleles is associated with differences in recombination localization and identify patterns consistent with dominance interactions between alleles. Using population-averaged recombination rate estimates, we further link a previously described sequence motif enriched in European recombination hotspots to the presence of a common PRDM9 zinc-finger array allele (RPT6a). Together, our results demonstrate functional differences between PRDM9 alleles which contribute to divergence in recombination landscapes in Atlantic salmon, paralleling patterns observed in mammals. The broad geographic distribution of Atlantic salmon, combined with extensive pedigree data generated through aquaculture, highlights its potential as a powerful model for studying PRDM9 function and evolution beyond mammals."
2026-09-09,37,10.64898/2026.09.03.749263,1,genetics,"mRNA editing of the Alzheimer's risk gene APOE","Blanc, V.; Griffiths, S. J.; Haas, J.; Davidson, N.; Lathe, R.","Variants in the human APOE gene govern the risk of Alzheimer's disease and other disorders. Three major APOE variants in humans reflect C to T replacements at two positions in a single exon: an upstream variant (AE4 site) that differs between the ancestral APOE epsilon 4 allele (APOE4) (C) and human-specific APOE2/E3 (T), and a downstream variant (AE2 site) that differentiates APOE3/E4 (C) from APOE2 (T). It has long been assumed that APOE allelotypes are genomically encoded, but here we report that multiple individuals express brain APOE C or U/T variant transcripts that differ from genomically templated versions. We demonstrate up to 10% C to U, or U to C nucleotide replacement at AE4 and AE2, but not at other sites, and with no corresponding changes in genomic DNA. Single-cell transcriptomic datasets from brain microglia revealed sporadic (up to ~8%) C to U replacement at AE2. We found 0.4 to 1.6% of brain transcripts in human APOE knock-in mice harbor selective C to U changes at either AE4 or AE2 sites. Transfection of HepG2 or Huh7 cells with either mouse or human APOBEC1 led to efficient (>90%) C to U editing of APOE4 mRNA at the AE4 but not AE2 site, with lower (<10%) C to T editing of genomic DNA at the AE4 site by mouse, but not human, APOBEC1. Furthermore, interrogation of proteomic datasets revealed up to 4% of non-genomically encoded APOE peptides in human plasma, indicating that the edited APOE transcripts are functional in vivo. These data suggest that APOE mRNA is subject to RNA editing that interconverts the different allelic forms of APOE."
2026-09-09,37,10.64898/2026.09.04.749511,1,genomics,"Spatial Logic and Evolutionary Innovation in Human Placentation","Luo, Z.; Wang, C.; Zhou, Y.; Guha, T. K.; Lyer, P. N.; Mason, S. L.; Smit, A.; Sun, X.; Snyder, M. P.; Shaw, G. M.; Stevenson, D. K.; Frolova, A.; England, S.; Winn, V. D.; Fisher, S. J.; Li, J.","Human pregnancy unfolds in a unique mosaic tissue context. Embryonic/fetal placental and maternal uterine cells (decidua basalis) coalesce, forming the basal plate where immune tolerance is coordinated and the utero-placental circulation is initiated. The remaining approximately 70% of the maternal-fetal interface is comprised of the chorionic membranes, an epithelial-like layer of placental cells that lies adjacent to but does not coalesce with the overlying decidua capsularis and parietalis. It is unknown how these two regions of the maternal-fetal interface, which are comprised of seemingly similar cell types, diverge anatomically and functionally. Likewise, it is unknown whether the molecular characteristics of the maternal-fetal interface vary across human populations, potentially contributing to population disparities in pregnancy complications. Here, we generated large-scale paired single-nucleus RNA-seq and chromatin-accessibility profiles of the basal plate and chorionic membranes-associated decidual compartments from diverse-ancestry pregnancies, integrated with spatial transcriptomics and multiplexed protein imaging. We show that the two interfaces share a conserved cytotrophoblast differentiation hierarchy, which is deployed differently resulting in the observed distinct architectures. In the chorionic membranes, progenitor, early, and mature extravillous cytotrophoblast (EVT) states form an epithelial-like laminar shell. In the basal plate, this hierarchy is elaborated upon to enable deep placentation: EVTs that arise early in pregnancy invade the farthest into the uterus, while mature EVTs accumulate superficially to sculpt the local maternal immune microenvironment. Comparative analysis identified DSC4, a decidual stromal cell subtype, as an anti-invasive barrier that is densely enriched adjacent to the chorionic membranes but substantially reduced at the basal plate. Population-resolved analysis further identified the DSC4 marker NID2, which encodes the basement-membrane glycoprotein nidogen-2, as an ancestry-associated rheostat of EVT invasion. A specific NID2 promoter haplotype arose on the modern-human lineage, is absent from available archaic-human genomes, and shows evidence of positive selection in Eurasian populations. This haplotype is associated with reduced local chromatin accessibility and lower NID2 expression in DSC4 cells. Consistent with this genetic association, extracellular NID2 directly suppressed the invasion of primary human cytotrophoblasts in vitro. Together, these findings reveal how a shared developmental program is spatially reconfigured across distinct regions of the maternal-fetal interface and identify a recent modern-human regulatory innovation that modulates maternal decidual restraint of fetal trophoblast invasion across populations."
2026-09-09,37,10.64898/2026.08.07.743513,2,biochemistry,"Surface N-acetylglucosamine dynamics in bovine spermatozoa: from epididymal transit to oviductal epithelial cell binding","Alvarez, P. A.; Leiva, N. L.; Carvelli, F. L.; Robina, I.; Sosa Escudero, M. A.; Aguilera, A. C.","The sperm surface glycocalyx undergoes extensive remodeling during epididymal maturation, required for sperm to reach and bind the oviductal epithelium. N-acetylglucosamine (GlcNAc)-containing glycans are candidate mediators of these events, however, how these residues are regulated across the reproductive tract, and whether their changes depend on specific epididymal enzymes or functionally contribute to sperm-oviduct epithelial adhesion, remains poorly defined. Here, we addressed this gap by examining how surface GlcNAc changes as sperm mature and become functionally competent, from epididymal maturation through capacitation and the acrosome reaction. We further asked whether these changes relate to the ability of spermatozoa to bind the oviductal epithelium. Surface GlcNAc, assessed by WGA reactivity, increased progressively from caput to cauda epididymal spermatozoa, with a corresponding shift in GlcNAc-bearing protein profiles, while remaining predominantly localized to the acrosomal region throughout maturation. Incubation of caput spermatozoa with cauda epididymal fluid reduced WGA labeling, an effect blocked by the selective {beta}-N-acetylglucosaminidase ({beta}-NAG) thiourea derived hydroxy pyrrolidine inhibitor VP150, identifying luminal {beta}-NAG as an active contributor to GlcNAc remodeling in the epididymis. In ejaculated spermatozoa, capacitation induced minor changes in surface GlcNAc, whereas the calcium ionophore-induced acrosome reaction produced a marked reduction in WGA reactivity and acrosomal labeling, consistent with glycoprotein loss during acrosomal exocytosis. Functionally, spermatozoa that bound to BOEC monolayers were preferentially WGA-positive, and pre-incubation of BOECs with WGA significantly reduced sperm adhesion, implicating surface GlcNAc in sperm-oviduct epithelial recognition. Together, these findings define surface GlcNAc as a dynamically regulated glycan that is progressively established during epididymal transit, partly through luminal {beta}-NAG activity, redistributed during capacitation and acrosomal exocytosis, and functionally engaged during sperm-BOEC adhesion, providing a mechanistic framework for glycocalyx-mediated sperm selection in cattle."
2026-09-09,37,10.64898/2026.09.04.749178,1,bioengineering,"Cell Surface Sialoglycan Engineering Through Exogenous mRNA","Affe, V.; Shi, Q.; Mann-Delany, O.; Alvarez, D.; Edgar, L. J.; Cui, H.","All human cells display a dense matrix of structurally diverse glycans that often terminate in monosaccharides belonging to the sialic acid family of sugars. While these sialoglycans are now recognized as critical regulators of human immunity, there is a lack of technologies that provide precise, transient control over their biosynthesis and presentation on a live cell surface. Here, we addressed this unmet need by developing an mRNA-based platform for delivery of transcripts coding for the enzymes that assemble sialoglycans - sialyltransferases - to human cells. We demonstrated that mRNA coding for the 2-6-specific sialyltransferase ST6Gal1 produced active, Golgi-resident enzyme that potentiated levels of 2-6-sialoglycans on the surface of human cell lines. Increased presentation of these sialoglycans was transient and tracked with the degradation kinetics of the delivered mRNA. Importantly, this approach minimally perturbed other classes of glycans and did not broadly alter physiological transcriptional networks beyond those involved in cellular responses to exogenous RNA. Similar on-target effects were observed for the O-linked 2-6-specific sialyltransferase ST6GalNAc4; however, the effects from mRNA coding for the 2-3-specific sialyltransferases ST3Gal1 and ST3Gal4 were more complex. Taken together, this mRNA platform provides a framework for cellular sialoglycoengineering endeavours, where precise and reversible control over glycocalyx composition is desired."
2026-09-09,37,10.1101/2024.12.10.627690,2,bioengineering,"Mitochondrial adenine base editing of mouse somatic tissues via adeno-associated viral delivery","Mutti, C. D.; Van Haute, L.; Luengo-Gutierrez, L.; Dowling, I.; Barrera-Paez, J. D.; Turner, K.; Silva-Pinheiro, P.; Minczuk, M.","The development of adenine base editing in mitochondria, alongside cytidine base editing, has significantly expanded the genome engineering capabilities of the mitochondrial DNA. We tested the recent advancements in adenine base editing technology using optimised TALEs targeting genes Mt-Cytb, Mt-CoII and Mt-Atp6 in mouse cells, and observed successful A:T to G:C conversions within the target windows of each gene. We then used the best-performing Mt-Atp6 pairs for systemic AAV9 delivery to neonatal mice and quantified editing in somatic tissues after 4 weeks and 6 months. Adenine editing was low at 4 weeks and increased only modestly after 6 months, indicating that prolonged exposure alone is insufficient to overcome the limited activity of the editor architectures tested here in vivo. These findings establish the feasibility of AAV-delivered mitochondrial A-to-G editing while defining important limitations that require further optimisation."
2026-09-09,37,10.1101/2025.04.17.649276,4,bioengineering,"Engineered patient-derived organotypic bone model for multimodal characterization of donor-specific response to therapy","de Leeuw, A.; Steffi, C.; Schädli, G. N.; Singh, A.; Lim, P. J.; Rohrbach, M.; Giunta, C.; Rüger, M.; Müller, R.","Bone-forming therapies often fail in genetic skeletal disorders, highlighting critical gaps in mechanistic understanding and therapy evaluation. We developed 3D bioprinted organotypic bone models using primary cells from a patient with FKBP10-related osteogenesis imperfecta (OI) and from metabolically healthy controls obtained via femoral osteotomy (FO). Cyclic me-chanical loading and reseeding generated patient-derived bone-like tissue for structural, molecu-lar, and transcriptomic characterization of the engineered donor-specific tissue material. Dick-kopf-1 antibody (DKK1Ab) was then administered as a therapeutic perturbation. OI constructs showed a bidirectional interferon-stimulated gene (ISG) signature and hypermineralization with structural fragility, hallmark features of OI. Unlike FO constructs, DKK1Ab administration in OI resulted in a limited transcriptional response marked by ISG downregulation and increased MKI67 expression. Therapeutic perturbation with DKK1Ab increased early procollagen I se-cretion, and was associated with lower fracture scores, although the within-OI difference was not statistically significant. This proof-of-concept demonstrates multimodal donor-specific char-acterization of engineered patient-derived bone models following DKK1Ab perturbation."
2026-09-09,37,10.64898/2026.09.07.749926,1,bioinformatics,"Independent benchmark of H&E-based gene expression prediction in skin","Shaikhutdinova, R.; Gansberger, S.; Staller, J.; Singh, N.; Oyarzun, I.; Simon, M.; Sterniczky, B.; Tschandl, P.; Griss, J.","Given the widespread availability of H&E slides, there is considerable interest in determining whether molecular information can be inferred directly from tissue morphology, potentially reducing the need for costly spatial transcriptomic profiling. We assessed three state-of-the-art methods for predicting single-cell gene expression from H&E images across three skin disease contexts and two Xenium panels. As controls, we included simple linear regression models trained on embeddings from multiple foundation models, totalling 16 models evaluated in this study. We show that all models performed poorly: for most genes, prediction accuracy was near zero, and reliable predictions were largely restricted to keratinocyte-associated genes. Predicted expression failed to preserve cell-type identity and spatial organisation, with only keratinocytes forming coherent clusters, while immune, fibroblast, and other dermal populations were extensively mixed. Notably, simple ridge regression on pretrained embeddings matched or outperformed the more complex published architectures, indicating that the predictive signal originates primarily from image representations rather than model design. Our results demonstrate that current H&E-based gene expression prediction methods are not yet suitable for single-cell-level interpretation of spatial transcriptomics in skin tissue."
2026-09-09,37,10.64898/2026.05.12.724661,2,microbiology,"Defining the Candidozyma auris pan-genome and essentiality","Hale, J. J.; Larkin, A.; Rapala, J. R.; Hurto, R.; Zhao, G.; Elson, B. E.; Freddolino, L.; Snitkin, E. S.; O'Meara, T.","Candidozyma auris is a multi-drug resistant fungal pathogen that causes hospital outbreaks, but genetic variation and gene function in this organism remain undercharacterized. Here, we performed pangenome analysis on 695 genetically representative isolates of C. auris and found that only 2.6% of gene families varied in their presence, mainly consisting of gene loss events or clade-specific genes, highlighting the clonal nature of these strains. Using microbial genome-wide association, we identified two loci associated with altered keratinocyte adherence, including genes with unknown function. To look broadly at gene function, we developed a genome-scale insertional mutagenesis approach and identified 614 high-confidence essential genes. Nearly one-third of these genes exhibited divergent essentiality compared to the model yeasts Candida albicans and Saccharomyces cerevisiae. Together, this study highlights organism-specific biology and provides a comprehensive resource for identifying species-specific determinants of virulence and targets for antifungal drug development."
2026-09-09,37,10.64898/2026.09.02.749027,1,"cell biology","Evaluation of the Translational Readiness of Pluripotent Stem Cell-Derived Vascular Cell Therapy for Limb Ischemia: A Systematic Review and Meta-analysis","Shin, M.; Choi, H.; Kim, T.; Jeon, J. P.; Jung, S.; Cho, K.","Background: For the first time, pluripotent stem cell (PSC)-derived endothelial cells were administered to a human for peripheral artery disease (PAD), in August 2026. This translation is based on a large preclinical literature claiming that donor cells build blood vessels in animal models of limb ischemia, but whether it supports that claim has not been assessed systematically. Methods: In this systematic review and meta-analysis, we searched MEDLINE, Web of Science, Europe PMC, and Embase to August 2026 for studies of PSC-derived vascular cells in animal models of limb ischemia with an acellular control. Limb perfusion at each experiment's primary timepoint was pooled as Hedges' g in a three-level random-effects model with cluster-robust variance. Donor-cell fate and a seven-level ordinal of vascular contribution were graded for every study. This meta-analysis was registered on PROSPERO (CRD420261465308). Results: Sixty-eight studies in 69 reports met the criteria; 51 contributed 114 comparisons at primary timepoints. Cell therapy increased perfusion (Hedges' g 2.26, 95% CI 1.72-2.79; P=4.1x10-11; I2=87.5%; 95% prediction interval -1.47 to 5.98). No prespecified moderator survived Holm-Bonferroni adjustment, including the donor-cell fate grade (P=0.30). A donor cell was resolved in a vessel wall in 35 studies, and flow through such a vessel in 7. Small-study effects were strong (Egger t=6.25, P=9x10-8) but were not reproduced by a sample-size-based test (P=0.80); trim-and-fill moved the estimate to 1.15. On the natural scale, treated limbs recovered about twice the control perfusion (ratio of means 1.96, 95% CI 1.66-2.33). Limb preservation favored cell therapy in 11 studies with countable events (risk ratio 4.88, 95% CI 2.28-10.45), but 43 of 68 studies reported no functional outcome, and only 22 comparisons from 8 studies were both randomized and blindly assessed. In a post hoc analysis that did not survive multiplicity adjustment, effects were largest in studies whose images could not resolve their incorporation claims (g 3.23) versus those that resolved incorporation (g 2.33). Conclusions: PSC-derived vascular cell therapy improved limb perfusion in animal models, consistently across every sensitivity analysis, although the magnitude is uncertain given heterogeneity and small-study effects. Benefit was not associated with the degree of donor-cell incorporation across studies and was largest where incorporation was least resolvable, a pattern more consistent with reporting and measurement bias than with a true mechanistic effect. The first rigorous, blinded test of that benefit may come not from animals but from the patients now receiving these cells."
2026-09-09,37,10.64898/2026.09.04.749512,1,biochemistry,"A novel mechanism of ubiquitin-charging a bivalent E2:RING E3 complex","Perreault, S.; Mistry, A.; Antony, E.; Hedglin, M.","Protein ubiquitination results from a cascade of enzyme interactions that transfer ubiquitin from one covalent bond to another. First, an E1 is activated by attaching ubiquitin to itself through a thioester bond. Next, in E2 charging, activated E1 interacts with an E2 and transfers ubiquitin to a thioester bond on the E2. Finally, an E3 mediates the transfer of ubiquitin from a charged E2 to an isopeptide bond on a protein target. RING E3s, the largest E3 family in eukaryotes, function as scaffolds rather than enzymes and facilitate direct transfer of ubiquitin from a charged E2 to a protein target by simultaneously engaging both. All RING E3s engage an E2 at an interface that overlaps with the E1-binding site and several form stable, bivalent complexes with an E2 through additional binding surfaces. How E2 charging proceeds within these complexes remains unclear.Here, we utilize human Rad6(Rad18)2 as a model bivalent E2:RING E3 complex to delineate the interplay of protein{middle dot}protein interactions among the primary human E1 (Uba1), an E2 (Rad6), and a RING E3 (Rad18) during E2 charging. Collectively, the results reveal a novel mechanism that is not directed by ubiquitin thioester affinity switches. Rather, interactions of Rad18 with Rad6 slow the chemistry step and all preceding steps of the Uba1 catalytic cycle via competitive inhibition but accelerate release of charged Rad6 from Uba1, ultimately stimulating Rad6 charging overall. To the best of our knowledge, this represents the first example of a RING E3 stimulating Uba1-dependent charging of an E2."
2026-09-09,37,10.64898/2026.09.07.749871,1,bioinformatics,"Advancing long-read metagenomic binning via single-copy-gene guided contrastive learning","Han, H.; Messer, L. F.; Quince, C.; Bending, G. D.; Raguideau, S.; Wang, Z.; Zhu, S.","Long-read sequencing advances metagenomics by producing highly contiguous assemblies and more complete metagenome-assembled genomes (MAGs). However, current long-read metagenomic binners fail to incorporate the rich information of long-read assemblies into representation learning and exhibit limited performance on complex datasets. Here, we show that a higher proportion of long-read assembled contigs contain single-copy genes (SCGs) and more SCGs per contig. Therefore, we developed SCGBinner, which leverages SCG-guided contrastive learning to exploit the advantage of long-read data for learning high-quality contig embeddings. SCGBinner consistently outperforms other binning methods across five simulated and seven real-world long-read datasets, especially on real-world high-diversity samples. For a deep agricultural soil metagenome, SCGBinner recovered 71% more high-quality MAGs and 38% more near-complete MAGs than the second-best method. Notably, SCGBinner uniquely recovered 449 novel high-quality species, which shed light on the predicted ecological roles of 65 uncharacterised families and 93 novel genera. Overall, SCGBinner could harness the potential of long-read sequencing to provide unprecedented insights into the microbial dark matter of complex microbial communities."
2026-09-09,37,10.64898/2026.09.08.749548,1,bioinformatics,"TAPAS: Learned integration of AlphaFold3 confidence and geometric features for TCR-pMHC binding prediction","Kim, H. Y.; Han, H. J.; Kim, D.","Motivation Recent advances in biomolecular structure prediction, exemplified by AlphaFold3, have opened new opportunities for the prediction of TCR-pMHC binding specificity. Although individual AlphaFold3 confidence metrics provide informative binding signals, their predictive performance varies across datasets, highlighting the need to combine complementary signals rather than rely on any single metric. Results We present TAPAS, a tabular learning framework that integrates AlphaFold3-derived interface confidence and structural geometry with sequence embeddings. Although no single zero-shot metric was the strongest across all benchmarks, TAPAS was consistently the top-ranked method on VDJdb and two external benchmarks, matching or exceeding the strongest zero-shot AlphaFold3 metric. Feature group ablation showed that the contributions of sequence, confidence, and geometric features varied across evaluation settings, and that combining them resulted in the best overall performance. These results highlight the value of integrating complementary structural and sequence features within a unified framework for robust TCR-pMHC binding prediction."
2026-09-09,37,10.64898/2026.09.08.749933,1,bioinformatics,"PhenoMapR: scalable mapping of sample phenotypes to single-cell, spatial, and bulk transcriptomics data","Benard, B. A.; Lalgudi, C. K.; Azizi, A.; Gentles, A. J.","Single-cell and spatial transcriptomic studies often lack sufficient sample size to compute robust statistical associations between a sample-level phenotype and cell types or spatial locations. In contrast, lower resolution methods such as bulk gene expression profiling have been applied at scale in large, annotated datasets, providing reliable signatures for phenotype associations. We introduce PhenoMapR, a semi-supervised method designed to integrate the phenotypic rigor of large-scale bulk expression studies with the cellular and spatial granularity of single-cell and spatial transcriptomics. PhenoMapR achieves this by deriving and mapping bulk gene expression signatures onto cells and spatial locations in a computationally efficient and scalable manner. The framework is broadly applicable across biological contexts, supporting the mapping of binary, continuous, and survival phenotypes derived from bulk expression studies across transcriptomic data modalities. This enables the identification of biologically-relevant cellular populations and spatial niches for experimental validation and therapeutic intervention."
2026-09-09,37,10.64898/2026.09.08.750003,1,immunology,"Smallpox Vaccine Elicits CD8+ T Cell Immunity Persisting Over Four Decades with Cross-Recognition of Monkeypox Virus","Du, Y.; yang, z.; Xiao, Y.; Duan, H.; Hong, K.; Su, J.; Xiao, C.","Monkeypox, caused by MPXV, has become a global public health concern; however, the T-cell immunity against MPXV following smallpox vaccination remains unclear. In this study, we screened the immunogenicity of 21 predicted MPXV epitopes and compared immune responses between young and elderly groups. Two immunogenic CD8 T-cell epitopes, M15 and M17, were identified, both of which effectively stimulated specific immune responses, with significantly stronger responses observed in the young group. Notably, this study provides the first evidence that smallpox vaccination induces CD8 T-cell immunity that cross-recognizes the MPXV epitopes M15 and M17 and remains detectable for more than four decades after vaccination, as demonstrated in vaccinated individuals aged 53-75. These findings provide experimental evidence for understanding the cross-protective mechanisms of the smallpox vaccine and informing monkeypox vaccine development."
2026-09-09,37,10.64898/2026.09.08.750159,1,microbiology,"Rapid Antimicrobial Resistance Decline Coupled with Microbial Community Shifts in Sewage Polluted River Mesocosms","Kashyap, A.; Sonkar, V.; Graham, D. W.; Kreft, J.-U.; Thatikonda, S.","Antimicrobial resistance poses a global health threat, yet the fate of antimicrobial resistance genes (ARGs) and microbial communities from wastewaters in receiving rivers is rarely quantified. This study investigated the degradation kinetics of ARGs in sewage-polluted river water mesocosms and under sulfamethoxazole and copper stress, separately and in combination. Seven clinically relevant ARGs (blaCTX-M, blaNDM, qnrS, sul2, tetW, ermF, and aph(3'')-Ib), a mobile genetic element marker (intI1) and bacterial marker genes (uidA, 16S rDNA) were quantified by qPCR. Bacterial community changes were monitored using 16S rDNA amplicon sequencing. All target genes decayed with approximately first-order kinetics in all conditions, with qnrS (half-life: 8.0 h) and blaCTX-M (8.4 h) declining most rapidly and intI1 (32.5 h) and sul2 (46.5 h) declining most slowly. Ordination showed that ARG composition shifted primarily over time rather than by antibiotic/metal treatment. Bacterial communities shifted from initially Campylobacterota dominated ([&ge;] 90%) to Pseudomonadota, Bacillota, and Actinomycetota dominated communities over 168 h. Quantitative microbiome profiling showed a 95% reduction in ASV richness. PICRUSt2 analysis suggested progressive enrichment of aerobic and several metabolic pathways, as the mesocosms transitioned from highly polluted anoxic conditions to oxygenated conditions. Shifts in microbial community composition were coupled with changes in the resistome as identified by Procrustes analyses (r = 0.841, p = 0.001) and other analyses. Together, results show that river self-purification can rapidly reduce ARG loads, at least in warmer climates. This study provides approximate kinetic parameters for mathematical models to predict the fate of ARGs in rivers."
2026-09-09,37,10.64898/2026.09.08.750087,1,microbiology,"Single-time-point shotgun metagenomics of four Irish Integrated Constructed Wetlands reveals microbial dynamics in wastewater treatment.","Tumeo, A.; Streparola, G.; Harrington, C.; Carty, A.; Leonard, F.; Burgess, C. M.; Morris, D.; Miliotis, G.","Over the past 20 years, the Integrated Constructed Wetland (ICW) concept has been applied in Ireland for wastewater treatment, offering a nature-based solution for reducing pollutants and antimicrobial resistance genes (ARGs) in effluents and receiving environments. However, wastewater microbial communities remain inadequately characterized and their dynamics across treatment largely unexplored. Here, we present a culture-independent investigation of four Irish ICWs, aiming to advance our understanding of microbial dynamics in wastewater treatment. Shotgun metagenomic sequencing was conducted on influent and effluent samples collected in biological triplicates from four ICWs treating agricultural, companion animal, industrial, and municipal wastewater, alongside eight positive and ten negative controls for filtering and sequencing. End-to-end metagenomic analysis was performed with SqueezeMeta. Taxonomic placement of high-quality metagenome-assembled-genomes (HQ-MAGs) was confirmed with GTDB-Tk. Decontamination and statistical analyses were conducted in R. Coassembled contigs were screened for ARGs, virulence- and plasmid-associated sequences. Results revealed statistically significant shifts in taxonomic and functional profiles across treatment. Effluent populations exhibited generally higher richness than corresponding influents, yet were more similar to one another across locations. Multi-log-scale increases were observed in the relative abundance of environmental genera (Legionella, Methylotenera, Thiothrix), alongside reductions in common faecal/human indicators (Bacteroides, Lactococcus, Prevotella), and up to 80% ARGs removal. Collectively, our findings provide insights into ICW efficacy, showing that they can drive marked shifts in wastewater microbiome and ARG reduction. Our culture-independent approach retrieved 34 HQ-MAGs, including 19 potentially novel taxa, uncovering previously uncharacterized microbial diversity that is potentially unique to the Irish environment and warrants further investigation."
2026-09-09,37,10.64898/2026.09.08.748681,1,microbiology,"Cryo-EM structure of detergent-bound Vibrio cholerae MakA captures a candidate intermediate between the soluble form and mature assembly of an α-pore-forming toxin","Guo, Y.; Quade, B.; Stepien, K. P.; Emde, T.; Herrera, A.; Bromberg, R.; Jedrzejczak, R.; Kim, Y.; Joachimiak, A.; Satchell, K. J. F.; Rizo, J.; Borek, D.; Otwinowski, Z.","The tripartite toxin MakA/MakB/MakE from Vibrio cholerae belongs to a family of -pore-forming toxins that undergo extensive conformational rearrangements upon interacting with membrane. While soluble structures of MakA, MakB and MakE have been determined, the structural basis of membrane association and pore assembly remains poorly understood. Here, we report a cryo-electron microscopy structure of a detergent-associated form of MakA at a global resolution of 3.13 Angstrom, with focused refinement of a flexible region improving the local resolution to 2.68 Angstrom. This structure consists of a trimer of MakA asymmetric homodimers, in which each subunit adopts a transmembrane -helical conformation distinct from the previously reported soluble structure. The asymmetric homodimer closely resembles the building block observed in the previously reported helical MakA assembly and is structurally similar to the homodimeric building blocks of the Aeromonas hydrophila AhlB and Serratia marcescens SmhA pores, and the heterodimeric building blocks of the Xenorhabdus nematophila XaxAB and Yersinia enterocolitica YaxAB pores, suggesting a conserved assembly principle among distantly related -pore-forming toxins. Complementary hydropathy analysis, AlphaFold2 modeling, and liposome-based assays reveal distinct roles for the three components, with MakA acting as the primary membrane-inserting subunit, MakE exhibiting low but consistent membrane-association, and MakB alone remaining largely soluble. Together, these results support a model in which the MakA asymmetric homodimer represents a plausible early membrane-insertion unit and building block for pore assembly, while the trimer of dimers represents an early assembly intermediate."
2026-09-09,37,10.64898/2026.09.08.747897,1,microbiology,"CypA is a molecular barrier to HIV emergence from Eastern chimpanzees","Young, M. J.; Cotera, F.; Gill, C. C. C.; Lewis, J. A.; Whitby, F. G.; Abdellatif, A.; Rocha, J. L.; Singer, M.; Nalls, M. A.; Faghri, F.; Sudmant, P. H.; Pornillos, O.; Ohainle, M.","Of the two lineages of lentivirus that endemically infect chimpanzees, only one has served as a source of infections in hu-mans. Using HIV-CRISPR screening, we identify factors that limit the replication of lentivirus from Eastern chimpanzees. We find that CypA restricts nonzoonotic Eastern chimpanzee lentivirus due to a unique feature encoded in capsid. The ability of CypA to restrict lentivirus replication is surprising given that CypA is a host factor exploited by HIV to promote its replica-tion. The selective ability of CypA to restrict this virus provides a molecular explanation as to why lentivirus from Eastern Chimpanzees has never been observed to infect humans. Our work has important implications for understanding the origins of HIV-1 and the potential for novel zoonosis of primate lentiviruses."
2026-09-09,37,10.64898/2026.09.04.749444,1,genetics,"Activity-level evaluation of DNA transfer to stockings: comparisonof HaloGen with simplified contributor-based approaches","Gill, P.; Johannessen, H.; Borsum, C.; Fonnelop, A. E.; Bleka, O.","DNA findings on clothing are often evaluated at sub-source level to address whether a person contributed DNA to a sample. In many cases, however, the disputed issue is not whose DNA is present, but how the DNA was transferred. This paper applies the HaloGen framework to evaluate DNA findings on stockings under activity-level propositions. The data derive from controlled experiments, reported in a companion paper, comparing active contact, in which a person of interest pulled down a pair of stockings, with social contact, in which the person of interest and wearer used the same bathroom. Contributor-specific DNA quantities were estimated for the person of interest and for observed unknown contributors across two sampled stains. Compatibility diagnostics indicated that the stockings dataset was broadly compatible with the observed Pop20 reference range. Pop20 was therefore used as regularising prior information in the Lab-Bayes model, rather than as a stand-alone Group model. Because the stockings dataset was generated in a single laboratory, transfer data from 20 laboratories were used as regularising prior information for a laboratory-specific Lab-Bayes model. The local stockings data then updated the direct- and secondary-transfer parameter distributions. Compatibility diagnostics indicated that the stockings dataset was broadly compatible with the observed Pop20 reference range. Pop20 was therefore used as regularising prior information in the Lab-Bayes model, rather than as a stand-alone Group model. In addition, prior-sensitivity and leave-one-case-out analyses indicated that the case-level likelihood ratios were not materially affected by the choice of prior specification or by data reuse. HaloGen likelihood ratios were assessed using Tippett plots and compared with simplified contributor-based comparator approaches. These approaches represent simplified forms of activity-level reasoning in which the DNA result is reduced to binary or categorical states. They comprise a binary source-support approach, a discrete Mx component-size approach, and a background approach based on the ReAct I Experiment 3 formulation. These approaches were used to examine the effect of reducing continuous contributor-specific DNA quantities to binary or categorical states, and to assess how the likelihood ratio is affected when observed unknown contributors are represented through a background/direct-unknown term rather than evaluated explicitly as possible alternative direct actors. HaloGen showed clear discrimination between active-contact and social-contact ground-truth cases. The simplified comparator methods illustrated the information loss caused by thresholding or categorising continuous DNA quantities. The ReAct background approach tended to shift direct-transfer likelihood ratios upward relative to the HaloGen calculation, showing that the treatment of observed unknown contributors can materially affect activity-level inference. The results support the importance of preserving contributor-level symmetry: an observed unknown contributor should not automatically be demoted to background when that contributor may represent an alternative direct actor under the defence proposition."
2026-09-09,37,10.64898/2026.09.05.749584,1,biochemistry,"mBACS enhances pseudouridine profiling through efficient and robust chemical conversion","Feng, F.; Pisignano, G.; Kong, L.; Grimes, T.; Brennan, P. E.; Song, C.","Pseudouridine ({Psi}) is the most abundant RNA modification and regulates RNA stability, splicing, and translation. Utilizing the dual nucleophilic N1 and O2 of {Psi}, we previously developed 2-bromoacrylamide-assisted cyclization sequencing (BACS) for quantitative, single-base {Psi} detection. Here, we screened new dual electrophiles and developed methyl 2-bromoacrylate-assisted cyclization sequencing (mBACS), which achieves higher {Psi} conversion efficiency and lower false-positive rates, enabling more sensitive and robust {Psi} detection. The enhanced sensitivity of mBACS uncovered new {Psi} sites in human tRNAs. mBACS further revealed TRUB1 and PUS10 as the exclusive redundant writers of the conserved tRNA {Psi}55 modification and uncovered crosstalk between {Psi}55 and other tRNA modifications. It also revealed 5-fluorouracil as a pan-pseudouridine synthase inhibitor that induces widespread but site-specific pseudouridylation remodelling. Finally, mBACS supported robust {Psi} profiling from as little as 10 ng of total RNA, establishing it as a sensitive, quantitative, and low-input second-generation platform."
2026-09-09,37,10.64898/2026.09.07.749752,1,bioengineering,"Cyclic-thiourea ionizable lipids program multilamellar mRNA-LNPs for sustained expression, frozen-storage stability and potent vaccine immunotherapy","Hui, A.; Cai, R.; Zhang, L.; Huang, Z.; Gu, H.; Zheng, N.; Chen, C.","Lipid nanoparticles (LNPs) are the leading delivery vehicles for mRNA therapeutics, yet transient expression and limited formulation stability constrain their broader therapeutic application. Here we report the phenotype-driven discovery of an ionizable lipid (HI-62) bearing a 1,3,5-triazinane-2-thione (cyclic-thiourea) headgroup that reproducibly assemble mRNA into onion-like multilamellar nanoparticles. Cryogenic electron microscopy revealed ordered internal lamellae, while molecular-dynamics simulations supported a cooperative assembly model involving pH-responsive electrostatics, headgroup preorganization and short-range directional interactions. The lead HI-62 formulation maintained greater than 95% mRNA encapsulation across N/P ratios of 3-7, prolonged reporter expression for substantially longer durations than benchmark formulations following intravenous and intramuscular delivery, and retains physicochemical integrity and in vivo potency after repeated freeze-thaw cycles and 18 months of storage at -20. In the tumor models, HI-62 elicits robust cellular responses and achieved significant inhibition of tumor growth. These findings establish cyclic-thiourea headgroup chemistry as a design principle for programming lipid-RNA organization into multilamellar architecture, and provide a design principle for next-generation LNPs platform with durable protein expression and superior stability. The HI-62-based formulation has been utilized in mRNA cancer vaccine program which will enter clinical development in months."
2026-09-09,37,10.64898/2026.09.08.749745,1,bioengineering,"Specificity-driven protein binder design with Odin-Multi","Brasas, V.; Christensen, C. R.; Björnsson, K. H.; Moller, V. E.; Scapolo, B.; Benard-Valle, M.; Nygaard, M. M.; Nielsen, J. C.; Hadrup, S. R.; Johansen, K. H.; Jenkins, T. P.","A useful protein binder is defined as much by what it does not bind as by what it does. Some applications call for one binder to cover a family of related targets; others require it to distinguish a single member from near-identical relatives. Yet, widely used deep-learning-based de novo design methods typically optimise one interaction at a time, leaving cross-reactivity and specificity to emerge during downstream screening. Here we present Odin-Multi, a binder design framework that optimises a shared binder sequence against several complexes simultaneously, applying attractive objectives to on-targets and repulsive objectives to off-targets. We benchmarked Odin-Multi in silico across three systems representing distinct cross-reactivity and specificity challenges: class B1 G protein-coupled receptors (GPCRs), testing cross-reactivity across multiple therapeutically relevant receptors; short-chain three-finger toxins, testing cross-reactivity across homologous toxin family members; and peptide-MHC (pMHC) complexes, testing specificity between near-identical target and off-target surfaces. For pairs of related class B1 GPCRs, 83.5 to 96.8% of jointly optimised designs exceeded an interaction-confidence threshold for both targets, compared with 6.8 to 36.3% of designs from single-target campaigns. For two short-chain three-finger neurotoxins, 9.2% of jointly optimised designs exceeded the corresponding threshold for both targets, compared with 0.8% of designs optimised against one toxin alone. Finally, in a pMHC specificity benchmark where target and off-target differed only in a single peptide residue, counter-selection increased the fraction of designs satisfying both the target-confidence criterion and a target-to-off-target interaction-confidence ratio of 2.5 from 6.0% to 14.2%. Experimental screening produced leads consistent with both design regimes in the two systems tested in vitro. We identified a cross-reactive toxin minibinder showing apparent nanomolar binding to the neurotoxin Erabutoxin A and to a candidate NK-shNTx-containing fraction from Naja kaouthia venom (higher-affinity fitted components of 11.95 and 34.43 nM, respectively), and a pMHC minibinder with greater target-to-off-target discrimination than a previously reported design. By treating cross-reactivity and specificity as explicit design objectives rather than screening outcomes, Odin-Multi widens the range of binding behaviours accessible to computational design."
2026-09-09,37,10.64898/2026.08.31.748319,2,bioinformatics,"BROOQS: Spectral Methods Resolve Level-1 Hybridization Cycles without Tests of Symmetry","Arasti, S.; Mirarab, S.","Modern phylogenomic analyses often seek to reconstruct both vertical and reticulate evolutionary histories. While the prevalence of non-vertical evolution is increasingly appreciated, inferring networks remains conceptually challenging and computationally demanding. Following the success of quartet-based methods for handling gene tree discordance, several quartet-based network inference methods have been developed. A key insight of these methods is that level-1 networks can be constructed by first building a multifurcating tree called tree-of-blobs and then resolving each polytomy into a cycle. This two-step approach makes the problem easier both conceptually and computationally. However, these quartet-based methods often rely on noisy statistical tests of asymmetry in quartet frequencies. Moreover, they either enumerate all quartets, losing some scalability, or subsample them, losing information. We introduce BROOQS, a quartet-based method for resolving trees of blobs into a level-1 phylogenetic network. BROOQS efficiently aggregates information from all quartets around a blob without enumerating them, builds a pairwise similarity matrix, and uses robust spectral ordering algorithms to recover the cyclic ordering without relying on individual quartet symmetry tests. We prove theoretically that our spectral method is consistent under the network multi-species coalescent (NMSC) model. Across simulated and empirical datasets, BROOQS consistently improves accuracy and scalability compared to existing methods and extends to thousands of taxa."
2026-09-09,37,10.64898/2026.09.05.749573,1,bioinformatics,"Empirical Geometry-Guided Modeling Enables Robust, High-Throughput Collagen Structure Prediction","Howard, B.; Bauer, M.; Buehler, M. J.","Protein structure prediction is increasingly dominated by large learned generative models, yet for proteins governed by strong structural constraints, much of the relevant conformational space may be captured by substantially more compact representations. Collagen provides a compelling test case: its repeating Gly-X-Y sequence, restricted backbone conformations, and conserved triple-helical topology define a highly constrained structural manifold. Here, we develop a Collagen-specific Deterministic Structure Modeler (CDSM), extending the empirical geometric parameterization of THeBuScr into a robust, all-atom structure-prediction pipeline, and benchmark it against AlphaFold 3, Boltz-2, Chai-1, and Protenix-v1 on 80 experimentally resolved collagen triple-helical structures. CDSM increases coverage of this benchmark from 8.8% for native THeBuScr to 93.8%. Across the 75 structures successfully predicted by all methods, CDSM closely reproduces experimental backbone and global geometry, with fewer large-error predictions, while the learned models achieve modestly higher local and side-chain accuracy. When evaluated only on structures deposited after each learned model's training-data cutoff, CDSM becomes more competitive, with aggregate win rates increasing from 29% to 55% for TM-score and from 40% to 65% for backbone RMSD, while CDSM performance remains comparatively stable across the same subsets. CDSM generates structures in 2.4 s on a single CPU core at approximately $3 x 10^-5 per structure, making it 400 to 790x cheaper than the learned methods even when each is run on its lowest-cost compatible GPU. These results demonstrate how identifying and explicitly encoding relevant geometric constraints can dramatically compress a structure-prediction problem, retaining much of the accuracy at orders-of-magnitude lower computational cost. More broadly, CDSM illustrates the potential for compact, executable scientific representations that complement large learned models, and motivates future AI-driven searches over algorithms, representations, and empirical parameterizations to discover and continually refine such models for other structural protein domains."
2026-09-09,37,10.64898/2026.09.08.750093,1,bioinformatics,"Benchmarking long-read RNA sequencing for de novo transcriptome assembly in non-model plant species: insights from Moricandia arvensis","Sharma, S.; Hackenberg, M.; Navarro, L.; Narbona, E.; Gonzalez-Megias, A.; Armas, C.; M. Gomez, J.; Perfectti, F.","De novo transcriptome assembly is the standard approach for constructing a reference transcriptome in non-model plants that lack a high-quality genome, yet short-read assemblies struggle to resolve full-length isoforms. Long-read Iso-Seq (PacBio) captures full-length transcripts directly, but its use as a primary reference and the choice of downstream assembly pipeline remains poorly benchmarked. Here, we construct genome-free Iso-Seq reference transcriptomes for two organs, flower and leaf, of the non-model species Moricandia arvensis (L.) DC. (Brassicaceae), and systematically compare pipeline strategies combining Iso-Seq clustering, CD-HIT redundancy reduction, and Cogent graph-based reconstruction, benchmarked by BUSCO completeness, RSEM short-read mapping, and TransDecoder ORF completeness. We find that the optimal pipeline is organ specific. For flower, CD-HIT pre-filtering followed by Cogent reconstruction produced a high-quality reference (95.3% BUSCO complete). For the leaf, the same Cogent step was detrimental, reducing BUSCO completeness from 90.1% to 78.0% by incorrectly merging distinct genes; therefore, CD-HIT at 95% identity without reconstruction was retained. We trace this divergence to organ-specific input-data characteristics: leaf transcripts show extreme full-length-read expression skew and predominantly single-isoform gene support, depriving Cogent's graph algorithm of the multi-isoform evidence it requires. We find that the concentration of full-length reads among the most highly expressed transcripts predicts pipeline suitability before reconstruction, with per-transcript read depth acting as a necessary but non-discriminating floor. Because the leaf reference lacked gene-level structure, we further recovered gene-isoform grouping using expression-aware read-clustering (Corset), which preserved completeness while restoring the paralog structure expected of a paleopolyploid genome and outperformed sequence-only clustering. Our results provide a robust, genome-free framework for constructing full-length reference transcriptomes in non-model plant species and demonstrate that pipeline choice must be evaluated per organ rather than assuming one size fits all."
2026-09-09,37,10.1101/2024.01.20.576473,4,"systems biology","Diurnal rhythmicity in metabolism and salivary effector expression shapes aphid performance on host plants","Han, J.; Kunk, D.; Cui, M.; Goldstein, Y.; Tzin, V.; Nalam, V. J.","Diurnal rhythms influence insect behavior, physiology, and metabolism, optimizing their performance by adapting to daily changes in the environment. While their impact on agricultural pests has been briefly explored, our understanding of how these rhythms drive adaptative responses in pest biology and influence host colonization remains elusive. Here, we show that a notorious global aphid pest, Rhopalosiphum padi, exhibits distinct diurnal patterns in feeding behavior, with elevated honeydew excretion at night and extended phloem salivation during early nighttime. Temporal aphid transcriptome profiling reveals four diurnally rhythmic clusters, two of which peak at night, exhibiting enrichment in carbohydrate and amino acid metabolism. Beyond the established role in manipulating host responses and allowing sustained feeding, our study reveals novel evidence of cyclical fluctuations in salivary effector expression in an insect species. Silencing key effector genes, peaking in expression during the increased nighttime salivation, results in a more pronounced reduction in aphid excretion activity on host plants during the night compared to the day, a phenomenon not observed on artificial diets. A better understanding of aphid diurnal rhythms and their roles in shaping aphid performance provides a promising avenue to refine and optimize pest management, granting a strategic advantage for minimizing crop damage."
2026-09-09,37,10.64898/2026.09.08.750270,1,microbiology,"Comprehensive functional mapping of accessory chromosomes identifies a dominant virulence-regulator paralog in tomato wilt pathogen","Yamazaki, M.; Saito, H.; Asai, S.; Kamakura, T.; Komatsu, K.; Arazoe, T.; Arie, T.","Accessory chromosomes (ACs) serve as flexible genomic compartments that facilitate rapid adaptive evolution in eukaryotic microbes. In the tomato wilt pathogen Fusarium oxysporum f. sp. lycopersici, ACs are essential for virulence and host specificity; however, their structural complexity and functional redundancy have hindered a systematic characterization of their distinct roles. Here, we established a CRISPR/Cas9-based chromosomal dissection platform to generate a comprehensive functional map of pathogenicity determinants within ACs. Using this platform, we successfully generated a library of 36 large deletion mutants across the approximately 10 Mb putative AC region, enabling a chromosome-scale functional characterization of these compartments. A systematic screen of this library identified seven discrete AC segments that are indispensable for full virulence toward tomato. High-resolution chromosomal dissection of one virulence-associated segment through iterative subdivision and targeted gene disruption revealed that FTF1a-1, a single member of the Fusarium transcription factor 1 (FTF1) family that originated from the duplication of core-chromosomal virulence gene FTF2 into the AC region, functions as a dominant regulator of virulence. Given that the FTF1a-3 paralog contributes only marginally to virulence and the deletion of other paralogs does not markedly affect disease development, our findings demonstrate a functional hierarchy within the duplicated FTF1 gene family. These results imply that neofunctionalization of virulence genes within plastic fungal genomes promotes hyper-virulence and drives host-specific adaptation in F. oxysporum."
2026-09-09,37,10.64898/2026.09.08.750090,1,microbiology,"Nucleocytoplasmic shuttling of the herpesvirus tegument protein UL47_TEG5 is required for its functional role in horizontal transmission in chickens","Hafiz Sohaib Zafar, H. S.; Jarosinski, K. W.","Mareks disease virus (MDV) UL47 tegument protein 5 (UL47_TEG5) is a major tegument protein essential for viral replication and horizontal transmission in chickens. The protein undergoes dynamic nucleocytoplasmic shuttling, likely regulated by host and viral factors, including post-translational modifications (PTMs). PTMs, in particular phosphorylation, on homologous herpesviral UL47_TEG5 proteins regulate nucleocytoplasmic shuttling through nuclear localization (NLS) and export (NES) motifs. Mass spectrometry-based proteomics of feather follicle epithelial skin from chickens infected with MDV recently showed that MDV UL47_TEG5 is phosphorylated. In silico analysis identified putative NLS and NES motifs near or within these phosphorylation sites. To test whether these motifs act as predicted, we systematically deleted the predicted NLS and NES motifs and assessed subcellular localization in transient transfection assays. Individual NLS deletions had minimal effect on nuclear localization, whereas NES deletions caused cytoplasmic accumulation and abolished nucleocytoplasmic shuttling. Next, we generated recombinant MDV lacking UL47_TEG5 (v{Delta}47) or the NES2 motif (aa 664-678) of UL47_TEG5 (v47{Delta}NES2) using two-step Red recombination. In experimentally infected chickens, replication and MD incidence were not different from those of wild-type MDV. However, in contact chickens, only wild-type MDV transmitted between birds, whereas both v{Delta}47 and v47{Delta}NES2 failed to transmit horizontally. These results demonstrate that nucleocytoplasmic shuttling of UL47_TEG5 is essential for horizontal transmission. In addition, our studies suggest that UL47_TEG5 expression, or lack thereof, in cells may be related to protein stability. Our findings link the nucleocytoplasmic shuttling of UL47_TEG5 to its essential function during natural infection and suggest this tegument protein may be a promising target for next-generation MDV vaccines."
2026-09-09,37,10.64898/2026.09.06.749765,1,"molecular biology","Cell cycle dependent regulation of mRNA export in response to replication stress","Williams, T.; Carey, K.; Hamilton, W.; Ngo, L.; van Twest, S.; Murphy, V.; Lou, J.; Das, A.; Deeb, E.; Ang, C.-S.; Nikolic, I.; Cowley, K.; Simpson, K.; Brown, K.; Hinde, E.; Humphrey, S.; Deans, A.; Wickramasinghe, V.","Nuclear export of mRNA is extensively coupled to transcription and processing of mRNA. How mRNA export is mechanistically regulated remains poorly understood. Here, we uncover a physical checkpoint at nuclear speckles that regulates mRNA export during DNA replication in S-phase of the cell cycle. Unbiased screening approaches identify WEE1 and CHK1 as novel mRNA export regulators. mRNA export complexes are recruited to sites of replication stress in S-phase. WEE1 inhibition prematurely activates CDK1 and PLK1, leading to accumulation of R-loop associated mRNA in large nuclear speckles, with late markers of replication stress present around their periphery. This recruitment is dependent on CDK1 activity. Phosphorylation of ALYREF by CDK1 and PLK1 regulates nuclear speckle accumulation of mRNA following replication stress. mRNA export factors including ALYREF are subsequently mis-localised from these speckles, preventing nuclear export of R-loop associated mRNA. Thus, WEE1, CDK1 and PLK1 enforce a cell cycle regulated checkpoint at nuclear speckles that serves to protect the cell from major sources of genome instability by ensuring that R-loop associated mature mRNA is not exported to the cytoplasm."
2026-09-09,37,10.64898/2026.09.04.748563,1,bioinformatics,"dictyExpress: an integrated browser for bulk and single-cell Dictyostelium transcriptomics","Trnovec, L.; Stajdohar, M.; Shaulsky, G.; Zupan, B.","Summary dictyExpress 3.0 is a React/TypeScript reimplementation of the Dictyostelium discoideum transcriptomics web server, first introduced in 2009, that unifies bulk and single-cell exploration. A long-standing gene-expression resource for the Dictyostelium community, dictyExpress is also accessible through dictyBase, the central organism database for Dictyostelium. The new release preserves the curated bulk RNA-seq dashboards of earlier versions while adding an interactive module for a developmental scRNA-seq time course of wild-type AX4 and two cAMP-signalling mutants. Following visual analytics principles, interactive visualizations are coordinated through brushing and linking, with bulk time courses, differential expression, gene-ontology enrichment and the UMAP workspace sharing a common gene selection, enabling bookmarkable and exportable cross-modal analysis in one interface for Dictyostelium transcriptomics. Availability and implementation dictyExpress is available at https://app.dictyexpress.org/. Source code: https://github.com/biolab/dictyexpress-js. Contact lena.trnovec@fri-uni-lj.si, blaz.zupan@fri.uni-lj.si"
2026-09-09,37,10.64898/2026.06.21.733646,2,bioinformatics,"CNSigs: An R Package for the Identification of Copy Number Mutational Signatures","Tallman, D.; Striker, S.; Byappanahalli, A. M.; Stockard, S.; Jenison, J.; Collier, K. A.; Blige, E.; Vater, M.; Stover, D. G.","Copy number aberrations (CNAs) are gains and losses of large genomic segments present across most cancer types and are a hallmark of cancer genomic alterations. However, the processes underlying CNAs and characteristic patterns of CNAs are poorly understood. Bioinformatic advances have identified underlying single nucleotide variant mutational signatures resulting from distinct mutational processes, yet development of algorithms able to uncover similar signatures for CNAs remains less advanced. Using segmented data files from DNA sequencing, six copy number features are extracted for signature determination: segment size, breakpoints, copy number oscillation, changepoint size, copy number, and breakpoints per chromosome arm, along with ploidy. Mixed model approaches and non-negative matrix factorization are utilized to derive CNA signatures across cancer types. The full methodology was packaged in a publicly available, robust R package, CNSigs. To verify reproducibility, we derived five signatures from two independent breast cancer datasets (total n>3000), demonstrating high accuracy (average cosine similarity = 0.89). Pan-cancer application of CNSigs in TCGA resulted in derivation of 13 pan-cancer signatures which were significantly associated with disease-specific survival. Benchmarking CNSigs to two other CNA signature approaches within TCGA demonstrated non-overlapping signatures and favorable compute speed for CNSigs. We evaluated n=24 pairs of tumor and circulating tumor DNA (ctDNA) that demonstrated that CNSigs are detectable and reproducible via ctDNA, with significant association of CNSig11 with metastatic triple-negative breast cancer progression-free survival specifically for taxane chemotherapy. CNSigs association with immunophenotype was evaluated in low-grade glioma and CNSig3 was found to be highly prognostic yet complementary to immune features. The CNSigs allows researchers to easily analyze their own samples to derive copy number signatures and evaluate clinical associations. We demonstrate its potential application in ctDNA and association with treatment response. The development of this package allows further investigation of underlying processes that may be responsible for CNA fingerprints."
2026-09-09,37,10.64898/2026.09.07.749808,1,biophysics,"Membrane Lipids and Water Shape the Unbinding Kinetics of ZM241385 from Human Adenosine A2A Receptor Variants","Devodier, M.; Mandelli, D.; Rossetti, G.; Carloni, P.","Ligand residence time is increasingly recognized as an important determinant of drug efficacy. In the human adenosine A2A receptor (hA2AR) bound to the high-affinity antagonist ZMA, mutations at the extracellular entrance of the binding pocket markedly accelerate ZMA dissociation while largely preserving binding affinity. This effect has been attributed to disruption of the E169ECL2-H7.29 salt bridge that constrains the extracellular entrance in the wild-type receptor. However, how the interaction network is reorganized after salt-bridge disruption remains unknown. Here, we combine well-tempered metadynamics and infrequent metadynamics simulations to characterize the ZMA dissociation pathway and transition-state ensemble. The simulations reproduce the experimentally observed trend in dissociation rates and reveal that the hydrogen-bond network stabilizing ZMA in the bound state is largely replaced by water-mediated interactions during unbinding. In the mutants, disruption of the E169ECL2-H7.29 interaction expands the binding pocket and increases hydration, while additional ligand-lipid interactions emerge specifically at the transition state. These interactions are substantially less frequent in the wild type, indicating that membrane lipids can directly participate in ligand escape when the extracellular gate is disrupted. Thus, the mutations selectively reshape the transition-state interaction network including recruitment of membrane lipids. Thus, the interaction of the latter with the ligand accompanies and may contribute to the mutants reduced dissociation barrier, thereby facilitating ligand release."
2026-09-09,37,10.64898/2026.09.05.749614,1,"synthetic biology","Human ORFeome expression in S. cerevisiae to better understand extracellular vesicle biology","Trani, J.; Daneshi, S.; Kachroo, A. H.; Brett, C. L.","Extracellular vesicles (EVs) mediate intercellular communication by all organisms studied, from bacteria to yeast to man. Yet evolutionarily conserved mechanisms governing aspects of fundamental EV biology remain enigmatic. To address this, we sought to establish Saccharomyces cerevisiae (bakers yeast) as a model by identifying ectopically expressed human proteins sorted into yeast EVs. Using an optimized pooled cloning method, we inserted >13,000 human open reading frames (ORFs) upstream of an GFP tag within yeast expression plasmids. After transformation into S. cerevisiae, we confirmed expression of 3,288 GFP-tagged human proteins with diverse cellular expression levels and subcellular localizations. Heat stress triggered release of intact, lipid-bound, EGFP-positive small EVs from all transformant pools. Proteomic analysis identified 292 human proteins within EV samples, including canonical human EV biomarkers. Over 70% had yeast orthologs also found in yeast EVs suggesting conserved sorting mechanisms. Protein-protein interaction network analysis linked these EV cargoes to ESCRT-associated pathways. Finally, validation of seven candidates showed that DEF3A, ANXA2 and CLIC1 were enriched in yeast EVs. This study establishes an omics-compatible synthetic biology framework to humanize yeast EVs, begins to uncover conserved cargo sorting mechanisms, and supports future engineering of designer EVs."
2026-09-09,37,10.64898/2026.02.05.704103,2,microbiology,"Pervasive and dynamic gut dysbiosis in wild bumble bees","Watrous, K. M.; Larson, M. J.; Sorouri, B.; Ikegbu, O.; Nelson, A. S.; Koch, J. B. U.; Hammer, T. J.","Stressors can shift the microbiome into an altered, ""dysbiotic"" state that reduces host fitness. While well-studied in humans and laboratory models, the prevalence, predictability, and drivers of dysbiosis in wildlife remain unclear. We addressed these questions by monitoring gut microbiomes of wild bumble bees in Southern California, focusing on Bombus vosnesenskii, a major pollinator in western North America. More than a third of all B. vosnesenskii bees exhibited dysbiosis, when defined as a >50% replacement of host-specialized core bacteria by environmental bacteria. This replacement covaried with increased alpha and beta diversity, an enrichment of oxygen-tolerant taxa, and pathogen infection--all common hallmarks of dysbiosis in other hosts. Other co-occurring Bombus, including two at-risk species, also exhibited dysbiosis. In B. vosnesenskii, dysbiosis was not correlated with certain stressors, such as heat or resource limitation, although other, unmeasured stressors cannot be ruled out. We next examined how dysbiosis varied over two years of sampling. In the first year, dysbiosis emerged only late in the season, when bumble bee colonies normally reproduce and then senesce. Two years later, following an intervening year with historic rainfall and elevated resources, dysbiosis was entrenched throughout the season. These findings show that dysbiosis is both pervasive and highly dynamic in wild bumble bees. The dynamics coincide with host life cycle transitions and environmental change, but the underlying causality remains uncertain. Given that dysbiosis may harm host health, we argue that long-term microbiome monitoring should be considered both for bumble bees and for other wildlife of conservation concern."
2026-09-10,37,10.64898/2026.09.06.749655,1,"molecular biology","CRISPRi-mediated silencing of racR reveals molecular strategies for surviving lethal stress coupled to Rac prophage excision","Bindal, G.; Rath, D.","Cryptic prophages, abundant in bacterial genomes, often carry regulatory modules that rewire host physiology contextually. E. coli K-12 Rac prophage harbors a genetic module consisting of a RacR repressor that tightly represses the toxin genes ydaS/T. Dysregulation of racR and expression of YdaS/T lead to growth arrest, rapid loss of viability, and morphological defects. We investigated the physiological consequences of racR silencing and the host adaptive responses to lethal stress imposed by YdaS/T. We show that racR depletion establishes an inner membrane-centered stress characterized by selective hyperpolarization, increased permeability, and arrest of cytokinesis downstream of FtsZ-ring assembly, triggering copious filamentation. Transcriptomic analysis showed extensive metabolic reprogramming, revealing a coordinated, energy-conserving response marked by respiratory remodelling, repression of proton motive force-intensive pathways, and activation of global stress pathways. We show that recovery is accompanied by remarkable physiological heterogeneity with divergent filament fates, including lysis, persistent arrest, and recovery by loss of Rac. Thus, heterogeneous membrane dysfunction and metabolic states appeared to determine the balance between recovery and cell death. These findings support a model in which racR silencing activates a prophage-host stress circuit interlinking inner membrane energetics, activation of envelope stress, cell division control, and heterogeneous recovery."
2026-09-10,37,10.1101/2025.09.05.674572,2,"molecular biology","Long non-coding RNA-3'UTR interactions coordinate GABA signaling in the brain","Loker, R.; Desplan, C.","How functionally related genes are coordinately expressed within a given cell type remains poorly understood. Here we reveal that the 3'UTR, beyond binding RNA-binding proteins and microRNAs, mediates heterotypic RNA-RNA interactions that confer cell type-specific gene expression, and demonstrate that this function is essential for GABAergic signaling in Drosophila. We show the vesicular GABA transporter VGAT is transcribed pan-neuronally but its translation is repressed in non-GABAergic neurons by miR-7 through three conserved 3'UTR sites. We identify a GABAergic neuron-specific lncRNA, GABA UnLocker (Gul), with sequences complementary to all three VGAT miR-7 sites that derepresses VGAT translation. Gul is co-expressed with the adjacent Gad1 gene, which produces GABA, in all GABAergic neurons, such that a single GABAergic neuron-specific transcriptional input instructs both GABA synthesis and, via Gul, the transporter for GABA release. Gul also targets other mRNAs in GABA metabolism, suggesting that it coordinates GABAergic gene expression through 3'UTR RNA-RNA interactions."
2026-09-10,37,10.64898/2026.09.06.749635,1,"cell biology","GSDMD transcript levels are higher in endothelial than cardiomyocyte compartments across three human heart cohorts","Oryoji, D.; Doi, G.; Fujimoto, S.; Nishimura, N.; Otsuka, K.; Kuwahara, A.; Ayano, M.; Kimoto, Y.; Akashi, K.; Niiro, H.; Mitoma, H.","Cardiac GSDMD research has largely centred on cardiomyocytes. We quantified donor-level endothelial-minus-cardiomyocyte differences in two single-nucleus cohorts and one GeoMx spatial cohort, retaining assay-specific scales. GSDMD was higher in endothelial compartments in 42/42, 38/38 and 27/32 donors and ranked, post hoc, at the 94.9th, 95.1st and 97.4th percentiles of the corresponding within-cohort signed-contrast distributions. Although positive direction and complete donor concordance were not unique transcriptome-wide, this hypothesis-led target retained high rank across markedly different reference backgrounds and assay modalities. A fixed eight-transcript panel included both endothelial- and cardiomyocyte-shifted members, arguing against a uniform panel-wide directional shift or simple detection failure. GeoMx provided the most discriminating transcriptome background but remained composition-sensitive. GSDMD transcripts are therefore recurrently higher in endothelial than cardiomyocyte compartments across human-heart cohorts, showing that a cardiomyocyte-only interpretation of human-heart GSDMD transcript signals is incomplete."
2026-09-10,37,10.64898/2026.09.01.748516,2,genetics,"Phantom genetic nurture: assortative mating accounts for most of the apparent association between parental genotypes and childhood cognitive performance","Malawsky, D. S.; Hegemann, L.; Wootton, O.; Havdahl, A. K.; Sunde, H. F.; Martin, H. C.","Parental genotypes may influence offspring outcomes through the environments parents provide, a process known as genetic nurture, but estimating such effects from polygenic scores is complicated jointly by measurement error, unobserved genetic variation, and assortative mating. Here, we introduce RAVEL, a structural equation modeling framework that uses two independently constructed polygenic scores for the same trait to estimate latent genetic liability associations in parent-offspring trios and to distinguish direct and non-transmitted genetic associations. Through analytic derivations and simulations, we show that naive trio regressions can produce spurious non-zero parental coefficients, attenuate genuine genetic nurture effects, and obscure asymmetric parental effects, whereas RAVEL recovers unbiased estimates of the underlying coefficients when the assortative mating history and the extent of unobserved genetic variation are correctly specified. Applying RAVEL to national test scores in the Norwegian Mother, Father and Child Cohort Study using polygenic scores for educational attainment, we find that parental genetic liabilities explain less than 0.5% as much variance in childhood cognitive performance as the child's own genetic liability (substantially lower than the 10% observed with naive trio regressions) once assortative mating is modeled, with only a small paternal association significantly surviving the correction. In contrast, we find a maternal-specific non-transmitted association with offspring premature birth. RAVEL provides a general framework for interpreting trio polygenic score analyses of direct and non-transmitted genetic effects, clarifying the contribution of parental genetic liabilities to offspring traits."
2026-09-10,37,10.64898/2026.09.06.749279,1,biochemistry,"Cathepsin K Mediates the Formation of Potential Rheumatoid Arthritis-Relevant Cis- and Trans-Spliced Peptides Compatible With HLA-DR4 Presentation","Hinse, O.; Tabatabaei Dakhili, S. Y.; Freiburger, L.; Mar, E.; Rogalski, J.; Subramaniam, S.; James, E. A.; Foster, L. J.; Brömme, D.","Rheumatoid arthritis (RA) is characterized by a loss of immunological tolerance to synovial self-proteins, yet the initial triggers generating novel neo-antigens remain incompletely defined. Here, we demonstrate that human cathepsin K (hCatK), a key cysteine protease driving joint degradation in RA, catalyzes covalent cis- and trans-splicing of peptides from major RA-associated self-proteins and foreign antigens, including type II collagen, fibrinogen, and SARS-CoV-2 Spike protein. Using high-resolution LC-MS/MS and database-assisted de novo sequencing, we identified over 90 unique spliced peptides. Splicing efficiency peaked at near-neutral pH (6.5-7.5), contrasting with classic hydrolytic profiles. Biochemical profiling revealed strong subsite selectivity, with a striking enrichment for small, aliphatic and/or hydroxyl-containing residues (Gly, Thr, Ser) at the P1 position. Furthermore, splicing preferentially targeted flexible, intrinsically disordered protein regions, with 81% of fibrinogen splicing events clustering within its C domain. In silico binding predictions for the RA-susceptibility allele HLA-DRB1*04:01 harboring the shared epitope revealed that numerous hCatK-generated spliced peptides exhibit predicted affinities exceeding those of established immunogenic and genomic sequences, uncovering protease-mediated transpeptidation as a novel post-translational modification capable of generating potent MHC class II autoantigens in RA."
2026-09-10,37,10.1101/2025.06.12.659214,2,bioengineering,"Local control of Cre-regulated genetic modeling in vivo using wireless implantable optoelectronics","Bansal, T.; Lee, M.-K.; Coleman, C.; Kim, Y.-M.; Hintermueller, D.; Chen, Y.; Sreekanth, V.; Haney, C. R.; Karginova, O.; Avila, R.; Matsche, J.; Vijeth, S.; Yousef, F.; Yamagishi, K.; Kang, J.; Mowry, K.; Kim, M.; Loh, S.; Clark, S.; Huynh, H.; Kim, Y.; Zhang, K.; Zhang, H.; Li, S.; Wei, Y.; Lee, S. S.-Y.; Liu, Y.; Banks, A. R.; David, O.; Toth, P. T.; Huang, Y.; Salahudeen, A.; Good, C. H.; Rehman, J.; Rogers, J. A.; Karginov, A. V.","Precise spatial regulation of site-specific DNA recombination (SSR) in vivo remains a challenge due to limited tunability of current platforms. Here, we present an optogenetic approach that overcome these limitations by employing engineered light-regulated recombinase E-LightR-Cre and tunable wireless implantable optoelectronic devices. E-LightR-Cre meets the key criteria for spatial regulation of SSR in vivo, showing no detectable activity in the dark, while demonstrating robust activation upon blue-light illumination. To achieve local E-LightR-Cre activation in murine lungs, we developed wireless, fully-implantable optoelectronic devices enabling focal illumination with no discernible organ damage. By modulating illumination intensity and duration, we can control the size of the activated area. Local expression of oncogenic KRas-G12D in a photoactivated subpopulation of cells in vitro revealed rapid reprogramming of the mutant expressing cells and their non-activated neighbors. Light-guided activation of E-LightR-Cre in mouse lungs resulted in focal expression of a reporter gene and allowed us to induce local formation of oncogenic lesions in vivo."
2026-09-10,37,10.64898/2026.09.08.749228,2,bioinformatics,"Agent-driven Model Development for RNA 3D Structure Prediction","Majewski, M.; Malo, L.; Montero-Blay, A.; Marengo, M.; Nascimento Dos Santos, R.; Gkeka, P.; Minoux, H.","Large language model (LLM) agents have shown promise in driving scientific discovery, but their effectiveness in complex, real-world biological problems remains underexplored. We ask whether a general-purpose LLM agent can drive semi-autonomous development of a model for a genuinely hard biological problem, RNA 3D structure prediction. We designed a development loop where, under a fixed budget and with human supervision, the agent iteratively proposed, implemented, trained, and evaluated model changes. Over 297 iterations, the model evolved from a randomly-initialised baseline to QuickFold, an 8.9M-parameter folding trunk that matches the strongest open-source baselines (RhoFold+, NuFold) on lDDT and TM-score within noise on a held-out test set at a fraction of their inference cost. We frame this less as a new predictor than as a case study in feedback-driven, agent-led model development."
2026-09-10,37,10.64898/2026.02.16.706201,3,bioinformatics,"Pioneer and Altimeter: Fast Analysis of DIA Proteomics Data Optimized for Narrow Isolation Windows","Wamsley, N. T.; Wilkerson, E. M.; Major, M. B.; Goldfarb, D.","Advances in protein mass spectrometry have enabled a single instrument to acquire data for hundreds of samples per day, but the speed of analysis software has not kept pace. Here we introduce Pioneer and Altimeter for rapid analysis of proteomics data acquired by data-independent acquisition (DIA). Altimeter generates in silico spectral libraries, which Pioneer uses to identify and quantify peptides and proteins. Pioneer exceeds peptide coverage by up to 10%, improves quantitative accuracy, and runs four to eight times faster compared with state-of-the-art tools. Pioneer and Altimeter also model isolation-window effects on fragment isotopes to take advantage of narrow isolation windows deployed on fast-scanning time-of-flight instruments. We benchmarked Pioneer and validated its false-discovery-rate and false-transfer-rate control across diverse instruments, sample types, and acquisition settings. Altimeter and Pioneer are open source and cross-platform, with a graphical interface for streamlined analysis on personal computers and a command-line interface for compute-cluster workflows."
2026-09-10,37,10.1101/2024.07.15.603582,2,"pharmacology and toxicology","4-Aminopyridine Produces Concentration-Dependent Improvement in Locomotor Recovery after Spinal Cord Injury in Zebrafish Larvae","Hoffman, P.; Clark, N. L.; Mruk, K.","Spinal cord injury (SCI) affects 250,000 to 500,000 individuals annually. After the initial injury, a delayed secondary cascade of cellular responses occurs causing progressive degeneration and permanent disability. One part of this secondary process is disturbance of ionic homeostasis. The K+ channel blocker, 4-aminopyridine (4-AP), is used clinically to alleviate symptoms of multiple sclerosis (MS). Several ongoing studies are being conducted to explore additional areas where 4-AP may have an effect, including stroke, traumatic brain injury, and nervous system recovery after SCI. The goal of our study was to determine whether 4-AP affects functional recovery from SCI in zebrafish (Danio rerio). Using the transgenic line Tg(gfap:EGFP; elavl3:mCherry-CAAX), we created a spinal transection, tracked swim recovery, and measured 4-AP toxicity. We found that constant treatment with 10 M 4-AP increases swimming distance 40%. Live imaging demonstrated that treatment with 4-AP did not accelerate axonal bridging but did affect radial glial cells suggesting that 4-AP affects functional recovery through mechanisms other than axon regeneration. Higher concentrations provided no additional functional benefit and led to increased toxicity in zebrafish."
2026-09-10,37,10.64898/2026.09.06.749677,1,"cell biology","Accurate chromosome segregation is more dependent on kinetochore-bound Stu2 in meiosis than mitosis","Robow, B.; Lacefield, S.","Accurate chromosome segregation requires bipolar kinetochore-microtubule attachments. Error correction mechanisms promote cycles of kinetochore-microtubule release and reattachment until bipolar attachments are established. Although conserved error correction pathways operate in mitosis and meiosis, whether they have distinct requirements during meiosis remains unclear. Here, we investigate the role of Stu2/XMAP215/chTOG in kinetochore-microtubule error correction and compare its function with that of Ipl1/Aurora B during budding yeast mitosis and meiosis. Reducing kinetochore-bound Stu2 causes substantially more chromosome missegregation during meiosis than mitosis, revealing a heightened requirement for Stu2-mediated error correction. Whereas Ipl1-depleted cells fail to release initial improper kinetochore-microtubule attachments, kinetochore-defective stu2 mutants undergo repeated error correction attempts yet missegregate chromosomes. Our findings reveal distinct but complementary functions for Ipl1 and Stu2. Ipl1 releases initial improper attachments, while kinetochore-bound Stu2 promotes the formation and stabilization of productive attachments and enables error correction attempts to establish biorientation. We propose that features of meiotic chromosome segregation increase the requirement for multiple error correction pathways."
2026-09-10,37,10.64898/2026.01.05.697675,2,biochemistry,"A proteome-wide biochemical screen defines binding determinants of the core autophagy protein LC3B","Kosmatka, J.; Liu, C.; Halpin, J. C.; Lim, D.; Davis, J. H.; Keating, A. E.","Human MAP1LC3B (LC3B) binds proteins involved in autophagy and other cellular processes using a degenerate four-residue short linear motif known as the LC3-interacting region (LIR). Biochemical and structural studies have identified LIRs in many LC3B interaction partners, but the sequence features that contribute to binding have not been systematically explored. To discover peptides that interact with LC3B and deeply profile the key binding determinants, we screened a library of ~500,000 36-residue peptides derived from the human proteome using bacterial cell-surface display. Analysis of the screening data, coupled with structural studies and site-directed mutagenesis, revealed exceptions to the canonical LIR motif ([FWY]0-X1-X2-[LVI]3) and a strong preference for negatively charged residues adjacent to the LIR, which we visualized in a newly determined structure of LC3B bound to a peptide isolated in our screen. Guided by our screening data, we designed synthetic LIR-containing peptides that bind LC3B with affinities comparable to the tightest measured natural binder. Finally, we determined that mutations in LC3B commonly thought to abrogate binding of LIR-containing peptides instead alter LC3B binding specificity, leading to enhanced binding of some LIR-containing sequences. Taken together, our results refine the LIR motif definition, expand the network of candidate LC3B interaction partners, and highlight how mutations at the LIR docking site can modulate affinity and specificity."
2026-09-10,37,10.64898/2026.09.06.749684,1,biochemistry,"Structure of the human mitochondrial RNA degradosomereveals a distinct mode of helicase-nuclease coupling","do Prado, P. F. V.; Sharma, S.; Bhatta, A.; Vuckovic, A.; Marani, M. P.; David, A. P. L.; Kuhle, B.; Hillen, H. S.","RNA degradation shapes cellular and organellar gene expression. In human mitochondria, this process is mediated by a dedicated degradosome comprising the helicase SUV3 and the exoribonuclease PNPase, but how these enzymes assemble and cooperate to degrade structured RNA has remained unknown. Here, we report the cryo-EM structure of the complete human mitochondrial RNA degradosome bound to RNA. The structure reveals an asymmetric heteropentamer composed of a SUV3 dimer and the trimeric PNPase. Degradosome assembly is accompanied by conformational rearrangements in PNPase that reshape the RNA-entry channel and generate an asymmetric S1-domain platform for SUV3 binding. This creates a continuous electropositive path from SUV3 to PNPase, suggesting how RNA may be guided during degradation. Together, these findings reveal a mode of helicase-nuclease coupling distinct from other RNA degradation machineries and provide a structural framework for understanding human mitochondrial RNA degradation, its regulation, and association with disease."
2026-09-10,37,10.64898/2026.09.02.748975,2,bioengineering,"Medicament identity rather than total loading governs the morphology of electrospun poly(vinylpyrrolidone) nanofibers for regenerative endodontics: a machine learning analysis of a failure-inclusive dataset","Brimo, N.; UYSAL, B.; SERDAROGLU, D. C.","Electrospun fibers loaded with antibiotics or calcium hydroxide are being developed as intracanal carriers for regenerative endodontics, where the dose must stay low enough to spare the stem cells that repopulate the canal. Formulation development sweeps the medicament concentration while holding the polymer and machine settings fixed. We asked whether that sweep targets the right variable. We assembled ENDOSPIN-29, a dataset of 29 poly(vinylpyrrolidone) formulations produced under a single process backbone and loaded with metronidazole, ciprofloxacin, minocycline or calcium hydroxide, alone and in combination, retaining the five that produced no submicron fibers. Across nine regression models, those given per-medicament composition predicted fiber diameter far better than the same models given only total loading. The best reached a leave-one-out coefficient of determination of 0.84 and a median relative error of 18%, whereas every loading-only model performed at or below a mean baseline. Uniformity and distribution span behaved likewise; asymmetry was unpredictable. Dose response ran in opposite directions for different actives: ciprofloxacin thinned fibers monotonically from 406 to 257 nm, while metronidazole thickened them and destroyed fiber formation above 10% w/w. Holding out an entire medicament class removed the advantage, bounding the method to interpolation within a known drug panel."
2026-09-10,37,10.64898/2026.09.06.749658,1,bioengineering,"A Covalent Organic Framework-Inspired β-Ketoenamine Crosslinking Strategy for Robust, Injectable Bovine Serum Albumin Hydrogels with pH-Triggered Drug Release","Khaitan, S.; Agrawal, T.; Gulati, P.; Akansha, A.; Natasha, N.; Rakshit, T.; Pal, S.","Globular proteins are difficult to convert into robust hydrogels, as their compact, folded structures bury reactive residues, forcing conventional strategies to rely on denaturation or synthetic-polymer reinforcement that compromise the native protein. Inspired by the beta-ketoenamine bond-forming chemistry of covalent organic frameworks (COFs), we report the crosslinking of native bovine serum albumin (BSA) with 1,3,5-triformylphloroglucinol (TFP), a C3-symmetric trialdehyde, into a chemically defined hydrogel. TFP reacts with surface-exposed lysine residues through an irreversible enol-to-keto tautomerization, confirmed by FTIR and NMR spectroscopy, generating stable {beta}-ketoenamine crosslinks under mild aqueous conditions without denaturing the protein, as verified by intrinsic tryptophan fluorescence. The resulting hydrogels are mechanically robust compared to a reversible-imine control, injectable and self-recovering, exhibit reversible shape memory and substantial load-bearing capacity, and remain stable across a broad pH range over extended periods. The network shows consistent swelling behavior at physiological and mildly acidic pH, with modest compaction under strongly basic conditions; scanning electron microscopy reveals a dense, nodular network for the TFP hydrogel versus an open, sheet-like lamellar morphology for the reversible-imine control. The hydrogel efficiently encapsulates doxorubicin and displays pH-triggered, acid-selective release, which comparative kinetic analysis attributes principally to pH-dependent weakening of DOX-BSA binding affinity (linked to the N-to-F conformational transition of BSA near its isoelectric point) rather than to bulk network swelling or degradation. Doxorubicin-loaded hydrogels show enhanced killing of MCF-7 breast cancer cells relative to the free drug while remaining cytocompatible toward normal mammalian cells, and a ciprofloxacin-loaded variant exhibits potent antibacterial activity against both Gram-positive (M. luteus) and Gram-negative (E. coli) bacteria. This work translates reticular {beta}ketoenamine chemistry into a general platform for robust, stimuli-responsive protein biomaterials."
2026-09-10,37,10.64898/2026.05.29.727918,2,bioinformatics,"A deep generative decoder predicts microRNA expression from bulk and single-cell mRNA profiles","Zamani, F.; Rasmussen, A. M.; Schuster, V.; Diekema, M. H.; Krogh, A.; Pedersen, J. S.","MicroRNAs (miRNAs) are key post-transcriptional regulators, yet standard bulk and single-cell RNA-seq do not capture them, leaving this regulatory layer invisible in most transcriptomic data. We present miDGD, a deep generative decoder that jointly models paired mRNA and miRNA profiles through a shared latent representation, enabling miRNA expression to be predicted from mRNA alone. Trained on tumors (TCGA), healthy tissues (GTEx), and human cell lines, miDGD recovers hundreds of miRNAs in held-out tumors (mean Spearman {rho} = 0.56), captures both tissue-specific and ubiquitous miRNAs, and preserves known miRNA--target repression and host-gene co-expression. Without label supervision, its latent space separates 32 cancer types (80% accuracy). Predictions remain stable at single-cell-like sparsity and transfer across datasets--from tumors to healthy tissues and from bulk to single cells--where miDGD outperforms existing supervised and activity-inference methods. miDGD thus unlocks miRNA regulation in the vast body of existing mRNA-only data, including single-cell datasets."
2026-09-10,37,10.64898/2026.07.17.739215,2,biophysics,"Motor Occupancy Defines Emergent Mechanical States in Cardiac Myosin Ensembles","Alazzam, O. Y.; Chowdhury, M. A. H.; Stevens, H. M.; Reinemann, D. N.","Myosin II generates force through the collective action of mechanically coupled motor ensembles, yet the mechanisms by which these ensembles sense changes in motor occupancy and coordinate force generation remain poorly understood. Ensemble force production may be governed by an optimal balance between effective motor occupancy and mechanical coordination rather than by motor number alone. We reconstituted cardiac myosin ensembles and systematically perturbed effective motor occupancy using the small-molecule drugs omecamtiv mecarbil (OM), which prolongs actomyosin interactions, and mavacamten (MAVA), which reduces the number of available force-generating myosin heads. Optical trapping measurements of full-length and S1 cardiac myosin ensembles revealed that force generation depended on both myosin concentration and pharmacological perturbation. Reducing myosin concentration increased force generation in the absence of drug, while OM and MAVA produced responses that varied with the initial occupancy state of the ensemble. Low concentrations of MAVA enhanced force generation under high motor occupancy but reduced force under low motor occupancy, whereas OM produced occupancy-dependent changes in both endpoint force and force dynamics. Force traces further revealed changes in the persistence and temporal coordination of force generation. These findings support a model in which cardiac myosin ensembles operate along an occupancy-coordination landscape, where maximal force generation is achieved at an intermediate level of effective motor occupancy. Our results illuminate how changes in motor occupancy are translated into coordinated ensemble mechanics and suggest that emergent mechanical feedback through the shared actin filament may enable ensembles to collectively sense and adapt to their mechanical state."
2026-09-10,37,10.64898/2026.09.01.748570,2,"systems biology","Hexose-6-phosphate dehydrogenase deficiency disrupts hepatic fatty acid homeostasis and induces triglyceride accumulation","Sakalauskaite, G.; Ebert, S.; Allard, J. A.; Zogg, M.; Meister, I.; Birk, J.; Schmidt, A.; Bouitbir, J.; Odermatt, A.","Hexose-6-phosphate dehydrogenase (H6PD) catalyzes the first two steps of an endoplasmic reticulum-specific pentose phosphate pathway, regenerating luminal NADPH levels in the process. Its function remains insufficiently well understood. Since expression of H6PD is notably high in the liver, we aimed to assess its role in hepatic metabolism. Considering the central role of the liver in lipid synthesis, breakdown and storage, we focused our efforts specifically on studying the effect of H6PD on hepatic lipid metabolism. An H6PD knockout mice strain was generated and characterized by liquid chromatography-high-resolution mass spectrometry (LC-HRMS)-based lipidomic and proteomic analyses of liver tissue. Lipidomics analysis revealed an overall increase in hepatic triglycerides and a specific increase in unsaturated long-chain triglycerides in H6PD knockout mice. Intracellular lipid accumulation was confirmed through Nile Red staining of liver sections. Functional enrichment analysis of proteomics data from the H6PD deficient mice identified a corresponding upregulation of multiple fatty acid metabolism-associated pathways. Additionally, an H6PD knockout AML12 cell line was generated through CRISPR/Cas9 and characterized by lipid staining and functional assays to assess metabolic outcomes. Loss of H6PD led to intracellular lipid accumulation, reduced mitochondrial {beta}-oxidation and increased sensitivity to lipotoxicity, even though fatty acids remained the cells' primary mitochondrial fuel. Ultimately, our results indicate that H6PD plays an as-of-yet undescribed role in hepatic lipid metabolism, implying a link between the availability of NADPH within the endoplasmic reticulum and fatty acid homeostasis."
2026-09-10,37,10.64898/2026.07.27.740996,2,"cell biology","A Computational Foundation Toward Targeting the ELMO1/DOCK2 Complex","Das, S.; Ignashkina, A.; Hammouda, H.","Engulfment and Cell Motility protein 1 (ELMO1) regulates cell migration, phagocytosis, and cytoskeletal remodeling, positioning it as a compelling therapeutic target across kidney diseases, oncology, enteric infections and inflammation. Despite this potential, no approved therapeutics or clinically validated small molecule modulators of ELMO1 currently exist. ELMO1 functions by forming a complex with DOCK180 (or DOCK2) to activate the small GTPase Rac1, and the recent structural resolution of the ELMO1/DOCK2 complex now provides an opportunity to target this protein protein interface directly. Here, we present the first investigation into the druggability of the ELMO1/DOCK2 complex and report the initial virtual screening to identify small molecule inhibitors of this interaction. Molecular dynamics (MD) and free energy level (FEL) studies were carried out to validate the potential of the predicted hits. This work establishes a computational framework for the development of the first generation of ELMO1 targeted therapeutics. In addition to demonstrating the drugability of ELMO1, this work introduces two open source Python tools for the rapid analysis and visualization of protein protein interaction and ligand protein MD trajectories from DESMOND output files. These tools are designed to be broadly accessible, offering practical utility to the wider DESMOND user community."
2026-09-10,37,10.64898/2026.09.07.749946,1,biophysics,"Characterization of Liquid-Liquid Phase Separation of Companion of Cellulose Synthases under Stress Mimicking Conditions","Gurumoorthy, V.; Zhang, Q.; Leite, W.; Hicks, A.; Kolape, J.; Lamichhane, R.; O'Neill, H.","Companion of Cellulose Synthase (CC), has previously been shown to sustain cellulose synthesis during salt stress. However, the role of CCs in this process is not well-understood. In this study, we show that the intrinsically disordered N-terminal domain of Arabidopsis CC1 (CC1NTD) can undergo liquid-liquid phase separation (LLPS) under defined reducing conditions in the presence of trimethylamine N-oxide (TMAO), a naturally occurring plant stress osmolyte. The observed biomolecular condensates are enriched in CC1NTD and display liquid-like behavior, including spherical morphology, fusion, and dynamic exchange with the surrounding solution. We further show that TMAO compacts CC1NTD without inducing folding, that CC1NTD condensates recruit tubulin and accelerate microtubule polymerization while retaining dynamic properties. Additionally, we also studied the intrinsically disordered N-terminal domain of CC2, a closely related paralog to CC1. We found that CC2NTD remains disordered but does not phase separate independently under the same experimental conditions. However, it does partition into CC1NTD condensates. Together, these results define a condition-dependent condensate state for CC1NTD and link that state to tubulin-related function. Finally, we propose a novel mechanism for the formation and maintenance of stress-associated cellulose synthase compartments driven by LLPS of the disordered regions of CSC and accessory proteins."
2026-09-10,37,10.64898/2026.09.08.750209,1,"cell biology","The life cycle of an archaeon with multiple membranes","Mayer, F.; von Kugelgen, A.; Stockl, R.; Seitz, V.; Parham, J.; Wang, Z.; Reichelt, R.; Bharat, T. A. M.; Huber, H.; Spang, A.; Grohmann, D.; Baum, B.","Many prokaryotes are diderms. They divide using an FtsZ division ring to simultaneously constrict physically coupled inner and outer membranes to form daughter cells with two membranes. Currently, only one archaeon, Ignicoccus hospitalis, is known to have an outer and inner membrane. Here, in exploring Ignicoccus cell division, we show by expansion microscopy that I. hospitalis uses a contractile CdvA-ESCRT-III ring to repeatedly constrict and cut its inner membrane in a way that yields clusters containing multiple cytoplasms within a shared periplasm. The outer bounding membrane then bursts to release the progeny cells, which regain their parental cell architecture via a membrane duplication process. Furthermore, this life cycle appears conserved across Ignicoccus strains, even though the precise timing of events changes. Taken together, these data show that Ignicoccus cells propagate by undergoing dynamic changes in their architecture as they transit between single and multi-cellular states."
2026-09-10,37,10.64898/2026.09.08.750211,1,genetics,"A Human Accelerated Region Drives Opposing Heterochronic Changes in Craniofacial and Limb Development","Ji, Y.; Morales, M.; Baumgartner, M.; Noonan, J. P.","Many human developmental processes proceed over a prolonged timescale compared to other primates, a phenomenon known as heterochrony. Human accelerated regions (HARs), which encode transcriptional enhancers with human-specific activity, have been implicated in the evolution of novel human traits. However, their contributions to changes in developmental timing remain unknown. Using single-nucleus RNA sequencing and developmental trajectory analyses in a genetically humanized mouse model of the HAR HACNS1, we show that HACNS1 drives heterochronic shifts in opposite directions during craniofacial and limb development. In pharyngeal arches, HACNS1 delays chondrocyte differentiation and the expression of genes involved in cartilage and skeletal maturation. In contrast, in the limb buds, HACNS1 accelerates chondrogenesis and promotes earlier expression of differentiation-associated genes. Consistent with these transcriptomic shifts, SOX9-expressing pre-cartilaginous domains are more diffuse in the pharyngeal arches, but the condensed domains are expanded in the limb buds. Gene regulatory network inference suggests that HACNS1-driven heterochronic shifts are due to changes in the expression of its target gene Gbx2 and resulting downstream effects on the regulatory networks through which Gbx2 functions. Our findings demonstrate that a single human-specific gene regulatory change can alter developmental timing, providing a potential mechanism for how uniquely human genetic changes reshaped conserved developmental programs."
2026-09-10,37,10.64898/2026.09.09.750433,1,bioengineering,"Information processing-like phenotype of human brain organoids","Cai, H.; Tian, C.; Yang, Y.; Xing, Y.; Ao, Z.; Wang, Q.; Niu, H.; Wang, N.; Revah, O.; Vossel, K.; Kim, J.; Reiner, O.; Gu, M.; Guo, F.","Human brain organoids recapitulate key physiological features and functions of the human brain and hold remarkable potential for studying neurological diseases. Despite clinical evidence suggesting that neurodegenerative diseases impair the information-processing ability of the human brain, the capacity of brain organoids for information processing and its relationship to neural network function remain largely unexplored. Here, we test and quantify information-processing-like properties of human cortical organoids using a task-based functional phenotyping framework (Brainopheno). We demonstrate the pattern-processing-like phenotype of cortical organoids through the representation and classification of evoked neural activities in response to distinct spatial input stimulation patterns via a microelectrode array (MEA) system. Moreover, this functional phenotype emerges with network maturation and is disrupted by pharmacological perturbations, linking classification performance to the functional integrity of organoid neural networks (ONNs). Importantly, this functional phenotype also reveals functional deficits in ONNs altered by a familial Alzheimer's disease (AD)-associated gene mutation (APP) and by monocytes from patients with sporadic AD. This work may establish a new quantifiable functional phenotype of neural organoids and provide a framework to bridge molecular and cellular profiles with neural circuit function for basic neurology, disease phenotyping, and therapeutic development."
2026-09-10,37,10.64898/2026.09.09.750262,1,biophysics,"Thermal fractuations assist high-speed rotation of the bacterial flagellar motor at low load","Nakamura, S.; Morimoto, Y. V.; Kami-ike, N.; Minamino, T.; Namba, K.","The bacterial flagellar motor is a proton-driven rotary nanomachine that converts ion flow into mechanical motion. Proton-coupled rotation of the MotA5-MotB2 stator complex generates torque, yet how this process drives high-speed rotation remains unclear. Here we use single-molecule nanophotometry to resolve stepwise rotation under low-load conditions. Lowering intracellular pH selectively prolongs dwell times without affecting step durations, indicating that proton dissociation triggers torque generation. Structural analysis further suggests that the rotor disengages from the stator before completing the elementary step angle (~11 degree), implying that the power stroke alone is insufficient. Notably, the rotational diffusion coefficient of stator-less motors closely matches that inferred from wild-type motors at low load. These findings support a model in which intrinsic thermal fluctuations compensate for the limited reach of the power stroke, enabling rapid rotation. Our results reveal a hybrid mechanism in which ion-driven conformational changes bias stochastic motion to achieve efficient energy transduction."
2026-09-10,37,10.64898/2026.09.06.749741,1,biophysics,"Complementary roles of human protamine 1 and spermine in giant DNA compaction","Nishio, T.; Kato, Y.","During sperm maturation, protamines progressively replace histones and compact the paternal genome. Spermine (SPM), a naturally occurring tetravalent polyamine that induces DNA compaction, is also abundant in seminal fluid. However, how SPM and protamines jointly influence higher-order structural transitions of giant DNA remains poorly understood. Here, we investigated the cooperative effects of human protamine 1 (PRM1) and SPM using single-molecule fluorescence microscopy. PRM1 induced a continuous conformational transition from coil to globule through intermediate conformations, whereas SPM induced a discrete coil-globule transition. Notably, under coexistence conditions with low concentrations of PRM1, SPM promoted structural progression along the PRM1-induced continuous folding pathway toward the fully compact globule state. Quantitative analysis supported these observations and demonstrated distinct yet cooperative modes of DNA compaction by PRM1 and SPM. These findings demonstrate complementary roles of human PRM1 and SPM in giant DNA compaction and provide a physicochemical framework for understanding genome compaction during sperm maturation."
2026-09-10,37,10.64898/2026.09.09.750406,1,biophysics,"A multiscale modeling framework for transport of PEGylated lipid nanoparticle through the extracellular matrix","Nakate, P.; Colston, K. J.; Schneebeli, S. T.; Ardekani, A. M.","Lipid nanoparticles (LNPs) are one of the leading platforms for delivering nucleic acid therapeutics, yet their efficacy is limited by physicochemical interactions with the extracellular matrix (ECM) that trap the particles before they reach target cells. PEGylated nanoparticles mitigate these interactions by forming a protective steric layer on their surfaces. However, there is a lack of a predictive tool that gives mechanistic insights about how PEG surface density governs the underlying interaction and results in enhanced diffusive transport of LNPs through the ECM. Here, we present a multiscale hierarchical computational framework that couples all-atom constant pH molecular dynamics (CpHMD) with a highly coarse-grained model of the complete LNP within a crosslinked hyaluronic acid (HA) network. These atomistic simulations resolve the free energy of interaction between the LNP surface and HA chains across varying PEG lipid compositions, and integrate these free energy profiles to inform the coarse-grained simulations of LNP transport through the matrix. This work highlights that even a slightly PEGylated surface depletes the near-contact shell between the LNP and HA chains, which disrupts their adhesive interactions. These protective PEG layers produce a sharp, non-linear enhancement in LNP diffusivities, with just 1% PEG increasing the diffusivity nearly eight-fold relative to bare LNPs, which remain trapped in the matrix structures. This work provides a quantitative estimate of how PEG surface density governs LNP transport through the ECM, which offers predictive guidance for engineering LNP surface properties in target-specific drug delivery."
2026-09-10,37,10.64898/2026.09.07.749827,1,biophysics,"Single-shot light-field microscopy captures delivery-dependent dye and autofluorescence patterns in Caenorhabditis elegans","Markus, R.; Rea, E.; Berfi, N. A.; Taresco, V.; Hudson, C.; White, D. R. A.; Chauhan, V. M.","Three-dimensional imaging of live Caenorhabditis elegans commonly relies on sequential z-stack acquisition, which can be slow and susceptible to movement and photobleaching. Here, we used light-field microscopy to capture dye and delivery-dependent fluorescence patterns across intact adult worms in a single exposure per channel. With a 40x/1.20 NA water-immersion objective, each reconstructed dataset contained 121 axial slices spanning 109 {micro}m at 0.91 {micro}m spacing. In a representative adult, nematode signal extended from 40.88 to 85.4 {micro}m, corresponding to approximately 44.5 {micro}m of captured axial depth without sequential z scanning. Three fluorescence channels were acquired with a summed exposure time of 112 ms across a 685 x 1010 {micro}m field of view. FM1-43 labelled intestinal, cuticular and vesicular structures, FM4-64 highlighted ingested bacteria and intestinal compartments, and Nile Red revealed vesicular and broader whole-organism fluorescence. Intrinsic blue and green autofluorescence signals were also resolved. These observations demonstrate rapid single-shot acquisition of whole-organism three-dimensional fluorescence information and show how delivery route influences the spatial distribution of commonly used fluorescent probes in C. elegans."
2026-09-10,37,10.64898/2026.09.09.750393,1,biophysics,"A Bidomain Boundary Element-Cable Method for Modeling Neuronal Responses to Electric Fields","Sabino, V.; Walenciak, A.; Gomez, L. J.","Objective: Extracellular electric fields critically influence neural activity through both exogenous neuromodulation and endogenous ephaptic coupling. While conventional cable models efficiently simulate membrane dynamics, they fail to capture bidirectional, field-mediated interactions self-consistently, and fully coupled volumetric methods require computationally prohibitive 3D meshing. We present Cable-BEM, a hybrid wire-kernel bidomain boundary element method designed to resolve these limitations. Approach: By analytically integrating boundary integral kernels around cylindrical neuronal compartments, Cable-BEM fully couples intracellular, extracellular, and membrane dynamics while strictly retaining the highly efficient 1D degrees of freedom of traditional cable equations. The system is advanced using a semi-implicit Crank-Nicolson scheme. To overcome the dense nature of the resulting integral operators, we implement an Adaptive Cross Approximation (ACA) and Hierarchical Off-Diagonal Low-Rank (HODLR) compression scheme. Main result: The solver was rigorously validated against full-surface bidomain boundary element method (BEM) reference implementations, demonstrating tight agreement in activation thresholds (within 1.3% relative error) across diverse stimulation geometries. The ACA-HODLR compression scheme achieved substantial memory footprint reductions-by a factor of up to 4.6 for large 225-cell networks- without sacrificing numerical accuracy. Furthermore, we utilized the framework to resolve subtle, distance-dependent ephaptic interactions, successfully demonstrating the progressive phase synchronization of biophysically realistic, multi-compartment Purkinje cells. Significance: Cable-BEM provides a computationally scalable, mesh-free framework that establishes a powerful and practical foundation for investigating complex field-mediated phenomena in large-scale, multicellular neuronal networks."
2026-09-10,37,10.64898/2026.09.06.749721,1,"synthetic biology","Generative Language Modeling for Antibody CDR Grafting and Alignment-driven De Novo Design","Gonzalez Hernandez, F.; Turnbull, O. M.; Sultana, M.; Roldan-Martin, L.; Kumar, R. J.; Diethe, T.; Croasdale-Wood, R.; Deane, C.; Oglic, D.","Antibodies recognise their targets through hypervariable complementarity-determining regions (CDRs), which are interleaved with conserved frameworks in sequence space, making de novo CDR design an infilling problem. Autoregressive models generate residues left-to-right, which precludes full framework context during CDR generation and conflates framework and CDR likelihoods, leaving no natural prompt-response interface for feedback to steer generation. We present GenCDR, a family of LLaMa-based autoregressive language models that read all frameworks as a conditioning prompt and generate all CDRs jointly as a variable-length response, making CDR likelihoods a clean, separable target for reward attribution. The family comprises IgGenCDR, p-IgGenCDR, and NanoGenCDR, trained on unpaired, paired, and nanobody chains, respectively. GenCDR achieves the highest CDR recovery among autoregressive models and produces natural, diverse, human-like CDRs whose likelihoods correlate with fitness and developability assays. The prompt-response boundary also enables principled alignment: reward signals for binding affinity, expression, or developability can be composed to steer CDR generation. Over four rounds of alignment against antibody-antigen co-folding and developability objectives, we find that NanoGenCDR, which uses no explicit antigen encoding, can reach in silico structural interface metrics competitive with those of a structure-conditioned diffusion pipeline at roughly half the sampling budget, with more natural, developable designs. The same interface can be extended to integrate experimental feedback, opening a path to closed-loop antibody de novo design."
2026-09-10,37,10.64898/2026.09.08.750074,1,"cell biology","iPSC-Derived Chondroprogenitors as a Promising Cell Source for Cartilage Engineering: A Comparison with MSCs in Unmodified and Peptide-Functionalized Alginate Hydrogels","Vieri, M. L.; Thomson, A. R.; Dalby, M. J.; Kolundzic, N.; Ansalone, C.; Dietrich, B.; Tsimbouri, P. M.; Shaw, T.; Huesa, C.; Adams, D. J.; Goodyear, C. S.","Articular cartilage degeneration is a hallmark of degenerative joint diseases, yet its limited regenerative capacity poses significant challenges for tissue engineering. While mesenchymal stem cells (MSCs) are the most commonly employed cell type in cartilage tissue engineering, they exhibit donor variability, restricted expansion capacity, and tendencies toward fibrocartilage formation and hypertrophic differentiation. Human induced pluripotent stem cell-derived chondroprogenitors (iCPs) represent a promising alternative, offering scalable production of developmentally relevant cells with intrinsic chondrogenic commitment. However, their performance within three-dimensional biomaterial scaffolds remains largely unexplored. Here, we compared chondrogenic differentiation of iCPs and MSCs within alginate hydrogels of varying stiffness (0.37 - 4.55 kPa) exhibiting physiologically relevant stress relaxation properties. Intermediate stiffness (2% alginate, ~2.17 kPa) optimally supported chondrogenesis for both cell types. While MSCs differentiated as single cells, iCPs spontaneously self-organized into cartilaginous aggregates without requiring a separate pellet pre-culture step, showing significantly higher hyaline indices and reduced COL10 expression, despite initial low viability in hydrogels. To further enhance chondrogenesis, we functionalized 2% alginate gels with RGD and HAVDI peptides mimicking integrin- and cadherin-mediated signaling. HAVDI/RGD functionalization significantly enhanced hyaline cartilage marker expression in both cell types, with iCPs exhibiting superior matrix composition characterized by elevated aggrecan and SOX9 expression and reduced COL10 and MMP13 compared to MSCs. These findings establish iCPs as a promising cell source for cartilage tissue engineering and disease modeling, particularly within biomaterials integrating mechanical and bioactive cues that recapitulate the native cartilage microenvironment."
2026-09-10,37,10.64898/2026.09.05.749603,1,"cell biology","Transcriptomic Characterization of Terminal Complement Complex-bound Cells in Human Choroid Using Single-Cell RNA Sequencing","Jensen, R. D.; Mullin, N. K.; Mulfaul, K.; Miller, J. E. B.; Navratil, E.; Voigt, A. P.; Scheetz, T.; Wiley, L. A.; Stone, E.; Tucker, B.; Mullins, R.","Age-related macular degeneration (AMD) is among the leading causes of blindness worldwide. Early AMD is characterized by dysfunction in the choroid, including early dropout of endothelial cells and increased deposition of the complement cascade's membrane attack complex (MAC) in the choriocapillaris. In this study, we used a single-cell RNA sequencing-based approach with barcoded antibodies to measure abundance of the MAC and other surface proteins at single cell resolution on RPE/choroid samples from four aged human donor eyes. We included antibodies to detect the MAC, CD34, CD45, and complement regulators CD55 and CD59, in addition to control antibodies. Our analysis of these data revealed cell clusters with expected gene expression profiles and antibody-based detection of CD34 and CD45 congruent with transcriptome-based cell identity. We also detected surface complement regulators CD55 and CD59 across a wide variety of cell types. Across endothelial cells, surface CD55 and CD59 appeared more abundant on venous clusters, and abundance of each was correlated with expression of a third complement regulator, clusterin (CLU). The MAC was detected on a variety of cell types, but was most abundant on the surface of cells in the macrophage family, smooth muscle cells, and pericytes. We confirmed these findings by identifying MAC deposition on choriocapillaris pericytes using immunohistochemistry for MAC, endothelial, and pericyte markers. Ultimately, these data showcase a valuable new approach to analyze gene expression and surface complement in human donor eyes, and provide novel insight into patterns of MAC deposition and complement protection in the aging human choroid."
2026-09-10,37,10.64898/2026.09.07.749865,1,"cell biology","Investigating the Role of Different Co-receptors on T-cell Activation Through IFN-γ Secretion Using Spatially Controlled Cell Monitoring Platform","Lartitegui-Meneses, N.; Azuaje-Hualde, E. A.; Merino, A.; Lopez-de-Lacalle, S.; Benito-Lopez, F.; Colom, A.; BASABE-DESMONTS, L.","Conventional methods for studying T-cell activation typically assess receptor engagement and downstream functional outputs in separate experimental formats, thereby obscuring the spatial correlation between initial receptor arrangement and localized functional outputs. This makes it difficult to examine the individual and combined effects of receptors and co-receptors engagement within the immunological synapse within the same controlled cellular microenvironment. Building upon the recently published CellStudio platform, previously validated for monitoring growth factor interactions in adherent cell models like mesenchymal stem cells and HeLa cells, we adapted this modular system to investigate non-adherent immune cells. This platform integrates Printing and Vacuum Lithography (PnVlitho) with bead-based immunoassays to generate defined activation patterns surrounded by cytokine capture antibodies, establishing a ""present-and-measure"" framework for localized biosensing. Jurkat T-cells were patterned on fibronectin alone or in combination with anti-CD3 and/or anti-CD4 antibodies, enabling precise engagement and activation of the co-receptors. Cell capture, basal contact morphology, and IFN-{gamma} secretion were evaluated for each condition. While CD4 engagement alone had a minimal effect, presenting anti-CD3 and anti-CD4 together caused the cells to spread into wide, circular contact zones and trigger the strongest local IFN-{gamma} signals. These findings show that first adaptation of CellStudio for suspension cells enables the standardized comparison of receptor-dependent differences in Jurkat-cell capture, contact morphology, and local cytokine-associated signals within a spatially defined assay, emerging as a powerful tool for understanding co-receptor cooperation in T-cell function and immunotherapy."
2026-09-10,37,10.64898/2026.09.07.749839,1,biochemistry,"Structural basis for autoinhibition and self-activation in the Pseudomonas aeruginosa virulence factor protease IV (PIV)","Harding, C. J.; Hamill, C.; Gong, Q.; Melo Czekster, C.","Secreted proteases enable Pseudomonas aeruginosa to damage host tissues and evade host immune defences, but the molecular basis by which protease IV (PIV) is maintained as an inactive precursor remains unclear. Here we determined a 2.17 A crystal structure of catalytically inactive PIVS409A. The precursor comprises an N-terminal Cap region, a CUB domain and a C-terminal trypsin-like protease domain. The Cap region forms an extended clamp across the precursor, and residues at the Cap-CUB junction lie above the catalytic cleft. Structural comparison with a modelled peptide substrate indicates that the Cap does not engage the substrate-recognition pockets as a pseudosubstrate; instead, it sterically prevents access to the S1 pocket, oxyanion hole and catalytic triad. Wild-type PIV undergoes progressive processing to a 27.6-kDa mature species, whereas the S409A variant remains resistant to activation by exogenous mature enzyme, supporting an intramolecular initiating step. Mature PIV is weakly inhibited by an ornithine-containing peptide mimicking the Cap domain, is not inhibited by phenylmethylsulfonyl fluoride and is slowly irreversibly inhibited by TLCK, demonstrating unique characteristics in comparison to other proteases from the same family. Finally, mature PIV increases the activity of aminopeptidase PaAP, likely through maturation of this enzyme, as part of a protease activation cascade. These findings define the architecture of the PIV precursor and provide a structural framework for understanding its activation and selective autoinhibition."
2026-09-10,37,10.64898/2026.09.07.749730,1,biochemistry,"A peptidomimetic inhibitor blocks Vibrio cholerae adhesin FrhA.","Wang, M.; Yongo-Luwawa, C.; Zhang, L.; Williston, R.; Presley, J. F.; Mehboodi, Z.; Reinhardt, D.; Klose, K. E.; Lubell, W. D.; Guo, S.","Cholera is a diarrheal disease from colonization of the small intestine by the Gram-negative bacterium Vibrio cholerae. Cholera remains a critical public health concern due to limitations in therapy and rising antibiotic resistance. The peptide-binding domain (PBD) of the adhesion protein FrhA is critical for V. cholerae intestinal colonization and biofilm formation. In a program targeted on blocking cholera infection, antagonists of the FrhA-PBD are described based on a tripeptide motif. Notably, constraint of the N-terminal tryptophan residue using 1,2,3,4-tetrahydro-{beta}-carboline-3-carboxylic acid (Tcc) and co-crystallization of H-(S)-Tcc-Thr-Asp-OH with an FrhA construct has provided structural information to guide inhibitor design. The diastereomer (R)-Tcc-Thr-Asp exhibited nanomolar binding affinity (Kd = 101 {+/-} 30.2 nM). H-(R)-Tcc-Thr-Asp-OH blocked bacterial hemagglutination mediated by FrhA-PBD and reduced biofilm formation in vitro. Moreover, it showed greater resistance to the digestive enzyme chymotrypsin than previously reported inhibitory pentapeptides, offering potential proteolytic stability while blocking FrhA-PBD-mediated adhesion in the intestine."
2026-09-10,37,10.64898/2026.09.10.750651,1,bioengineering,"EnZight: A Structure-Guided Algorithm to Identify and Prioritize Substitution Hotspots for Enzyme Engineering","Ostergaard, R. R.; Jensen, M. L.; Siebenhaar, S.; Bicer, D.; Sackett, P. W.; Andersen, A.; Tiberti, M.; Papaleo, E.; Robinson, S. L.; Thirup, S. S.; Westh, P.; Rotilio, L.; Morth, J. P.","Homologous protein structures contain valuable information about tolerated sequence variation. However, translating this information into practical enzyme design strategies remains challenging. Here we present EnZight, a user-friendly web server that integrates homologous structural alignment with intuitive visualization to identify substitution hotspots in protein cores. EnZight exploits structurally aligned homologs to identify positions where the surrounding structural environment is conserved while the residue at the position varies across homologs. This enables prediction of substitutions that preserve fold integrity while modulating function and thermostability. The approach further provides interactive structural outputs that allow users to inspect and prioritize substitutions manually. To validate the use of EnZight, we used a polyurethane-degrading amidase as a proof of concept. We constructed 34 variants, and 97% were successfully expressed, indicating high foldability of the predicted substitutions. Several substitutions improved both catalytic turnover and thermostability, and, importantly, beneficial substitutions combined additively, enabling stepwise accumulation of improvements. The best triple mutant variant exhibited a six-fold increase in catalytic turnover and 2{degrees}C increase in apparent melting temperature. Enhanced activity toward the pharmaceutical micropollutant flutamide further demonstrates EnZight's broad applicability in identifying substitutions that enable enzyme optimization across diverse substrates."
2026-09-10,37,10.64898/2026.09.08.749477,1,bioinformatics,"PHAROS: turning single-cell perturbation models into target-directed drug-combination screens","Bezney, J.; Ruggeri, C.; Borra, F.; Qi, L. S.; Buffa, F. M.; Steinmetz, L. M.","Combination therapies are central to cancer treatment, but exhaustive screening is impractical. We introduce PHAROS, a framework that turns a pretrained single-cell perturbation model into a target-directed search engine for drug combinations. PHAROS predicts how a cell population changes under a drug, one drug at a time, then chains these predictions together to simulate drug combinations. It scores each simulated outcome against the desired target state and uses a search algorithm to find the most promising combinations, all without retraining the underlying model. Across two independent combinatorial perturbation datasets, PHAROS recovered exact or mechanism-matched two-drug responses in cell lines, both seen and unseen during model training. Its rankings were specific to the requested conversion and were not explained by single-drug effects, additive effects, or shared mechanism of action. In exploratory analyses of patient-derived metastatic HR+/HER2$-$ breast tumors and basal cell carcinoma (BCC), PHAROS prioritized FDA-approved regimens, distinguished combinations by their predicted tumor-versus-immune objective profiles, and nominated pathway-level hypotheses, while explicitly identifying both tumor cohorts as outside the model's supported distribution. PHAROS provides a modular route from pretrained virtual-cell models to inverse, single-cell combination-screening platforms."
2026-09-10,37,10.64898/2026.09.08.748679,1,biophysics,"Solvent-Isotope Effects in Biomolecular Phase Separation and Fibrillation of Disordered Proteins and Peptides","Singh, H.; Yeager, Z.; Herlory, M.; Mahapatra, S.; Walczak, M.","Heavy water (D2O) is widely used in biomolecular spectroscopy and imaging, often under the assumption that it is an inert replacement for H2O. However, D2O differs subtly in hydrogen-bonding, viscosity, and dielectric properties, which can alter biomolecular interactions and self-assembly. Here, we test how solvent isotope substitution modulates protein/peptide phase separation and amyloid formation in multiple intrinsically disordered systems. Using turbidity-based phase diagrams and microscopy, we quantify how D2O shifts protein-RNA complex coacervation boundaries and alters condensate morphology. Droplet recovery measurements indicate significant solvent-dependent changes in condensate material properties. We further evaluate amyloid formation kinetics, in the presence or absence of a cofactor, supported by orthogonal structural characterization, and assess the functional consequences of tau fibrils using a tau biosensor seeding assay with explicitly defined seed delivery conditions. Together, these results show that D2O can systematically bias liquid-liquid phase separation and aggregation readouts and should be treated as an active experimental variable rather than a neutral solvent substitute."
2026-09-10,37,10.64898/2026.09.05.749579,1,biochemistry,"Recombinant Echis disintegrins reveal distinct inhibitory profiles on platelet aggregation and endothelial cell migration","Cardoso, I. A.; Hall, S.; Crasset, T.; Wilkinson, M. C.; Robinson, A.; Rand, B.; Shen, D.; Webb, C.; Stenner, R.; Waterhouse, D.; Hers, I.; Vincentelli, R.; Berger, I.; Casewell, N. R.; Quinton, L.; Poole, A.; Schaffitzel, C.","Disintegrins are snake venom toxins that bind integrins and modulate platelet aggregation and cell migration. Isolation from venom often yields insufficient quantities for comprehensive study, making recombinant expression essential for detailed toxin characterisation. Here, we produced and characterised four disintegrins from Echis coloratus and Echis ocellatus in Escherichia coli. These homologous proteins contain distinct integrin-binding motifs: EcDis_RGD, EoDis_RGD, EcDis_KGD, and EcDis_VGD. Functional activities were evaluated using human platelet aggregation and endothelial cell scratch wound-healing assays. RGD-containing disintegrins exhibited the strongest inhibition of platelet aggregation, with EcDis_RGD showing the highest potency. The EcDis_KGD disintegrin inhibited platelet aggregation less potently, whereas EcDis_VGD showed no detectable activity in our assays. In endothelial cells, EcDis_RGD disintegrin markedly impaired cell migration, while EoDis_RGD displayed weaker anti-migratory activity. Neither KGD- nor VGD-containing disintegrins significantly affected wound closure. EoDis_RGD exhibited similar antiplatelet activity to the native, venom-purified disintegrin ocellatusin, validating our recombinant expression strategy. However, the corresponding PII-SVMP preparation displayed reduced inhibitory activity, consistent with incomplete generation of fully mature disintegrins species. Our findings demonstrate the importance of both integrin-binding motif identity and surrounding sequence context in determining disintegrin function, and support further use of recombinant toxins in toxinology and as therapeutic lead molecules."
2026-09-10,37,10.1101/2025.02.10.637460,2,genetics,"Dissecting DNA-mismatch-repair-driven mutational processes in human cells","Owusu, M.; Menche, J.; Loizou, J.; Weghorn, D.","Mismatch repair (MMR) is an essential DNA repair pathway that preserves genome stability by correcting replication errors and other DNA lesions. MMR deficiency (MMRd) leads to increased mutation rates and microsatellite instability, and contributes to tumorigenesis in multiple cancer types, yet the full spectrum of mutational patterns caused by MMRd remains incompletely defined. Here, using CRISPR-Cas9 knockouts in human isogenic cell lines, we systematically profile mutations arising in MMR-deficient cells. We observe a marked increase in mutation burden and the appearance of established MMRd-associated mutational signatures. Unexpectedly, we also detect signatures SBS57 and DBS14 and connect them to germline single-nucleotide polymorphisms that co-occur with MMR-driven indels. In addition, we provide experimental genomic evidence supporting a role of MMR in preventing mutations underlying the widespread SBS1 signature, and we link MMR deficiency to the indel signature ID12, which currently lacks a known aetiology. Finally, comparing in vitro MMRd profiles from rapidly dividing cells without exogenous mutagen exposure to in vivo tumour genomes that reflect lifelong mutation accumulation reveals pronounced differences in signature composition, underscoring the context dependence of MMR-linked mutagenesis. Together, our results broaden the known mutational footprint of MMR deficiency and illuminate previously uncharacterised mechanisms relevant to cancer development."
2026-09-10,37,10.64898/2026.09.08.750124,1,genomics,"Chromosome-Level Nuclear Genome of Simulium vittatum Links Black Fly Cytogenetics to Genome Organization and Evolution","Nishiduka, E.; Hill, T.; Lu, S.; Bonilla, B.; Melo, E.; Caesar, L.; Wallau, G.; Valenzuela-Leon, P.; Tirloni, L.; Marinotti, O.; Calvo, E.","Black flies (Diptera: Simuliidae) are important vectors of pathogens affecting human and animal health, yet the absence of a chromosome-level nuclear reference genome has constrained molecular and evolutionary studies of the family. Here, we present the first chromosome-level nuclear genome and a developmental transcriptomic resource for the long-established IS-7 laboratory lineage of Simulium vittatum. Combining Oxford Nanopore long-read sequencing with Hi-C scaffolding, we assembled a 340.4-Mb genome, with 99.1% of the assembly resolved into three chromosome-length scaffolds (N50=104.8 Mb, BUSCO completeness 93.9%), consistent with the known 2n = 6 karyotype. Using the historically mapped molecular landmarks SVAT and SVEP, we assigned the two arms of chromosome III as IIIS and IIIL, respectively, linking sequence coordinates to the classical polytene chromosome map. Repetitive DNA comprises 46.48% of the assembly, including 29.68% unclassified repeats, and annotation identified 14,732 protein-coding genes and 16,417 transcripts. Integration with larval RNA-seq recovered the previously characterized silk gland proteins SGP-1-SGP-3 and resolved the expressed SGP-2 sequence despite a remaining discrepancy with the genomic sequence. This reference genome connects classical black fly cytogenetics with sequence-level analyses of genome organization, structural variation, and gene content, addressing a major genomic gap within Culicomorpha and providing a foundation for comparative studies of chromosome evolution, hematophagy, and vector biology across Simuliidae."
2026-09-10,37,10.64898/2026.09.08.750299,1,bioinformatics,"PlantLRR-PRR:A Reproducible Annotation Pipeline Reveals Contrasting Evolution of Developmental and Defense Receptor-Like Proteins in Tomato","JALAHALLI RANGEGOWDA, N.; Stam, R.","Plants perceive external and internal signals via receptors to modulate their growth, development, and defenses. Leucine-rich-repeat receptor-like-kinase (RLKs) and receptor-like-proteins (RLPs) are two major cell-surface receptors in plants. RLPs are a unique gene family (well-studied and characterized) and play an important role in plant development and defense activities against pests and pathogens. Yet their comparative analyses are hampered by a lack of reproducible and incomplete annotation tools. Here we present the PlantLRR-PRR, a reproducible and standardised RLP/RLK annotation pipeline. It outperforms previous tools and helps to dissect the RLP variation among Solanum spp. We investigated RLP diversity in eight genomes from five wild tomato Solanum sect Lycopersicum. We found limited intra- but moderate inter-specific copy number variation displaying a possible long-term diversification (gain and loss) of RLPs driven by host, environment, and pathogen interactions. Interestingly, we observed a dual-evolutionary pattern characterized by conservation and diversification of developmental- and defense-related RLPs, respectively. Overlapping with this, we found transposable elements (TEs) highly enriched around defense-related RLPs, supporting a strong role of TEs in promoting loss, gain, and structural variations. Further, zooming into the known Cf5 and CuRe1 RLP gene cluster revealed signatures of typical birth and death patterns. Comparative analysis of RLPs in wild tomato species revealed RLP diversity that is not apparent from cultivated tomato alone, highlighting the value of wild germplasm for understanding RLP family evolution. Together, our results provide a comparative framework for understanding the evolutionary divergence and conservation in the RLP family and establish a foundation for linking receptor evolution with functional resistance, and can form a stepping stone for translational applications in crop improvement."
2026-09-10,37,10.64898/2026.09.06.749597,1,bioinformatics,"HyphAeon: Attention on Evolution Across Deep Time Transforms Comparative Genomics","Kosakovsky Pond, S. L.; Weaver, S.; Callan, D.; Zehr, J. D.; Lucaci, A. G.; Verdonk, H.; Selberg, A.; Brown, G.; Chikina, M.; Clark, N. L.; Makova, K. D.; Martin, D. P.; Nekrutenko, A.","Detecting Darwinian natural selection is fundamental to evolutionary biology and functional genomics, yet standard methods based on phylogenetic models that estimate the ratio of non-synonymous to synonymous substitution rates (dN/dS) fail to scale with modern genomic volumes. Fitting continuous-time Markov substitution matrices across dense trees with hundreds of species requires extensive compute, forcing comparative genomics to rely on aggressive taxon subsampling or static whole-tree summaries that dilute transient adaptive bursts. Here we present HyphAeon, a lightweight (~1.91M parameter backbone, 2.46M across the full multi-task suite) phylogeny-informed foundation transformer trained to amortize the detection of episodic diversifying selection across 742-species mammalian coding alignments (17,186 genes, 9.77 x 10^6 codons). HyphAeon approaches the discriminative accuracy of numerical maximum-likelihood selection tests (MEME) across episodic burst regimes (ROC-AUC up to 0.942, mean 0.659; empirical Precision-Recall lift up to 25.8x, mean 7.7x; rank concordance up to rho = 0.983) while executing >1,000x faster per locus (averaging <1 ms per site across genome-wide scans) and >10,000x faster at proteome scale, generalizing outside its mammalian training distribution without retraining. Beyond accelerating classical tests, embedding molecular evolution into a differentiable geometric latent space enables analytical capabilities inaccessible to static dN/dS models: (1) targeted alignment artifact correction via counterfactual attribution; (2) macromolecular contact recovery and multi-site epistatic sectors (CESI); (3) directional phenotype-to-genotype attribution in lineage space (PARS); and (4) continuous temporal surveillance regression that tracks positive sweep velocities across longitudinal cohorts (evaluated across 12,167 timestamped genomes and benchmarked against external frequencies from >9.34 million genomes), rescuing adaptive substitutions obscured by post-fixation dilution. By bridging statistical phylogenetics with geometric representation learning, HyphAeon establishes comparative genomics as an interactive, high-throughput computational framework for evolutionary discovery."
2026-09-10,37,10.64898/2026.09.05.749567,1,bioinformatics,"From Metabolite to Signalling: Evolutionary Assembly of the Glutamatergic System Across Metazoans","Kulharia, M.; THAKUR, A.","Glutamatergic signalling is central to excitatory neurotransmission in animals, yet its evolutionary assembly across metabolism, transport, and receptor function remains incompletely resolved. Here, we conducted a comprehensive phylogenomic survey of 40 glutamate-associated proteins across 89 core proteomes, representing 53 metazoan species and 36 outgroup lineages. Core metabolic enzymes involved in glutamate interconversion and regulation, including GLUD1, GPT, and GOT1, were broadly conserved across metazoans and extended to choanoflagellates, consistent with an ancestral metabolic scaffold predating specialized neurotransmission. GLS and GLUL showed broad but non-universal retention, with lineage-specific absences in some groups. Excitatory amino acid transporters (EAAT/SLC1A) were present across all sampled metazoan lineages, whereas vesicular glutamate transporters (VGLUT/SLC17A) were more restricted, appearing in Placozoa, Cnidaria, and bilaterians. Metabotropic glutamate receptors were detected in early-branching eumetazoans, while several ionotropic receptor subfamilies expanded in chordates and vertebrates. Gene tree-species tree reconciliation revealed multiple lineage-specific duplication and loss events, supporting a stepwise assembly model for the glutamatergic toolkit. These results suggest that ancient metabolic functions were progressively supplemented by transport and receptor innovations, providing a framework for studying the evolution of excitatory signalling."
2026-09-10,37,10.1101/2025.09.07.674757,4,microbiology,"Febrile temperature enhances Plasmodium falciparum and neutrophil adhesion by disrupting the endothelial glycocalyx","Introini, V.; Long, R.; Oyerinde, O. R.; Gestal-Mato, M.; Sender, S. S.; Rizo Alvarez, I. d. J.; Hartmann, L.; Stein, F.; Hwang, G. M.; Gutierrez, B. L.; Seydel, K. B.; Birbeck, G.; Bernabeu, M.","Fever, a universal host defense response in infection and inflammation, paradoxically contributes to neurological complications in malaria. Febrile temperatures are known to enhance parasite virulence protein expression, but direct effects on the human endothelium remain unknown. We found that a 1-hour exposure to 40 {degrees}C, representative of fever in children with cerebral malaria, increased adhesion of Plasmodium falciparum-infected red blood cells and neutrophils to 3D brain microvascular models displaying a wide wall shear stress gradient. Mechanistically, this brief hyperthermia triggered rapid endothelial glycocalyx shedding, exposing endothelial receptors for binding. This response was more pronounced in brain than in pulmonary microvessels, revealing a greater vulnerability of the cerebral vasculature to fever. Pharmacological inhibition of matrix metalloproteinase activity preserved glycocalyx integrity and abolished the temperature-induced increase in adhesion. These findings identify fever as a host-specific amplifier of malaria-associated microvascular pathology, highlighting the importance of antipyretic strategies to mitigate disease severity."
2026-09-10,37,10.64898/2026.09.09.750220,1,microbiology,"Shared species, strains and resistome between humans and pigs: A metagenomic analysis","Streit, S.; Mostacci, N.; Moor, J.; Oppliger, A.; Kieser, S.; Hilty, M.","Pig farming is one of the most intensive human-animal interfaces, and farm workers carry gut microbiotas that differ from those of non-farmers. Whether this overlap reflects genuine strain transmission or shared environmental exposure is unclear. Using shotgun metagenomics, we profiled the gut microbiomes of pigs at three growth stages (suckling, weaning, fattening), their farmers, and non-farmer controls, at species and strain resolution, and characterized the resistome in parallel. Farmers shared more species with pigs than controls, with Prevotellaceae the most consistently enriched family. Strain-level analysis of 137 shared species showed that most (71%) maintain host-specific sub-species clades. Strain sharing ran an order of magnitude below species sharing and was confined to early growth stages; its direction could not be determined. Pigs and farmers shared a farm-associated resistome signature, including the beta-lactamase cfxA4 and the methyltransferases ermF and cfrE. ermF and tet(X) were carried together on the same clonal Tn4351-family transposon, present in 86% of farmers and 80% of pigs but only 19% of controls. We found no evidence for transmission of mobile genetic elements between pigs and farmers; the shared resistome is best explained by carriage within shared gut taxa. Species sharing, strain transmission, and resistance gene carriage thus reflect different scales of microbial exchange at the livestock-human interface. Our results argue against ongoing strain or mobile genetic element transmission from handled animals: the shared species and resistome are best explained by shared environmental exposure and by carriage of resistance genes within shared gut taxa."
2026-09-10,37,10.64898/2026.08.23.746533,2,microbiology,"A phage communication peptide alters Bacillus subtilis colony development and promotes sporulation","Hagbi-Lazar, B.-E.; Levi, Z.; Shema-Mizrachi, M.; Suissa, R.; Tik, Z.; Uzi-Gavrilov, S.; Holoidovsky, L.; Bendori, S. O.; Eldar, A.; Meijler, M. M.","Temperate Bacillus phages use arbitrium peptides to coordinate lysis-lysogeny decisions, but whether the mature communication peptide can be sensed directly by Bacillus subtilis and affect its physiology and behavior is unknown. Here we show that the {varphi}3T arbitrium peptide SAIRGA elicits a sequence- and stereochemistry-dependent response in Bacillus subtilis that is strongly expressed in surface-grown colony biofilms but is not accompanied by comparable changes in planktonic growth or static-liquid pellicle morphology. The response persists in the absence of AimR, the canonical arbitrium receptor. Within colonies, SAIRGA alters spatial PtapA activity and increases heat-resistant spore formation without increasing total viable cell yield. Untargeted metabolomics reveals broad dose-dependent remodeling that tracks peptide activity, while program-level proteomics independently converges on late-sporulation and mature-spore-associated states. This study highlights how a phage-derived peptide may act as a signal, enabling the host to pivot toward a survival-focused developmental state."
2026-09-10,37,10.64898/2026.09.08.749845,1,genetics,"GH1-HMGA proteins restrict RNA-directed DNA methylation and antagonize linker histone H1 at euchromatic transposable elements","amiard, s.; Feit, L.; Edera, A.; VANROBAYS, E.; Simon, L.; Dardalhon-Cumenal, D.; en naimani, S.; Lorkovic, Z. J.; Berger, F.; Barneche, F.; Quadrana, L.; tatout, c.; Probst, A. V.","In plant genomes, transposable elements (TEs) are silenced by CG and non-CG DNA methylation, with non-CG methylation maintained by CMT chromomethylases and the RNA-directed DNA methylation (RdDM) pathway. In Arabidopsis, linker histone H1 differentially influences these pathways, as loss of H1 causes non-CG hypermethylation at pericentromeric TEs but hypomethylation at euchromatic TEs in gene-rich regions. The molecular basis of this antagonism has remained unclear. Here, we show that GH1-HMGAs, a family of H1-related High Mobility Group proteins, bind AT-rich sequences at euchromatic TEs and prevent RdDM-dependent non-CG methylation by limiting siRNA accumulation. Furthermore, GH1-HMGA and H1 compete for chromatin association at these TEs, as loss of GH1-HMGA triggers ectopic H1 redistribution, while loss of H1 increases GH1-HMGA enrichment, providing a mechanistic explanation for the non-CG hypomethylation observed in h1 mutants. Collectively, these findings reveal how GH1-HMGA proteins specifically restrain RdDM activity at euchromatic TEs and elucidate how the H1/GH1-HMGA balance spatially partitions distinct DNA methylation pathways across the genome."
2026-09-10,37,10.1101/2025.06.12.659214,3,bioengineering,"Local optogenetic control of genome editing and tumorigenesis in vivo using wireless implantable optoelectronics","Bansal, T.; Lee, M.-K.; Coleman, C.; Kim, Y.-M.; Chen, Y.; Haney, C. R.; David, O.; Sreekanth, V.; Avila, R.; Matsche, J.; Vijeth, S.; Hintermueller, D.; Yamagishi, K.; Kang, J.; Mowry, K.; Kim, M.; Liu, Y.; Toth, P. T.; Lee, S. S.-Y.; Loh, S.; Clark, S.; Huynh, H.; Kim, Y.; Banks, A. R.; Huang, Y.; Good, C. H.; Rehman, J.; Rogers, J. A.; Karginov, A. V.","Precise spatial regulation of site-specific DNA recombination (SSR) in vivo remains a challenge due to limited tunability of current platforms. Here, we present an optogenetic approach that overcome these limitations by employing engineered light-regulated recombinase E-LightR-Cre and tunable wireless implantable optoelectronic devices. E-LightR-Cre meets the key criteria for spatial regulation of SSR in vivo, showing no detectable activity in the dark, while demonstrating robust activation upon blue-light illumination. To achieve local E-LightR-Cre activation in murine lungs, we developed wireless, fully-implantable optoelectronic devices enabling focal illumination with no discernible organ damage. By modulating illumination intensity and duration, we can control the size of the activated area. Local expression of oncogenic KRas-G12D in a photoactivated subpopulation of cells in vitro revealed rapid reprogramming of the mutant expressing cells and their non-activated neighbors. Light-guided activation of E-LightR-Cre in mouse lungs resulted in focal expression of a reporter gene and allowed us to induce local formation of oncogenic lesions in vivo."
2026-09-10,37,10.64898/2026.04.14.718375,2,bioinformatics,"Three-dimensional Virtual Adult Cardiomyocyte Transcriptomics","Luo, C.; Lyu, Y.; Guo, X.; Cheng, L.; Liang, Q.; Wang, S.; Wang, Y.; Zhang, S.; Wang, S.; Liu, T.; Luo, Y.; Lu, F.; Ran, B.; Zhang, Y.; Liu, X.; Wang, Y.; Qin, G.; Wu, J.; Lyu, Q. R.","Obtaining transcriptomes of adult cardiomyocytes at single-cell resolution remains challenging due to their large size, elongated morphology, and frequent multinucleation. Although spatial transcriptomics preserves tissue architecture and captures gene expression in situ, current analytical frameworks largely rely on nuclear-based segmentation and are therefore poorly suited to adult cardiomyocytes. Furthermore, individual tissue sections capture only a fraction of a cardiomyocyte, preventing reconstruction of complete cell-level transcriptomes. Here we present three-dimensional virtual cardiomyocyte (3D-VirtualCM), a membrane-guided framework that integrates cell-contour similarity and optimal transport to reconstruct volumetric cardiomyocyte transcriptomes from consecutive spatial transcriptomic sections. Applying 3D-VirtualCM to infarcted adult mouse hearts, we generated a panoramic transcriptomic atlas spanning 100 m thickness at single-cell resolution. 3D-VirtualCM identified spatially and transcriptionally distinct cardiomyocyte populations within the infarct border zone, enabled high-throughput quantification of cardiomyocytes re-entering the cell cycle together with their associated molecular signatures, and revealed heterogeneous RNA distribution along the longitudinal axis of individual cardiomyocytes. By integrating three-dimensional cellular morphology with in situ transcriptomic data, 3D-VirtualCM provides a scalable approach for resolving cardiomyocyte states and spatial organization in physiological and pathological cardiac remodeling."
2026-09-10,37,10.64898/2026.09.07.749735,1,genomics,"A T2T Benchmark Reveals How Reference Choice Shapes Human Genome Interpretation","Huang, Z.; Chu, Y.; Tian, Y.; Shao, C.; Wang, J.; Zhang, X.; Chen, J.; Jia, Z.; Li, L.; Li, J.; Lin, G.; Zhang, K.; Antonarakis, S. E.; Kang, Y.; Huang, J.","The completion of telomere-to-telomere (T2T) human genomes has expanded the accessible landscape of human genetic variation, yet benchmark resources remain limited to conventional high-confidence regions defined by existing reference frameworks. Here, we generated a near-perfect diploid T2T genome (T2T-LIN) from a Chinese individual and established assembly-based truth sets by comparison with T2T-YAO, an ancestry-matched near-perfect T2T reference genome. The benchmark showed a heterozygous/homozygous SNV ratio of ~2, consistent with expectations under Hardy-Weinberg equilibrium, and enabled genome-wide evaluation of reference-dependent biases. We found that reference choice substantially influences genome interpretation: ancestry-matched linear T2T references provided the most faithful representation of individual genomic variation and enabled more accurate genome reconstruction than unmatched linear, diploid and graph-based references. Benchmarking previously inaccessible repetitive and structurally complex regions revealed substantial limitations of current variant callers that were masked by conventional metrics. The T2T-LIN and YAO-LIN benchmarks establish a T2T-era framework for evaluating reference-dependent genome interpretation and variant discovery across nearly the complete human genome."
2026-09-11,37,10.64898/2026.09.08.750195,1,biochemistry,"Structures of MeCP2 bound to nucleosomes reveal distinct mechanisms of Rett syndrome mutations","Yao, L.; Valderrama-Hincapie, C.; Song, J.; Kelly, I.; Chuong, E. B.; Kasinath, V.","Methyl-CpG binding protein 2 (MeCP2) is a chromatin-associated regulator essential for neuronal gene regulation, and pathogenic mutations in MeCP2 cause Rett syndrome (RTT). However, the mechanisms governing MeCP2 engagement on chromatin and the effects of RTT mutations on nucleosome interactions remain poorly understood. We determined cryo-EM structures of MeCP2 bound to mono-nucleosomes with or without linker DNA methylation. In the absence of linker DNA methylation, the methyl-CpG binding domain (MBD) engages nucleosomal DNA near superhelical location +/- 7, whereas a methylated linker CpG redirects MBD to the linker methylation site. Quantitative EMSA, MNase footprinting, and fluorescence polarization show that both MBD and AT-hook regions cooperate to stabilize nucleosome binding, and that six common RTT variants (R133C, T158M, R306C, R168X, R255X, R270X) fall into four mechanistic classes. Loss-of-function truncations progressively weaken binding, whereas missense variants show near-WT DNA affinity. Among the variants, R133C shows near wild-type affinity for naked DNA but loses methylation-directed nucleosome engagement. Our analysis of human neuronal transcriptomic and chromatin occupancy datasets showed that RTT variants R133C and R168X lose CpG-island specificity and redistribute in the genome through distinct biochemical routes. Together, this work establishes a framework linking variant-specific defects in nucleosome binding to chromatin-targeting failure and transcriptional dysregulation in RTT."
2026-09-11,37,10.64898/2026.09.08.749925,1,bioengineering,"Multiphase capillarics for structurally pre-programmed sequential and parallel operations of high and low cohesion liquids","Kim, G.; Huynh, L. A.; Shen, M. L.; Morocz, Y.; Ng, A.; Juncker, D.","Capillaric circuits (CCs) enable pre-programmed liquid handling through self-filling and passive valving governed by capillary forces, eliminating the need for external pumps and actuators. However, CCs optimized for high cohesion liquids (HCL) such as water are intrinsically unsuitable for programmed flow control of low cohesion liquids (LCL) such as oils and solvents because the high surface free energy needed for capillary flow of HCL results in uncontrolled, complete wetting by LCL. Here, we introduce a library of multiphase components including phase-to-phase valves (P2PV), hydro-pneumatic relays (HPR) and multiphase domino valves (MDVs) that collectively enable CCs to concomitantly process HCLs and LCLs. P2PVs use a pre-filled HCL to valve immiscible LCLs (e.g. oil) by confining the LCL, and upon triggering, hydraulically entrain it. To prevent uncontrolled mixing between miscible LCLs (e.g. ethanol) and the HCL, HPRs with an air gap and air waste are added to the P2PV. MDVs are further added and enable preprogrammed, sequential delivery of LCL and HCL by multiphase microfluidic chain reactions. Multiphase liquid processing is applied to automated, on-chip lipid nanoparticle (LNP) manufacturing, illustrating the potential of multiphase CCs."
2026-09-11,37,10.64898/2026.09.08.749175,1,bioengineering,"Phenotypic screens identify biologic regulators of nanoparticle uptake in diffuse midline glioma","Cheng, E. L.; Pal, S.; Tsai, J. W.; Yampanis, C. B.; Rangaswamy, S.; Kenny-Serrano, J.; Coppola, M.; Ozdemir, M.; Cai, K. Y.; VanGosen, E.; Bateman, E.; Bennett, K. R.; Billingsley, M. M.; Whittaker, C. A.; Zhang, Y.; Dada, M.; Bhatia, S.; Fu, C.; Bae, Y.; Katiyar, N.; Doench, J. G.; Ligon, K. L.; Manalis, S. R.; Hammond, P. T.; Bandopadhayay, P.; Straehla, J. P.","Nanoparticle drug delivery systems hold considerable promise for locoregional administration to central nervous system tumors, yet the biological determinants of nanoparticle-cancer cell interactions remain poorly understood. Using patient-derived histone-mutant diffuse midline glioma (DMG) models, we performed a pooled CRISPR-Cas9 perturbation screen to systematically identify regulators of liposomal nanoparticle delivery. The screen identified candidate genes spanning endocytosis, vesicle transport, and metabolic signaling, revealing that nanoparticle delivery is governed by a broader landscape than previously appreciated. Among these, CTNNB1, or {beta}-catenin, emerged as a common negative regulator across two independent DMG models and two distinct nanoparticle surface chemistries. Transcriptomic profiling of CTNNB1-depleted DMG cells revealed upregulation of membrane remodeling and extracellular matrix gene programs, accompanied by reduced cell stiffness measured by a microfluidic acoustic scattering assay. This resulted in a shift in endocytic activity characterized by decreased bulk-phase macropinocytosis and increased receptor-mediated endocytosis. We further identified MAPK and mTOR pathway members as nanoparticle trafficking modulators, and demonstrated concordance between genetic and pharmacologic perturbations in modulating the liposomal nanoparticle interactions in pediatric DMG cells. These findings establish a biology-first screening approach for identifying previously unappreciated regulators with potential relevance to nanoparticle-based therapeutic strategies in pediatric brain tumors."
2026-09-11,37,10.64898/2026.09.09.749356,1,bioengineering,"TLS-Sim: An Open-Source Toolkit for Individualized Transcranial Light Stimulation Modeling with Deep-Learning-Accelerated Simulation","Zhang, K.; Jia, H.; Li, Z.; Wang, S.; Zhang, Y.; Cong, F.; Cui, Z.; Li, X.; Zhao, C.","Background: Accurate modeling of photon transport through the heterogeneous tissues of the human head is important for individualized transcranial light stimulation (tLS). However, high-precision Monte Carlo (MC) simulations can be computationally demanding, and existing general-purpose simulation tools do not provide an integrated, brain-oriented workflow. Methods: We developed TLS-Sim, a framework that integrates subject-specific head-model construction, multiple light-source configuration, GPU-accelerated MC photon simulation, visualization, and intracranial dosimetric analysis. Its central feature is a deep-learning-accelerated MC pathway, termed Flux-to-Flux, that estimates a high-photon-count energy-deposition field from a paired low-photon-count simulation. Sparse and full Monte Carlo fields were encoded using a three-dimensional variational autoencoder (VAE), and a three-dimensional velocity network was trained to transform the sparse latent representation toward the corresponding full-simulation representation. Results: We demonstrate the end-to-end toolkit and the Flux-to-Flux (F2F) pathway on a representative individualized head model evaluated across three source configurations. Relative to the sparse simulation, the learned prediction improved agreement with the full Monte Carlo reference by approximately +4 dB in signal-to-noise ratio on average, with correspondingly higher structural similarity and lower mean absolute error. Conclusions: TLS-Sim provides a modular, openly released computational framework for individualized tLS simulation and analysis. The Flux-to-Flux pathway is presented as an implemented capability that reduces the computational burden of high-photon-count simulation while improving spatial agreement with the full MC reference, most strongly at the low-fluence field boundaries where the sparse simulation is noisiest."
2026-09-11,37,10.64898/2026.09.09.750088,1,bioengineering,"Modular Surface Engineering of Feline Parvovirus Virus-Like Particles for Antigen Presentation and Receptor-Mediated Cell Targeting","Naskalska, A.; Biela, A.; Rozycki, J.; Fic, K.; Kus, E.; Nowak, J.","Virus-like particles (VLPs) are non-infectious, multiprotein nanostructures that mimic the architecture of viruses while lacking genetic material. Their structural versatility and safety profile make them promising platforms for biomedical applications, including vaccine development, targeted drug delivery, and diagnostics. Among various functionalization strategies, click-chemistry has emerged as a precise and efficient method for attaching bioactive molecules to VLP surfaces. In this study, we report the production and functionalization of VLPs derived from the feline panleukopenia virus (FPV), a parvovirus closely related to the well-characterized canine parvovirus (CPV). We demonstrate successful expression, assembly, and purification of FPV VLPs, followed by their modification with fluorophores, peptides, oligonucleotides, and proteins using copper-free click-chemistry. Furthermore, using cryo-EM, we structurally characterize FPV VLP functionalized with antigenic peptides, providing detailed insights for further development of such vaccine prototype. Finally, we demonstrate that our FPV VLP specifically transduce feline and human cells expressing transferrin receptor type 1 (TfR), thus validating their potential as a unique platform for future nanotechnological and therapeutic applications."
2026-09-11,37,10.64898/2025.12.22.696108,5,bioinformatics,"FlashDeconv reveals resolution horizons in atlas-scale spatial transcriptomics","Yang, C.; Chen, J.; Zhang, X.","Coarsening Visium HD resolution from 8 to 64 m can flip cell-type co-localization from negative to positive (r = -0.12 [-&gt;] +0.80), yet many widely used compositional deconvolution workflows require coarsening or subsampling at million-bin scale. Here we introduce FlashDeconv, which combines leverage-score importance sampling with sparse spatial regularization to achieve competitive benchmark accuracy while processing 1.6 million bins in 153 seconds on commodity hardware. Systematic multi-resolution analysis of Visium HD mouse intestine reveals a tissue-specific resolution horizon (8-16 m), the scale at which this sign inversion occurs, validated by Xenium ground truth. Below this horizon, FlashDeconv provides, to our knowledge, the first sequencing-based quantification of Tuft cell chemosensory niches (15.3-fold stem cell enrichment). In a 1.6-million-bin human colorectal cancer cohort, FlashDeconv uncovers neutrophil inflammatory microdomains co-localized with immunoregulatory dendritic cells (mRegDC) at the tumor-stroma interface, spatial niches largely missed by discrete-label summaries, with RCTD doublet mode labeling only 2.3% of hotspot bins as neutrophil singlets."
2026-09-11,37,10.64898/2026.09.07.749921,1,"pharmacology and toxicology","Aryl Hydrocarbon Receptor (Ahr) Pathway Drives TBBPA Induced Cartilage Development Defects.","Pathirajage, K. S.; Sharma, S.; Johnson, T.; Sarker, A.; Dasgupta, S.","Tetrabromobisphenol A (TBBPA), is one the most widely produced brominated flame retardant, detected in human matrices including cord plasma, raising concern over its impact on embryonic development. Our previous work demonstrated that TBBPA disrupts craniofacial cartilage development in zebrafish; however, inhibition of bone morphogenetic protein (BMP) signaling did not rescue these defects, suggesting the involvement of alternative molecular mechanisms. Transcriptomic profiling revealed significant upregulation of aryl hydrocarbon receptor (Ahr) signaling genes, including cyp1a and cyp1c, as well as reactive oxygen species (ROS) responsive genes, such as nfe and gstp. Consistent with these findings, KEGG pathway enrichment analysis identified significant enrichment of pathways involved in xenobiotic metabolism, cytochrome P450-mediated metabolism, and molecular docking predicted stronger binding of TBBPA to Ahr2 than the Ahr2 agonist TCDD. Then we investigated the role of Ahr signaling and ROS in TBBPA-induced craniofacial cartilage defects using microinjection of Ahr2 translation-blocking morpholino and the antioxidant N-acetylcysteine (NAC), respectively. Immunohistochemistry confirmed concentration-dependent induction of Cyp1a and ROS at environmentally relevant concentrations (0.05;0.005 uM). Ahr2 knockdown using a translation-blocking morpholino rescued TBBPA-induced alterations in Cyp1a expression, ROS levels, DNA damage, the expression of chondrogenesis-related markers (Sox10 and Sox2), and epithelial to mesenchymal transition (EMT) markers (E-cadherin, N-cadherin, and Snail2). Furthermore, Ahr2 knockdown rescued several TBBPA-induced alterations in craniofacial cartilage parameters. Co-exposure of TBBPA with the antioxidant NAC rescued the ROS and DNA damage and rescued only ceratohyal cartilage length, whereas other cartilage parameters remained disrupted. These findings establish a causal role for the Ahr-Cyp1a axis in TBBPA-induced craniofacial cartilage developmental toxicity and identify ROS as an important downstream contributor, indicating that both ROS-dependent and ROS-independent Ahr mechanisms underlined the observed TBBPA induced craniofacial defects."
2026-09-11,37,10.64898/2026.09.09.750345,1,"synthetic biology","Biocatalytic Production of Galantamine in Yeast through Cytochrome P450 Optimization","Holtz, M.; de Haan, S.; Castellvi Domingo, C.; Madsen, N. G.; Salazar, M. D. F.; Hansson, F. G.; van Aalst, A. C. A.; Arnesen, J. A.; Crocoll, C.; d'Oelsnitz, S.; Jensen, M. K.; Acevedo-Rocha, C. G.","Galantamine is a pharmaceutically relevant Amaryllidaceae alkaloid used for the treatment of Alzheimer's disease. Its structural complexity and low abundance in plants motivate the development of alternative manufacturing routes. Here, we established the first engineered yeast platform for the biocatalytic production of galantamine from 4OMe-norbelladine. Heterologous expression of the downstream pathway enzymes NtCYP96T6, NtNMT1, and NtAKR1 from Narcissus cv. Tete-a-Tete in Saccharomyces cerevisiae was complemented by optimization of cultivation temperature, carbon source, and medium pH enabling the first demonstration of galantamine production in yeast. Systematic screening of cytochrome P450 reductase and cytochrome b partners to boost NtCYP96T6 activity led to the identification of a novel reductase mined from the Narcissus pseudonarcissus transcriptome, NpCPR, which supported the highest pathway flux and yielded 7.0 {+/-} 0.6 mg/L galantamine, corresponding to a 7.6 % molar yield from 250 M 4OMe-norbelladine and an approximately 173-fold improvement over the parental strain. We further exploited this yeast cell factory for the precursor-directed biosynthesis of 7F-galantamine, highlighting the potential of pathway enzyme promiscuity to access new-to-nature GAL analogues that may be challenging to produce through conventional chemical synthesis. Together, this work establishes a foundation for microbial galantamine production and biosynthetic diversification of its pharmaceutically relevant scaffold."
2026-09-11,37,10.64898/2026.09.08.750036,1,"systems biology","The Principal Component Life Trajectory (PCLT): Mapping Sex-Specific Physiological Change Across the Human Lifespan","Royall, L.; Baechle, J. J.; Stankovic, A.","Age- and sex-related variation in physiological biomarkers is well documented, yet how coordinated systemic physiology unfolds across life stages at the population level remains unclear. Here, we introduce the Principal Component Life Trajectory (PCLT), reconstructing physiological trajectories via multivariate analysis of 54 blood-based biomarkers from 11,124 participants in the National Health and Nutrition Examination Survey (NHANES). Quantifying year-on-year progression with Euclidean Trajectory Distance (ETD), we identify five distinct phases in an unbiased manner: Early adolescence, Sexual Divergence, Sexual Convergence, Late Adulthood, and Advanced Aging. Trajectories show early, pronounced sexual divergence validated in an ethnically distinct, independent cohort. Chronic disease is associated with PCLT displacement and increased ETD progression, whereas metabolic, behavioral, and psychosocial factors generate graded, phase-specific perturbations. Together, these findings establish PCLT as a reproducible framework for characterizing structured physiological change across the lifespan and for monitoring population-level health dynamics."
2026-09-11,37,10.64898/2026.07.31.742066,2,microbiology,"Direct targeting of the WAVE-regulatory complex and the actin cytoskeleton by the Anaplasma phagocytophilum effector, AnkA","Burge, H. L.; Singh, S. P.; Wang, J.; Pradhan, S.; Wood, K. M.; Lee, J. W.; Barringer, R.; Synowsky, S. A.; Shirran, S. L.; Moynihan, P. J.; Lovering, A. L.; Machesky, L. M.; Jepson, M. A.; Dumler, S. J.; Cadby, I. T.","The obligate intracellular tick-borne pathogen Anaplasma phagocytophilum is unusual in its tropism for neutrophils, within which it survives and replicates. Central to the ability of this bacterium to colonize this hostile niche are secreted effector proteins. One such effector protein, AnkA, interacts with multiple host ligands in both the cytoplasm and the nucleus, yet how these interactions promote infection is largely unknown. We discovered that AnkA directly binds both the WAVE Regulatory Complex (WRC), a signal-integration hub that regulates the formation of branched actin networks underpinning diverse cell functions, and to monomeric and filamentous actin. We determined that AnkA uses two forms of molecular mimicry, first by binding to the Abi1 component of the WRC via a WRC-Recruiting Abi-binding Peptide (WRAP), and second by binding to actin via a WH2-like Actin Binding Motif (ABM). Via these interactions, AnkA can exert multi-factorial influence on the actin cytoskeleton and signaling pathways converging on this host structure. AnkA and the WRC co-localise during bacterial internalization and during the late stages of infection, suggesting a central role in both host-cell colonization and bacterial dissemination. Our work reveals AnkA as the first example of a bacterial effector that directly targets the WRC. The co-occurrence of WRAP- and ABM-like motifs in other bacterial effector proteins suggests that this mechanism of actin cytoskeleton subversion may represent a conserved strategy used by other obligate intracellular bacteria."
2026-09-11,37,10.64898/2026.08.28.747922,2,microbiology,"Corpusome, a cross-body-site human microbiome corpus for representation learning","Xuan, H.; Huang, Y.; Bian, J.","Machine-learning models of the human microbiome are trained mostly on stool samples from single cohorts, limiting cross-body-site representation and cross-study generalization. Progress is constrained less by algorithms than by the absence of a harmonized multi-body-site corpus carrying the technical metadata needed to model, rather than ignore, batch structure. Here we release Corpusome, a harmonized two-tier cross-body-site human microbiome corpus for representation learning: a harmonized corpus of 187,546 human microbiome samples integrating standardized profiles from curatedMetagenomicData, the American Gut Project, and the EBI MGnify platform. Corpusome follows a two-tier design preserving both functional depth and cross-body-site breadth: a shotgun tier (22,588 samples, 93 studies) with species- and pathway-level profiles, and a 16S tier (164,958 samples, from a full pull of 708 MGnify studies) with genus-level profiles extending coverage to oral, skin, respiratory, and urogenital sites. It spans six body sites and two modalities, with harmonized metadata for batch-aware modelling. Body-site signal exceeds technical/source variance in the 16S tier by approximately 2.4-fold."
2026-09-11,37,10.64898/2026.08.07.743486,2,microbiology,"Conserved cis and trans communication domains mediate module interaction in glycopeptide antibiotic NRPS assembly lines","Hamm, T. M.; Beqaj, D.; Pfahler, N.; Kulik, A.; Stehle, T.; Wohlleben, W.; Stegmann, E.","Non-ribosomal peptide synthetases (NRPSs) assemble structurally complex and clinically important natural products, yet the mechanisms coordinating communication between multiple enzymes remain incompletely understood. Here, we dissected the NRPS system underlying biosynthesis of the glycopeptide antibiotic (GPA) balhimycin in Amycolatopsis balhimycina to elucidate principles of inter-enzyme communication. Genetic perturbation of short terminal structural elements markedly reduced balhimycin production, demonstrating their critical role in biosynthesis. AlphaFold3 predictions identified these elements as trans-COM domains mediating specific NRPS interactions, primarily through hydrophobic contacts. Quantitative binding studies using microscale thermophoresis confirmed the importance of the trans-COM domains for multiprotein interaction, extending current models of NRPS communication. Comparative structural analysis further uncovered a conserved class of cis-COM domains within condensation domains across GPA NRPS assembly lines. Together, our findings establish a unified model in which trans- and cis-interfaces cooperatively maintain assembly line fidelity, redefining NRPS architecture and enabling rational engineering strategies."
2026-09-11,37,10.64898/2026.09.09.750321,1,"molecular biology","Hierarchical and context-dependent GR-MR signalling governs endogenous corticosteroid decoding in the heart","Sacchi, F.; Boriati, S.; Caliandro, R.; Da Pra, S.; Del Bono, I.; Huseti_, A.; Bongiovanni, C.; Miano, C.; Pianca, N.; Mazzone, S.; Cabrini, A.; Tassinari, R.; Ventura, C.; Lauriola, M.; Gladka, M.; D'Uva, G.","Endogenous corticosteroids bind both the glucocorticoid receptor (GR) and mineralocorticoid receptor (MR), yet how this shared ligand input is decoded in the heart remains unclear. Previous work established that corticosterone suppresses postnatal cardiomyocyte proliferation through GR. Here we show that corticosteroid responses are governed by a functional GR-MR hierarchy and by cellular context. Genetic or pharmacological GR inhibition redirects corticosterone towards cardiomyocyte proliferation, and MR antagonism or silencing abolishes this effect. GR disruption also enhances aldosterone-induced proliferation in cardiomyocyte-enriched cultures, indicating that GR restrains MR output beyond ligand allocation. However, aldosterone fails to increase cardiomyocyte proliferation in mixed cultures and instead stimulates fibroblast proliferation and activation. By contrast, corticosterone combined with GR inhibition promotes cardiomyocyte proliferation without inducing stromal proliferation or profibrotic activation. Both treatments induce MR nuclear localisation in fibroblasts, showing that their divergent stromal effects arise despite comparable receptor nuclear engagement. Following myocardial infarction, circulating corticosterone increases and GR inhibition enhances cardiomyocyte MR nuclear localisation. In adult murine myocardium, corticosterone plus GR antagonism increases cardiomyocyte cell-cycle activity in an MR-dependent manner, with analogous responses observed in porcine and human myocardium. These findings identify hierarchical and context-dependent GR-MR signalling as a mechanism of corticosteroid decoding and a potential route to cardiac regeneration."
2026-09-11,37,10.64898/2026.09.09.750033,1,"molecular biology","Characterization of the N7 RNA cap methyltransferase from Trichomonas vaginalis and inhibitor discovery","Benysek, J.; Chalupska, D.; Stefek, M.; Bobileva, O.; Otava, T.; Dejmek, M.; Rozycki, B.; Nencka, R.; Boura, E.","RNA cap formation is essential for eukaryotic gene expression, yet the enzymes responsible for cap methylation remain poorly characterized in many eukaryotic parasites, including Trichomonas vaginalis. Here, we functionally and structurally characterized the RNA guanine-N7 methyltransferases (MTases) from T. vaginalis, TvRNMT1 and TvRNMT2. We determined the crystal structure of TvRNMT1 in complex with S-adenosylhomocysteine (SAH) at 1.6 A resolution and additional structures with the inhibitors sinefungin and OBO101, defining the architecture and ligand-recognition properties of its active site. Screening of SAH analogues identified several inhibitors with submicromolar to low-micromolar activity against both homologues. Molecular docking and modelling of capped RNA binding further delineated the inhibitor- and RNA-binding regions of TvRNMT1 and identified residues that may contribute to cap recognition. These results define the molecular basis of ligand recognition by T. vaginalis RNA cap MTases and establish a structural framework for targeting parasite RNA capping."
2026-09-11,37,10.1101/2024.08.08.607188,2,genomics,"Chimera-suppressing error-corrected sequencing enables quantitative detection of rare somatic structural-variant breakpoints in human cells","Pan, E.; Sun, S. Y.; Heid, J.; Huang, Z.; Lee, M.; Fan-Huang, G.; Dong, X.; Montagna, C.; Vijg, J.; Maslov, A. Y.","Rare genome structural-variants (SVs) in somatic cells and tissues are difficult to measure in bulk DNA because library preparation can create chimeric junctions that mimic authentic events. Based on our previous Single-Molecule Mutation sequencing (SMM-seq) assay, we developed a new method, SMM-SV-seq, which combines a chimera-suppressing library preparation with duplex confirmation of breakpoint-supporting molecules. Using libraries from mixtures of human and Drosophila DNA, we show a remaining artifact rate of 1.52 +/- 0.53 detectable cross-species chimeras per billion bases, providing an empirical background for correcting breakpoint frequencies. In a benchmark of evaluable homozygous germline deletions in the GM24385 cell line, SMM-SV-seq achieved 81.4% precision and 85.7% recall, exceeding the precision of established short-read callers while maintaining comparable recall. The assay detected dose-associated increases in SV-breakpoint frequencies in cells treated with bleomycin, a known clastogen. Biological relevance was demonstrated by a significantly greater irradiation-associated increase in translocation-like breakpoint frequencies in the BRCA1 185delAG-heterozygous mammary epithelial clone than in its isogenic wild-type control. These results establish SMM-SV-seq as a practical assay for calibrated, duplex-confirmed detection of rare somatic SV breakpoints directly in bulk DNA from non-clonal cell populations."
2026-09-11,37,10.64898/2026.09.10.749670,1,bioengineering,"Machine-learning-guided enzyme discovery and redox-system engineering for efficient production of the nylon monomer methyl 12-aminododecanoate in Escherichia coli","Umemura, M.; Kamisaka, Y.; Yamamoto, M.; Kuriya, Y.; Watanabe, N.; Tateishi, C.; Hashimoto, T.; Kanno, M.; Noda, S.; Araki, M.; Fujimori, K.; Ikuta, J.","Methyl 12-aminododecanoate (ADAME) is a key precursor for Nylon 12 synthesis and an attractive target for sustainable microbial production. However, efficient biosynthesis of ADAME requires the coordinated oxidation and transamination of methyl dodecanoate (DAME), and identifying compatible enzymes for this multistep pathway remains challenging. In this study, we applied a machine learning-based bioinformatic screening approach to identify alternative enzymes for DAME-to-ADAME bioconversion. Among 18 selected distantly related AlkB homologs, AlkBGp01 from Alcanivorax sp. P2S70 showed activity toward DAME, producing 12-hydroxydodecanoic acid methyl ester (HDAME) and 12-oxododecanoic acid methyl ester (ODAME) despite low sequence identity to Pseudomonas putida AlkB. Further screening identified compatible redox partners, AlkG60 from the same species as AlkBGp01 and AlkTp04, whose combination with AlkBGp01 resulted in almost sixfold higher ODAME production than that achieved with P. putida AlkBFGJLT. ODAME production was further increased by more than threefold by conjugating these three newly identified proteins. The optimized single-plasmid system comprising conjugated AlkBGp01, AlkG60, and AlkTp04, together with AlaD and newly identified omega-transaminases EAV41574 produced 0.28 mM gDCW-1 ADAME, representing a 5.6-fold improvement over the previously reported P. putida AlkBFGJLT-based system with AlaD-CV2025. These results demonstrate that machine learning-guided enzyme discovery can identify functional distantly related homologs and compatible enzyme combinations for constructing efficient synthetic pathways. This study also highlights the importance of optimizing pathway architecture, including enzyme conjugation and plasmid configuration, for improving microbial production of bio-based monomer precursors."
2026-09-11,37,10.1101/2025.06.26.661752,3,microbiology,"A novel mechanism for morphological change during bacterial sporulation based on programmed peptidoglycan degradation","Ramirez Carbo, C. A.; Irazoki, O.; Venkatesan, S.; Chen, L. J. S.; Morales, H. A.; Garcia Avila, A. J.; Cheung, H.-L.; Cava, F.; Nan, B.","Many bacteria form spores to endure unfavorable conditions. While Firmicutes generate endospores through cell division, sporulation in non-Firmicutes remains less understood. The Gram-negative bacterium Myxococcus xanthus undergoes sporulation through two distinct mechanisms: rapid sporulation triggered by chemical induction and slow sporulation driven by starvation, both occurring independently of cell division. Instead, these processes depend on the complete degradation of the peptidoglycan (PG) cell wall by two lytic transglycosylases (LTGs), LtgA and LtgB. Remarkably, LtgB programs the pace of PG degradation by LtgA during rapid sporulation, ensuring a controlled process that prevents abrupt PG breakdown and the formation of non-resistant pseudospores. In addition to regulation between LTGs, PG degradation is also influenced by its synthesis; cells exhibiting increased muropeptide production often circumvent sporulation. These findings not only reveal novel mechanisms of bacterial sporulation but also shed light on the regulatory network governing PG dynamics."
2026-09-11,37,10.64898/2026.09.07.749956,1,"molecular biology","ATAC-seq and MNase-seq Detect Distinct Modes of Chromatin Accessibility","Stoeber, S. D.; Godin, M.; Bai, L. D.","Chromatin accessibility shapes the ability of transcription factors (TFs) and the transcriptional machinery to engage genomic DNA and therefore plays a central role in gene regulation. Two widely used approaches for profiling chromatin accessibility are micrococcal nuclease (MNase)-seq and assay for transposase-accessible chromatin (ATAC)-seq. ATAC-seq peaks are often thought to be equivalent to nucleosome-depleted regions (NDRs) that are defined by MNase-seq; however, these two measurements have not been systematically compared. Here, we perform a side-by-side comparison of ATAC-seq and MNase-seq in budding yeast and find a large discrepancy between ATAC-seq peaks and MNase-defined NDRs. We show that this discrepancy is not primarily due to the intrinsic differences between MNase and Tn5 enzymatic activity. Instead, ATAC-seq peaks and NDRs capture distinct chromatin states. Specifically, ATAC-seq peaks are enriched at dynamic nucleosomes associated with transcriptional co-regulators, including SAGA and SWI/SNF, whereas ATAC- NDRs mark more static nucleosome-free regions at promoters. Depletion of SWI/SNF reduces ATAC-seq signals without affecting most NDRs. Generation of NDRs and ATAC-seq peaks requires distinct TF properties, and native TFs differ in their ability to produce these two types of open chromatin. Finally, we find that the functional distinctions between ATAC-seq peaks and NDRs are widespread across eukaryotic species, including human cells. Together, our results provide new insights into the biological meaning of chromatin accessibility measured by these two assays."
2026-09-11,37,10.64898/2026.09.05.749240,1,"molecular biology","H-NS silences antiviral immunity through 3D chromatin compaction","Khvostikov, T.; Iarema, P.; Gavrilov, A.; Shamovsky, I.; Epshtein, V.; Andriianov, A.; Baikuzina, P.; Shagimardanova, E.; Senko, D.; Wood, T. K.; Severinov, K.; Nudler, E.; Isaev, A.","Bacterial antiviral immunity systems can be toxic to their hosts and must be tightly regulated. Immunity genes are often encoded by AT-rich mobile genetic elements subjected to silencing by nucleoid binding protein H-NS. Using RNA-seq, ChIP-seq, and chromosome 3D reconstruction with Micro-C, we find that H-NS binds and compacts bacterial immunity loci. H-NS deletion reveals anti-phage activity in model Escherichia coli strains generally considered phage-sensitive. Extending this approach to environmental isolates, we show that removal of H-NS silencing enhances defense, allowing bacteria to restrict phages with anti-defense proteins. We also discover Madara, a novel immunity system that complements the co-regulated BREX defense. Our results establish H-NS as a master regulator of bacterial immunity and highlight the importance of expression levels for anti-phage activity in native hosts."
2026-09-11,37,10.64898/2026.04.06.716752,2,"cell biology","Chemotherapy-Induced Oral Mucosal Injury Is Defined by p53 Activation, Cell Cycle Arrest and Diverse Epithelial Progenitor Dynamics","Silva, P. H. F.; Li, L.; Muriel, M.; Brennan, T.; Hasanuzzaman, M.; Demoura, M.; Stampfer, J.; Sveinsson, M.; Fountzilas, C.; Schabert, J. E.; Singh, A. K.; Bard, J. E.; Schlecht, N. F.; Ikonomou, L.; Diaz, P. I.","Chemotherapy-induced oral mucositis is a common and debilitating complication, yet the mechanisms underlying oral mucosa injury and repair remain poorly defined. Using a mouse model of 5-fluorouracil (5-FU)-induced mucositis, we define gene networks and oral mucosal cellular landscape dynamics in response to chemotoxic stress. We show that 5-FU-induced epithelial atrophy is driven primarily by cell cycle arrest rather than apoptosis, despite concurrent activation of p53-dependent transcriptional programs linked to both cell fates within individual cells. Relative to intestine, the recovering oral mucosa exhibits a more effective cell cycle checkpoint response and uniquely undergoes metabolic reprogramming toward lipid oxidation. Single-cell RNA sequencing revealed putative epithelial progenitor populations with distinct responses to chemotherapy, including chemoresistant cells with a p53- and AP-1 complex gene signature, reminiscent of lung transitional cell states. These findings define diverse progenitor dynamics and p53-driven responses as key determinants of oral mucosal injury and repair following chemotherapy."
2026-09-11,37,10.64898/2026.05.14.724910,2,genetics,"Mammalian spermatogenesis at single-cell resolution downstream of genetic perturbations in meiotic double-strand break repair","AGARWAL, I.; Myers, B.; Houlard, M.; Hinch, A.; Bitoun, E.; Myers, S.","Fertility in mammals relies on successful pairing of homologous chromosomes mediated by DNA double-strand breaks (DSBs). Here, we develop a system of mouse hybrids in which (a)symmetry of binding by the break-positioning protein PRDM9 to homologs varies over broad scales in the genome. Profiling transcription and chromatin in single nuclei, we trace how resulting delays in repair of variable subsets of meiotic DSBs propagate through spermatogenesis and drive large fertility differences in animals. We demonstrate that only asymmetry-generating mutations in PRDM9-binding motifs, not high average (~1%) divergence, disrupt chromosomal pairing. We observe substantial variation in animal-level sensitivity to asymmetry, and identify an interacting locus containing Dmc1 and Mei1 controlling (R2=0.64) this variation. Silencing of unpaired autosomes downstream of asynapsis and failure of normal sex chromosome silencing independently explain cell death in pachytene. Surprisingly, many cells with synaptic defects evade cell cycle arrest, and even those where physical division arrests still exhibit transcriptional progression to post-division states. Attrition of abnormal cells via arrest continues beyond the first division; nonetheless, cells that complete both meiotic divisions exhibit aneuploidy, especially of the sex chromosomes. This partly reflects de novo segregation errors explained by silencing of only chromosomes 16 and 19. Even ""normal"" euploid spermatids show crossovers redistributed at multi-megabase scales, indicating novel and potentially post-zygotic impacts of delays in meiotic DSB-repair. We thus elucidate cell-level and chromosome-specific impacts of regulatory variation in ~0.03% of the genome cascading through germline development, advancing our understanding of fertility and reproductive isolation."
2026-09-11,37,10.64898/2026.08.29.748005,2,genomics,"Evolutionary origins of protein novelty across an entire yeast subphylum","Tassios, E.; Pyrgelis, N.; Rinker, D.; Tzermpou, E. M.; Hittinger, C. T.; Rokas, A.; Nikolaou, C.; Vakirlis, N.","Novel protein-coding sequences fuel molecular and cellular evolutionary innovations and frequently contribute to species-defining characteristics. They can originate either de novo from previously noncoding sequences or through extreme divergence of already coding ones. How frequently each mechanism occurs and how they shape the structural and functional potential of the resulting proteins remains unclear. Here, we conducted a broad computational investigation of genetic and protein novelty throughout the entire subphylum of Saccharomycotina yeasts. We detected more than 5,000 robust de novo genes across 332 species and compared them to more than 6,000 novel genes resulting from extreme sequence divergence, revealing two quantitatively similar but qualitatively distinct modes of evolution of novelty. A remarkable 40% of de novo proteins are predicted to localize to mitochondria compared to only 20% of divergent, with the latter also being substantially longer and more disordered. A detailed analysis of conservatively predicted tertiary structures of novel proteins shows that ''invention'' of new folds occurs more frequently through de novo emergence. We also illustrate cases of evolutionary ''re-invention'' of existing protein folds from noncoding sequences. Our work deepens our understanding of the origins and importance of novel proteins, opening new directions for further structural and functional characterization."
2026-09-11,37,10.64898/2026.09.09.750262,2,biophysics,"Thermal fluctuations assist high-speed rotation of the bacterial flagellar motor at low load","Nakamura, S.; Morimoto, Y. V.; Kami-ike, N.; Minamino, T.; Namba, K.","The bacterial flagellar motor is a proton-driven rotary nanomachine that converts ion flow into mechanical motion. Proton-coupled rotation of the MotA5-MotB2 stator complex generates torque, yet how this process drives high-speed rotation remains unclear. Here we use single-molecule nanophotometry to resolve stepwise rotation under low-load conditions. Lowering intracellular pH selectively prolongs dwell times without affecting step durations, indicating that proton dissociation triggers torque generation. Structural analysis further suggests that the rotor disengages from the stator before completing the elementary step angle (~11 degree), implying that the power stroke alone is insufficient. Notably, the rotational diffusion coefficient of stator-less motors closely matches that inferred from wild-type motors at low load. These findings support a model in which intrinsic thermal fluctuations compensate for the limited reach of the power stroke, enabling rapid rotation. Our results reveal a hybrid mechanism in which ion-driven conformational changes bias stochastic motion to achieve efficient energy transduction."
2026-09-11,37,10.64898/2026.09.07.749908,1,"molecular biology","Engineering circular RNA expression systems to minimize contaminating linear RNA byproducts","Fields, C. J.; Fujiwara, R.; Wright, B. W.; Stringer, B. W.; Conn, S. J.; Wilusz, J. E.","Circular RNAs (circRNAs) are generated by backsplicing of eukaryotic protein-coding transcripts and can regulate microRNAs and RNA binding proteins, or serve as translation templates. Their covalently closed structure confers resistance to exonuclease-mediated degradation, extending their half-life and supporting their development as RNA therapeutics. However, existing overexpression methods often yield substantial contaminating linear RNAs, limiting their utility. Here, we systematically benchmarked plasmid-based circRNA overexpression strategies in human cells, comparing spliceosome- and ribozyme-based mechanisms across constructs incorporating widely used flanking sequences. The ribozyme-based Tornado system produced the highest circRNA yield but introduced extraneous ""molecular scars"" into the mature product. By contrast, spliceosome-mediated circularization using introns from the Drosophila Laccase2 gene, which contain imperfect complementary repeats, produced scarless circRNA with substantially lower linear RNA contamination. Linear RNA was further reduced by engineering the primary transcript to terminate in a non-polyadenylated end, increasing its susceptibility to exonucleases. Building on this optimized system, we developed a dual-output platform co-expressing a linear fluorescent reporter alongside a circRNA from a single promoter (CIRCUS, circRNA and upstream linear system), enabling efficient screening of circRNA-driven cellular phenotypes, including site-specific A-to-I editing of target mRNAs. Together, this toolkit provides high-purity circRNA production suitable for mechanistic studies and circRNA-based therapeutic development."
2026-09-11,37,10.64898/2026.09.07.749863,1,"molecular biology","Chromatin structure of the inactive X chromosome revealed by in situ cryo-electron tomography","Choi, J.; Bellos, D.; Bowness, J. S.; Cawte, A. D.; Brockdorff, N.","The intricate organisation of chromatin in eukaryotic cells plays a central role in regulating gene transcription and other DNA-templated processes. Prior studies using light microscopy, biochemistry, and genomics have implicated histone and DNA modifications, histone variants, chromosomal proteins, non-coding RNA, and intrinsic biophysical properties of chromatin in determining chromatin organisation across multiple scales. In this study, we apply an innovative approach, direct visualisation of native chromatin structure and its modulation by different factors using cryo-electron tomography, exploiting the inactive X chromosome (Xi) in differentiating mouse embryonic stem cells as a model system of facultative heterochromatin. We show that Xi chromatin undergoes progressive compaction across scales, from individual nucleosomes to chromatin domains. We observe an enrichment of histone H1-bound chromatosomes that are distributed to form the core of Xi chromatin domains. Moreover, we demonstrate that histone deacetylation demarcates chromatin domains. Specifically, perturbations leading to histone acetylation in the Xi dissolve discrete chromatin-domain boundaries, resulting in a homogeneous chromatin distribution with a dense and uniform packing of nucleosomes. Together, these findings illuminate the multiscale organisation of native facultative heterochromatin and the contributions of histone H1 and histone acetylation to this organisation. This study opens a new avenue for investigating how chromatin modification and structure relate to gene activity in near-native cells."
2026-09-11,37,10.64898/2026.09.05.749590,1,genetics,"Helicase-deficient TFIIH causes severe disease features via persistent DNA excision without damage removal","Häckes, D.; Theil, A. F.; Kim, G. H.; Kim, Y.; van der Meer, P. J.; Van Wassenhove, C.; Yu, Q.; Thijssen, K. L.; Raams, A.; van Buren, V.; Vermeulen, W.; Luijsterburg, M. S.; Marteijn, J. A.; Choi, J. H.; Lans, H.","Nucleotide excision repair (NER) removes helix-distorting DNA lesions through the ten subunit TFIIH complex, whose XPB and XPD translocase/helicase activities unwind DNA to enable damage verification and subsequent endonucleolytic DNA incisions. While most XPD mutations cause xeroderma pigmentosum, specific helicase-deficient mutations cause severe Cockayne syndrome (CS) features, including progressive neurodegeneration, for which the basis remains unclear. Here we show that loss of XPD helicase activity traps TFIIH in a futile repair cycle in which DNA is incised at the wrong position, leading to repeated DNA excision and resynthesis without removal of the lesion. Using C. elegans, we find that this futile DNA excision cycle produces severe neuronal dysfunction in vivo that depends on transcription-coupled NER activity and is rescued by preventing recruitment of helicase deficient TFIIH. These findings demonstrate that NER incisions can occur without XPD mediated damage verification and that persistent futile DNA excision cycles cause severe disease features, indicating that persistent NER intermediates are more pathogenic than unrepaired DNA lesions."
2026-09-11,37,10.64898/2026.09.11.750868,1,bioinformatics,"MAP: a comprehensive pipeline for mobilome annotation and cargo gene characterisation in prokaryotic (meta)genomic assemblies","Escobar-Zepeda, A.; Beracochea, M.; Gurbich, T. A.; Wilmes, P.; Finn, R. D.","Mobile genetic elements (MGEs) drive horizontal gene transfer in prokaryotes, disseminating antimicrobial resistance genes (ARGs), virulence factors (VFs) and biosynthetic gene clusters (BGCs). Given their importance, there is a pressing need for a single, open source tool that annotates the MGE repertoire together with its functional cargo. We present MAP (Mobilome Annotation Pipeline), a Nextflow pipeline that predicts plasmids, viral sequences, prophages, integrons, insertion sequences, transposons, integrative and conjugative elements, and non-autonomous compositional outliers, removes redundant predictions, and labels genes within MGE boundaries. MAP outputs a GFF3 formatted file, a FASTA file of MGE sequences, and a combined report placing ARGs, VFs, toxins and BGCs in their mobilome context, enabling the identification of composite elements such as ARG-carrying integrons within plasmids. We demonstrate its use on genomes from the MGnify soil genome catalogue."
2026-09-11,37,10.64898/2026.01.15.699813,2,biochemistry,"Emergence of diverse ligase reactivities from a single RNA evolution experiment","Biswas, A.; DasGupta, S.","RNA enzymes that assemble RNA from shorter pieces would have been important for primordial RNA-based biology. To explore the scope of RNA-catalyzed RNA assembly, we used directed evolution to re-engineer a ligase ribozyme that uses 5'-phosphorimidazolide RNA substrates into a ribozyme that ligates RNA substrates carrying the biologically relevant 5'-triphosphate group. Unexpectedly, this single RNA evolution experiment generated, in addition to the desired triphosphate ligase, four other distinct classes of ligase ribozymes. Three of these four ligase classes were isolated at extremely low abundances, collectively covering <0.1% of the selected RNA population. One class exhibits strict specificity for 5'-phosphorimidazolide substrates, even though these substrates were never presented during evolution. Another ligase class mediates a reaction between its 5'-triphosphate and the substrate's terminal 2'-OH, but only when the substrate carries a 3'-phosphate. This reaction resembles those catalyzed by protein enzymes such as RtcB ligase and plant RNA splicing ligases in RNA repair pathways. The remaining classes catalyze two different but related reactions, each involving the 5'-triphosphate groups on the ribozyme and a distinct internal hydroxyl group on the substrate. These reactions resemble branching reactions catalyzed by naturally occurring ribozymes such as the group II intron and the spliceosome, even though these ribozymes emerged from a synthetic RNA library with no relation to biological catalysts. The emergence of such catalytic diversity from a single RNA evolution experiment under highly constrained selection pressures and the discovery of new enzyme reactivities in rare RNA sequences highlight the catalytic flexibility and evolutionary potential of RNA. These findings strengthen the plausibility that an RNA World could have supported a wide range of chemistries essential for the emergence of life."
2026-09-11,37,,2,bioengineering,"Medicament identity rather than total loading governs the morphology of electrospun poly(vinylpyrrolidone) nanofibers for regenerative endodontics: a machine learning analysis of a failure-inclusive dataset","Brimo, N.; UYSAL, B.; SERDAROGLU, D. C.","Electrospun fibers loaded with antibiotics or calcium hydroxide are being developed as intracanal carriers for regenerative endodontics, where the dose must stay low enough to spare the stem cells that repopulate the canal. Formulation development sweeps the medicament concentration while holding the polymer and machine settings fixed. We asked whether that sweep targets the right variable. We assembled ENDOSPIN-29, a dataset of 29 poly(vinylpyrrolidone) formulations produced under a single process backbone and loaded with metronidazole, ciprofloxacin, minocycline or calcium hydroxide, alone and in combination, retaining the five that produced no submicron fibers. Across nine regression models, those given per-medicament composition predicted fiber diameter far better than the same models given only total loading. The best reached a leave-one-out coefficient of determination of 0.84 and a median relative error of 18%, whereas every loading-only model performed at or below a mean baseline. Uniformity and distribution span behaved likewise; asymmetry was unpredictable. Dose response ran in opposite directions for different actives: ciprofloxacin thinned fibers monotonically from 406 to 257 nm, while metronidazole thickened them and destroyed fiber formation above 10% w/w. Holding out an entire medicament class removed the advantage, bounding the method to interpolation within a known drug panel."
2026-09-11,37,10.1101/2022.02.01.478687,4,microbiology,"Bacteria detect neutrophils via a system that responds to hypochlorous acid and flow","Foik, I. P.; Kasallis, S. J.; Shu, R.; Abbondante, S.; Marshall, M. E.; Urban, L. A.; Duong, L.; Huang, A. P.; Pearlman, E.; Downing, T. L.; Siryaporn, A.","Neutrophils kill bacteria by producing an array of lethal molecules, including hypochlorous acid (HOCl). The extent to which pathogens detect HOCl from neutrophils and defend themselves has not been understood. We report that the opportunistic pathogen Pseudomonas aeruginosa responds to activated neutrophils by upregulating the flow regulated operon (Fro), which was previously shown to be activated by fluid flow. We found that fro is upregulated in a mouse infection model where neutrophil influx occurs. This upregulation is induced in vitro by HOCl and its secondary product taurine chloramine but not by other neutrophil defense factors including LL-37, histones, or H2O2. HOCl induces the FroR-dependent upregulation of methionine sulfoxide reductases that relieve otherwise lethal oxidative stress. Fro expression is regulated by FroR's anti-sigma factor FroI, which contains the highest density of methionines and cysteines of all anti-sigma factors. The second-order rate constants of HOCl are highest with these residues, raising the possibility that the activation of fro could involve oxidation of FroI. These findings suggest a model in which flow transports oxidizing molecules that activate the fro operon, establishing an early warning system for P. aeruginosa that improves its survival against host immune defenses and persistence during infection."
2026-09-11,37,10.64898/2026.01.21.699709,5,microbiology,"Comparing DNA Extraction Protocols for Freshwater Prokaryotic Communities: Impacts on Yield and Microbial Profiling","Szylit, A.; Jardillier, L.; Ciobanu, M.-C.; Cabrol, L.; Barret, M.; Christaki, U.","DNA extraction from aquatic samples is a critical process that influences the quantity and purity of the DNA obtained. This can have profound effects on the accuracy of the community depiction. In this study, DNA extraction workflows of seven commercial kits (Qiagen: DNeasy PowerLyzer PowerSoil, DNeasy PowerSoil Pro, DNeasy PowerSoil, DNeasy PowerMax Soil; Macherey-Nagel: NucleoSpin Soil; Zymo: ZymoBIOMICS DNA; MP Biomedicals: FastDNA SPIN), along with several modifications of manufacturer's protocols focusing on the lysis and elution steps, were tested, accounting for a total of 18 different protocols. For each protocol, DNA yield (quantity, replicability and quality), richness and compositional reproducibility based on 16S rRNA gene sequencing, as well as processing time and cost were assessed. The standard protocols recommended by the manufacturer showed comparable DNA yield results. Shared ASVs between all protocols accounted for >90% of the reads and were mostly abundant ASVs, indicating consistent detection of dominant taxa across all protocols. Adding supplementary lysis and elution steps to the manufacturer's protocols yielded up to ~4x more DNA. However, total read counts and ASV richness were lower as total DNA increased. Manufacturer's protocols therefore showed higher values than their modified versions, although these effects were not significant on community composition. We conclude that the choice of a protocol is the balance between recovering sufficient DNA of good quality versus potential effects on downstream sequencing output (reads and ASVs)."
2026-09-12,37,10.64898/2026.02.06.704447,2,"molecular biology","Cooperative CTCF-nucleosome oligomerization stabilizes chromatin loop anchors","Osorio Valeriano, M.; Stone, A. C.; Nagano, M.; Su, B.; Caccianini, L.; Hansen, A. S.; Farnung, L.; Vos, S. M.","Eukaryotic DNA is organized across multiple scales to support genome compaction, appropriate gene expression, and DNA recombination. A central player in these processes is the CCCTC binding factor (CTCF), which defines specific chromatin loop structures and insulates enhancer elements from promoters. Chromatin is organized in a distinct pattern around CTCF-bound sites; however, the role of this patterning remains unclear. Here, we report cryo-electron microscopy structures of reconstituted CTCF-nucleosome complexes, revealing that CTCF dimerization promotes the oligomerization of nucleosomes into defined higher-order assemblies involving specific histone-histone and CTCF-CTCF interactions. Notably, CTCF does not oligomerize efficiently on non-chromatinized DNA substrates. Disruption of identified CTCF interaction interfaces in cells results in a marked decrease in chromatin looping and functionally impairs cellular differentiation. These results indicate that chromatin structure at CTCF sites plays an important role in supporting higher-order interactions between distal regions of the genome and that these interactions are important for supporting cell-type-specific gene expression."
2026-09-12,37,10.64898/2026.03.30.715467,2,"cell biology","Benchmarking three simple DNA staining-based image metrics for live-cell tracking of chromatin organization","Kang, M.; Cabral, A. T.; Sawant, M.; Thiam, H. R.","Quantifying chromatin-state dynamics in living cells remains challenging, in part because most methods require fixation or cell lysis. Here, we benchmark and introduce three simple live-cell image-derived metrics computed from routine DNA staining - the coefficient of variation (CV), 1-Gini, and the Diffuse Signal Index (DSI), introduced here - as fixation-free readouts of chromatin organization. Using HL60-derived neutrophils (dHL-60) undergoing NETosis as a model system with a pronounced compact-to-decompact chromatin transition, we show that all three metrics track progressive chromatin reorganization in live-cell trajectories, with DSI providing the strongest trajectory-level discrimination between NETing and non-NETing cells. Comparison with Tn5-based chromatin accessibility measurements in fixed cells shows that all three metrics correlate with chromatin accessibility, supporting their biological interpretability. We further show that all three metrics track chromatin reorganization in a second, mechanistically distinct biological process, capturing mitotic chromatin compaction and post-mitotic chromatin decompaction in U2OS cells. Together, our results provide a practical framework for extracting chromatin-organization readouts from routine live-cell DNA staining and highlight that metric performance is task- and context-dependent. To make our metrics accessible to a broad audience, we built NucMetrics, an open-source ImageJ/Fiji macro toolset that computes all three metrics without requiring programming."
2026-09-11,37,10.64898/2026.02.28.708758,2,"cell biology","Jag2 patterns early differentiation in the epidermal stem cell layer","Viala, S.; Nathan, V.; Sirois, J.; Costanzo, O.; Perez Laguna, D.; Musulchi, M.; Heck, M.; Mourali, A.; Mouradian, M. H.; Cockburn, K.","Adult stem cell function depends on continuous input from the surrounding microenvironment. However, the cues that pattern this function in high turnover tissue that undergo continuous cellular remodeling remain poorly understood. Here we demonstrate that inputs from epithelial neighbors at distinct stages of differentiation cooperatively influence cell fate in the skin epidermis. Stem cells initiate differentiation of their neighbors via the Notch ligand Jag2, linking fate decisions to the composition of the local stem cell environment. When this signal is lost, misoriented divisions and engagement with distinct ligands in the suprabasal layers can partially restore upward flux differentiating cells. Although these mechanisms help to sustain barrier function, they ultimately disrupt tissue architecture, underscoring the need for balanced fates in the stem cell compartment. Together, our findings demonstrate that distinct cellular environments reinforce early epidermal differentiation, with stem cells themselves acting as key mediators of cell fate and tissue organization."
2026-09-11,37,10.64898/2026.09.06.749733,2,bioinformatics,"Inverse FoldDir: Structure-conditioned Protein Sequence Design by Dirichlet Flow Matching","TARTICI, A.; Stojkovic, M.; Tian, A.; Jewett, M. C.; Altman, R. B.; Wittmann, B. J.","Protein engineering has important implications in the bioeconomy, enabling applications in materials, medicine, and energy. A key challenge is designing protein sequences that have a specific form and function. Protein inverse folding seeks to address this challenge by identifying amino acid sequences compatible with a desired protein backbone. This task is central to protein redesign and can provide a sequence design capability for de novo backbones produced by structure-generation methods. Ideally, inverse folding can provide diverse sequence alternatives, fixed residues or motifs, soft biochemical preferences at selected positions, and candidates that remain experimentally useful. We developed Inverse FoldDir, a controllable inverse-folding method that performs iterative denoising on the amino acid probability simplex. Given a backbone structure, the model updates all positions jointly through a learned Dirichlet flow, supporting full sequence generation, fixed-residue inpainting, and user-defined soft residue priors. On the held-out CATH 4.2 test set, Inverse FoldDir achieved a mean TM-score of 84.5 (on a 0-100 scale) and a mean C  RMSD of 1.76[A], compared with 83.3 and 1.86[A], respectively, for ESM-IF1, the strongest evaluated baseline on both metrics. Denoising trajectory analyses showed that positions commit at different rates and that some residues change identity late in generation, illustrating whole-sequence refinement rather than one-shot prediction or irreversible sequential decoding. We experimentally tested Inverse FoldDir in an anti-GFP nanobody redesign task, where two of 35 redesigned sequences retained reproducible sfGFP-binding signal across independent assay runs with approximately 43% sequence divergence from the native nanobody. Inverse FoldDir is a structure-conditioned protein redesign method that combines structural recovery, user control, experimental validation, and a natural route toward future property-guided sampling."
2026-09-12,37,10.1101/2025.09.10.674348,3,"synthetic biology","Reverse Engineering the Programming Logic of Cytoskeletal Dynamics","Larios, D.; Najma, B.; Miao, J.; Lee, H. J.; Thomson, M.; Phillips, R.; Liu, S.","Eukaryotic cells generate mechanical forces through cytoskeletal filaments actively reorganized by families of molecular motors. However, how motor sequence specifies filament organization dynamics remains unclear. We developed ActiveDROPS, a cell-free platform that expresses kinesin variants in bacterial lysate droplets and quantitatively maps the resulting microtubule dynamics into a common phenotype space. Across a library of twelve kinesin-1 homologs, we observed three phenotypes: ""Slow-Sustained"" flows that activate after 8 h, reach peak mean velocities of 24 nm/s and decay after [~]32 h; ""Fast-Burst"" flows that activate within minutes and dissipate within 2 h, reaching velocities up to 900 nm/s; and a [~]36-h ""Multiphase"" progression through nematic, rotational, and contractile states. Microtubule gliding assays and molecular dynamics simulations using AlphaFold-predicted structures linked the ""Fast-Burst"" phenotype to generally faster motility and more favorable motor-tubulin interactions than ""Slow-Sustained"". By replacing the microtubule-binding region of a ""Slow-Sustained"" motor with that of a ""Fast-Burst"" motor, we generated a ""Fast-Sustained"" chimera with flows that activate within 1 h, peak at 70 nm/s and persist for 16 h, showing that recombination can reprogram the parental relationship between speed and timing of microtubule-motor self-organization. These results reveal a constrained logic through which kinesin sequence shapes cytoskeletal dynamics, providing a framework for dissecting the mechanical repertoire available to cellular systems."
2026-09-12,37,10.1101/2024.12.21.629897,3,microbiology,"Hydraulic modelling reveals untreated sewage, not pharmaceutical waste, drives antimicrobial resistance in a small river running through a big city","Sonkar, V.; Kashyap, A.; Pallares-Vega, R.; Sasidharan, S. S.; Modi, A.; Uluseker, C.; Chandrakalabai Jambu, S.; Mohapatra, P. K.; Larsen, J.; Graham, D. W.; Thatikonda, S.; Kreft, J.-U.; AMRflows consortium,  ","Quantifying sources of antimicrobial resistance (AMR) in rivers receiving various waste streams is essential for targeting mitigation strategies yet rarely performed. This study combined field monitoring with hydraulic modelling and mass balance calculations to attribute sources of AMR in the Musi River running through Hyderabad, India, a city renowned for pharmaceutical manufacturing. We quantified antibiotic resistance genes (ARGs), resistant bacteria (ARBs), and physicochemical parameters in water and sediment samples in the dry and wet season. Absolute ARG and ARB abundances spiked in the city, declining again downstream. Changes were more gradual in the wet season. Pollution levels were significantly different between upstream, city and downstream stretches and seasons. Hydraulic modelling revealed that 60-80% or 20-40% of the river water in the city derived from untreated sewage during the dry or wet seasons, respectively. This established municipal waste, not pharmaceutical sources, as the dominant driver of AMR in the Musi. Linear discriminant analysis identified dissolved oxygen and total nitrogen as reliable proxies for distinguishing AMR-polluted from less-polluted sites. The Musi, with insufficient wastewater treatment and limited dilution of point-source loadings, is typical for many urban rivers in resource-limited countries highlighting the urgent need for improved wastewater management to reduce AMR exposures."
2026-09-12,37,10.64898/2025.12.24.696225,2,"cell biology","Laser-driven VHEE pulsed fast fractionation (PFF): second-scale inter-pulse timing can modulate normal tissue toxicity in vivo","Giaccaglia, C.; Bayart, E.; Varma, C.; Goddet, J.-P.; Gautier, J.; Tafzi, A.; Manant, E.; Lamarre-Jouenne, I.; Heinrich, S.; Fouillade, C.; Flacco, A.","Radiotherapy (RT) is constrained by the narrow therapeutic window between tumour control and normal-tissue toxicity. While FLASH RT has been reported to reduce normal-tissue toxicity at ultra-high dose rates (UHDR) while preserving tumour control in several preclinical models, the radiobiological potential of intermediate temporal regimes between conventional fractionation and FLASH remains largely unexplored. Here, we show that temporal separation of ultrashort (fs-ps) dose-delivery pulses delivered at ultra-high instantaneous dose rate, with second-scale inter-pulse intervals, can differentially modulate biological response in vitro and in vivo. Samples were irradiated with very high-energy electrons (VHEEs, 50 MeV to 300 MeV) generated by a laser-plasma accelerator (LPA), using a temporal irradiation modality we term pulsed fast fractionation (PFF), with instantaneous dose rates exceeding 10^12 Gy/s. Varying the inter-pulse interval from 1 s to 10 s while maintaining dose per pulse and total dose constant modulated biological response in both in vitro and in vivo models. At the shortest investigated inter-pulse interval ({theta} = 1s), MRC5-hTERT human fibroblasts showed higher viability, whereas HCT116 colorectal carcinoma cells showed lower viability under matched dose conditions. In vivo, the same interval was associated with reduced radiation-induced growth impairment in zebrafish embryos, consistent with the response pattern observed in the non-tumour cell model and extending this timing-dependent response to a whole-organism context. These findings identify second-scale pulse timing as a biologically active degree of freedom for VHEE delivery, positioning PFF as a distinct temporal irradiation regime with the potential to complement spatial dose modulation through temporal optimisation and extend the current fractionation-FLASH framework."
2026-09-12,37,10.1101/2024.07.25.605098,5,"cell biology","Multi-species genome-wide CRISPR screens identify conserved suppressors of cold-induced cell death","Lam, B.; Kajderowicz, K. M.; Keys, H. R.; Roessler, J. M.; Thakurta, T. G.; Frenkel, E. M.; Kirkland, A.; Bisht, P.; El-Brolosy, M. A.; Jaenisch, R.; Bell, G. W.; Weissman, J. S.; Griffith, E. C.; Hrvatin, S.","Cells must adapt to environmental changes to maintain homeostasis. One of the most striking environmental adaptations is entry into hibernation during which core body temperature can decrease from 37C to as low at 4C. How mammalian cells, which evolved to optimally function within a narrow range of temperatures, adapt to this profound decrease in temperature remains poorly understood. In this study, we conducted the first genome-scale CRISPR-Cas9 screen in cells derived from Syrian hamster, a facultative hibernator, as well as human cells to investigate the genetic basis of cold tolerance in a hibernator and a non-hibernator in an unbiased manner. Both screens independently revealed glutathione peroxidase 4 (GPX4), a selenium-containing enzyme, and associated proteins as critical for cold tolerance. We utilized genetic and pharmacological approaches to demonstrate that GPX4 is active in the cold and its catalytic activity is required for cold tolerance. Furthermore, we show that the role of GPX4 as a suppressor of cold-induced cell death extends across hibernating species, including 13-lined ground squirrels and greater horseshoe bats, highlighting the evolutionary conservation of this mechanism of cold tolerance. This study identifies GPX4 as a central modulator of mammalian cold tolerance and advances our understanding of the evolved mechanisms by which cells mitigate cold-associated damage - one of the most common challenges faced by cells and organisms in nature."
2026-09-12,37,10.64898/2026.07.01.735899,2,genetics,"Effects of Deficient Glycosylation and Deglycosylation on Sperm Condition in Zebrafish (Danio rerio)","McGraw, K.; Mooney, M.","Congenital disorders of glycosylation and deglycosylation are rare, serious, and lethal disorders afflicting humans. CDGs and CDDGs result in loss of function enzymes which fail to build or break down oligosaccharides on proteins. This can produce protein aggregates and, in turn, reactive oxygen species that harm the cell eventually leading to autophagy and apoptosis. Because sperm contain high concentrations of polyunsaturated fatty acids, they are especially sensitive to these effects, which is understood as one of the leading factors in human male infertility. Sperm are developed in zebrafish similarly to humans and are useful models to examine human reproductive health, as well as genetic disorders. The combination of these advantages makes the analysis of sperm from zebrafish with heterozygous ALG1 or DPAGT1 CDGs or the NGLY1 CDDG suitable. Analysis of sperm concentration, motility, status, viability, and hypoosmotic swelling demonstrated the effects of these disorders on sperm quality. Results showed a significant decrease in sperm concentration, motility, and hypoosmotic swelling for all mutant zebrafish compared to the wild type. This suggests that CDGs and CDDGs influence the amount of sperm produced, the percentage of sperm cells that are mobile, and the integrity of the plasma membrane."
2026-09-12,37,10.64898/2026.05.16.725661,2,genetics,"An automated genetic screen identifies modulators of stress-induced sleep in Caenorhabditis elegans","Li, Z. J.; Honarpisheh, H.; Kutagulla, S.; Lecure, K.; Liang, J.; Raizen, D. M.; Fang-Yen, C.","Animals sleep more when they are sick. In C. elegans, stress-induced sleep (SIS) follows cellular injury such as exposure to ultraviolet (UV) light. The genetic regulators of SIS remain incompletely defined. Using a worm picking robot, multi-well WorMotel imaging, and association analysis we performed a semi-automated screen of 941 whole genome sequenced Million Mutation Project (MMP) strains. We quantified behavioral activity and quiescence before and after ultraviolet (UV) radiation. We applied the Sequence Kernel Association Test (SKAT) to this behavioral data to prioritize 6,663 genes and observed significant enrichment of known SIS genetic regulators. Based on these results, we conducted a candidate validation screen for additional genes regulating SIS. We identified three genes (strd-1, egl-8, cla-1), mutations in which reproducibly influence SIS. Further exploration of these genes holds potential for enhancing our understanding of the molecular basis of SIS. These findings establish a pipeline for automated behavioral phenotyping coupled with gene-based association to accelerate studies of C. elegans neurogenetics."
2026-09-12,37,10.64898/2026.09.12.750872,1,microbiology,"M.FcoHsdM-dependent DNA methylation coordinates secretion-associated gene expression, interbacterial competition, and virulence in Flavobacterium columnare","Zhu, R.; Zhang, Y.; Zhu, Y.; Li, R.; Cai, W.","Flavobacterium columnare causes columnaris disease in freshwater fish, but the contribution of DNA methylation to its physiology and pathogenicity remains poorly understood. Here, we characterized M. FcoHsdM, a type I restriction-modification methyltransferase previously identified by nanopore methylome analysis. Deletion of the gene encoding M. FcoHsdM abolished methylation at its associated recognition motifs without affecting planktonic growth. The mutant exhibited impaired biofilm formation, gliding motility, colony spreading, and gelatinolytic activity, together with increased outer-membrane vesicle production and complete attenuation in a zebrafish infection model. Transcriptomic and extracellular proteomic analyses revealed broad changes in secretion and cell surface associated functions. In particular, genes encoding components of a putative type VI secretion system were coordinately downregulated, and the mutant showed reduced antagonistic activity against Aeromonas hydrophila. Several predicted type IX secretion system substrates and extracellular enzymes were also reduced, potentially contributing to the motility and virulence defects. Two such motifs were identified in tssP, which encodes a predicted Bacteroidota-specific type VI secretion system membrane-complex component. One motif overlapped a computationally predicted binding site for the leucine-responsive regulatory protein Lrp, raising the hypothesis that intragenic methylation may influence regulator occupancy at the tssP locus. Collectively, these findings identify M.FcoHsdM-dependent methylation as an important contributor to secretion-associated gene expression, interbacterial antagonism, and virulence in F. columnare."
2026-09-12,37,10.64898/2026.09.11.749611,1,microbiology,"Long-Read Metagenomic Sequencing Reveals Persistent Gut Microbiome Alterations in Children with Celiac Disease in Remission","Le, D.; Portik, D. M.; Konno, T.; Leonard, M. M.; Miranda-Ribera, A.; Fasano, A.; Zomorrodi, A. R.","Background: Celiac Disease (CeD) is an immune-mediated enteropathy linked to gut microbiome dysbiosis driven by dietary gluten ingestion. Although most patients achieve clinical and histologic remission on a gluten-free diet (GFD), persistent symptoms and incomplete mucosal recovery are common. While gut microbiome alterations during active CeD are well documented, taxonomic and functional shifts during histologic remission remain considerably less characterized. Methods: We utilized PacBio's HiFi long-read metagenomic sequencing to profile the gut microbiome of 21 pediatric participants with histologically confirmed CeD remission on a GFD, active CeD, and non-CeD controls. Results: High-fidelity long reads enabled reconstruction of 857 high-quality metagenome-assembled genomes and high-resolution species- and pathway-level profiling. Microbial diversity analysis showed reduced alpha-diversity in remission patients compared with controls. Differential abundance analysis revealed persistent taxonomic and functional alterations in CeD remission, indicating incomplete restoration of microbiome homeostasis. Notably, remission patients showed depletion of commensals such as Alistipes finegoldii, Bifidobacterium longum, and Bacteroides uniformis, and persistence of some inflammation-associated taxa, alongside enrichment of beneficial species, including short-chain fatty acid producers, and suppression of other inflammation-associated taxa. At the functional level, pathways related to broader metabolic homeostasis were depleted in remission, while anti-inflammatory pathways such as propionate metabolism were enriched. Conclusions: Our findings suggest a distinct microbial ecosystem during histologic remission characterized by residual taxonomic dysbiosis and functional constraints, accompanied by adaptive remodeling that may promote mucosal healing. This work advances understanding of the gut microbiome in CeD after mucosal recovery and lays the groundwork for future studies of microbiome-based therapeutic interventions."
2026-09-12,37,10.64898/2026.09.11.750931,1,microbiology,"Evaluation of new adjuvants in enhancing the immune response to a candidate of Severe Fever with Thrombocytopenia Syndrome Virus vaccine.","Levican, J. A.; Ferressini Gerpe, N.; Park, S.-C.; Noureddine, M.; El-Ayache, F.; Yan, V.; Gruneberg, L.; Prellberg, M.; Chang, L. A.; Laghlali, G.; Singh, G.; Wong, P. T.; Levican, A.; Palacios, G.; Garcia-Sastre, A.; Schotsaert, M.","Severe fever with thrombocytopenia syndrome (SFTS) is an emerging zoonotic disease caused by the tick-borne bunyavirus SFTSV. SFTSV is primarily transmitted by Haemaphysalis longicornis ticks and can cause a hemorrhagic fever-like illness characterized by high fever, thrombocytopenia, leukopenia, and multiorgan failure, with reported case-fatality rates ranging from 10% to over 30%. Despite its growing public health relevance, no licensed vaccines or specific antiviral therapies are currently available. Here, we evaluated a beta-propiolactone-inactivated SFTSV vaccine candidate based on strain YL1, formulated with benchmark adjuvants (Addavax and Alhydrogel) or experimental innate immune agonists, including Sendai virus-derived defective interfering RNA (SDI), a RIG-I agonist, and imidazoquinoline-poly(ethylene glycol)-cholesterol conjugate (IMDQ-P-C), a TLR7/8 agonist, alone or in combination. Using an extended prime-boost regimen, we examined adjuvant-dependent modulation of humoral immunity, antigen-specific cellular recall, antibody cross-reactivity, and functional protection following passive serum transfer and live-virus challenge in IFNAR-/- mice. All adjuvanted formulations induced detectable humoral responses, with Addavax and SDI eliciting the highest virus-specific binding and neutralizing antibody titers. Antigen-specific analyses identified the nucleoprotein (NP) as the dominant target of vaccine-induced immune memory. NP elicited robust antibody response and the broadest cytokine recall profile following ex vivo stimulation. This response was broader than that induced by the whole inactivated virus and was characterized by mixed Th1-associated, Th2-associated, and proinflammatory-associated features that varied across adjuvant formulations. In contrast, the head domain of the Gn glycoprotein elicited limited cellular recall responses, consistent with its relatively weak humoral immunogenicity after both priming and boosting. Nevertheless, sera from SDI and Addavax-adjuvanted groups displayed cross-reactivity with Gn from a heterologous SFTSV strain, suggesting broader antibody recognition across viral genotypes. Functionally, sera from SDI and Addavax-immunized mice conferred partial protection following passive transfer into IFNAR-/- recipients, as reflected by reduced viral loads, delayed disease onset, and prolonged survival after lethal SFTSV challenge. Together, these findings support the immunogenicity and protective potential of a BPL-inactivated SFTSV vaccine platform and identify NP as a major target of vaccine-induced immune memory. They further highlight the importance of adjuvant selection in shaping the magnitude, antigenic focus, and functional quality of vaccine-induced antiviral immunity."
2026-09-12,37,10.64898/2026.09.11.751027,1,microbiology,"PAR2 signaling shapes microbial and metabolic remodeling along the gut-lung axis","Mann-Nuttel, R.; Jindal, R.; Armbruster, M.; Mandal, S.; Zhou, G.; Blackman, C.; Tan, M.; Vliagoftis, H.; Forsythe, P.","Introduction: Protease activated receptor (PAR2) is a prominent sensor of environmental and microbial proteases and may serve as an important interface between the host epithelium and mucosal microbes. However, whether PAR2 helps shape microbial community structure and function at barrier surfaces remains unclear. To address this, we examined how PAR2 deficiency or activation affects microbial composition and metabolic potential across the gut lumen, airway lumen, and lung tissue in the context of exposure to protease-rich house dust mite allergen (HDM) exposure. Methods: Wild type and PAR2 deficient littermates of both sexes received a single intranasal challenge with phosphate buffered saline, HDM extract, or a selective PAR2 agonist. Microbial communities from feces, bronchoalveolar lavage fluid (BALF), and lung tissue were profiled using 16S rRNA gene sequencing and PICRUSt2 based functional inference to assess compartment specific taxonomic and metabolic responses. Results: Alpha and beta diversity remained stable across all experimental groups, but distinct conditions resulted in compartment specific remodeling of the microbial population. At baseline, PAR2 deficiency altered multiple genera in the gut and lung and shifted predicted pathways linked to amino acid, lipid, and sulfur metabolism. HDM induced broad taxonomic and functional changes in the gut and lung tissue, including shifts in coenzyme A biosynthesis, reductive TCA activity, lysine fermentation, and nucleotide biosynthesis, while producing only limited taxonomic changes in BALF. PAR2 signaling accounted for a substantial portion of HDM driven remodeling, and direct PAR2 activation reproduced many compartment specific effects, including mucin derived sugar degradation in the gut and suppression of nucleotide biosynthesis in the lung. Sex moderately modified microbial and metabolic responses, with males and females exhibiting divergent, condition dependent functional biases across gut and lung. Conclusion: These findings identify PAR2 as a mucosal niche modifying receptor whose activation or loss reshapes microbial composition and metabolic potential along the gut-lung axis."
2026-09-12,37,10.64898/2026.09.11.750636,1,microbiology,"The small molecule regacin binds a conserved pocket in RegA to inhibit the expression of bacterial virulence factors","Bollinger, C. M.; Midgett, C. R.; Talbot, K. M.; Lawhern, G. V.; Munson, G.","Antivirulence therapeutics are a promising strategy to combat rising antimicrobial resistance. Transcription factor proteins have shown merit as antivirulence drug targets, as demonstrated by the small molecule Savirin. Regacin was identified as a potent inhibitor of the AraC-family virulence regulator (AraC-VR) RegA of Citrobacter rodentium, providing proof-of-concept for targeting AraC-VR family members in related human enteric pathogens. The structural basis of RegA inhibition by regacin was previously undefined and could prove essential for future drug design campaigns targeting AraC-VR family members. This work reveals that RegA is structurally similar to its homologs ToxT and Rns, including a conserved ligand-binding pocket in the N-terminal domain. A regacin-RegA co-crystal structure shows regacin binds within this pocket, with some heterogeneity in binding pose. Finally, structure-guided mutagenesis of key pocket residues, validated using a {beta}-galactosidase reporter assay, confirmed their role in regacin-mediated inhibition. Together, these findings define the regacin binding site, suggest a molecular basis of RegA inhibition, and provide a framework for future inhibitor design targeting this conserved pocket in other virulence regulators in human enteric pathogens."
2026-09-12,37,10.64898/2026.09.05.749536,1,bioengineering,"DINOCT: robust skin surface localization for robotic noncontact dynamic optical coherence elastography","Bawornkitchaikul, R.; Wang, R. K.; O'Donnell, M.; Pelivanov, I.","Noncontact dynamic optical coherence elastography (OCE) can measure the elastic properties of anterior soft tissues. However, applying OCE to skin requires tracking mechanical waves propagating in multiple directions to reconstruct mechanical anisotropy. Robotic scanning is well suited to this task but requires accurate probe positioning, alignment to the surface normal, and precise, repeatable rotation. To ensure phase and polarization stability, polarization-maintaining (PM) fibers can be used, although they introduce stripe and ghost artifacts that can destabilize surface detection. We present DINOCT, a DINO-based method to localize the skin surface from optical coherence tomography (OCT) images that combines self-supervised pretraining with DINO (self-DIstillation with NO labels) and iBOT (image BERT pre-training with Online Tokenizer) objectives, low-rank adaptation, and a lightweight curve decoder. Compared with classical and supervised learning baselines, DINOCT achieved competitive localization accuracy on clean test data with a near-zero spike rate. Among the learned methods, DINOCT achieved the lowest average and maximum values of mean absolute error (MAE) for severe synthetic stress conditions and the lowest catastrophic failure rates on a separate recording with strong PM-fiber artifacts."
2026-09-12,37,10.64898/2026.09.10.750648,1,bioinformatics,"Interaction Profiles as a Universal Language for Generative Molecular Design with ShEPhERD-2","Abeywardane, K. A.; Walker, K.; Coley, C. W.","Three-dimensional intermolecular interactions govern molecular recognition and are fundamental to the pharmacological activity of small-molecule drugs. We propose that an interaction profile, comprising shape, electrostatics, and directional pharmacophores, is a sufficient and transferable design specification for molecular design. We introduce ShEPhERD-2, a 3D generative model that generates molecular structures conditioned on explicit interaction profiles. ShEPhERD-2 generates low-strain, drug-like molecules more efficiently and with greater fidelity to target interaction profiles than its predecessor while enabling precise control over molecular design through pharmacophore prioritization, substructure constraints, and composition of multiple interaction profiles. We demonstrate the application of a single model to bioisosteric fragment merging, dual-target design, selectivity engineering, and modality hopping without task-specific retraining. These results establish interaction profiles as a chemotype-agnostic interface between structure hypotheses and molecular design."
2026-09-12,37,10.64898/2026.09.05.749632,1,bioinformatics,"spAlignDE unifies cross-sample and cross-modal spatial alignment with mismatch-aware differential expression","Xu, S.; Wang, Y.; Meng, L.; Dalal, A.; Yin, Y.; Song, D.","Comparative analysis of spatial omics requires aligning data across samples and modalities to a common coordinate system. Existing methods can be computationally intensive for large datasets, and cross-modal alignment is difficult when datasets lack comparable molecular features. In addition, residual alignment errors can cause locations assigned to the same coordinates to represent different biological regions, producing false differential expression signals. Here we propose spAlignDE, a computational method that integrates structure-guided spatial alignment with mismatch-aware local differential expression analysis. spAlignDE represents structures from spatial transcriptomics, spatial ATAC-seq, histology, and anatomical atlases as continuous fields and aligns them by shooting-based diffeomorphic registration without requiring shared molecular features. In cross-sample benchmarks against 12 methods, spAlignDE achieved the highest agreement in gene expression patterns and anatomical annotations. It also scaled to 20 MERFISH brain sections containing 1.45 million cells. For cross-modal tasks, spAlignDE accurately aligned spatial transcriptomics with histology, the Allen Mouse Brain Common Coordinate Framework, and spatial ATAC-seq. After alignment, spAlignDE estimates local expression contrasts on a shared grid and inflates their variances according to mismatch risk estimated from putatively stable genes and local observation density. The analysis can also adjust for cell-type composition. Simulations showed improved false discovery control without systematic loss of power. In real-data applications, spAlignDE localized age-associated changes in gene expression and T-cell distribution in the mouse brain and spatially restricted expression differences between normal and injured kidney sections."
2026-09-12,37,10.64898/2026.09.05.749598,1,bioinformatics,"Explainable Machine Learning and Epigenomic Profiling Decipher the Topological Determinants of Lentiviral Integration and Longitudinal Persistence in SCID-X1 Gene Therapy","Saber, H.; Mousavipour, Z.","Lentiviral vectors (LVs) are clinically established for SCID-X1 gene therapy, yet the quantitative epigenomic and spatial determinants governing integration targeting and long-term clonal persistence across chromosomes remain incompletely characterized. Using clinical multi-omics datasets from SCID-X1 trials, we curated 274,959 unique clinical integration sites (VIS) across 276,839 clonal records from 10 patients (hg38). Balanced against length-weighted genomic controls (total N = 549,918), five epigenomic and topological features were modeled. We evaluated Logistic Regression, XGBoost, and a Deep Genomic ResNet using inner 5-fold chromosome-grouped cross-validation and evaluation on held-out test chromosomes (chr19-22, chrX). Statistical uncertainty was quantified via 1-Mb block-bootstrap (5,000 replicates) and 1-Mb block permutations (10,000 replicates). On held-out chromosomes, Deep ResNet achieved an ROC-AUC of 0.7857 [95% CI: 0.7672-0.8029] and PR-AUC of 0.8027 [95% CI: 0.7640-0.8337] over the 0.5755 prevalence baseline, outperforming linear baselines. 1-Mb block permutations confirmed significant proximity to scATAC-seq peaks (Cliff's {delta}=-0.3364, P_perm<0.0001) and TSSs ({delta}=-0.2446, P_perm<0.0001), alongside 82.71% gene body overlap (OR = 3.47). Targeted analysis showed 99.91% of VIS reside distal (>100 kb) from proto-oncogenes without proximal enrichment (OR = 1.05, P = 0.617). Furthermore, longitudinal tracking identified 79,587 persistent clones ([&ge;]2 time points), which exhibited a significant 31% depletion near proto-oncogenes (OR = 0.69, P = 0.014). Compact topological and epigenomic features robustly predict lentiviral integration without spatial data leakage. The long-term depletion of persistent clones near oncogenes confirms the insertional safety of SIN lentiviral gene therapy."
2026-09-12,37,10.64898/2026.09.11.750570,1,biophysics,"Plasmodium falciparum Myosin B is a slow motor optimized for force generation","Robblee, J. P.; Moussaoui, D.; Bookwalter, C. S.; Auguin, D.; Fagnant, P. M.; MacFarlane, J. E.; Previs, M. J.; Houdusse, A.; Trybus, K. M.; Robert-Paganin, J.","Malaria is a disease caused by apicomplexan parasites of the genus Plasmodium. These organisms express two atypical class-XIV myosins: Myosin A (MyoA), a core component of the glideosome expressed throughout the entire lifecycle, and Myosin B (MyoB), which is restricted to invasive stages and localizes to the apical region. Here, we determine the crystal structure of Plasmodium falciparum MyoB (PfMyoB) in the Rigor state and identify its essential light chain as the same subunit bound to MyoA. Combining structural analysis, molecular dynamics simulations and in vitro kinetic and motility assays, we show that PfMyoB is a slow motor optimized for force production during invasion. The N-terminal extensions of PfMyoA and PfMyoB exert distinct effects on each motor s mechanochemistry. Altogether, these findings reveal how Plasmodium myosins have evolved specialized functions during the complex parasite lifecycle and provide insight into developing multi-target inhibitors of erythrocytic invasion based on the PfMyoA inhibitor KNX-002."
2026-09-12,37,10.64898/2026.09.11.751012,1,biophysics,"Inhibitors of HIV-1 maturation modulate conformational dynamics and heterogeneity of the immature Gag lattice","Nandi, T.; Wong, M.; Waheed, A. A.; Freed, E. O.; Schiffer, C. A.; Munro, J. B.","HIV-1 maturation requires the viral protease to cleave the Gag polyprotein into its constituent domains. Subsequent conformational and morphological changes result in a mature, infectious virion. Prior studies support a hypothesis in which Gag conformational dynamics and the heterogeneity of the immature Gag lattice enable proteolytic and morphological maturation. We developed a single-molecule Forster resonance energy transfer imaging approach to probe, in real time, the conformational dynamics of individual Gag molecules within immature HIV-1 virions. Our results capture Gag's conformational landscape and the spatial heterogeneity of the immature lattice. We evaluated inhibitors of maturation to identify immature lattice features that are modulated to disrupt maturation. Maturation inhibitors that act through diverse mechanisms, including lenacapavir and compounds that alter viral membrane composition, arrest Gag dynamics and reduce the spatial heterogeneity of the lattice. These observations support a model in which Gag dynamics and immature lattice organization regulate HIV-1 maturation."
2026-09-12,37,10.64898/2026.09.11.750932,1,microbiology,"Auranofin shows bactericidal activity in Pseudomonas aeruginosa by targeting thiol homeostasis","Luscher, A.; Mattenberger, Y.; Falconnet, L.; Civic, N.; van Delden, C.; Kohler, T.","The intrinsic resistance of Pseudomonas aeruginosa to many antibiotics is driven by the combined action of the outer membrane permeability barrier and multidrug efflux pumps, limiting the discovery of compounds active against this pathogen. To facilitate identification of antibacterial molecules with intracellular targets, we constructed a hyper-permeable P. aeruginosa PA14 strain lacking the four major Mex efflux systems and expressing the FhuA-derived hyperpore. This strain exhibited markedly increased susceptibility to diverse antimicrobials. Screening of 2,400 predominantly FDA-approved compounds identified the antirheumatic drug auranofin as a potent inhibitor which displayed bactericidal activity against the hyperpermeable strain. Selection of resistant mutants identified gain-of-function mutations in the MexQ efflux pump, indicating that altered substrate specificity of the MexP-MexQ-OpmE efflux system can reduce auranofin susceptibility. To investigate its mode of action, we analyzed mutants defective in the thioredoxin and glutathione redox systems. Whereas disruption of the thioredoxin pathway had no effect on susceptibility, glutathione-deficient mutants were hypersusceptible to auranofin. Exogenous glutathione restored resistance, and intracellular thiol measurements demonstrated that auranofin depletes the cellular thiol pool, consistent with direct neutralization by glutathione. These findings support a model in which auranofin disrupts glutathione-dependent thiol homeostasis in P. aeruginosa. More broadly, our study demonstrates that overcoming permeability and efflux barriers is an effective strategy to reveal antibacterial activities of approved drugs against Gram-negative pathogens."
2026-09-12,37,10.64898/2026.09.10.750649,1,microbiology,"Time-resolved transcriptomic profiling of Dictyostelium discoideum infection with Mycobacterium marinum reveals Atg9-dependent restriction via maintenance of vacuole integrity","Nitschke, J.; Toinon, J.; Burdet, F.; Melotti, A.; Hilbi, H.; Cosson, P.; Pagni, M.; Soldati, T.; Hanna, N.","Tuberculosis (TB), caused by Mycobacterium tuberculosis (Mtb), remains a major global health challenge, highlighting the need to better understand host mechanisms restricting mycobacteria infection. Mycobacterium marinum (Mm) shares key virulence mechanisms with Mtb and provides a suitable model for studying mycobacterial pathogenesis. Here, we used Dictyostelium discoideum (Dd), a genetically tractable phagocytic model with evolutionarily conserved pathways shared with mammalian macrophages, to investigate host responses to Mm infection. Time-resolved transcriptomic profiling across early, intermediate, and late stages of infection identified global infection-responsive genes, stage-specific pathways, and substantial conservation with transcriptional responses of human macrophages infected with Mtb. Autophagy and ESCRT pathways were dynamically regulated throughout infection, suggesting stage-specific roles in host defence. We focused on Atg9, an autophagy factor that was strongly induced during infection and recruited to damaged mycobacterium-containing vacuoles (MCVs). Atg9 promoted membrane damage control and maintained MCV integrity, thereby preventing premature bacteria escape to the cytosol of virulent Mm. Loss of Atg9 led to accumulation of MCV damage, accelerated escape to the cytosol, and enhanced intracellular bacteria growth, phenocopying atg1-deficient cells. Our findings further distinguish complementary host defence mechanisms acting at distinct stages of infection: Atg9-associated membrane repair, potentially involving ATG8ylation, limits vacuole damage and bacteria escape during early infection, whereas Atg9-dependent xenophagic restriction contributes to bacteria clearance at later stages. Together, these findings establish Dd as a powerful model for dissecting conserved host responses to mycobacteria and identify Atg9-dependent membrane protection as a key host resistance mechanism with potential relevance to TB pathogenesis and therapeutic intervention."
2026-09-12,37,10.64898/2026.09.10.749218,1,"molecular biology","Temperature-Switchable Genome Editors from Extremophile-Derived Integrases","Arnold, J.; Romano, I. G.; Del Curto, D.; Wilbourn, E. K.; Torrance, E. L.; Fierro, V. A.; Ricken, J. B.; Williams, K. P.; Schoeniger, J. S.; CAHILL, J.","Integrases are site-specific recombinases encoded by phages and other mobile genetic elements. They mediate DNA integration, excision, and inversion between cognate attachment (att) sites. Although integrases are powerful tools for genetic engineering and synthetic biology, most systems lack intrinsic mechanisms that limit activity after expression, creating potential for unintended recombination. We hypothesized that extremophiles could provide temperature-responsive integrases because their enzymes evolved under selective pressure to operate within the thermal ranges experienced by their hosts. To test this concept, we linked integrase-att pairs from 458,683 prokaryotic genome assemblies to curated host growth-temperature metadata. This analysis revealed temperature-associated structure among integrase clusters and established a candidate pool for testing temperature-responsive recombinases. GC content in tyrosine integrase-associated attB sites showed a modest increase in higher-temperature hosts. We developed an inversion assay using a single-copy reporter plasmid and sacB counterselection to quantify integrase activity across temperatures. Thermophile derived integrases from Thermus thermophilus and Geobacillus stearothermophilus displayed hot-ON/cold-OFF activity profiles, whereas an integrase derived from the psychrotroph Pseudomonas cerasi showed cold-ON/hot-OFF activity. Together, these results establish host thermal niche as a guide for discovering intrinsically temperature switchable integrases and provide a foundation for engineering thermally controlled genome editing systems."
2026-09-12,37,10.64898/2026.09.05.749559,1,bioinformatics,"SpaCoEx: Sparse Gene Selection for Spatially Varying Co-expression in Spatial Transcriptomics","Jian, M.; Pei, S.; Alterovitz, G.","Spatial transcriptomics enables gene expression to be measured while preserving tissue location, but most existing analyses focus on spatial variation in individual genes or expression-defined domains. Here, we introduce SpaCoEx, a sparse spatial representation framework that integrates gene-expression levels with spatially varying gene-gene co-expression. SpaCoEx first estimates local co-expression matrices from neighboring spatial spots, maps them into a log-Euclidean representation, and performs structured gene selection by retaining or removing the full row and column associated with each gene. The selected genes are then used to construct both expression-level features and local co-expression features, which are combined through an -weighted joint representation for downstream spatial analysis. We applied SpaCoEx to human cutaneous squamous cell carcinoma and annotated human breast cancer spatial transcriptomics datasets. In the cutaneous squamous cell carcinoma dataset, SpaCoEx selected 29 of 45 keratinocyte-related genes while preserving 96.74% of the spatial co-expression variation. In the breast cancer dataset, SpaCoEx identified spatially varying co-expression between B2M and HLA-C, a biologically meaningful major histocompatibility complex (MHC) class I antigen-presentation gene pair. Their local correlation was significantly higher in cancer-associated regions than in non-cancer regions (mean difference = 0.30, spatially adjusted SE = 0.045, P<1.0x10^(-10)), whereas B2M and HLA-C expression individually did not differ significantly between cancer and non-cancer. In benchmarking against manual tissue annotations, co-expression-only SpaCoEx achieved the strongest spatial coherence (percentage of abnormal spots [PAS] = 0.076), while the joint expression/co-expression representation achieved the highest annotation agreement, with an adjusted Rand Index (ARI) of 0.584 at  = 0.60 and and normalized mutual information (NMI) of 0.663 at  = 0.40. By integrating marginal gene-expression information with local gene-gene co-expression structure, SpaCoEx provides a sparse, low-dimensional, and interpretable representation of spatial transcriptomics data that captures complementary aspects of tissue organization beyond expression-based variation alone."
2026-09-12,37,10.64898/2026.09.05.749610,1,immunology,"NSAIDs impair fracture healing by disrupting neutrophil-mediated repair","Zappia, J.; McGowan, L. M.; Chatwin, R. M.; Sevil, R.; Fernandes, B. H.; Gillard, B. T.; Moss, J. J.; Jones, C. P.; cross, s.; Das, N. R.; Kemp, J. P.; Amulic, B.; Hammond, C. L.","Neutrophils are among the first immune cells recruited to fractures, yet their contribution to bone repair remains poorly understood. Using live imaging and neutrophil perturbation in adult zebrafish, we show that neutrophils establish the early fracture microenvironment. Neutrophils rapidly accumulated at fractures, underwent NETosis, and exhibited transcriptional programmes associated with matrix remodelling. Compromising neutrophil recruitment, via ibuprofen treatment or orthogonal perturbations, increased fracture non-union, delayed osteoblast differentiation, impaired mineralisation, and altered callus architecture. Mechanistically, neutrophils actively interacted with extracellular matrix proteins, including laminin, fibronectin, and collagen I, through uptake, trafficking and secretion-associated pathways. Together, our findings reveal that neutrophils establish a provisional emergency fracture matrix that templates subsequent bone repair, providing a mechanistic link between early non-steroidal anti-inflammatory drug (NSAID) exposure and impaired skeletal regeneration."
2026-09-12,37,10.64898/2026.09.11.750885,1,microbiology,"The insecticidal potential of Bacillus cereus group strains from insect-dense regions of the United Kingdom","Blom, J.; Raghuram, V.; Raymond, B.; Carroll, L. M.","Entomopathogenic Bacillus cereus group members (e.g. B. thuringiensis) are arguably the most important source of biopesticides globally and are widely used for industrial-scale crop protection. However, the application of biopesticidal B. cereus group strains is currently threatened by increasing resistance among insects, necessitating the development of novel insecticides. Here, we used whole-genome sequencing to characterize 13 novel B. cereus group strains from sites with high-density insect populations, including six isolates from an insect cadaver. Overall, diverse B. cereus group members were observed, encompassing three panC groups (II, IV and VI) and seven sequence types. Five strains possessed insecticidal Cry toxin-encoding genes with predicted target ranges that included insect species present at the respective sampling locations. Moreover, the genomes were computationally mined for biosynthetic gene clusters (BGCs; clusters of genes governing secondary metabolite synthesis). In total, 274 BGCs were observed, of which the majority (170 BGCs; 62.04%) did not cluster with known BGCs. Taken together, our study indicates that sampling B. cereus group bacteria from insect-rich ecological niches may yield Cry toxins against the self-same insects, as well as novel and unexplored BGCs, suggesting that targeted sampling efforts could generate compound leads for biopesticide development."
2026-09-12,37,10.64898/2026.09.11.750991,1,microbiology,"Biochar suppression of antibiotic resistance genes in the soil microbiome","Brook, T.; Bhatt, D.; Reid, B.; Hernandez, M.; Olivelli, M.","Antimicrobial resistance (AMR) in soils frequently arises from low-level antibiotic presence in agriculture systems where livestock receive antibiotics for disease prevention. Here we assess the influence of oak (Quercus robur) wood biochar (pyrolysis at 7600C) on the microbiome of a parkland soil, after 300 days of incubation, in the presence and absence of the antibiotic sulphamethazine (SMZ). Stable isotope probing coupled to metagenomics was carried out to identify metabolically active microorganisms and quantify antimicrobial resistance gene (ARG) prevalence. Across all treatments, Pseudomonadota and Actinobacteriota dominated (63-78%), with Pseudomonadota enriched in the biologically active heavy water fraction. Gemmatimonadota increased, and Bacillota decreased in heavy fractions, while minor phyla displayed variable shifts. Biochar significantly reduced ARG prevalence in the active heavy water metagenome from 23,485 ARGs in control soils to 10,002 ARGs in biochar-amended soils, while SMZ alone increased to 26,193 ARGs found in their metagenome. Combined biochar and SMZ treatment resulted in lower ARGs (16,890 ARGs) than both control and SMZ-only soils, likely due to a combination of ARG adsorption, antibiotic immobilisation, and microbial community restructuring. These results highlight the potential of biochar as a soil amendment for mitigating the proliferation of AMR in agriculture environments."
2026-09-12,37,10.64898/2026.09.10.750672,1,genetics,"Large-scale analysis of transcript data reveals thousands of recursive splicing events in human introns","Bass, D. J.; Salzberg, S. L.","Recursive splicing (RS) is a process in which an intron is removed from a nascent RNA molecule in two or more splicing events rather than one. We introduce a novel approach for detecting recursive splice sites (RSSs), the intronic loci at which RS events occur, based on alignment of total RNA-seq data to short, customized ""target"" sequences. We applied this approach to a data set from a recent study of gene expression in the human brain, using parameters corresponding to a very low false discovery rate, and found 3,022 RSSs that appear in 2,775 distinct introns from 2,407 genes. 2,891 (96%) of these RSSs are in protein-coding genes. The median length of recursively spliced introns from this set is 10,114 base pairs, which is substantially longer than the median human intron, but much shorter than average RS intron lengths reported in prior studies. Our work dramatically increases the number of known RSSs in the human genome and provides a generalizable bioinformatics pipeline for annotating RSSs from total RNA-seq data."
2026-09-12,37,10.64898/2026.09.06.747930,1,genetics,"Identifying human-specific transcription factor binding site gains and losses that contribute to human-specific phenotypes","Capra, J. A.; Ferrando-Bernal, M.","Identifying the genetic changes responsible for human-specific traits remains a central challenge in evolutionary genomics. Although thousands of modern human-specific variants have been identified through comparisons with Neanderthal, Denisovan, and great ape genomes, the phenotypic consequences of most of these changes remain unknown, particularly for non-coding variants. Here, we predicted transcription factor binding site (TFBS) gains and losses for 16,883 human-specific high frequency variants. We integrated these predictions with experimentally annotated cis-regulatory elements (cCREs), target genes, and phenotype annotations to identify regulatory changes associated with human-specific traits. We identified 3,357 human-specific variants within cCREs that modify TFBS motifs and prioritized variants for which both the target gene and the affected transcription factor are independently associated with the same phenotype. This identified 128 candidate human-specific regulatory variants involving 155 genes and 58 skeletal traits known to differ between modern humans and archaic hominins. Beyond skeletal morphology, enrichment analyses suggested regulatory changes also affect soft tissues that are not represented in the fossil record, including the brain, vocal cords, testes, and other reproductive organs. Independent support for the functional relevance of these candidates comes from their significant enrichment in modern human-derived differentially methylated regions and among variants experimentally shown to alter gene expression in massively parallel reporter assays. Furthermore, candidate variants preferentially occur within unusually large regions depleted of archaic introgression, consistent with the hypothesis that some regulatory changes contributed to reduced fitness following admixture with Neanderthals and Denisovans. Together, our results provide a prioritized catalogue of human-specific regulatory variants and reveal candidate molecular mechanisms underlying traits that distinguish modern humans from archaic hominins."
2026-09-13,37,10.64898/2026.09.10.750682,1,"cell biology","SAF-A/HNRNPU regulates euchromatin dynamics and is required for nuclear envelope integrity","Alimenti, K.; Mazzocca, M.; Hansen, A. S.; Blower, M. D.","Defects in nuclear morphology are associated with cancer and premature ageing. Nuclear morphology is established by a balance of external forces produced by actin contractility and resistance provided by chromatin and the nuclear lamina. Euchromatin is decompacted to facilitate transcription, which has been shown to decrease local nucleosome motion. However, the role of transcription and euchromatic chromatin structure in nuclear envelope integrity are not clear. Here, we demonstrate that acute depletion of SAF- A/hnRNPU causes compaction of euchromatic regions and constriction of chromatin mobility, leading to loss of nuclear envelope integrity in a transcription-dependent manner. SAF-A is required in a dose-dependent manner to preserve nuclear shape under conditions of nuclear softening and elevated transcription. Our work identifies SAF-A as a dynamic scaffold that regulates chromatin structure and dynamics at sites of active transcription to preserve nuclear envelope mechanical tension."
2026-09-13,37,10.64898/2026.09.11.750898,1,biochemistry,"PANDA: Protein All-atom Nested-tree Denoising Architecture for End-to-End Generation","Bai, J.; Jiang, H.","Deep generative models have expanded the scope of computational protein design, yet most approaches still separate backbone generation from sequence assignment or rely on latent and torsional representations that do not operate directly on all atoms in Cartesian space. We present PANDA, an end-to-end generative architecture that performs denoising in a unified all-atom representation, recovering sequence identity directly from atomic occupancy patterns. By coupling global and local coordinate tracks and introducing a sampling strategy that preserves side-chain geometry, PANDA achieves the highest self-consistency design success across protein lengths among evaluated all-atom methods. For functional design it conditions on pairwise distances between motif atoms rather than fixing their coordinates, allowing the functional atoms to be positioned jointly with the scaffold. On the Atomic Motif Enzyme benchmark, PANDA preserves motif geometry and delivers substantially higher scaffolding success than previous approaches, particularly for larger motifs. PANDA thus provides an efficient route to high-quality all-atom generative design with flexible atomic-level control."
2026-09-13,37,10.64898/2026.09.10.750697,1,biochemistry,"Structural Determinants of Synaptic Vesicle Protein 2C Ligand Selectivity and Their Impact on Dopamine Release","Martin, M. F.; Bucher, M. L.; Choi, S.; Mittal, A.; Mosharov, E.; Hall, A.; Wolff, C.; Gillard, M.; Provins, L.; Horanyi, P. S.; Sulzer, D.; Miller, G. W.; Coleman, J.","The synaptic vesicle protein 2 (SV2) family is a highly conserved group of transmembrane glycoproteins sharing approximately 70% sequence identity. SV2A and SV2B are broadly distributed throughout the brain, while SV2C, the evolutionarily oldest member of the family, is primarily found in dopaminergic brain regions in the basal ganglia. Genome-wide association studies have linked SV2C to Parkinson's disease, and SV2C appears to enhance dopamine storage in synaptic vesicles, but the basis for this effect is unknown. SV2s are the target of the racetam class of antiseizure medications, and SV2A-specific ligands are widely used to treat seizures. Recently several SV2C-specific ligands have been developed, but the structural basis for ligand specificity is unclear. A better understanding of SV2C structure, function, and pharmacology could lead to better targeted therapies for epilepsy, Parkinson's disease, and other dopamine-related conditions. Here we present cryo-EM structures of apo SV2C, SV2C bound to the high affinity non-selective SV2 ligand padsevonil, SV2C bound to the SV2C-selective ligand UCB-F, and SV2A bound to the SV2A-selective ligand plosaracetam (also known as ABBV-552/SDI-118). We find that SV2C has a wider luminal opening than SV2A and SV2B, which allows for UCB-F to bind to the primary site and form favorable interactions that are not possible in the narrower primary binding site of SV2A and SV2B. We also demonstrate that UCB-F and padsevonil, but not plosaracetam, reduce dopamine release in striatal sections of mouse brain. Our biochemical experiments and structures provide insights into SV2 ligand specificity and offer a template for the rational development of therapeutics targeting SV2C."
2026-09-13,37,10.64898/2026.09.10.749999,1,bioengineering,"Guide RNA truncation as a tunable approach for modulating base editing outcomes","George, A.; Prasad, K.; Sadanandan, P.; Marepally, S.; Thangavel, S.; Mohankumar, K. M.","Base editing enables programmable nucleotide conversion but can be limited by bystander editing and unintended genomic alterations. Here, we investigated guide RNA (gRNA) truncation as a strategy to modulate base editing outcomes. On editing across multiple genomic loci using ABE8e in HUDEP-2 cells, we found that truncated gRNAs retained measurable editing activity at lengths as short as 15 nucleotides, although activity depended strongly on target sequence, gRNA length, and delivery method. Importantly, truncation altered editing efficiencies at individual nucleotides within the editing window, enabling selective reduction of bystander editing while preserving on-target conversion at several loci, including a therapeutically relevant HbE target. Truncated gRNAs also eliminated detectable large deletions at homologous globin loci, consistent with loss of Cas9 nickase activity at short gRNAs lengths. Similar length dependent effects were observed with cytosine base editing, PAM relaxed ABE8e, and in primary hematopoietic stem and progenitor cells (HSPCs), although the optimal gRNA length varied between contexts. Together, these findings establish gRNA length as an additional parameter for tuning nucleotide level base editing outcomes and reducing bystander editing."
2026-09-13,37,10.64898/2026.09.09.750474,1,immunology,"The Separable Organization of Immune Transcriptional Responses","Zahid, H. J.","Immune function depends on coordinated responses across diverse cell types, yet the organizing principles underlying this coordination remain uncertain. Here we analyze single-cell data of peripheral blood mononuclear cells from 12 donors exposed in vitro to 90 cytokines and find that, for a given donor and perturbation, transcriptional responses in one cell type can be transformed into corresponding responses in another through mappings that depend only on the identities of the two cell types. These cross-cell-type mappings admit a separable organization in which donor and perturbation define a response state shared across cell types, while donor- and perturbation-independent cell-type-specific response rules specify how that state is expressed. We formalize this organization as a linear shared-state model that captures most of the reproducible transcriptional response variance. This separation between shared response state and cell-type-specific response rules generalizes to unseen donors and perturbations and extends to longitudinal variation in vivo. Thus, our results reveal an organizing principle of immune coordination, with distinct transcriptional responses across cell types representing cell-type-specific expressions of a shared donor-level response state."
2026-09-13,37,10.64898/2026.09.10.750564,1,"molecular biology","Molecular identification of vertebrate blood meals in Culicoides biting midges reveals host-vector associations relevant to arbovirus transmission in Ireland","Isiye, E.; Valcarcel Olmeda, A.; O'Neill, D.; O'Shaughnessy, J.; Zintl, A.; O'Meara, D.","Understanding the vertebrate hosts exploited by Culicoides biting midges is fundamental to assessing the transmission risk of livestock arboviruses. Blood meal analysis provides direct evidence of host-vector interactions under natural conditions; however, molecular data on Culicoides host feeding are lacking in Ireland. This study aimed to identify the vertebrate blood meal hosts of Culicoides species of veterinary importance and establish host-vector associations relevant to arbovirus transmission. A total of 115 morphologically blood-fed Culicoides females collected from 13 sites across Ireland were analysed using a sequential molecular workflow. Species-specific real-time PCR assays were used to screen for vertebrate hosts, with positive detections confirmed by mitochondrial DNA sequencing. Blood-fed Culicoides were subsequently identified to species level using DNA barcoding, enabling direct linkage between vector species and their vertebrate hosts. Vertebrate DNA was detected in 50 specimens, with cattle and horses accounting for the majority of identified blood meals. Culicoides obsoletus accounted for most cattle (n = 12) and horse (n = 11) blood meals. Culicoides scoticus fed on cattle (n = 6), horses (n = 4) and sheep (n = 1), while C. dewulfi and C. chiopterus fed predominantly on cattle, with occasional horse blood meals. Four cattle blood meals were identified from C. punctatus. No cervid-derived blood meals were detected. This study provides the first molecular characterisation of Culicoides blood meal hosts in Ireland, confirming host-vector associations between major vector species and livestock hosts of veterinary importance. Although the number of successfully characterised blood meals was modest, reflecting the inherent difficulty of recovering recently blood-fed Culicoides from field collections, the findings establish an important baseline for Ireland. The sequential molecular workflow provides a practical framework for future blood meal investigations and will support improved understanding of host-vector interactions relevant to arbovirus surveillance and risk assessment."
2026-09-13,37,10.64898/2026.09.11.750886,1,bioinformatics,"AlphaPeptTools: scverse-native analysis of mass spectrometry-based proteomics","Brennsteiner, V.; Diedrich, L.; Ben-Moshe, S.; Schwoerer, M.; Wallmann, G.; Zeng, W.-F.; scverse proteomics consortium,  ; Theis, F. J.; Mann, M.","Mass spectrometry (MS)-based proteomics now routinely profiles proteomes at scale, but extracting biological insight and integrating complementary modalities remains challenging. Here, we present AlphaPeptTools, a Python package for the analysis of MS-proteomics data built on the AnnData data structure of the scverse. AlphaPeptTools implements scalable and modular strategies for MS-data ingestion, quality control, preprocessing, and statistical analysis while seamlessly integrating with the scverse ecosystem, unlocking multi-level, spatial, and multimodal analyses."
2026-09-13,37,10.64898/2026.09.06.749672,1,bioinformatics,"A structural antibody benchmark for leakage-aware deep-learning evaluation","Cohen, T.; Bhattacharya, H.; Ozery-Flato, M.; Schneidman-Duhovny, D.","Deep-learning methods for antibody structure prediction, antibody-antigen interaction modelling and design are advancing rapidly. However, comparisons across studies remain difficult because training and test sets are often constructed independently, and a temporal cutoff alone does not prevent train-test leakage. We present SABLE (Structural Antibody Benchmark for deep-Learning Evaluation), a versioned structural antibody resource that couples a fixed training collection with a leakage-controlled held-out test set for reproducible machine-learning development and evaluation. SABLE combines 16,511 experimental training entries with 327 manually reviewed test entries and 3,274 high-confidence, patent-derived AlphaFold3 models spanning 476 antigens. Candidate test structures were selected after the AlphaFold3 temporal cutoff and filtered against the training set using antibody and antigen sequence similarity filters. Each test entry records its nearest training set neighbour, allowing users to quantify remaining relatedness and stratify performance by similarity. Versioned releases provide metadata, processed structures, CDR annotations, redundancy labels and model-confidence fields. A Python/PyTorch API and standardised benchmark metrics provide reproducible database access and evaluation code without requiring additional antibody-structure processing."
2026-09-13,37,10.64898/2026.09.06.749570,1,bioinformatics,"Iterative Gene Enrichment Analysis: interpretable networks for human and AI-assisted biological insights","Kuleshov, M.; Benita, Y.","Background: Over-representation analysis (ORA) is widely used to interpret gene lists from high-throughput biological experiments. However, ORA often produces long and fragmented lists of enriched terms that are difficult to translate into coherent, testable biological hypotheses. This challenge is amplified by the rapid growth of gene set collections and the need to integrate results across multiple gene-set collections. Large language models (LLMs) can assist in summarizing enrichment outputs, but their effectiveness is limited by the lack of reproducibility and statistically supported representations. Results: We introduce iterative Gene Enrichment Analysis (iGEA), a software framework that transforms ORA-based enrichment outputs into structured, interpretable networks, supporting human interpretation and AI-assisted exploration. iGEA iteratively selects the most significant enriched term, removes its overlapping genes from the input list, and repeats enrichment until no significant terms remain. Applied independently across gene-set collections, this procedure yields a compact set of non-overlapping enriched terms within each collection. Integration of collection-specific results yields a cross-collection gene-term network in which genes connect terms from different collections. Using a published set of HIV dependency factors, iGEA identified five compact modules spanning secretory trafficking, nuclear transport, transcription elongation, proteostasis, and innate immune signaling, enabling rapid hypothesis generation and interactive exploration. The resulting network structure supports standardized prompting and provides a structured representation for LLM-assisted summarization and exploration of enrichment results. Conclusions: iGEA provides a software framework for gene enrichment analysis that addresses the interpretation challenge of ORA by generating compact, empirically benchmarked cross-collection gene-term networks. This network representation reduces within-collection redundancy, exposes relationships across gene-set collections, and provides a structure that makes modules and hub genes easier to identify through visualization, network-based analysis, and LLM-assisted exploration. Availability: Source code is available at: https://github.com/aion-labs/Gene-Enrichment-Analysis A web-based version of the application is available at: https://iterative-gene-enrichment.streamlit.app"
2026-09-13,37,10.64898/2026.09.06.749750,1,"pharmacology and toxicology","Blockade of Kv3.1 by MK-801, a PCP-Derivative NMDA Receptor Inhibitor: Implications for Models of Schizophrenia","Park, T. J.; PARK, S. W.; Park, S.; Lim, Y.; Lee, H.; Kim, J.; Kim, H.; Kim, D. H.; O-Uchi, J.; Seo, M. S.; An, J. R.; Choi, B. H.; Bae, Y. M.","MK-801, a phencyclidine (PCP) derivative also known as dizocilpine, is a potent noncompetitive antagonist of the N-Methyl-D-aspartate receptor (NMDAr). The NMDAr plays a critical role in mediating excitatory synaptic transmission in the central nervous system (CNS) and is important in regulating synaptic plasticity, learning, and memory. MK-801 is known to induce schizophrenia-like phenotypes in animal models by blocking the NMDAr. Several studies have reported that the cognitive impairment associated with schizophrenia is linked to functional defects of ion channels in parvalbumin-positive GABAergic interneurons. Kv3.1 is a voltage-gated K+ (Kv) channel involved in the rapid repolarization of the action potential in neurons; it is richly expressed in parvalbumin-positive GABAergic interneurons and is associated with fast, repetitive spike generation. A decrease of Kv3.1 in the CNS has been reported to be associated with schizophrenia. In the present study, the effect of MK-801 on Kv3.1 was investigated using the whole-cell patch-clamp technique in Chinese hamster ovary (CHO) cells stably expressing Kv3.1. MK-801 caused a concentration-dependent inhibition of Kv3.1, with an IC50 of 10.81 M and a Hill coefficient of 0.89. The blocking potency was stronger at depolarized potentials, indicating a voltage-dependent block. MK-801 also produced a use-dependent block, inducing progressive inhibition with repeated stimulation at increased frequencies (1 Hz and 2 Hz), consistent with a delay in recovery from inactivation of Kv3.1 in the presence of MK-801. In addition, MK-801 induced a hyperpolarizing shift in the voltage dependence of the steady-state inactivation curve of Kv3.1. Taken together, these results indicate that MK-801 blocks Kv3.1 expressed in CHO cells in a concentration-, voltage-, and state-dependent manner. Given the importance of Kv3.1 in parvalbumin-positive, fast-spiking GABAergic interneurons, these findings suggest that MK-801 may alter the firing patterns of these inhibitory neurons, contributing to the onset and symptoms of schizophrenia."
2026-09-13,37,10.64898/2026.09.11.747888,1,"systems biology","A panel of Diversity Outbred mouse embryonic stem cells: enabling the functional characterization of natural genetic variation in vitro","Brady, M. M.; Swanzey, E.; Janeczko, K.; Widmayer, S. J.; Dewey, H. B.; Aydin, S.; Martin, W.; Brunton, C.; Srivastava, A.; Gatti, D. M.; Reinholdt, L. G.; Munger, S. C.; Baker, C. L.","Phenotypic variation in pluripotent stem cells arises largely from genetic variants that impact stability of the pluripotent state, response to differentiation cues, and cell fate diversification. Panels derived from genetic reference populations leverage genetic diversity to map the loci influencing these molecular and cellular traits. Here we describe the first publicly available resource for in vitro systems genetics in Mus musculus: 299 genetically diverse, highly heterozygous embryonic stem cell lines derived from Diversity Outbred mice, with minimal kinship across the panel. We characterize genomic integrity and allelic variation across the panel and describe differences in pluripotency and differentiation networks in embryoid bodies. Mapping the genetic determinants of gene expression differences in response to cadmium exposure in embryoid bodies identified 13 regulatory hotspots, the largest acting on ribosome biogenesis genes. This panel enables mapping of loci and gene-by-environment interactions that influence molecular identity in pluripotent cells and their derived cell types."
2026-09-13,37,10.64898/2026.09.06.749753,1,immunology,"Plasma Proteomic Profiling Identifies a Subset of HIV Elite Controllers with Inflammatory Profiles Resembling People Without HIV","Falcinelli, S. D.; Maison, D. P.; Avila-Vargas, I.; Dalhuisen, T.; Jiang, C.; Lian, X.; Gao, C.; Shin, M.-G.; Thomas, R.; Feng, J.; Salazar, J.; Hoh, R.; Martin, J. N.; Deeks, S. P.; Hunt, P. W.; Lichterfeld, M.; Yu, X.; Henrich, T. J.; Peluso, M. J.","Background: Elite controllers (ECs) are people with HIV (PWH) who suppress viral replication without antiretroviral therapy (ART). A subset, often termed exceptional elite controllers (EECs), harbor very small viral reservoirs, with few intact proviruses integrated into inactive chromosomal regions. Defining inflammatory signatures in ECs may clarify whether some approach a functionally cured state. Methods: We measured 384 plasma proteins in ART-naive ECs (n=62), ART-suppressed non-controllers (n=37), and people without HIV (PwoH) (n=50) using Olink proteomics, and compared proteomic profiles, clinical parameters, and intact reservoir data using FLIP-Seq. Hierarchical clustering identified ECs whose proteomic profiles most closely resembled PWoH; this subset was further analyzed using machine-learning approaches. Results: ART-suppressed non-controllers had higher inflammatory protein levels than ART-naive ECs, yet ECs still showed elevated inflammation and lower CD4:CD8 ratios compared with PWoH. Clustering analysis revealed a distinct subset of ECs (n=9) whose profiles closely matched those without HIV (ECs with PWoH-like proteomic profiles), a pattern not observed in ART-suppressed non-controllers. Compared to typical ECs, ECs with PWoH-like proteomic profiles had consistently lower IL-1{beta}, SCRN1, and BID, numerically lower intact proviral frequencies, and a high frequency of protective HLA alleles. Machine-learning analyses highlighted features that most strongly differentiated ECs with PWoH-like proteomic profiles from typical ECs, including reduced gut mucosal/intestinal epithelial-associated proteins, higher absolute CD4 counts, and lower levels of pro-inflammatory cytokines and cellular immune activation. Conclusions: These findings identify a subset of ECs with a PWoH-like inflammatory proteomic profile, accompanied by numerically lower intact HIV reservoirs and a high frequency of protective HLA alleles. Defining the mechanisms associated with this low-inflammatory state may provide insights into exceptional HIV control and inform strategies for durable HIV remission."
2026-09-13,37,10.64898/2026.09.07.749884,1,immunology,"Adenosine impairs T cell function via activation of purine salvage pathway and AMP-induced inhibition of pyrimidine nucleotide biosynthesis","Losenkova, K.; Von Danwitz, U. J.; Kreisig, N.; Svard, S.; Baier, J. S.; Weiler, C.; Zavialov, A.; Thomson, N. J.; Muller, C. E.; Gani, O.; Jalkanen, S.; Takeda, A.; Yegutkin, G. G.","Extracellular adenosine (ADO) is a well-established immune checkpoint mediator suppressing T cells via activation of A2A receptors, yet intracellular mechanisms of ADO action remain less understood. Here, we show that activated human T cells transport extracellular ADO through equilibrative nucleoside transporter 1 (ENT1) and metabolize it through ATP salvage pathway. The generated ADO metabolite AMP inhibits UMP synthase (UMPS), the rate-limiting enzyme of de novo pyrimidine biosynthesis, leading to diminished ATP production via conventional bioenergetic pathways, increased apoptosis, and impaired effector functions of T cells. Flow cytometric and single-cell transcriptomic analyses further revealed that ADO restrains the exit of naive T cells from quiescence. All effects of ADO were phenocopied by treating T cells with the inhibitors of UMPS and reversed after pharmacological blockage of ENT1 or uridine supplementation. Additional molecular docking, molecular dynamics simulations, and free-energy analyses indicate that AMP can occupy the orotidine 5'-monophosphate (OMP) decarboxylase catalytic site of UMPS with the same anchoring contacts as substrate OMP and product UMP, providing a structural rationale for direct AMP-mediated inhibition of pyrimidine biosynthesis. These findings demonstrate that immunosuppressive effects of ADO extend beyond canonical adenosinergic signaling and involve cellular ADO uptake and modulation of purine and pyrimidine metabolism."
2026-09-13,37,10.64898/2026.09.11.750938,1,microbiology,"A complex two-component system CdgKA-CdgSH fine-tunes c-di-GMP homeostasis in a Cyanobacterium","Sun, Q.-X.; Ding, Z.-R.; Zhang, C.-C.; Zeng, X.","The second messenger c-di-GMP plays a critical role in regulating cell size and growth in the cyanobacterium Anabaena sp. PCC 7120. While all 16 c-di-GMP metabolic enzymes and the primary receptor CdgR have been identified, how metabolic enzyme activity is controlled to maintain c-di-GMP homeostasis remains largely unexplored. Here, using a suppressor-screening approach based on c-di-GMP-deficient mutants, we identify All0729 (CdgKA) as a regulator that orchestrates c-di-GMP homeostasis and cell size regulation. Genetic and quantitative analyses demonstrate that CdgKA acts upstream of All2306 (CdgSHA), the reported major c-di-GMP hydrolase, to modulate the activity of the latter. While c-di-GMP synthesis mutants displayed reduced c-di-GMP levels and decreased cell size, inactivation of cdgKA or cdgSHA in these mutant backgrounds rescued both the c-di-GMP levels and cell size. We propose that CdgKA and CdgSHA form a complex two-component system, and the phosphorylation of CdgSHA enhances its c-di-GMP-degrading activity. While the previously identified two-component system composed of CdgK-CdgS regulates c-di-GMP synthesis, the CdgKA-CdgSHA system controls its degradation. Together, they constitute a dual TCS network that precisely tunes c-di-GMP levels and cell size, establishing a regulatory link between two-component signaling and second messenger homeostasis in cyanobacteria."
