Date,ISOWeek,DOI,Version,Category,Title,Authors,Abstract
2026-09-14,38,10.64898/2026.09.08.750207,1,biochemistry,"SGFP-Grid Split GFP Graphene Grids","Feng, H.; Pickett, J.; Miao, Q.; Hou, J.; Peng, W.; Han, Y.; Zhou, Z.; Teng, M.; Wang, Z.","Affinity graphene grids provide a promising approach for selective protein capture in cryo-EM. Here, we introduce a split-GFP graphene grid platform(SGFP-G), in which graphene-conjugated GFP 1-10 selectively captures GFP11 tagged proteins from low concentration samples or cell lysates. This platform enables rapid assessment of target protein enrichment and particle distribution before vitrification via fluorescence imaging, while the grid design positions captured proteins away from the graphene surface and air-water interface. We also introduce a unique strategy to minimize nonspecific protein adsorption, thereby improving the selective enrichment of target proteins on this grid. Using GFP11-tagged apoferritin, we demonstrate fluorescence guided protein capture and obtain a 2.58 [A] cryoEM reconstruction, establishing SGFP-G as an affinity grid platform for high resolution structural studies with reduced sample requirements."
2026-09-14,38,10.64898/2026.09.11.750905,1,"systems biology","Competing constraints on protein availability and nutrient uptake reshape yeast genetic interactions","Almaas, E.; Kumelj, T.","Epistasis predicted by enzyme-constrained metabolic models is computed at a single value of the protein available to metabolism, although that amount varies two- to three-fold with growth rate. We ask how epistatic interactions are affected by computing every single and pairwise gene deletion in an enzyme-constrained model of Saccharomyces cerevisiae while sweeping protein availability, with and without a bound on nutrient uptake. Protein availability changes relative fitness only under co-limitation, when the protein pool and a nutrient constraint limit growth together. The pool alone, the configuration in which these models are calibrated, makes protein a mere scale factor: no interaction changes sign. Under co-limitation, one genetic interaction in three is gained or lost across the physiological range. Most of this is inherited from single mutants of the respiratory machinery, which is recruited as protein becomes available. The epistasis between a glycolytic lesion with a protein-expensive bypass and the respiratory chain changes sign where the optimum switches from fermentation to respiration. We also find protein-priced interactions: the network supplies a bypass around each deletion and the pool gives it a price, so two genes with no stoichiometric coupling interact whenever the bypass around one competes with the route of the other for the protein pool. Isozyme pairs predicted neutral by flux balance analysis show negative epistasis for the same reason. Relative fitness depends on protein availability and nutrient supply only through their ratio. Thus, nutrient supply is a directly accessible experimental parameter to test epistatic interactions. Sign inversion, isozyme pairs, and interactions with cofactor-consuming branches are predictions a condition-resolved genetic interaction screen can test."
2026-09-14,38,10.64898/2026.09.11.750954,1,"molecular biology","A Pmk1-Regulated Mst12-Bip1 Network Coordinates Appressorium Function, Effector Deployment, and Invasive Growth by Magnaporthe oryzae","Molinari, C.; Sahu, N.; Ryder, L. S.; Yan, X.; Geshkovski, V.; Nobori, T.; Talbot, N. J.","To cause rice blast disease, the filamentous fungus Magnaporthe oryzae develops a specialised infection cell called an appressorium, which generates enormous turgor to breach the rice leaf cuticle. Although key regulators of appressorium development have been identified, it is not known how they drive the extensive transcriptional reprogramming required for infection-related morphogenesis. Here, we show that the Pmk1 MAP kinase orchestrates plant infection by regulating a transcriptional network controlled by the Mst12 and Bip1 transcription factors. Bip1 is regulated both by Pmk1-dependent phosphorylation and at the transcriptional level, while Mst12 binds to a cis-acting element upstream of BIP1 essential for pathogenesis. Bip1 and Mst12 are both necessary for regulating a set of Pmk1-dependent appressorium-specific genes, including transcriptional regulators, cell wall-degrading enzymes, and effector proteins. In addition, Mst12 specifically regulates functions required for appressorium-mediated penetration, while Bip1 controls a distinct sub-set of effector genes deployed during invasion of plant tissue. When considered together, these findings define a Pmk1-dependent transcriptional network required for plant infection by the blast fungus."
2026-09-14,38,10.64898/2026.09.10.750405,1,"molecular biology","The obesity associated BDNF intron-3 cis-regulatory element, BE5.1, modulates the effects of early-life stress on weight gain, anxiety and gene expression in a sex dependent manner.","McEwan, A. R.; Morgan, J.; Hutchings, G.; Rattray, A.; Collie-Duguid, E.; Al-Jishi, J.; Heidari, Z.; Ritchie, G.; van de Lagemaat, L. N.; Murgatroyd, C.; MacKenzie, A.","Early-life stress (ELS) has been associated with increases in obesity and anxiety and affects males and females in different ways. Animal and human studies indicate that ELS has maladaptive effects on brain development due, in part, to disruptions in the expression of genes that include brain-derived neurotrophic factor (BDNF). Our previous studies identified a cis-regulatory element (CRE, BE5.1) within BDNF intron-3 that harbours a SNP associated with obesity and anxiety. We used maternal separation (MS) to examine the role of BE5.1 in controlling resilience to the maladaptive effects of ELS. At 9-11 weeks, BE5.1KO mice experience a delay in weight gain compared to WT mice, a phenotype partly reversed by MS in BE5.1KO females. The effects of either MS or BE5.1KO decreased anxiety-like behaviour in males whereas MS had little effect in females who displayed increased anxiety-like behaviour in animals lacking BE5.1. We also found that social behaviours are influenced by BE5.1 deletion in females but are more influenced by MS in males. Furthermore, deletion of BE5.1 and MS together significantly decreased marble burying behaviour in male mice, an effect negated by diazepam. RNA-seq analyses suggest that, in hypothalamus, BE5.1 is required to stabilize or down-regulate the transcription of 26 key genes, with diverse neuroregulatory roles, in response to MS as these 26 genes are strongly upregulated in the absence of BE5.1. We also provide evidence that three of these genes; Prkcg, Foxg1 and Mef2c, modulate BE5.1 activity in an allele-specific manner. Taken together, these results suggest that the BE5.1CRE acts as a buffer element that protects against the maladaptive effects of MS on gene expression and later life behaviours in a sex-dependent manner."
2026-09-14,38,10.64898/2026.09.10.750647,1,"molecular biology","A sphingomyelin-cholesterol complex regulates TLR4 activation in microglia","Anton-Barros, C.; Villarejo-Zori, B.; Carmona-Lorenzo, S.; Barbero-Paredes, J. M.; Gonzalez-Diaz, D.; Uceda, M.; Fernandez-Bernal, A.; Portero-Otin, M.; Ayuso-Fernandez, I.; Galiana-Rosello, C.; Garcia-Garcia, F.; Navarro, E.; Montesinos, J.","Microglial activation in response to lipopolysaccharide (LPS) requires Toll-like receptor 4 (TLR4) redistribution into cholesterol- and sphingolipid-rich membrane domains, yet the lipid determinants of this process remain unclear. Here, we identify cholesterol accessibility as a key driver of TLR4-dependent microglial activation. We show that LPS increases cholesterol uptake and mobilization, whereas inhibition of intracellular cholesterol trafficking or the plasma membrane-to-ER cholesterol transporter Aster attenuates inflammatory responses. Scavenger receptor class B type 1 (SR-B1) mediates LPS-induced cholesterol uptake, and its inhibition suppresses TLR4 signaling, receptor recruitment to detergent-resistant membrane domains, and TLR4 endocytosis without altering bulk cellular cholesterol. Instead, SR-B1 inhibition remodels the sphingolipidome and expands the sphingomyelin-associated cholesterol pool, as detected by OlyA, while LPS promotes remodeling of this pool and increases accessible cholesterol detected by D4H. Manipulation of sphingomyelin-cholesterol interactions alters membrane properties and TLR4 trafficking, while stabilization of these complexes suppresses inflammatory activation. In vivo, LPS induces remodeling of sphingomyelin-associated cholesterol in microglia, whereas Alzheimer's disease-related ApoE4/Trem2R47H microglia show impaired cholesterol-pool remodeling and enhanced inflammatory responses. Together, these findings establish sphingolipid-dependent cholesterol accessibility as a key regulatory layer controlling TLR4 organization and microglial inflammatory activation, positioning SR-B1 as an upstream regulator of this lipid-signaling axis."
2026-09-14,38,10.64898/2026.09.08.750271,1,"cell biology","Septin inhibitors exert opposing effects on distinct higher-order septin structures in melanoma cells","Gravano, M. M.; Farmer, L. M.; Richmond, N.; Mehta, I.; Deshmukh, A.; Weems, A. D.","Septins are cytoskeletal GTPases that assemble into diverse higher-order structures with context-dependent mechanical and signaling functions. Recent work identified a septin-dependent pro-survival pathway in metastatic cancer cells, termed bleb signaling, in which plasma membrane blebbing promotes the formation of septin signaling hubs that support survival during cellular detachment and dissemination. Disrupting these hubs may offer a novel therapeutic strategy targeting disseminated cancer cells. Here, we compare the effects of three septin-targeting compounds, forchlorfenuron (FCF), UR214-9, and REM127, on septin organization and viability in melanoma cells using confocal microscopy and quantitative computer vision analysis. FCF and UR214-9 both effectively destabilized septin hubs, while REM127 had no appreciable effect. FCF also reproduced the context-specific viability reduction previously seen in detached melanoma cells, while UR214-9 caused broad off-target toxicity and cell death in all growth conditions. As with hub disruption, REM127 produced no effect on viability. Surprisingly, though none of the compounds caused an increase in higher-order septin structures during detachment, all three increased end-on-end polymerization of filamentous septins at stress fibers when grown adhered to substrate. These findings demonstrate that septin-targeting compounds exert divergent effects on different classes of septin higher-order structures within the same cell type, promoting filamentous assembly while disrupting or failing to promote membrane-associated signaling hubs. This highlights not only the structural distinctiveness of such classes, but that pharmacological targeting can produce opposite effects on them. Moreover, this study emphasizes the need for next-generation septin inhibitors capable of selectively targeting disease-relevant septin assemblies."
2026-09-14,38,10.64898/2026.09.07.749905,1,"cell biology","REDD1 Regulates MERCS, Protein Synthesis and NMJ Stability in Fast Myofibers During Dexamethasone-Induced Muscle Wasting","Pereira, D.; Simon, F.; Di Gallo, M.; Jauliac, E.; Macaux, G.; Cepella, Z.; Polat, S.; Campagna, A.; Arnould, O.; Bertrand-Gaday, C.; Backer, S.; Sinclair, A.; Jacques, S.; Izac, B.; Schmitt, A.; Delobel, P.; Pagano, A.; Hucteau, E.; Mallard, J.; Rieusset, J.; Rousseaux, T.; Chabi, B.; Ollendorff, V.; PY, G.; Britto, F.","Background: Glucocorticoids cause skeletal muscle atrophy preferentially affecting fast glycolytic fibers, but the mechanisms involved in this fiber selectivity is unclear. REDD1 is a glucocorticoid-induced stress protein that limits muscle protein synthesis inducing atrophy. However, it remains unknown whether REDD1 exerts myofiber type-specific effects and through which precise mechanisms it regulates protein synthesis. We investigated the role of myofiber REDD1 expression in dexamethasone (DEX)-induced muscle atrophy, with a particular focus on its involvement in mitochondria-ER contact sites (MERCS), protein synthesis, and neuromuscular junction (NMJ) integrity. Methods: We generated tamoxifen-inducible, muscle-specific REDD1 knockout mice (REDD1fl/flHSA-CreERT2) and compared them with floxed littermates (WT) in a 2x2 design (WT/KO x PBS/DEX, 7 days). We combined single-nucleus RNA sequencing, RNAscope, immunofluorescence, transmission electron microscopy, proximity ligation assay, SUnSET puromycin labelling, western blot and RT-qPCR, and AdenoFATE1-mediated MERCS disruption in C2C12 myotubes. Results: Glucocorticoid receptor and REDD1 transcripts were co-enriched in fast glycolytic fibers mostly atrophied by DEX (~20%). REDD1 deletion in myofiber drove to lower basal muscle mass and fast fiber volume but protected them from DEX-induced atrophy. DEX inhibited protein synthesis (~70%) in WT mice with no matching change in Akt/mTOR-pathway activity. In REDD1 KO mice, protein synthesis was already low and was not affected by DEX. DEX-induced REDD1 expression remodelled mitochondrial network and MERCS in a subcellular compartment-specific manner. The intermyofibrillar MERCS minimum distance shortened in both genotypes reaching pathological distances only in WT mice (WT ~28 --> ~5 nm; KO ~25 --> ~15 nm). Perinuclear MERCS and mitochondria-nuclei distances increased in WT mice only (~18 --> ~45 nm and ~130 --> ~460 nm). In WT mice only, DEX-induced alteration of the perinuclear mitochondrial network was associated with a loss of myonuclei accumulating mt-RNA and exhibiting an anabolic transcriptomic signature notably enriched in sarcomeric transcripts. These findings suggest that REDD1-dependent MERCS remodelling may regulate muscle anabolism beyond the control of mRNA translation, by shaping the myonuclear transcriptome. Finally, REDD1 localised to the NMJ and reduced endplate area during DEX treatment. Interestingly, MERCS were denser in NMJ than in myofiber body and we showed in vitro that FATE1-mediated MERCS disruption was sufficient to reduce protein synthesis and agrin-induced acetylcholine-receptor clustering demonstrating that REDD1 and MERCS are important for NMJ stabilization. Conclusions: Muscle REDD1 links the glucocorticoid response to compartment-specific mitochondrial network remodelling, protein synthesis as well as NMJ stability in fast glycolytic fibers. Our results also show that REDD1 is important for maintaining basal mitochondrial network and protein synthesis homeostasis."
2026-09-14,38,10.64898/2026.09.11.751010,1,biochemistry,"Action of cofilin on ADP-Pi-containing actin filaments","Kassamaly, I.; Nojszewska, N.; Dos Santos, T.; Wioland, H.; JEGOU, A.; Romet-Lemonne, G.","In cells, the disassembly of actin filaments is tightly controlled by molecular mechanisms where cofilin plays a central role. Cofilin binds to actin filaments cooperatively, forming clusters that lead to the severing of the filaments. Since cofilin binds preferentially filaments that have hydrolysed ATP and released inorganic phosphate (Pi), most studies have focused on the action of cofilin on ADP-actin filaments. Here, we ask how cofilin binds and severs filaments that still contain a large fraction of ADP{middle dot}Pi-actin. To answer this, we use microfluidics and fluorescence microscopy to monitor single filaments exposed to cofilin in controlled conditions, allowing us to disentangle and to quantify the different reactions. We find that the step limiting cluster nucleation is the binding of 2 cofilins on a minimal group of 3-4 contiguous ADP-actin subunits. Cofilin clusters then expand mostly in the direction of the pointed end of the filament, by easily binding to the ADP-actin neighbor of an ADP{middle dot}Pi-actin subunit, whose Pi release it accelerates. Severing at the ADP{middle dot}Pi-actin/cofilin cluster boundary is 30-fold slower than for an ADP-actin boundary. Globally, it seems that cofilin senses and modifies the nucleotide state of the actin subunits that are in its direct vicinity only. Our results provide a more comprehensive understanding of the action of cofilin, taking into account the nucleotide-state complexity of actin filaments."
2026-09-14,38,10.64898/2026.09.09.750069,1,biochemistry,"Biochemical characterisation of fungal bioluminescence enzymes reveals substrate inhibition and secondary turnover of 3-hydroxyhispidin by H3H","Burnett, J. F.; Lang, J.; Tumber, A.; Mackenzie, H. W.; Poplevicheva, I.; Chan, I. X. R.; Watson, C.; Rabe, P.","The fungal bioluminescence pathway enables autonomous light production from caffeic acid and has emerged as a versatile platform for bioimaging and synthetic biology. However, biochemical characterisation of its core enzymes remains limited. Here, we establish recombinant purification and quantitative in vitro characterisation of fungal luciferase (Luz) and hispidin-3-hydroxylase (H3H) homologues from Neonothopanus nambi and Mycena chlorophos. Complementary luminescence and mass spectrometry-based assays revealed pronounced substrate inhibition of H3H by hispidin, conserved across both homologues. Direct monitoring of substrate turnover further revealed an unexpected secondary H3H-catalysed conversion of 3-hydroxyhispidin that remained dependent on NADPH and FAD. NMR, isotope labelling and product characterisation support an additional oxidative transformation followed by formation of multiple downstream products, including caffeic acid, thereby reconnecting secondary turnover with an upstream intermediate of the pathway. H3H nevertheless retained a strong kinetic preference for hispidin over 3-hydroxyhispidin. Together, these findings reveal previously unrecognised catalytic complexity within the fungal bioluminescence pathway and provide a biochemical framework for understanding and engineering pathway flux."
2026-09-14,38,10.64898/2026.09.10.750156,1,biochemistry,"A Proximity-Driven Functional Screening Platform for the Discovery of Noninhibitory USP7 Ligand Enabling Targeted Protein Stabilization","Gui, W.; Young, K. E.; Kumarathunga, J.; Kandambi, H.; Fernandes Ferro, V.","Targeted protein stabilization by deubiquitinase-targeting chimeras (DUBTACs) has emerged as a promising therapeutic strategy for preserving the function of essential proteins. DUBTACs are bifunctional molecules that recruit deubiquitinating enzymes (DUBs) to remove ubiquitin chains from substrate proteins, thereby preventing their proteasomal degradation. A key requirement for DUBTACs development is the identification of ligands that bind DUBs without impairing their catalytic activity. However, such noninhibitory ligands are exceedingly rare. Here, we report a novel proximity-driven on-bead functional screening platform for the discovery of noninhibitory DUB ligands. Using this approach, we discovered a previously unreported noninhibitory ligand for USP7. Furthermore, we generated DUBTACs by conjugating this USP7 ligand to a CFTR-binding ligand. Our lead compound, WJ045, effectively stabilized CFTR protein levels in cells, demonstrating the potential of this platform for discovering DUB recruiters and facilitating the development of targeted protein stabilization therapeutics."
2026-09-14,38,10.64898/2026.09.10.750631,1,biochemistry,"IKKα and IKKβ serve as kinase-independent scaffolds that prevent proteasomal degradation of NEMO","Cook, S. J.; Balmanno, K.; Prescott, J. A.; Myers, N.; Griffiths, E. J.; Shaul, Y.","NF-{kappa}B essential modulator (NEMO) is the critical scaffold protein of the canonical I kappa B kinase (IKK) complex. Whilst studying the contribution of IKK and IKK{beta} to NF-{kappa}B signalling we noted that NEMO protein levels were reduced in IKK knockout (KO) HCT116 cells. Loss of NEMO was more pronounced in IKK KO cells than IKK{beta} KO, whilst IKK+IKK{beta} double knockout (DKO) cells exhibited a 90% reduction in NEMO abundance. In contrast, the abundance of IKKs was unaffected by NEMO KO, although this abolished canonical NF-{kappa}B activation. Loss of IKKs had no effect on NEMO mRNA levels but IKK DKO cells exhibited accelerated NEMO protein turnover that was reversed by the proteasome inhibitor, MG132, but not the NEDDylation inhibitor, MLN4924. TAK-243, a selective inhibitor of UBA1, the E1 ubiquitin-activating enzyme, increased basal NEMO levels in DKO cells but did not prevent NEMO turnover suggesting both ubiquitylation-dependent and independent pathways for degradation. Bioinformatic analysis identified substantial regions of intrinsic disorder within the N- and C-termini of NEMO. NEMO was rapidly degraded by isolated 20S proteasomes in vitro and this was inhibited by interaction with IKK or IKK{beta}. Finally, re-expression of IKK increased NEMO expression in IKK DKO cells and this required the C-terminal NEMO binding domain (NBD) but not a functional kinase domain. Thus the IKKs act as critical kinase-independent scaffolds that stabilise NEMO; loss of these interactions results in NEMO degradation via the proteasome. These results may be relevant to strategies for inhibiting NF-{kappa}B signalling by disrupting NEMO:IKK interactions."
2026-09-14,38,10.64898/2026.09.10.750620,1,biochemistry,"Plant ABCC1 orthologs from agronomically relevant species reveal conserved principles of detoxification transport","Wathukoralage, M. R.; Culbertson, A. T.","Cytosolic detoxification through vacuolar sequestration is essential for plant growth and stress tolerance. A key driver of this process is the vacuolar ABC transporter, ABCC1, which sequesters diverse amphiphilic anions including glutathione (GS)-conjugates, glucuronic acid-conjugates, and thiol-coordinated metal complexes. However, mechanistic studies of plant ABCC1 have largely relied on Arabidopsis genetics and crude membrane transport assays. Here, phylogenetic and sequence-guided analysis of ABCC1 orthologs from multiple plant species was combined with in vitro functional assays with purified protein to investigate plant ABCC1 transporter activity. Compared to mammalian ABCC1, all plant ABCC1 orthologs contain a conserved bipartite binding pocket with a cationic pocket for anion recognition and a hydrophobic pocket. Key differences between mammalian and plant ABCC1 include a substitution in the cation coordinating histidine residue that is compensated by a peripheral arginine mutation to preserve the cationic electrostatic environment. Furthermore, the plant ABCC1 hydrophobic pocket is enlarged relative to its mammalian counterpart due to several substitutions with smaller side-chain residues. To investigate the in vitro activity of plant ABCC1, several orthologs were screened for expression, and those from maize, date palm, and rice exhibited high biochemical stability and comparable substrate-stimulated ATPase activity. ZmABCC1 was further characterized through a series of assay optimization experiments, which found that its ATPase activity is strongly stimulated by E217{beta}G and GS-conjugates, and inhibited by orthovanadate. This study verifies that ABCC1 is widely conserved across plant species with a consistent substrate binding pocket and activity, supporting its role in cytosolic detoxification in plants."
2026-09-14,38,10.64898/2026.09.10.750725,1,biochemistry,"An efficient system for production of highly purified inhibins using mammalian cell expression and tandem affinity purification","Buddle, E. R. S.; Hinck, C. S.; Lin, Y.-F.; Wang, Y.; Krzysiak, T. C.; Bernard, D. J.; Hinck, A. P.","Inhibin A and B (InhA and InhB) are potent negative regulators of follicle-stimulating hormone (FSH), which is essential for female fertility. InhA and InhB are heterodimeric transforming growth factor {beta} (TGF-{beta}) family ligands consisting of an inhibin  (inh) subunit disulfide linked to an inhibin {beta}A or {beta}B (inh{beta}A, inh{beta}B) subunit, respectively. During purification, inhibins must be separated from activins (inh{beta}A or inh{beta}B homodimers), which always form when producing inhibins, and have the opposite effect on FSH synthesis. Current inhibin purification methods are technically challenging, require reagents that are not generally available, result in low purity or contamination with activins, or employ substitutions within the growth factor domain to favor inhibin formation over activin. We developed a simple and high-yielding expression and purification system for inhibins by transfection of suspension-cultured mammalian cells and tandem affinity chromatography, followed by reverse-phase purification of the mature ligands. We purified 1.4 mg (n = 3, SD = 0.47) and 0.093 mg (n = 3, SD = 0.043) of wild-type InhA and InhB per liter of culture medium with little to no contaminating activin A or B, at equal to higher purity and bioactivity than commercially available inhibins. Thus, we present a simple, robust, and versatile system for producing inhibins to interrogate their functions and mechanisms of action in vitro and in vivo."
2026-09-14,38,10.64898/2026.09.09.750415,1,biochemistry,"Mapping the Nonhistone Interactome of the TRIM24 Bromodomain Using Genetically Encoded Complementary Photocrosslinkers","Bardhan, I.; Chakraborty, S.; Ponnaganti, N. S.; Sudhamalla, B.","TRIM24 is a tandem epigenetic reader containing plant homeodomain (PHD) and bromodomain modules in its C-terminal region. The PHD domain recognizes unmodified lysine 4 of histone H3, whereas the bromodomain recognizes acetylated histones H3 and H4. However, whether the TRIM24 bromodomain also engages acetylated nonhistone proteins remains poorly understood. To address this question, we developed site-specific photocrosslinking probes for the TRIM24 bromodomain using interaction-based protein profiling (IBPP). 4-azido-L-phenylalanine (AzF) and 4-benzoyl-L-phenylalanine (BzF) were genetically incorporated at L922, a residue positioned within the acetyllysine-binding pocket. Both variants preserved recognition of acetylated histone peptides and underwent efficient UV-dependent photocrosslinking. Quantitative proteomics of photocaptured proteins revealed distinct profiles for the two probes, identifying NPM1 among the L922AzF-enriched proteins and CDK9 among the L922BzF-enriched proteins. Additional candidate proteins included MAP4, RAN, and SND1. ChIP-seq analysis showed overlapping genomic enrichment of TRIM24, CDK9, and NPM1 near transcription start sites of cancer-associated genes. KEGG analysis further placed the identified proteins in several signalling pathways. Collectively, this study demonstrates that site-specific photocrosslinking can expand interactome analysis of epigenetic reader domains and provides candidate nonhistone proteins associated with the TRIM24 bromodomain for further investigation."
2026-09-14,38,10.64898/2026.09.08.750072,1,biochemistry,"Dynamic architecture of the Rixosome reveals mechanism of activation and ITS2 processing","Thoms, M.; Zhu, J.; Hong, X.; Denk, T.; Stritzel, J.; Niu, S.; Berninghausen, O.; Li, Y.; Liu, J.; Beckmann, R.; Cheng, J.","Eukaryotic ribosome assembly requires the coordinated processing and extensive remodeling of pre-rRNAs. During late nuclear maturation of the 60S subunit, sequential removal of the internal transcribed spacer 2 (ITS2) is initiated by endonucleolytic cleavage at site C2 by the conserved Las1 nuclease. Las1 acts together with the kinase Grc3 and the Rix1 complex to form the Rixosome, which also functions in transcriptional regulation. However, the assembly of the Rixosome, its recruitment to pre-ribosomes, and its activation for ITS2 cleavage remain unclear. Here, we present cryo-EM structures of the human LAS1 complex, two structures of the isolated Rixosome and nine transition states of Rix1-bound pre-60S particles from Schizosaccharomyces pombe. These structures reveal a dynamic Rixosome architecture in which the heterotetrameric Las1 complex engages one or two copies of the Rix1 complex. Rix1 binding is highly flexible in the human Rixosome but rigid in the yeast complex. The isolated yeast Rixosome remains inactive, but binding to the pre-60S particle triggers a structural rearrangement that allows for substrate engagement and activation of the nuclease. Together, our results define the dynamic architecture of the Rixosome and provide a structural framework for ITS2 processing during nuclear maturation of the eukaryotic 60S ribosomal subunit."
2026-09-14,38,10.64898/2026.09.11.751006,1,biochemistry,"Single-molecule nanopore sequencing reveals spatial coordination of rRNA modifications in human ribosomes","Ettenger, G.; Fleming, A. M.","Ribosomal RNA has a high density of epitranscriptomic modifications essential for faithful translation, and their levels vary across cell types and in disease. Typically, rRNA modifications are quantified in bulk, and therefore, coordination on individual RNA molecules has remained poorly understood. Herein, modification-aware, single-molecule nanopore sequencing enabled detection of the co-occurrence of rRNA modifications on individual transcripts, resolving coordination invisible to ensemble methods. An analytical framework was established that separates co-occurrence from read-quality, false-positive, calling-artifact, near-saturation, and global modification-level confounds, using human rRNAs from HEK293T cells as the test dataset. The method was applied to four human cell lines to find that co-occurrence is not generally explained by a shared small nucleolar RNA (snoRNA) guide; instead, coordinated modifications cluster locally, within [~]100 nucleotides and 35-40 angstroms in the folded ribosome. For one shared-guide pair, coordination increased as guide levels fell across cell lines, possibly indicating an all-or-nothing mode of modification per molecule under limiting guide availability. Further, the results revealed rRNA heterogeneity between the cells in overall modification levels. Finally, levofloxacin remodeled specific modification sites and their local co-occurrence networks, showing that the approach can reveal small-molecule perturbation of rRNA modification networks."
2026-09-14,38,10.64898/2026.03.02.709099,3,bioengineering,"Reproducible Research: Computational Design of Personalized Clinical Treatments for Walking Impairments Caused by Knee Osteoarthritis and Stroke","Salati, R. M.; Li, G.; Williams, S. T.; Fregly, B. J.","Background: Personalized computational neuromusculoskeletal models have great potential for optimizing the design of clinical treatments for movement impairments. While many software tools address specific parts of the model personalization and treatment optimization processes, they typically require significant programming experience to use and do not cover the full breadth of these two processes. Furthermore, published neuromusculoskeletal modeling studies typically do not provide all the methodological details needed for others to reproduce the work. Consequently, researchers seeking to develop skills in the model personalization and treatment optimization processes face a steep learning curve due to the lack of detailed training materials that demonstrate both processes for real-life clinical problems using real-life subject movement data. Methods: This article presents detailed training tutorials for the model personalization and treatment optimization processes using two real-life clinical problems and the Neuromusculoskeletal Modeling (NMSM) Pipeline. The first clinical problem involves the design of personalized gait modifications and high tibial osteotomy surgery for an individual with bilateral medial knee osteoarthritis, where the goal is to reduce the peak adduction moment in both knees to a specified target level. The second clinical problem involves the design of a synergy-based functional electrical stimulation prescription for an individual post-stroke with impaired walking function, where the goal is to equalize the propulsive and braking impulses between the two legs. Both tutorials were implemented as course projects given to novice users in a combined undergraduate/graduate mechanical engineering course. Results: Both tutorials produced personalized neuromusculoskeletal models and associated dynamically consistent tracking optimizations that closely reproduced subject-specific experimental joint angles, joint moments, ground reaction forces and moments, and (if applicable) muscle activations measured during walking. Subsequent design optimizations predicted personalized treatments that achieved target values of peak knee adduction moments or propulsive and braking impulses. Conclusions: The detailed step-by-step tutorials presented with this article are the first to walk users through the entire process of creating personalized neuromusculoskeletal models and then using them to design personalized treatments for two subjects with two different clinical problems. These tutorials can be used to introduce new users to the NMSM Pipeline and as projects in neuromusculoskeletal modeling courses."
2026-09-14,38,10.1101/2025.03.12.642937,4,bioinformatics,"Codon language model scores provide information beyond protein language models for missense variant interpretation","Chen, R.; Palpant, N.; Foley, G.; Boden, M.","Predicting variant effects remains a central challenge in genomics. Protein language models (PLMs) capture amino-acid-level sequence constraints, whereas codon language models operate on coding sequences and may retain information that is lost upon translation. Here, we tested whether scores from the codon language model CaLM provide predictive information beyond protein-level representations for missense-variant interpretation. Across 71,436 ClinVar missense variants from 11,554 genes, adding CaLM to PLM baselines produced modest but reproducible improvements under gene-held-out cross-validation. PLM-only ensemble controls and explicit mutational-context analyses indicated that this improvement could not be explained solely by generic ensembling or simple codon-substitution features. Aggregating CaLM probabilities across synonymous codons attenuated codon-degeneracy-associated discordance while preserving most of the broader differences between CaLM and PLM scores. Gene-level analyses further showed that CaLM contribution varied continuously across genes and depended partly on the protein-model background. Across ClinMAVE functional assays, however, improvements were less consistent, indicating that codon-protein complementarity is context dependent rather than universal. Together, these results identify a modest but reproducible component of variant-effect information in CaLM-derived codon-level scores that is not fully captured by protein-level language-model representations."
2026-09-14,38,10.64898/2026.09.01.748687,4,biophysics,"Structural Plasticity and Ligand Promiscuity of CYP3A4 Revealed by Cryo-EM","Orta, A. K.; Schäfer, J.-H.; Correy, G. J.; Norman, J. O.; Pampel, J.; Huddleston, K. K.; MacDermott-Opeskin, H.; Miller, E. B.; Reggiano, G.; Rodrigues, J. P.; Lander, G. C.; Walters, W. P.; Fraser, J. S.","Cytochrome P450 3A4 (CYP3A4) metabolizes roughly half of all marketed drugs, and its inhibition can cause clinically significant drug-drug interactions. The enzyme accommodates chemically diverse ligands, making binding modes and metabolic outcomes difficult to predict. Previous X-ray crystallography efforts have leveraged a truncated construct without the N-terminal segment that tethers CYP3A4 to the membrane. Here we show that the same construct assembles into a symmetric trimer that can be resolved by cryo-EM and determine structures of both unliganded and ligand-bound CYP3A4. Multiple ligands are resolved with density consistent with several mutually exclusive conformations. Protein remodeling to reshape the binding pocket is concentrated in the F/G loop, which is poorly resolved and unmodeled in many X-ray structures. These features likely underlie the poor predictive performance of co-folding methods on this target. The routine use of cryo-EM to resolve CYP3A4 ligand-bound complexes will provide the ground truth data needed to make predictive models of drug metabolism useful in practice."
2026-09-14,38,10.1101/2025.05.20.655126,3,microbiology,"Deletion of the Envelope gene attenuates SARS-CoV-2 infection by altered Spike localization and increased cell-to-cell transmission","Fischer, H. L.; Shanmugapriya, S.; Kline, C.; Duprex, W. P.; McCarthy, K.; Watkins, S.; Conway, J. F.; Ambrose, Z.","Severe acute respiratory syndrome coronavirus 2 (SARS-CoV-2) causes COVID-19, a highly transmissible acute respiratory infection that can result in severe pneumonia and death. Many details of SARS-CoV-2 infection are not fully understood, including the cell biology and host-virus interactions involved in coronavirus assembly and release, in which the Envelope (E) structural protein is instrumental. Deletion of E in other coronaviruses has been shown previously to either attenuate or abrogate infection. To determine the role of E on SARS-CoV-2 virus production and infectivity, we produced reporter SARS-CoV-2 with or without the E gene deleted using a bacterial artificial chromosome. Replication of {delta}E SARS-CoV-2 was attenuated in Vero E6 cells expressing human ACE2 and TMPRSS2 and in human epithelial cell lines. Electron and immunofluorescence microscopy and virology assays showed that {delta}E SARS-CoV-2 increased cell surface expression of Spike (S) glycoprotein, leading to reduced S incorporation into {delta}E SARS-CoV-2 particles and promotion of increased cell-to-cell transmission that evades neutralizing antibody inhibition. Trans-complementation of E partially rescued {delta}E SARS-CoV-2 S incorporation and restored cell-free transmission. In addition to validating the role of E in retention of S in the ER-Golgi intermediate complex (ERGIC), our results showed that a lack of E led to reorganization of the ERGIC and Golgi during SARS-CoV-2 infection. Improved understanding of E in SARS-CoV-2 replication and host pathogenesis may help development of novel therapeutics."
2026-09-14,38,10.1101/2025.11.16.688752,5,"molecular biology","SARS-CoV-2 Main Protease Inhibition Through Dimerization Promotion by Peptidomimetic Inhibitors and Disruption by Ebselen","Liu, C.; Jia, Q.; Zhao, C.; Zhongping, Y.","The SARS-CoV-2 main protease (Mpro) is a key antiviral target that equilibrates between an active dimer and inactive monomer, making the dimerization interface a promising therapeutic vulnerability. This study investigates Mpro monomer-dimer equilibrium and conformational changes induced by inhibitor binding using 13C labeling with native mass spectrometry and hydrogen/deuterium exchange mass spectrometry (HDX-MS). We evaluated how peptidomimetic inhibitors (PF-07321332, PF-00835231, GC376, boceprevir) and non-peptidomimetic inhibitors (carmofur, ebselen, MR6-31-2, AT7519, pelitinib) influence Mpro dimerization and subunit exchange. Key findings revealed divergent mechanisms: peptidomimetic inhibitors significantly shifted the equilibrium towards the dimeric state, suppressing subunit exchange dynamics and rigidifying the dimer interface; in contrast, ebselen impaired dimer form and increased interface flexibility. Notably, tandem mass spectrometry identified a novel covalent binding site for ebselen at C300. Molecular dynamics simulations and mutational analyses demonstrated that this C300 modification allosterically alters the hydrogen bond network of the dimer interface, directly contributing to ebselen-mediated dimer disruption and enzymatic inhibition. Overall, this study clarifies distinct inhibitory modes between peptidomimetics and ebselen, highlighting the therapeutic potential of targeting allosteric sites at the dimer interface for designing next-generation Mpro inhibitors."
2026-09-14,38,10.64898/2026.09.08.750100,2,genomics,"Multigenerational machine learning-based genomic prediction for dermo resistance in eastern oyster Crassostrea virginica","Sun, H.; Coyne, P.; Wang, Z.; Casas, S.; La Peyre, J.; Williams, M. L.; Rikard, S.; Bushek, D.; Wong, J.; Guo, X.","Dermo disease caused by the protist Perkinsus marinus poses a major threat to Eastern oyster aquaculture. We previously conducted genomic selection for dermo resistance and found increased effectiveness over phenotypic selection. Here, we report improved genomic predictions using combined data from three successive generations. We evaluated nine different genomic selection models, including three supervised machine learning architectures: gradient boosting, logistic regression, and random forest. Combining data across multiple generations did not, by itself, substantially improve the accuracy of most models, but the increased sample size provided genotyping confidence of loci with rare alleles. Correlation accuracy of all models significantly increased with the inclusion of low-frequency variants and strong-effect markers identified through a genome-wide association study. Gradient boosting machine learning models outperformed other genomic selection models across all training scenarios, suggesting enhanced capacity to learn generalizable genomic signals associated with dermo resistance. The best gradient boosting model achieved a peak correlation accuracy of 0.410, a substantial improvement over the previous peak accuracy of 0.274 from traditional models. Together, our results highlight the potential of machine learning for genomic selection and the significance of rare variants in determining dermo resistance."
2026-09-14,38,10.64898/2026.09.07.749073,1,bioengineering,"From linear to nonlinear gait measures: validity of a multi-view markerless motion capture system","Perthuy, B.; Vinzant, H.; Brifault, C.; Lefevre, N.; Dalibot, A.; Ramdani, S.; Decker, L. M.","Markerless motion capture offers a practical alternative to marker-based optoelectronic systems, yet validation studies have focused almost exclusively on linear gait measures. Nonlinear measures of gait dynamics, sensitive to the fine temporal structure of locomotor signals, remain unvalidated in markerless systems. This study assessed the concurrent validity of a three-camera markerless system against a 15-camera optoelectronic system across four treadmill speeds in 22 healthy adults. Inter-system agreement was evaluated for spatiotemporal parameters (mean, variability, detrended fluctuation analysis [DFA] scaling exponents) and for joint angle and trunk acceleration time series (maximum Lyapunov exponents, sample entropy, Attractor Complexity Index [ACI]). Temporal measures reached near-perfect agreement, and spatial measures showed good to excellent agreement with small speed-dependent positive biases. Sagittal-plane joint kinematic waveforms were compared using statistical parametric mapping, with root-mean-square error (RMSE) reported for significant intervals. Agreement was best at the hip, with knee and ankle showing comparable, higher error (RMSE: 1.2-3.0{degrees} hip, 3.7-5.5{degrees} knee and 3.8-5.1{degrees} ankle). ACI demonstrated moderate to good agreement across all joints and good agreement across trunk acceleration directions. Most DFA scaling exponents for step-based series supported group-level comparisons: both measures are usable for markerless assessment of gait's nonlinear dynamics. Maximum Lyapunov exponents and sample entropy showed lower absolute agreement: at the hip and knee, they preserved inter-individual ranking and remained usable for within-system group comparisons, but agreement collapsed at the ankle and for trunk sample entropy, indicating these measures still need refinement. These findings define a tiered, measure-specific scope for markerless gait analysis, extending validation beyond spatiotemporal parameters."
2026-09-14,38,10.64898/2026.09.07.749983,1,bioinformatics,"ForceFlowAb: physics-aware mixture-of-experts flow matching model for antibody CDRs design","Li, Z.; Lv, Z.; Zhang, G.","Abstract Motivation: Antibodies are a major class of therapeutic molecules, and their recognition of target antigens is largely mediated by complementarity-determining regions (CDRs), making antigen-conditioned CDR design a central problem in antibody engineering. Recent generative methods have enabled antigen-conditioned co-design of CDR sequences and structures, but their limited capacity to capture local interface heterogeneity and lack explicit energy-based guidance during sampling, which may result in unfavorable antibody-antigen interaction energies. Overcoming these limitations requires methods that better represent diverse interface environments via adaptive routing and incorporate physical guidance to steer sampling toward energetically favorable conformations. Results: We present ForceFlowAb, a physics-aware mixture-of-experts flow-matching framework for antigen-conditioned CDR sequence-structure co-design. The framework models heterogeneous interface environments through specialized expert routing and applies differentiable force-field guidance during sampling to guide CDR generation toward energetically favorable conformations. For CDR-H3 design, ForceFlowAb achieved more favorable antibody-antigen interaction energies than FlowDesign and Diffab, with improvement rates (IMP) of 46.5% versus 35.0% and 35.5%, respectively. For simultaneous six-CDR design, ForceFlowAb also outperformed Diffab, with IMP values of 16% versus 9%. These results suggest complementary roles for interface-adaptive modeling and energy-based guidance, with the former capturing binding-mode diversity and the latter leveraging physical constraints to ensure biophysical feasibility. Availability and implementation: The web server is freely available at http://zhanglab-bioinf.com/ForceFlowAb. The source code and implementation are available at https://github.com/iobio-zjut/ForceFlowAb. Contact: zgj@zjut.edu.cn Supplementary information: Supplementary data are available at Bioinformatics online."
2026-09-14,38,10.64898/2026.09.08.750031,1,bioinformatics,"Heterogeneous epigenetic regulatory patterns link mammalian aging, development, and mortality","Tikhonov, S.; Dmitriev, S. E.","Aging is often described as a monotonic accumulation of cellular damage, yet all-cause mortality follows a U-shaped trajectory with age, suggesting non-monotonic molecular changes. We investigated links between early childhood development, aging, and chronic diseases by analyzing DNA methylation in mammalian blood. A meta-analysis of 16 human chronic diseases revealed heterogeneous methylation signatures that formed 2 major disease clusters distinguished by their associations with development and sex-related methylation changes. Although epigenetic entropy increased monotonically across the lifespan, several diseases reduced blood DNA methylation entropy independently of blood cell composition. Across mammals, many CpG sites, particularly in intergenic regions, followed U-shaped age-related methylation changes that paralleled mortality curves. Based on these patterns, we developed epigenetic clocks that predict expected mortality across species and tissues and are effective in detecting a range of disease models. Overall, our findings reveal fundamental links between epigenetic regulation during development, aging, and chronic diseases."
2026-09-14,38,10.64898/2026.09.08.750053,1,"systems biology","Sensory variation and behavioural degeneracy: a framework for interpreting heterogeneity in the gut-brain axis","Hunter, W. R.","Gut microbiome differences are frequently interpreted as reflecting underlying biological differences between individuals. When outcomes are mediated by behaviour, however, this mapping may be fundamentally non-unique. This limits causal inference in gut-brain research, where microbiome differences in autism and depression are routinely attributed to intrinsic neurobiology despite highly variable, overlapping findings. I built a minimal agent-based model grounded in the known sensory variation across the autism spectrum. Dietary behaviour emerges from latent sensory traits, including sensory drive, predictability preference, and context sensitivity, through reinforcement learning and environmental interaction. This behaviour shapes gut microbiome composition. Behavioural variation organizes endogenously into a continuum of specialist, opportunist, and explorer strategies that maps onto the autism sensory spectrum. The system is fundamentally degenerate. Similar microbiome states arise from distinct behavioural pathways. Similar dietary patterns emerge from divergent latent traits. This many-to-one mapping reflects the structural interaction of behaviour, learning, and environmental variability, not stochasticity alone. Microbiome similarity therefore does not uniquely identify underlying cause. As such, the model provides a theoretical framework for interpreting heterogeneity in gut microbiome research, particularly in autism, and generalizes to any condition where behaviour mediates between neural processes and ecological outcomes."
2026-09-14,38,10.64898/2026.09.08.750216,1,bioinformatics,"An interpretable peptide-HLA model emergently learns binding energetics and structure","Chen, S. F.; Steele, R. J.; Oermann, E. K.","The range of peptides a human leukocyte antigen (HLA) binds and displays modulates immune response and therefore underpins vaccine design, neoantigen discovery, autoimmunity, transplantation, and hypersensitivity reactions. Modern predictors of peptide-HLA (pMHC) binding and presentation are remarkably accurate, but they are black boxes; their internal computations are opaque and post-hoc explanatory methods lack guarantees of attribution. Here we introduce LAtent Motif INteraction Aggregation (LAMINA), an architecture whose prediction is, by construction, interpretable and attributable. LAMINA embeds every gapless sub-sequence of the HLA pseudosequence and of the candidate peptide as a learned ""soft"" motif, scores every HLA-peptide-motif pair, and lastly aggregates those scores to produce a prediction. Despite having only 4.7 million parameters and training in about ten hours on a single desktop workstation, LAMINA matches or exceeds state-of-the-art predictors on held-out binding-affinity regression and is competitive on rank correlation. Strikingly, the model states correlate with interaction energies and other structural metrics in structurally characterized pMHC complexes, despite training exclusively on sequence data alone."
2026-09-14,38,10.64898/2026.09.11.750536,1,biophysics,"Integrated Computational and Spectroscopic Analyses to unravel the Role of Cu(II) Coordination in Modulating Doxorubicin-DNA Binding","Pattanayak, D. R.; Kurdekar, A. D.; Sai Manohar, C.; Sarojini, R.; Dharmaraj, R.","Doxorubicin (DOX) is a clinically important anthracycline whose anticancer activity is closely associated with DNA binding. However, the structural basis by which metal coordination modulates DOX-DNA association remains poorly understood. Here, an integrated computational and spectroscopic approach was employed to elucidate the role of Cu(II)-coordination in modulating the structure of DOX and its DNA binding. DFT, molecular docking, and molecular dynamics simulations established a stable intercalative association of DOX with DNA. At the same time, DFT-based characterization of Cu(II)-DOX revealed coordination induced structural and electronic changes consistent with reduced conformational freedom and increased rigidity. This led to the hypothesis that Cu(II) coordination may favor an intercalation-compatible configuration of DOX. UV-Vis and competitive fluorescence studies experimentally supported Cu(II)-dependent modulation of DOX-DNA association, with UV-Vis analysis indicating a substantial tenfold increase in apparent DNA-binding affinity and fluorescence measurements confirming pronounced perturbation of DNA-associated ethidium bromide. Collectively, the findings establish a coherent relationship between Cu(II) coordination, DOX conformational modulation, and DNA recognition, highlighting metal coordination as a potential strategy for tuning the biomolecular interactions of anthracycline therapeutics."
2026-09-14,38,10.64898/2026.09.10.750673,1,biophysics,"The cytokine structural homologs IL-1β and IL-1Ra have distinct dynamical character that potentially influence their roles in allosteric regulation of the IL-1 receptor.","Torres-Montalvo, G.; Cole, T.; Bishop, A. C.; Lopes, R.; Wand, A. J.","Interleukin-1{beta} (IL-1{beta}) and the interleukin-1 receptor antagonist (IL-1Ra) share the {beta}-trefoil fold, engage the same receptor (IL-1R), but produce opposite biological outcomes. IL-1{beta} recruits the accessory protein IL-1RAcP to initiate inflammatory signaling while IL-1Ra occupies the receptor without supporting co-receptor recruitment. Seeking the origin of this divergence in properties not apparent from static structures, we used solution NMR relaxation to characterize fast internal motion in both proteins. Rigorous treatment of macromolecular tumbling shows both to be nearly maximally triaxial, which admits two near-degenerate axially symmetric solutions. This ambiguity was propagated throughout and found to have negligible impact. Complete replicate data sets from independently prepared IL-1{beta} samples establish the experimental precision directly. Backbone amide and methyl-bearing side chain order parameters are indistinguishable between the two proteins, the latter averaging 0.484 {+/-} 0.030 and 0.486 {+/-} 0.033, indicating essentially equivalent residual conformational entropy. Their spatial distributions are uncorrelated when projected onto the shared fold. Importantly, the difference between the proteins is concentrated at the receptor interface, where methyl probes lying on the IL-1{beta} footprint are considerably more mobile than those of IL-1Ra. It is therefore the agonist, not the antagonist, that presents an anomalously mobile binding surface. IL-1Ra also buries some 16% less surface while ostensibly binding IL-1R more tightly, the signature of an interface predisposed toward productive contact. Conformational entropy can thus distinguish protein function where structure and average flexibility are conserved, and the distinction resides not in how much entropy a protein has but in where it is kept."
2026-09-14,38,10.64898/2026.09.09.750324,1,biophysics,"A mechanical model of multicellular remodelling in epithelial monolayers","Osborne, J. M.; Van Ammers, R.; Davit, Y.; Gavaghan, D. J.; Byrne, H.","Epithelial monolayers are the foundation of many mammalian organs and have a significant impact on numerous biological processes, including the secretion of cytokines, absorption of waste products and barrier function. During organ development epithelia are subject to many external forces due to the growth of the surrounding tissues. They exhibit complex responses to such forces, with deformation occurring on short timescales (seconds), and relaxation and remodelling occurring on longer timescales (minutes or hours). Existing mathematical and computational models do not typically account for subcellular remodelling, assuming instead that the response to an applied force or strain acts on a single timescale. In this paper we extend an off-lattice, cell-centre modelling framework to account for subcellular and tissue remodelling by introducing a Dynamic Reference Frame (DRF). The DRF provides a discrete, cell-based analogue of morpho-elasticity: it decouples the evolution of each cell's mechanical reference configuration from its instantaneous deformation, providing a phenomenological description of subcellular remodelling processes - cytoskeletal reorganisation, myosin turnover and adhesion bond remodelling - at the cellular scale. Using this extended multicellular model, we reproduce multiscale responses to external mechanical forces, including creep and stress relaxation experiments, and demonstrate that the history of applied deformation influences tissue recovery upon release. Additionally we identify and quantify where and how these multiscale responses occur. The resulting framework allows for more detailed descriptions and analyses of the development and function of biological tissues."
2026-09-14,38,10.64898/2026.09.09.750319,1,biophysics,"Physical mechanisms of nanoparticle intracellular release through membrane pore nucleation and expansion","Paesani, M.; Ilie, I. M.","Successful intracellular delivery requires a nanocarrier to adhere to the cell membrane, be wrapped and internalized and finally released into the cytoplasm before it is degraded. While the initial steps have been intensively studied, the intracellular release of a nanocarrier has received comparatively less attention and remains poorly understood. To understand the physical mechanisms that govern intracellular release, we investigate the escape of nanocarriers (radii 4.5{sigma} and 7{sigma} ) from a lipid vesicle using coarse-grained simulations. We represent a nanocarrier using the metaparticle model and the membrane using the three-beads Cooke-Deserno model. Starting from a fully endocytosed state, we systematically vary the repulsion between the nanoparticle and the lipid head groups and compare three release scenarios: passive release, localized inside-out activity from a drug-like source confined within the particle and activity distributed over the entire nanoparticle. An elastic-energy analysis shows that in a tensionless membrane escape requires crossing a large pore-expansion barrier of {approx} 68kBT for the smaller particle and {approx} 110kBT for the larger, making passive release thermodynamically improbable. Our results show that the smaller particle nonetheless escapes above a threshold repulsion, whereas the larger one remains trapped in a metastable state in which local membrane pores form but fail to grow beyond the particle diameter to allow successful release. Adding activity lowers the nucleation barrier and promotes earlier pore opening, but its effectiveness depends on how it is applied, i.e., a localized internal source assists release of the smaller particle yet is insufficient to systematically free the larger one, while activity distributed across the whole nanoparticle drives complete release even in the larger case. These results show that productive escape is governed by whether the resulting pore can evolve into a geometrically accessible release pathway, providing physical design principles for intracellular delivery by nanocarriers"
2026-09-14,38,10.64898/2026.09.11.750491,1,"systems biology","Multi-omics reveals a monocyte-macrophage-fibroblast axis in post-COVID-19 fibroinflammatory lung remodelling","Mehta, P.; Mawer, C. M. A.; Beattie, G.; Smith, D. J. F.; Nikola, F.; Selway-Clarke, H.; Zhao, A. Y.; Adams, T. S.; Kunzemann-Martinez, A.; Stanel, S. C.; Worlock, K. B.; Yoshida, M.; Walters, R.; Goldsworthy, S.; Uddin, I.; Barnes, J. L.; Rockett, G. J.; Nikolic, M. Z.; Piazza, P.; Plate, M.; Stewart, I.; Porter, J. C.; Nair, A.; Jacob, J.; Yan, X.; Kaminski, N.; Alhendi, A. S. N.; Chambers, R. C.","Post-COVID-19 residual lung abnormalities (RLA) are associated with persistent respiratory symptoms and radiological changes, yet the underlying mechanisms remain unclear. We performed integrated multi-omic profiling of paired bronchoalveolar lavage and blood samples from patients with post-COVID-19 RLA and healthy controls, combining single-cell RNA sequencing, CITE-seq, single-cell T cell receptor sequencing, bronchoalveolar lavage fluid proteomics and functional fibroblast assays. In post-COVID-19 RLA lungs, we identified an increased abundance of profibrotic SPP1hi monocyte-derived alveolar macrophages, arising from an expanded circulating HLA-DRlowCD163+PDE4Dhi classical monocyte progenitor population, supporting a blood-lung myeloid axis. Cell-cell communication modelling positioned macrophages as central hubs of immune-stromal crosstalk, promoting monocyte recruitment with profibrotic priming, and fibroblast activation. Proteomic analysis of bronchoalveolar lavage fluid from post-COVID-19 RLA and idiopathic pulmonary fibrosis, compared with healthy controls, revealed shared and distinct signatures. These alveolar proteins in post-COVID-19 RLA were predominantly attributed to myeloid cells and predicted to engage fibroblast receptors. Bronchoalveolar lavage fluid induced fibroblast proliferation, differentiation and collagen deposition in vitro, with proliferation attenuated by the antifibrotic drug nintedanib. We also identified compartment-specific lymphoid dysregulation, including depletion of mucosal-associated invariant T (MAIT) cells in both the lung and blood, decreased natural killer (NK) cells with oligoclonal T cell expansion in the lung, and expansion of regulatory and cytotoxic T cells in the blood. These findings support a persistent monocyte-macrophage-fibroblast axis linking immune dysregulation to fibroproliferative remodelling after COVID-19 and highlights candidate therapeutic targets for post-viral lung fibrosis. We provide a publicly available atlas (on publication)."
2026-09-14,38,10.64898/2026.09.11.750978,1,immunology,"High-throughput platforms for genetic perturbation screening using CRISPR/Cas9 in human iPSC-derived macrophages for drug discovery","Martufi, M.; Karagianni, E.; Papanikos, T.; Ashlin, T.; Geladaki, A.; Carbone, B.; Remlinger, K.; Quintero Moreno, A.; Pembroke, W.; Haslam, C.; Zinn, N.; Vlachou, D. F.; Almeida, M.; Tsaousis, D.; Gade, S.; Sun, B.; Maqbool, M.; Franken, H.; Ziebell, F.; Di Tullio, A.; Entwistle, L.; Srinivasan, N.; Lobera, M.; Mohamet, L.","Human induced Pluripotent Stem Cell (hiPSC) models have revolutionised drug discovery, offering high translational relevance for recapitulating disease biology and thereby the potential to help reduce drug attrition. Macrophages are pivotal for maintaining tissue homeostasis and orchestrating immune responses; their dysregulation underpins several diseases, including autoinflammatory disorders, neurodegeneration, and cancer. Therapeutically targeting this cell type presents an attractive strategy to simultaneously influence multiple cellular mediators and functions. We have established a scalable, semi-automated, and physiologically relevant hiPSC-derived macrophage model, rigorously characterised through deep comparative multi-omics. We have also integrated our hiPSC-derived macrophage platform with large-scale CRISPR screening workflows designed for parallel genetic interrogation of thousands of gene targets, in both arrayed and pooled formats. In this manuscript, we apply those genetic screening methods to hiPSC-derived macrophages and showcase how genetic perturbations alter pro- and anti-inflammatory transcriptional signatures and significantly impact functional phenotypes in this cell model. This integrated approach allows for the exploration of novel genetic insights linked to causal disease biology, advancing myeloid cell-associated target discovery across a broad spectrum of therapeutic areas."
2026-09-14,38,10.64898/2026.09.08.746061,1,immunology,"IL-27 induces a cytotoxic state in CD4+ T cells distinct from the Th1 lineage","Matias, M. I.; Marrocco, R.; Magro, K.; Sanchez Solis, L. D.; Figueroa Buezo, S.; Laura Hinojosa-Gonzalez, L.; Jabou, M.; Lu, H.; Ehinger, E.; Ascui, G.; Zheng, Y.; AY, F.; Benedict, C. A.; Myers, S. A.","CD4+ cytotoxic T lymphocytes (CD4-CTLs) are understudied immune mediators with ambiguous origins. Despite expressing RUNX3, granzyme B (GZMB), and perforin (PRF1), CD4-CTLs are frequently classified as Th1 extensions due to shared interferon-{gamma} (IFN{gamma}) and T-BET expression. Here, we identify interleukin-27 (IL-27) as a independent inducer of a distinct CD4-CTL program. Proteomics reveals that while IL-27-polarized CD4+ T cells share protein signatures with conventional Th1s and CD8+ T cells, they possess a unique molecular landscape with re-wired cytokine signaling networks and a potent cytotoxic protein profile. Mechanistically, this program requires STAT1 and T-BET but operates independently of the autocrine IFN{gamma} feedback that sustains Th1 cells. During acute murine cytomegalovirus infection, IL-27 receptor signaling contributes to CD4-CTL differentiation in vivo, as its loss leads to reduced GZMB expression and skews CD4+ T cells toward IFN{gamma}+ and FOXP3+ subsets. Together, these findings establish IL-27 as a potent and previously unappreciated inducer of CD4-CTLs."
2026-09-14,38,10.1101/2025.09.26.678883,2,microbiology,"Pyrazinamide kills Mycobacterium tuberculosis via pH-driven weak-acid permeation and cytosolic acidification","Laudouze, J.; Rokitskaya, T. I.; Abolet, A.; Point, V.; Firsov, A. M.; Khailova, L. S.; Deschutter, M. S.; Gago, G.; Cavalier, J.-F.; Canaan, S.; Baulard, A. R.; Antonenko, Y. N.; Gouzy, A.; Santucci, P.","Pyrazinamide (PZA) is a cornerstone drug in tuberculosis (TB) treatment with a strong bactericidal activity in vivo on both actively and non-replicating bacterial subpopulations. Yet the precise mode of action of its active form, pyrazinoic acid (POA), remains unclear. In this study, we comprehensively explore and challenge the two major and conflicted models of PZA mode of action. The pH-dependent model, where the drug is mostly effective at acidic pH by acidifying Mycobacterium tuberculosis (Mtb) cytosol, and the PanD-dependent model where PZA active form targets the aspartate decarboxylase PanD, therefore depleting pantothenate (Panto) and subsequently coenzyme A (CoA) levels regardless of the surrounding pH. By combining standard antimicrobial susceptibility testing at various pH with fluorescence-based live recording of Mtb intrabacterial pH (IBpH), we demonstrate that PZA kills Mtb by decreasing IBpH, independently of Panto levels. Comparative studies between a prototrophic Mtb strain and a Panto auxotrophic mutant lacking the panCD locus confirmed that PZA bactericidal activity is primarily driven by pH and its ability to acidify Mtb cytosol, independently of the aspartate decarboxylase PanD. Bio-electrophysiology experiments revealed that acidic pH promotes the conversion of the pyrazinoate anion POA- into HPOA which in turn acts as conventional weak acid that facilitates membrane permeation and cytosolic acidification. Finally, using custom culture media, we demonstrate that PZA displays heterogeneous efficacy according to the media composition, therefore proposing a revisited biological model that might explain the discrepancies around PZA unique mode of action. Overall, this work constitutes the first comprehensive side-by-side investigation of the two models and univocally supports a pH-dependent mechanism of action underlying PZA sterilizing activity, providing new insights for the development of more effective PZA-like drugs."
2026-09-14,38,10.64898/2025.12.25.695362,2,microbiology,"Ancient MAX Effector Variants of a Fungal Pathogen Evade Apoplastic Immunity in Apple","Sannier, M.; Benmamar, S.; Collemare, J.; Lemaire, C.; Caffier, V.; Duplaix, C.; Shiller, J.; Mathieu-Begne, E.; Vayssieres, A.; Schouten, H. J.; Mesarich, C. H.; Le Cam, B.; Baudin, M.","Venturia inaequalis is an Ascomycota fungus responsible for apple scab, the main disease in apple orchards. During infection, the pathogen colonizes the subcuticular space and secretes effectors to promote virulence. To mitigate disease impact, resistance genes such as Rvi6, which encodes a membrane-localized receptor-like protein, have been introduced into apple cultivars. However, over the past three decades, Rvi6-mediated resistance has been circumvented in orchards, with the emergence of virulent V. inaequalis strains. Through comparative genomics analyses and functional validation by complementation, we identified AvrRvi6 as the fungal determinant that activates Rvi6-mediated immunity. Screening 122 V. inaequalis strains worldwide, we identified 20 distinct AvrRvi6 alleles, of which only five are not recognized by Rvi6. Evolution analysis demonstrated that the emergence of these virulent alleles predates the domestication of apple, thus revealing that wild Malus species constitute a reservoir of virulence. Using AlphaFold structural modeling, we showed that AvrRvi6 belongs to an expanded family that adopts a MAX effector fold, originally described for cytoplasmic effectors of the blast fungus Pyricularia oryzae. Transient expression in Nicotiana benthamiana demonstrated that AvrRvi6 triggers allele-specific apoplastic immunity and validated three different molecular mechanisms (mutation, partial deletion and transposon insertion in the promoter) that V. inaequalis employs to circumvent Rvi6 recognition. This study delivers the first characterization of a V. inaequalis avirulence factor, uncovers an unexpected apoplastic role for a MAX effector, and demonstrates how ancestral virulence diversity maintained in wild populations compromises resistance durability in apple."
2026-09-14,38,10.64898/2026.09.13.751279,1,"molecular biology","An intersectional expression platform for gene complementation using RNA-fragment end joining (REJ)","Bachmann, L. C.; Hsu, R. H.; Hermann, K. J.; Williams, C. E.; Farman, R. L.; Criales, N.; Clark, C.; Kramer, S.; Thorn Perez, C.; Randles, S.; Lettieri, K.; Pfaff, S. L.","Gene complementation is a powerful tool for genetic selection and protein functional studies but typically requires extensive screening for complementary components. Here we engineered a platform for gene complementation based on RNA end-joining (REJ) that precisely and efficiently splices separate RNA units into functional coding mRNAs. REJ is mediated by short structured modular RNA segments of ~250bp that: (a) promote RNA::RNA interaction, (b) coopt the intrinsic cell splicing machinery to facilitate RNA trans-splicing, (c) minimizes translation of protein fragments from un-spliced RNA segments, and (d) encodes scar-free protein. We demonstrate that REJ is a broadly applicable system that can reliably split nearly any gene into complementary segments regardless of protein structure. To enable the use of this system we provide a toolbox of reporters and a web-based design tool to facilitate vector design. Demonstrated REJ applications include genetic complementation, intersectional labeling of cell types, and efficient expression of large proteins."
2026-09-14,38,10.64898/2026.06.16.731894,2,genomics,"Predicted Effector Gene Aggregation, Standards and Unified Schema (PEGASUS): A Community Framework for Effector Gene Reporting","McMahon, A.; Ji, Y.; Costanzo, M.; Butterworth, A. S.; Pahl, M.; Szyszkowski, S.; Heilbron, K.; Shiyanbola, A.; Tsepilov, Y. A.; Spracklen, C. N.; Arbesfeld, J. A.; Hite, D.; Shilin, A.; Lewis, E.; PEG Working Group,  ; Parkinson, H. E.; Burtt, N. P.; Harris, L. W.","Genome-wide association studies (GWAS) increasingly report predicted effector genes (PEGs) - genes hypothesised to mediate the biological effects of associated variants. These function as key outputs for advancing variant-to-function research, mechanistic understanding, and therapeutic discovery. However, the rapid growth of PEG lists has not been matched by standards for organising, annotating, and reporting these predictions. As shown by recent landscape analyses, PEG lists vary widely in methodology, evidence definition, nomenclature, provenance tracking, and data structure, limiting interoperability, benchmarking, reuse, and adherence to FAIR principles. To address this gap, we convened an international multi-stakeholder community comprising method developers, data generators, resource maintainers, curators, funders, journal editors, and downstream users. Through a 2024 workshop and a 2025 working group series, we developed the Predicted Effector Gene Aggregation, Standards and Unified Schema (PEGASUS) framework. PEGASUS specifies (i) a metadata standard to capture provenance, trait and GWAS descriptors, evidence sources, and integration methods; (ii) a structured evidence matrix reporting all genes and all evidence underpinning prioritisation at each locus; and (iii) a concise PEG list that summarises author-prioritised genes linked transparently to underlying evidence. The framework balances transparency, machine readability, burden on submitters, and alignment with existing community standards. PEGASUS provides the first community-developed schema for reporting predicted effector genes and their supporting evidence. Adoption of this framework by authors will improve the comparability, reproducibility, and reusability of PEG outputs across studies, facilitating more robust biological inference, enabling cross-resource comparison of gene-prioritisation methods to support community benchmarking, and integration into downstream resources and analytical pipelines. PEGASUS-compliant data can be shared via the PEG Data Registry platform (https://kpndataregistry.org/peg), promoting re-use and establishing the basis for future integration with publicly shared GWAS data."
2026-09-14,38,10.64898/2026.06.08.728708,2,genomics,"Covariate-aware genomic prediction of blood metabolite profiles using multi-task neural networks","Guler, M. N.; Alver, M.; Haller, T.; Jay, F.; Pagani, L.; Milani, L.; Yelmen, B.","Predictive models of quantitative traits can combine genetic and covariate information, but overall predictive performance alone does not reveal whether differences between models arise from covariate, genetic or joint covariate-genetic effects. Circulating metabolites provide a high-dimensional set of clinically relevant quantitative traits in which these effects can be examined systematically. Although their genetic determinants are well characterised through genome-wide association studies, marginal associations do not establish how accurately metabolomic profiles can be predicted or whether nonlinear models can improve prediction by capturing complex and potentially interactive structure. Here, we developed a multi-task neural network (NN) for simultaneously predicting metabolomic profiles with a three-stage architecture separating covariate, genetic and joint contributions. In comparative analyses, the multi-task NN demonstrated the strongest mean performance across metabolites (R2=0.219), followed by the single-task NN (R2=0.211), elastic net (R2=0.207), and an activation-free multi-task model (R2=0.191). Decomposition analyses indicated that gains were mainly driven by nonlinear covariate modelling, consistent with improved prediction after incorporating nonlinear age effects into a linear model. Together, these analyses provide a framework for identifying sources of predictive differences between different models, which may be applicable to other collections of quantitative traits."
2026-09-14,38,10.64898/2026.09.08.750281,1,bioengineering,"Dual-Mode Bio-CM2: Multimodal Computational Miniature Mesoscope for Fluorescence and Label-Free Imaging","Deng, Q.; Hu, G.; Rauscher, B. C.; Villafuerte, M.; Weinberg, B.; Chen, Z.; Feng, H.; Devor, A.; Thunemann, M.; Tian, L.","Understanding biological function often requires complementary information on molecular identity, morphology, behavior, and physiology acquired simultaneously from the same specimen. Achieving this capability in miniature microscopes remains challenging because integrating multiple imaging contrasts typically increases optical complexity while compromising field of view (FOV), spatial resolution, or form factor. Here we present dual-mode Bio-CM2, a multimodal computational miniature mesoscope that simultaneously captures fluorescence and label-free reflectance through a shared optical architecture based on distributed computational optics. The system enables frame-interleaved, co-registered dual-mode imaging over a [~]7.5 x 10 mm2 FOV with [~]6 m lateral resolution. We demonstrate the versatility of dual-mode Bio-CM2 across diverse biological systems. In freely moving Caenorhabditis elegans, reflectance captures body posture and locomotor behavior that contextualize fluorescently labeled protein aggregates. In freely swimming larval zebrafish, reflectance captures whole-body morphology and swimming behavior, while fluorescence visualizes cardiac activity. In head-fixed mice, simultaneous fluorescence and reflectance imaging across the bilateral dorsal cortex provides complementary measurements of neuronal calcium activity and intrinsic hemodynamic signals. By integrating molecularly specific fluorescence with complementary reflectance contrast, dual-mode Bio-CM2 extends distributed computational optics into a scalable platform for multimodal miniature imaging."
2026-09-14,38,10.64898/2026.09.08.750290,1,bioinformatics,"Population Intelligence: Smallest-Model Numerical Experiment","Xu, T.; Wan, P.; Xiong, M.","We introduce a minimal individual based model for population intelligence that retains three structures absent from standard single agent descriptions: a manifold valued intelligence state, endogenous population turnover, and heritable lineage dependent reproductive fitness. The validated S^1 intelligence diffusion was extended with neutral logistic birth death dynamics. Each individual occupies an angle on the circle S^1; noisy mean field attraction produces collective synchronization; logistic birth death dynamics regulate population size; and reproductive rates can depend on lineage and position relative to designated safe or unsafe directions. This nested construction is intentionally small enough to admit an analytic equilibrium benchmark while remaining capable of selection, invasion, and safety transitions. Population size returned toward carrying capacity from (N(0)=200,800,1600), with tail means (775.7,800.3,805.1) for K=800. Across K=100 to 1600, the intelligence equilibrium error scaled as K^{-0.513} , consistent with the canonical K^{-1/2} fluctuation rate, while the extinction rate was zero in 120 runs over the simulated horizon. The mean order parameter remained close to the original theoretical (r*=0.7242), as neutral demography predicts. Directional reproductive selection shifts a safety score to +0.7447 or -0.7448 while synchronization remains approximately 0.75, demonstrating that coordination is not equivalent to safety. These are controlled numerical results, not asymptotic proofs."
2026-09-14,38,10.64898/2026.09.08.750277,1,bioinformatics,"A Scalable Distributed-Memory MPI Implementation of Smith-Waterman with Token-Passing Traceback","Fatima, M.; Ali, W.","As genomic sequencing produces increasingly massive datasets, accurate local sequence alignment via the Smith-Waterman(SW) algorithm remains computationally prohibitive due to its space and quadratic time complexity O(mn). While parallelization addresses a path forward, existing MPI-based solutions present a critical bottleneck during the traceback phase, either omitting it entirely or gathering the entire direction matrix to a single root node, which severely limits scalability. To overcome this, we propose a fully distributed Message Passing Interface (MPI) implementation featuring a token passing traceback scheme. Our approach distributes the directional matrix across all participating ranks, reducing per-rank memory footprint from O(mn) to O(mn/p), thereby enabling the alignment of sequences far beyond the capacity of sequential or centralized parallel methods. We validate our method on real human DNA sequences (BRCA1, BRCA2, Titin, chr1, chr2) and synthetic datasets up to 50kx50k. Results demonstrate that this MPI implementation aligns 98kx98k real DNA (chr1xchr2) in 58.9160 seconds across 16 MPI processes, a task where the sequential baseline fails due to out-of-memory errors. We achieve best speedups on synthetic data of 19.30x (40kx40k, 16 MPI processes) and on real DNA data is 13.39x (BRCA1xTitin, 8 MPI processes), while capping per-rank memory for the largest dataset at just 573 MB. By enabling exact, memory-scalable alignment with fully distributed traceback on standard CPU MPI clusters, this work fills a critical gap in high-performance computational genomics."
2026-09-14,38,10.64898/2026.09.09.749495,1,bioinformatics,"Benchmarking CUT&RUN analysis using motif enrichment","Tan, L.; Viner, C.; Li, X. H.; Wrana, M.; Ishak, C. A.; Shen, S. Y.; De Carvalho, D. D.; Hainer, S. J.; Hoffman, M. M.","Background. Cleavage under targets and release using nuclease (CUT&RUN) maps the genome-wide locations of chromatin-associated proteins and provides an improved alternative to chromatin immunoprecipitation sequencing (ChIP-seq) for profiling sequence-specific transcription factor binding sites. Identifying these binding sites plays a critical role in understanding gene regulation, and transcription factors provide a useful setting for benchmarking because their well-defined sequence motifs serve as built-in controls for evaluating performance. Compared with ChIP-seq, CUT&RUN achieves higher resolution and lower background by avoiding cross-linking and bulk precipitation. Its distinct fragment length and cleavage characteristics, however, limit the direct transfer of existing computational tools, which primarily target ChIP-seq data. The performance of these tools on CUT&RUN can depend strongly on preprocessing choices. In this work, we investigate preprocessing strategies for transcription factor CUT&RUN, focusing on fragment length filtering and spike-in calibration. We aim to improve peak detection and provide practical guidance for analysis. Results. We designed a benchmarking method to evaluate peak-calling procedures for CUT&RUN data and the effects of preprocessing approaches, including fragment length filtering and spike-in calibration. We benchmarked the two most widely used peak callers, MACS2 and SEACR, by assessing motif enrichment---the degree to which identified peaks contain the expected transcription factor binding motifs. Filtering for fragments with a length [&le;]120 bp generally improved target motif enrichment. Spike-in calibration using heterologous Saccharomyces cerevisiae DNA improved motif elucidation substantially for MACS2, with little benefit for SEACR. By contrast, using Escherichia coli DNA as a spike-in control often failed to produce valid results unless we could meticulously control E. coli contamination. MACS2 performed robustly across samples. SEACR performed especially well on clean, sparse-background datasets, but performed poorly on some datasets with denser background signal and often produced numerous apparent false positives. While MACS2 provided robust results under minor perturbations in fragment length filtering, SEACR exhibited greater sensitivity to such changes. Discussion. Our benchmarking highlights how both peak caller choice and preprocessing strategy shape the analysis of transcription factor CUT&RUN data. By comparing the robustness and limitations of two widely used peak callers, we provide practical guidance on fragment length filtering, spike-in calibration, and tool selection. These findings help improve the processing and interpretation of CUT&RUN data, allowing researchers to more rapidly and reliably utilize this new technology. We expect that our work will guide more informed choices in CUT&RUN analysis and support the development of improved computational methodologies."
2026-09-14,38,10.64898/2026.04.13.718213,2,biophysics,"Heterotrimeric G proteins containing Gβ1γ2 subunits exhibit subtype-specific mobility differences in live cells","Kuchynka, O.; Kovalchuk, A.; Nussbaumer, M.; Sviridova, E.; Fessl, T.; Bondar, A.","Heterotrimeric G proteins are key signal transducers in all eukaryotic cells. Anchored to the inner leaflet of the plasma membrane, they transmit and amplify extracellular chemical and physical signals downstream of G protein-coupled receptors. Despite numerous available studies, many biophysical aspects that regulate G protein signaling, including membrane mobility, remain poorly understood. Here, using single-molecule imaging, we show that different subtypes of heterotrimeric G proteins containing G{beta}1{gamma}2 subunits exhibit high diversity in their membrane mobility. We demonstrate that the nature of the G subunit plays a major role in defining the mobility of such heterotrimers. Our results indicate that heterotrimers containing G12 and G13 subunits exhibit markedly reduced mobility compared to those containing Gi/o and Gs subunits. These findings identify subtype-specific lateral membrane mobility of G proteins as a factor that can affect their signaling dynamics in living cells."
2026-09-14,38,10.64898/2026.09.09.749980,1,biophysics,"Metastable Dimeric Intermediate Drives Native-like Spidroin Fibrillogenesis, while Dehydration Promotes Cross-β Transition","Kajimoto, H.; Yonezawa, K.; Chan, K. S.; Hayashi, K.; Okamoto, Y.; Aiba, R.; Nakatani, Y.; Kimura, K.; Bessho, M.; Yamazaki, Y.; Toma-Fukai, S.; Uchihashi, T.; Sato, T. K.; Kamikubo, H.","The exceptional mechanical properties of spider dragline silk originate from hierarchical spidroin self-assembly, yet mimicking this process to generate native-like structures remains challenging. Here, we report a metastable dimeric intermediate as an essential molecular factor for fibrillogenesis. Small-angle X-ray scattering (SAXS) and atomic force microscopy (AFM) revealed a compact core stabilized by solvent-excluded ""dry interfaces"" surrounded by extended random coil regions. Within the core, a subset of the polyalanine blocks is held by side-chain packing rather than by main-chain {beta}-sheets; the majority remain exposed in the surrounding coil regions. Upon lowering the denaturant concentration, these exposed polyalanine segments pair with their counterparts at a fibril end, forming intermolecular {beta}-sheets that act as linkers and drive the stepwise end-to-end polymerization of the dimeric particles. In solution, the resulting fibrils exhibit an ordered {beta}-structure in which the polypeptide chains run parallel to the fibril axis, in contrast to amyloid-like cross-{beta}, in which the strands lie perpendicular to it; this matches key features of native silk nanofibril architecture. However, X-ray diffraction (XRD) analysis demonstrates that these native-like nanofibrils undergo an effectively irreversible transition toward amyloid-like cross-{beta} structures upon drying. Native-like fibrils are thus achievable by self-assembly, but structural control is lost during the final dehydration step. Accordingly, we propose a general principle for decoupling self-assembly from dehydration: native-like nanofibrils are formed first, then dried under conditions that restrict molecular-chain mobility (for example, mechanical constraint or immobilization on a surface), which we expect to suppress thermodynamic relaxation into cross-{beta} structures."
2026-09-14,38,10.64898/2026.04.10.717764,2,immunology,"Albumin-fused interleukin-10 prevents experimental autoimmune encephalomyelitis by promoting immunoregulation in the secondary lymphoid organs","Budina, E.; Reda, J. W.; Refvik, K. C.; Luehr, J.; Berg, B. T.; Chun, H.-R.; Beckman, T. N.; Solanki, A.; Nguyen, M.; Reda, S. N.; Foley, C. R.; Vuong, I.; Lauterbach, A. L.; Hultgren, K.; Gomes, S.; Ishihara, J.; Volpatti, L. R.; Hubbell, J. A.","Interleukin-10 (IL-10) is a potent immunoregulatory cytokine that suppresses pro-inflammatory cytokine production, reduces antigen presentation by myeloid cells, promotes M2 macrophage polarization, and inhibits T cell activation. Despite these well-established immunoregulatory functions, efforts to harness recombinant IL-10 therapeutically have been limited by its short plasma half-life and poor retention in the secondary lymphoid organs (SLOs), key sites of autoreactive T cell priming in autoimmune disease. Previously, we engineered a fusion of serum albumin and IL-10 (SA-IL-10) with extended half-life and enhanced exposure in the SLOs following intravenous administration. Here, we integrate human transcriptomic analyses and a murine model of neuroinflammation, experimental autoimmune encephalomyelitis (EAE), to investigate how sustained IL-10 exposure in the SLOs modulates immune responses under inflammatory conditions. Human single-cell RNA sequencing analyses revealed reduced IL-10 expression alongside increased IL-10 receptor expression across multiple immune cell populations in treatment-naive patients with multiple sclerosis (MS), motivating the investigation of IL-10-based immunomodulatory strategies. Prophylactic SA-IL-10 administration prevented the development and progression of EAE with superior efficacy to wild type IL-10 and comparable protection to fingolimod, an FDA-approved MS therapy. Immunophenotyping of the SLOs revealed that SA-IL-10 suppressed pathogenic, antigen-specific ROR{gamma}t+ Foxp3- TH17 T cells, CD86+ M1-like macrophages, CD86+ dendritic cells, and pro-inflammatory cytokine production, while expanding immunoregulatory CD206+ M2-like macrophages and increasing the frequency of multiple checkpoint markers (CTLA-4, PD-1, TIGIT, ICOS) on GATA3+ Foxp3- TH2 cells. Despite the absence of direct central nervous system targeting, SA-IL-10 treatment also reduced the infiltration of macrophages, dendritic cells, and CD4+ T cells into the spinal cord. Repeated SA-IL-10 administration was well tolerated, as treated EAE mice gained significantly more body weight over the course of treatment compared to PBS- and WT IL-10-treated controls, and exhibited plasma biochemistry parameters comparable to control animals at study endpoint. Together, these findings demonstrate that increasing IL-10 exposure in the SLOs suppresses neuroinflammation by promoting immunoregulation."
2026-09-14,38,10.64898/2026.02.20.707051,3,genomics,"Variant-to-gene mapping in ocular cell types identifies candidate effector genes for primary open-angle glaucoma","Vrathasha, V.; Pahl, M.; Pippin, J. A.; Nikonov, S.; He, J.; Halimitabrizi, M.; Moksha, L.; Salowe, R.; Edziah, A.-A.; Bradford, Y.; Zhu, Y.; Gudiseva, H. V.; Chavali, V. R. M.; Costa, B. L. d.; Berry, A. M.; Quinn, P. M. J.; Cui, Q. N.; Miller-Ellis, E.; Sankar, P. S.; Ross, A. G.; Addis, V.; Verma, S. S.; Wells, A. D.; Grant, S. F. A.; O'Brien, J. M.","Primary open-angle glaucoma (POAG), a leading cause of irreversible blindness worldwide, has a strong genetic basis. The Primary Open-Angle African Ancestry Glaucoma Genetics study previously identified 46 risk loci associated with this disease. To pinpoint causal variants and their corresponding effector genes, we analyzed gene expression, chromatin accessibility, and conformation in two ocular cell types: trabecular meshwork cells (hTMCs) and retinal ganglion cells derived from induced pluripotent stem cells (hiPSC-RGCs). We identified 24 candidate genes in hTMCs and 56 in hiPSC-RGCs. Several prioritized genes showed altered mRNA expression, implicating pathways involved in oxidative stress, tissue homeostasis, neuronal maintenance, and retinal degeneration. Among these genes, ARHGEF12 was selected for further validation because local and distal promoter interactions nominated it in both cell types, and prior evidence reproducibly links it to POAG. While its role in hTMCs is established, its function in RGCs is unclear. hiPSC-RGCs generated from a POAG donor homozygous for the risk allele exhibited reduced ARHGEF12 expression, altered morphology, and disrupted neuronal activity. By linking POAG risk loci to candidate effector genes in ocular cell types, this study provides a framework for functional evaluation of additional POAG risk variants."
2026-09-14,38,10.64898/2026.09.03.749125,2,bioinformatics,"AnnoAudit: a marker-based protocol for auditing single-cell atlas annotations reveals systematic, state-dependent annotation failure in a widely used traumatic brain injury resource","Zhang, L.; Yan, Q.; Rao, H.; Li, M.; Qian, X.; Zhang, Y.; Gao, R.","Single-cell atlas annotations are routinely treated as ground truth but rarely validated before use. We present AnnoAudit, a marker-based audit protocol that combines four convergent checks - marker scoring, unsupervised clustering, margin-gated module scoring, and applicability-gated pretrained models - into a composite Annotation Contamination Score (ACS), plus an independent-gene discrimination step that distinguishes genuine mis-assignment from ambient-RNA detection artifacts, and a trajectory-correlation fingerprint tracing suspicious signals to their cell type of origin. Applied to CEREBRI (GSE269748), a widely used single-cell TBI atlas (73 citations; 65 citing works; six re-analysis studies, none of which validated the annotations), the audit shows that contamination is systematic: the official ""glutamatergic neuron"" label is 97.8% non-excitatory by markers, with at least 67.4% of its cells independently confirmed as non-neuronal (microglia-dominated); the GABAergic (46.6%), OPC (66.1%), and astrocyte (37.7%) labels are likewise contaminated by marker-confirmed microglia, whereas the microglial, oligodendrocyte, endothelial, and pericyte labels are largely clean (85-96% self-confirmed). The contamination is state-dependent: astrocyte and OPC labels are largely correct in uninjured controls (76.0% OPC self-marker; 18.5% discrimination-confirmed contamination for the astrocyte label) but collapse in the acute 24-h window (14-16% self-marker; 57-71% microglia), recovering by 6 months - so the annotation failure concentrates precisely in the window of maximal injury response. This temporal structure generates coherent false signals - a biphasic trajectory for 40 of 307 ion-channel genes, a KCNC3-specific OXPHOS signature, and an inverted KCNC3 trajectory at 7 days - whereas the corrected response is a sustained acute KCNC3 up-regulation conserved across three independent datasets and three injury models. Simulation-calibrated ACS is 82.6% for CEREBRI. In a human ALS atlas (GSE330130), an ambient-aware re-analysis shows that the official neuron labels are largely correct (1.8-6.1% contamination after discrimination), confirming that the audit does not flag well-annotated resources, and that marker-only estimates on snRNA data with high ambient RNA must be interpreted with the discrimination step. AnnoAudit needs only the deposited count matrix and a canonical panel; we propose it as a routine quality step for atlas-based re-analysis."
2026-09-15,38,10.64898/2026.01.27.702056,2,genetics,"IAP retrotransposons contribute to the transcriptional diversity of the murine placenta","Amante, S. M.; Vignola, M. L.; Pulver, C.; Bertozzi, T. M.; Ferguson-Smith, A. C.; Charalambous, M.; Branco, M. R.","Transposable elements (TEs) have made important contributions to the evolution of the placenta, and are argued to have played a role in the wide inter-species diversification of this critical developmental organ. Co-option of TEs by host genomes has led to the genesis of important placental genes, as well as trophoblast-specific gene regulatory elements. But whilst multiple TE subfamilies have been shown to act as transcriptional enhancers in early mouse trophoblast development, it remains unclear to what extent TEs regulate placental gene expression after the establishment of a functional fetal-maternal interface. Here, we characterised the TE regulatory and transcriptional landscape in mouse placenta and gauged their evolutionary dynamics through a comparative approach. We found that overall, the gene regulatory potential of TEs is greatly diminished in differentiated mouse trophoblast when compared to their stem cell counterpart. However, evolutionarily young intracisternal A particle (IAP) elements are highly expressed in the placenta and create several alternative, placenta-specific transcriptional start sites for protein-coding genes. IAP elements that are active in the placenta drive species-specific expression of associated genes and display wide genetic diversity between mouse strains. These putative co-option events are therefore evolutionarily recent and may represent a prime example of how TE activity can drive fast placental evolution."
2026-09-15,38,10.64898/2026.09.03.749070,2,bioinformatics,"TCRdenoise - an unsupervised similarity-based approach for denoising of TCR-pMHC specificity data","Lund, J. M.; Deleuran, S. N.; Nielsen, M.","Public repositories of T cell receptor (TCR)-peptide-MHC (pMHC) interactions constitute a critical resource for studying adaptive immunity and developing predictive models of TCR specificity. However, recent evidence suggests that a substantial fraction of reported TCR-pMHC interactions may be incorrectly annotated, limiting the quality of downstream analyses and machine learning applications. Here, we present an unsupervised sequence similarity-based framework for denoising peptide-specific TCR repertoires. The method combines pairwise TCR similarity metrics derived from TCRbase and TCRdist3 with hierarchical clustering and a novel adaptation of the silhouette score designed to address the prevalence of singleton clusters and highly imbalanced cluster structures. By incorporating a pseudo-cluster containing singleton and background TCRs, and by optimising both clustering distance thresholds and minimum cluster-size criteria, the proposed approach identifies TCRs likely to represent true antigen-specific binders while filtering putative noise. Using experimentally validated repertoires from TCRvdb, we demonstrate that the modified silhouette score closely tracks clustering solutions that maximise separation between binding and non-binding TCRs, achieving strong agreement with independent validation based on the Matthews correlation coefficient. Extension to a large collection of peptide-specific TCR data revealed a strong negative correlation between the percentage of TCRs classified as noise and the predictive performance of peptide-specific binding models. Further, the denoising classification labels on this data set were corroborated using structural modeling confidence scores of the peptide-TCR interface extracted from a refined AlphaFold 3 modeling pipeline. Additionally, retraining NetTCR on denoised data improved internal cross-validated performance compared with models trained on the full data set, whereas models trained exclusively on TCRs classified as noise performed close to random. Together, these results demonstrate that sequence similarity-based denoising can effectively enrich for biologically meaningful TCR-pMHC interactions and improve the quality of training data for predictive immunological models. The proposed framework provides a scalable strategy for improving the reliability of public TCR databases and facilitating the development of more accurate TCR specificity prediction methods."
2026-09-15,38,10.64898/2026.02.24.707692,2,bioinformatics,"Effects of UniProtKB restructuring and taxonomic database restrictions on downstream Unipept peptide-centric profiling","Vande Moortele, T.; Van de Vyver, S.; Binke, B.-B.; Van Den Bossche, T.; Dawyndt, P.; Martens, L.; Verschaffelt, P.; Mesuere, B.","Metaproteomics identifies the proteins present in a microbial community and, from them, which organisms are active and what functions they carry out. Tools such as Unipept assign peptides to taxa and functions by matching them to UniProtKB proteins and taking the lowest common ancestor of the matching taxa, deriving functional annotations from the same matches. This analysis therefore depends directly on the content of UniProtKB, which was substantially restructured in 2025-2026, reducing it by more than 100 million protein entries. We investigated how these changes affect taxonomic interpretation and how restricting the database to sample-specific taxa identified by rRNA profiling modifies that effect. Fixed, non-redundant peptide lists from human-gut and marine-hatchery studies were reanalysed with Unipept against UniProtKB releases 2025_03, 2025_04, and 2026_02. Peptide mapping coverage fell from 85.9% to 73.3% (gut) and from 82.3% to 68.7% (marine) between release 2025_03 and 2026_02, yet dominant taxonomic profiles remained robust: family- and genus-level distributions changed little and all 15 dominant gut species were retained. Root-level assignments dropped from 18.7% to 7.0% (gut) and 25.8% to 14.3% (marine). Restricting UniProtKB 2026_02 to taxa detected by large-subunit ribosomal RNA (LSU rRNA) profiling reduced coverage to 64.4% (gut) and 41.8% (marine), while genus- and species-level proportions changed by less than one percentage point. The major UniProtKB restructuring of 2025-2026 therefore narrowed mapping breadth without destabilizing the dominant taxonomic profiles in these two datasets."
2026-09-15,38,10.64898/2026.05.28.728361,2,bioinformatics,"Characterization of Outer Membrane β-barrel Proteins of Pasteurella multocida for Multi-Epitope Vaccine Design against Human Pasteurellosis","Panda, A.; Kapoor, J.; Kumar, S.; Bandyopadhyay, A.","Pasteurella multocida is a facultative anaerobic, Gram-negative coccobacillus that causes pasteurellosis in companion animals, livestock, and poultry and poses a significant zoonotic risk to humans through bite wounds, scratches, licking, and transfer of bodily fluids. Although vaccines are available for livestock and poultry, no vaccine is currently licensed for human use. In this study, we systematically identified and characterized 29 outer membrane {beta}-barrel (OMBB) proteins in P. multocida Past9 proteome and classified them into functional categories, including TonB-dependent receptors, porins, autotransporters, adhesins, and efflux pumps. B-cell, cytotoxic T-lymphocyte (CTL), and helper T-lymphocyte (HTL) epitopes were predicted from the identified proteins and screened based on antigenicity, non-allergenicity, and non-toxicity. Epitopes conserved across eight human-infecting P. multocida strains and located within the extracellular loop (ECL) region were incorporated into a multi-epitope vaccine (MEV) construct. The designed MEV was predicted to be antigenic, non-allergenic, and soluble. Its tertiary structural model was iteratively refined and validated. Molecular docking with human toll-like receptors 4/2 (TLR4/TLR2) predicted stable interactions, further supported by 100 ns molecular dynamics simulations. Immune simulation of the MEV construct predicted a strong simulated immune response. Furthermore, codon optimization and in silico cloning supported the feasibility of recombinant MEV expression in E. coli. The construct was benchmarked against OmpH, a well-known antigenic protein and exhibited broadly comparable predicted immune responses and receptor-binding energetics. This study proposes a designed MEV candidate against human pasteurellosis and highlights OMBB proteins as potential immunogenic targets for vaccine development."
2026-09-15,38,10.64898/2026.03.15.711886,2,bioinformatics,"Ryder: Epigenome normalization using a two-tier model and internal reference regions","Cao, Y.; Ge, G.; Zhao, K.","Motivation: Sequencing-based epigenomic profiling methods are powerful but suffer from technical variability that complicates cross-sample comparisons and can obscure true biological signals. While existing normalization methods using spike-in controls or computational approaches have been proposed, they often rely on assumptions that may not hold across diverse experimental conditions or require additional data types. Results: We present Ryder, a flexible and robust Python package for the normalization of epigenomic signal tracks. Ryder leverages stable internal reference regions, such as invariant CTCF binding sites, to correct for technical artifacts genome-wide. Our results show that it effectively adjusts both background noise and signal intensity, ensuring accurate signal alignment across samples while preserving genuine biological differences. We demonstrate that Ryder performs robustly across diverse assays including DNase-seq, CUT&RUN, ATAC-seq, MNase-seq, and ChIP-seq, with or without spike-in controls. By reducing technical noise, Ryder improves the detection of genuine biological changes, such as quantitative reduction of chromatin accessibility at key enhancer elements by depletion of BRG1, a key subunit of the chromatin remodeling BAF complexes. Availability and Implementation: The Ryder source code, documentation and test data are freely available at: https://github.com/YaqiangCao/ryder . The software version used in this study is archived at Zenodo: https://zenodo.org/records/21267457 ."
2026-09-15,38,10.64898/2026.08.25.747127,2,biophysics,"Predictive all-atom simulations of disordered proteins and biomolecular condensates through osmometry-guided force-field optimization","Ivanovic, M. T.; von Roten, V.; Schuler, B.; Best, R. B.","All-atom simulations with explicit solvent can provide a detailed and accurate description of dynamics and mechanisms in biomolecular systems, including intrinsically disordered proteins (IDPs) and their condensates. However, interactions involving charged residues and ions remain a persistent source of systematic error. Here we introduce an osmometry-guided optimization strategy that directly targets residue-residue, residue-ion and ion-ion interactions. Osmotic pressure provides key experimental information on molecular interactions and can be calculated directly and rapidly from simulations, enabling iterative force-field optimization. The resulting parameters improve agreement with single-molecule FRET data for IDPs, NMR relaxation data for an IDP-folded-domain complex, and chain dynamics and dimensions in biomolecular condensates of charged IDPs. For such condensates, simulations with our osmometry-optimized force field provide the missing link for predicting condensate dynamics across length and time scales. The strategy is broadly extensible to other interaction classes, including those governing protein-nucleic-acid assemblies."
2026-09-15,38,10.64898/2026.04.16.719020,2,genetics,"QINT, a novel simplified QF/QUAS expression system with integrated temporal expression control","Ahn, J.-E.; Amrein, H.","Binary gene expression systems have played a major role in uncovering the function of genes, cells and organ systems during and after development. Employed initially in model systems such as flies and mice, advances in gene technology have vastly expanded the number of species in which these systems can be deployed. One of their limitations is the challenge of imposing temporal expression control. Here, we report the incorporation of temperature-sensitive intein modules with different temperature profiles into QF2, the transcription factor anchoring the Q-system widely used in Drosophila and introduced recently into several insect species and the zebrafish D. rerio. Intein removal from temperature-sensitive QF2_INTts activators in Drosophila larvae and adult flies raised under permissive conditions (18 degree Celsius to 25 degree Celsius) renders QF2 active and drives strong expression of QUAS reporters. In contrast, raising Drosophila at restrictive temperatures (25 degree Celsius to 30 degree Celsius) keeps QF2_INTts in a non-functional state unable to bind DNA and therefore keeping QUAS reporters inactive. We further show that reporter expression can be turned on and off both in larvae and flies by changing temperature conditions between restrictive to permissive. Finally, expression of the inward rectifying potassium channel (QUAS-Kir2.1) under the control of QF2_INTts drivers in olfactory neurons and pan-neuronally was effectively suppressed in flies raised under restrictive temperature conditions with no impact on olfactory acuity or survival, respectively. In contrast, when respective flies were shifted to permissive temperature-condition, flies lost olfactory acuity and became paralyzed within one to four days, respectively. Thus, the intein-based Q-system, henceforth referred to as QINT system, renders the difficult to employ drug-dependent suppressor QS unnecessary, greatly facilitating temporal regulation of gene expression. Having several advantages over the GAL4 system, the Q system has gained broad acceptance in other insect species and the zebrafish D. rerio, and thus the temperature-regulatable QINT system can be implemented in many other organisms, including disease-transmitting mosquitoes and poikilotherm vertebrate animals to study gene and cell function at any time during or after development."
2026-09-15,38,10.64898/2026.04.10.717669,4,bioengineering,"An Implantable Wireless Battery-Free Spatially Selective Vagus Nerve Stimulator","Rutkovskis, E.; Ravagli, E.; Lancashire, H.; Shah Idil, A.; Thompson, N.; Perkins, J.; Challita, R.; Hadaya, J.; Vivekananda, U.; Ajijola, O.; Shivkumar, K.; Miserocchi, A.; McEvoy, A.; Holder, D.; Aristovich, K.","Objective. Vagus nerve stimulation (VNS) is an established clinical therapy for drug-resistant epilepsy and other inflammatory conditions. However, off-target stimulation can produce unwanted side effects that limit therapeutic stimulation and hinder the development of new neuromodulation therapies. Selective VNS (sVNS) offers a strategy to reduce off-target organ activation; however, this approach is not available in humans, and no implantable or portable devices exist to trial sVNS in the clinical setup. This work aimed to design, manufacture, and validate an implantable wireless, battery-free stimulator with a selectively addressable output stage for targeted current delivery to specific regions of the human vagus nerve (VN). Approach. We developed a near-field communication-controlled, wirelessly powered, battery-free, temporary implantable multichannel stimulation device, compatible with a 15-channel sVNS cuff electrode (14 selective electrode pairs and one circumferential whole-nerve channel). The device was encapsulated for short-term implantation and evaluated through benchtop characterisation, accelerated ageing, and validation in an acute porcine and a pilot human study. Main result. The sVNS device was evaluated in a porcine (n = 4) trial and a first-in-human pilot study (n = 1). Selective bradycardia of 23.28 {+/-} 12.91% was observed in pigs and 7.5% in the human participant. In the human, a clear separation of bradycardic and tachycardic effects was observed, with additional selectivity in laryngeal activity. Cardiac and laryngeal responses were separated by 231{degrees} around the circumference of the nerve. Significance. This work demonstrates the feasibility of wireless battery-free sVNS for cardiac applications using a temporary implantable device. Geometrically selective stimulation has the potential to improve therapeutic efficacy while reducing stimulation-related side effects, and may facilitate future therapies for heart failure and other autonomic disorders."
2026-09-15,38,10.64898/2026.05.25.727591,3,bioinformatics,"Targeting Outer Membrane β-barrel Proteins of Burkholderia mallei to design a Multi-epitope Vaccine Against Human Glanders","Kapoor, J.; Panda, A.; Kumar, S.; Bandyopadhyay, A.","Burkholderia mallei, a facultative intracellular Gram-negative pathogen, is the causative agent of glanders that primarily affects solipeds and is sporadically transmitted to humans. Current interventions mainly rely on antibiotics; however, increasing antimicrobial resistance and the lack of a licensed vaccine further complicate disease management. Surface exposed outer membrane {beta}-barrel (OMBB) proteins serve as excellent targets for vaccine development. In the present study, a consensus-based computational framework was employed on the B. mallei turkey2 proteome that identified 59 OMBB proteins - including porins, TonB receptors, autotransporters, and efflux components. These OMBB proteins were leveraged to predict B- and T-cell epitopes which were manually curated, and mapped onto the corresponding protein models to identify surface-exposed epitopes with direct accessibility to the host immune cells. These epitopes were linked together to construct a multi-epitope vaccine (MEV) that was predicted to be antigenic, and soluble upon overexpression. The tertiary structure of the MEV was generated which was used for molecular docking with TLR4 and TLR2. Molecular dynamics simulation and flexibility analysis confirmed the structural stability of the MEV-TLR4/TLR2 complexes. In-silico immune simulation showed the capability of MEV to induce a strong immune response. Codon optimization and in-silico cloning were performed to evaluate its efficient expression in the E. coli host. The findings suggest that surface exposed OMBB proteins can serve as promising antigenic candidates for designing an MEV construct."
2026-09-15,38,10.64898/2026.09.09.750167,1,"systems biology","The impacts of exogenous noise on stochastic disease dynamics","Higgins, D. R.; Keeling, M. J.; Dyson, L.","Much of the literature and intuition associated with mathematical epidemiology is driven by deterministic models, which are a reasonable assumption when the population size is large. Stochastic models, especially individual based models, are however considered vital when dealing with small population sizes, especially at times of invasion or extinction. The overwhelming majority of these models (both deterministic and stochastic) assume that the underlying parameters are fixed (or follow a regular seasonal pattern). Here, we consider an analytic framework for dealing with randomly varying parameters through the use of stochastic differential equations - thereby capturing the action of external noisy processes such as weather. In particular, we focus on when the transmission rate, {beta}, varies as the solution to a Cox-Ingersoll-Ross Model, such that {beta} is gamma distributed with autocorrelation. We consider the impact of this parameter variation on a stochastic version of the Susceptible-Infected-Recovered model, and for this 'double-stochastic' model show through simulation and analytical results that exogenous noise increases the impact of stochasticity, potentially leading to more early extinctions, wider variations in the number of cases at equilibrium, but that early growth rate can be faster or slower depending on the precise parameters."
2026-09-15,38,10.64898/2026.09.09.749723,1,bioengineering,"Dynamic Compression Platform for Live Imaging of Scaffold-Transmitted Cellular Mechanoresponses","Moulin, M.; Bissacco, E. G.; Ferguson, S. J.; O'Callaghan, P.","Mechanical characterization of biomaterial scaffolds is essential to evaluate their capacity to meet the functional demands of target tissues in tissue engineering and regenerative medicine applications. Scaffolds designed to interface with living tissues must support the transmission of mechanical cues to resident cells and stimulate mechanosignaling pathways that are essential to their function. In joints, bone and cartilage cells act as primary mechanosensors, converting mechanical stimuli into biochemical signals that regulate tissue homeostasis and remodelling. Therefore, evaluating cellular mechanoresponses to scaffold-transmitted compression in vitro can inform the development of functional tissue-engineered constructs. For example, poly({epsilon}-caprolactone) (PCL) scaffolds are highly relevant for bone and cartilage tissue engineering due to their biocompatibility, stable mechanical properties and slow degradation. Here, we applied a custom-built device to study compression-induced mechanosignaling in MC3T3-E1 pre-osteoblast cells. The device is composed of a polydimethylsiloxane (PDMS) pillar, a force-sensing load cell, and a piezoelectric linear track. A protocol is described in which MC3T3-E1 cells are repeatedly compressed, while in parallel live tracking of force measurements and live imaging of intracellular calcium dynamics in MC3T3-E1 cells are recorded. PCL scaffolds fabricated by melt electrowriting (MEW) were subsequently integrated into the platform. Scaffold-transmitted compression triggered dynamic increases in cytosolic calcium; in MC3T3-E1 cells located directly under the PCL microfibers, but also in cells located in the interfiber spaces. This device and workflow facilitate in vitro investigations of real-time cellular mechanoresponses to dynamic compression applied with biomaterial scaffolds, and provides a testing platform for evaluating the mechanotransductive properties of scaffolds intended for tissue engineering applications."
2026-09-15,38,10.64898/2026.09.14.751154,1,bioinformatics,"Comparative Genomics of COBRA-like Genes in Theobroma and Herrania Reveals Structural Conservation and Lineage-Specific Variation","Oliveira, R. P.; Almeida, J. V. d. A.; Trinca, V.; Ballaben, A. S.; Oliveira, M. d. M.; Varani, A. d. M.","COBRA-like (COBL) genes encode plant-specific proteins associated with cell-wall organization, cellulose deposition, and developmental processes. Despite their functional relevance in model plants and crops, this gene family remains poorly characterized in Amazonian Malvaceae species. Here, we performed a comparative genomic analysis of COBL genes in two Theobroma grandiflorum clones, two T. cacao cultivars, and Herrania umbratica. Using homology searches, conserved domain validation, phylogenetic reconstruction, gene structure analysis, chromosomal mapping, transcript abundance profiling, molecular modeling, and selection tests, we identified 62 COBL genes across the analyzed genomes. COBL copy number varied among genomes, with T. cacao Matina showing the largest repertoire. All retained proteins contained the conserved COBRA domain and grouped into the two major COBL subgroups previously described in angiosperms, with subgroup-specific exon-intron organization largely conserved across species. Genomic distribution and duplication classification indicated contributions from tandem, segmental, dispersed, and proximal duplications, suggesting that multiple genomic processes shaped COBL family organization in Theobroma and Herrania. Phylogenetic analyses further recovered a putative lineage-specific COBL clade within the analyzed Malvaceae, indicating lineage-specific variation in this gene family. Structural modeling indicated overall conservation between representative proteins from this clade and COBL6-associated proteins, although localized amino acid differences were observed within the COBRA domain. Selection analyses supported predominant purifying selection across the family, with limited evidence of episodic diversifying selection in specific lineages and no significant branch-level signal within the putative lineage-specific clade after correction. Overall, these results provide a comparative framework for COBL gene evolution in Theobroma and Herrania and identify candidate genes for future functional studies on cell-wall-related traits in economically important Malvaceae crops."
2026-09-15,38,10.64898/2026.09.09.750508,1,bioinformatics,"A novel unbiased Linkage Disequilibrium estimator through Random Probing","Hui, T.-Y. J.; Burt, A.","The linkage disequilibrium (LD) or correlation of alleles at different loci is a fundamental statistic in population genetics. This work presents a new estimator for the standardised LD measure r^2 between a pair of loci. The Random Probe (RP) estimator involves generating a set of random dummy loci, before calculating the r^2 between each synthetic locus and the two focal loci using one of the existing estimators (even it is known to be biased). The correlation between the two vectors of r^2 is the LD estimate. Computer simulations show promising results, with the RP estimator at least as unbiased as the current Ragsdale and Gravel estimator in most common scenarios. In the more challenging scenarios with skewed allele frequencies and small sample size, RP is preferred by having notably reduced bias, and that the bias is less sensitive to sample size and underlying LD, while maintaining mean squared error comparable to existing methods. The new estimator will most benefit applications relying on accurate measures of LD. Beyond LD, this study stimulates further discussions on whether RP estimator can be generalised to other genetic summary statistics or measures of relatedness."
2026-09-15,38,10.64898/2026.09.14.751430,1,biophysics,"Intermediate-Resolution Modeling of Dynamic DNAs and Their Phase Separation","Ng, J.; Li, S.; Chen, J.","DNA is a fundamental biomolecule in eukaryotic cells, playing central roles in processes ranging from genome organization and transcription to innate immune signaling. Recent studies have revealed that DNA can undergo protein-free phase separation in the presence of divalent cations, yet the underlying molecular mechanisms, including the interplay of base stacking, base pairing, electrostatics, and ion interactions, remain poorly understood. Here, we introduce an intermediate-resolution model for condensates of DNAs (iConDNA) that can capture key local and long-range structural features of dynamic DNAs and simulate their spontaneous phase transitions. By introducing explicit base stacking and pairing interactions, the iConDNA model not only reproduces major conformational properties of DNA homopolymers but also folds DNA hairpins and duplexes and captures their thermodynamic properties. With an effective model of explicit Mg2+, iConDNA successfully captures the temperature and magnesium concentration dependence of DNA properties. Together, these features enable iConDNA to qualitatively recapitulate homotypic DNA phase separation, providing a suitable tool to study DNA homotypic phase separation in biological and engineering applications."
2026-09-15,38,10.64898/2026.09.12.751153,1,biophysics,"Mechanistical and structural basis of Kv channel inhibition by 4 aminopyridine","Pinto-Anwandter, B. I.; Agrawal, R.; Thomas, T.; Perozo, E.; Roux, B.; Bezanilla, F.","Inhibition of Kv channels by 4-aminopyridine (4AP) improves motor function in multiple sclerosis by enhancing neuronal excitability. The mechanism of inhibition and the structural basis of 4AP binding to Kv channels remain unclear. Here, we determined the structure of the Shaker V369I-I372L-S376T (ILT) mutant bound to 4AP at 3.3 [A], demonstrating that 4AP binds to the closed state of the channel. This structure is inconsistent with an open channel block mechanism. Electrophysiology experiments show that 4AP binds even when intracellular pore access is constitutively blocked, suggesting that 4AP enters the pore through membrane-facing fenestrations. MD simulations and mutational analysis agree with the proposed fenestration pathway and suggest that 4AP binds in its neutral form. These results support a mechanism where 4AP binds to a partially activated closed state that prevents complete activation of Kv channels, explaining its pharmacological activity."
2026-09-15,38,10.64898/2026.02.19.706877,3,biophysics,"QuantiTrack: A unified software to study protein dynamics in living cells","Ball, D. A.; Wagh, K.; Stavreva, D. A.; Hoang, L.; Schiltz, R. L.; Chari, R.; Raziuddin, R.; Mazza, D.; Upadhyaya, A.; Hager, G. L.; Karpova, T. S.","Linking the spatiotemporal dynamics of proteins in live cells to biological function is a fundamental challenge in biology. Single molecule tracking (SMT) has emerged as a powerful technique to investigate protein dynamics at the single molecule level. However, SMT analysis often requires expertise in biophysical modeling and programming, and integrating results from different analyses can be challenging. To address these barriers, we developed QuantiTrack: a MATLAB-based SMT analysis software with a simple graphical user interface. This provides a much-needed end-to-end solution where a user can load a movie, detect and track single molecules, and perform complementary downstream analyses within a standardized workflow. QuantiTrack includes quantitative metrics for selecting detection and tracking parameters and troubleshooting experimental design, and includes a detailed step-by-step User Guide. We used simulations to demonstrate how signal intensity, labeling density, and motion blur affect detection and tracking fidelity. Using multi-state simulations, we further benchmarked complementary methods to identify distinct mobility states from heterogeneous trajectory populations. Finally, we applied QuantiTrack to real experimental data where we address how the glucocorticoid receptor (GR), a hormone-regulated transcription factor, responds to treatment and washout of its cognate hormone. Hormone washout results in rapid (in minutes) downregulation of GR target genes to basal levels. By integrating complementary analyses within QuantiTrack, we showed that hormone washout substantially reduced the bound fraction of GR, its occupancy in the mobility state associated with GR activation, and dwell times. Together, these analyses showcase QuantiTrack as an integrated platform for extracting biologically meaningful measurements from single molecule trajectories."
2026-09-15,38,10.64898/2026.09.10.750598,1,"pharmacology and toxicology","Replacing In Vivo Experiments for PK/PD Target Determination Through In Vitro Time-Kill Experiments and PK/PD Modelling Incorporating Inter-strain Variability: Application to Meropenem Against Pseudomonas aeruginosa","Buyck, J. M.; Krekounian, O.; Collet, T.; Aranzana-Climent, V.; Gregoire, N.","Background. Optimal antibiotic dosing regimens depend on the pharmacokinetic/pharmacodynamic (PK/PD) index that best predicts antibacterial efficacy. PK/PD targets are traditionally determined using murine infection models based on a limited number of bacterial isolates. Objective. This study aimed to investigate whether animal experiments could be replaced by in vitro time-kill experiments performed on a large collection of clinical isolates and analyzed using a modelling approach accounting for inter-strain variability. The proposed framework was evaluated using meropenem against Pseudomonas aeruginosa. Materials and Methods. In vitro time-kill experiments were performed on 66 clinical isolates of P. aeruginosa. A population pharmacodynamic model was developed from experimental data. A murine pharmacokinetic model was reproduced from literature and combined with the pharmacodynamic model to simulate in vivo bacterial burden over time. The relationships between simulated bacterial counts at 24 h and the three main PK/PD indices (fCmax/MIC, fAUC/MIC and %fT>MIC) were characterized using nonlinear mixed-effects Imax models. Results. The PK/PD index showing the strongest correlation with meropenem efficacy at 24 h was %fT>MIC (R2 = 0.989), compared with fAUC/MIC (R2 = 0.373) and fCmax/MIC (R2 = 0.284). These findings are consistent with previous studies using murine thigh infection models. The %fT>MIC target required to achieve a 2-log CFU reduction was estimated at 44%, with substantial inter-strain variability (10th and 90th percentiles: 27% and 71%, respectively). Conclusions. Using meropenem against P. aeruginosa as a proof of concept, we demonstrate that in vitro time-kill experiments combined with pharmacometric modelling can identify the same PK/PD efficacy targets as animal infection models. Moreover, performing experiments on a large panel of clinical isolates enables the quantification of inter-strain variability in PK/PD targets, providing information that may improve their translation to clinical dosing optimization."
2026-09-15,38,10.64898/2026.09.14.751370,1,"synthetic biology","Engineering phenotypic heterogeneity for functional organization in microbial populations","Villegas-Plazas, M.; Otero-Muras, I.; Nogales, J.","Engineering microbial populations to perform complex functions requires programming not only cellular behaviour but also the functional organization through which biological activities are distributed across populations. While phenotypic heterogeneity is often regarded as variability to suppress, it can also serve as a foundation for organizing specialized functions within genetically homogeneous microbial systems. Here, we introduce PROMETEO, a modular genetic-circuit framework that programs population composition through architecture-encoded regulatory and translational asymmetries. Using a library of 27 asymmetric bistable circuits, we demonstrate that circuit architecture reproducibly specifies phenotypic distributions spanning a broad range of population compositions without continuous external induction. Programmed population structures remained stable over serial propagation and were qualitatively conserved across Escherichia coli and Pseudomonas putida. Stochastic and deterministic modelling accurately predicted architecture-dependent population compositions and hysteresis regimes, providing a quantitative framework for rational design. We further show that programmable population composition supports multiple modes of functional organization, including stable parallel specialization, inducible temporal redistribution of cellular states, and spatial ecological compartmentalization through biofilm-associated and planktonic subpopulations. As a demonstration of these capabilities, architecture-programmed organization enabled distributed Congo Red biotransformation through coordinated reductive and oxidative activities, achieving up to 98% dye removal in spatially compartmentalized populations. Together, these results establish population composition as a programmable property of genetic circuit design and provide a general strategy for engineering distributed functions within genetically homogeneous microbial populations."
2026-09-15,38,10.64898/2026.09.14.751348,1,microbiology,"Diverse H2O2-scavenging phenotypes of coral-associated bacteria reveal candidates for bleaching mitigation","Martins Fernandes, L.; Doering, T.; Yan Chan, W.; van Oppen, M. J.","There is growing interest in manipulating coral-associated bacteria to enhance coral thermal bleaching tolerance. Reactive oxygen species (ROS), particularly hydrogen peroxide (H2O2), are major drivers of coral bleaching, therefore, coral-associated bacteria capable of scavenging H2O2 may help reduce bleaching. Bacterial candidates are commonly selected through genome inference and occasionally phenotypic assays, but how well these approaches predict H2O2-scavenging capacity is unknown. We screened 29 bacterial strains isolated from the scleractinian corals Acropora loripes and Galaxea fascicularis for genome-inferred H2O2-scavenging pathways and in vitro activity using an ABTS radical-scavenging assay, H2O2 tolerance (the highest H2O2 concentration that allows bacterial growth), H2O2 removal from the medium, and qualitative catalase activity. Although all strains encoded at least two complete H2O2-scavenging pathways, genomic prediction did not consistently align with in vitro scavenging activity. Growth under H2O2 exposure was strongly coupled with H2O2 scavenging, but these traits showed no correlation with ABTS inhibition or catalase activity inferred from bubble formation. The top-ranked phenotypes, based on H2O2 tolerance and scavenging, were observed in Roseovarius, Roseibium, Ruegeria, and Muricauda strains, which tolerated 5-50 mM H2O2. These genera are common associates of microalgae, including coral endosymbionts, which are key sources of excess ROS during thermal stress. Among these, Roseovarius and Muricauda also showed high ABTS inhibition (>97%), indicating broader antioxidant capacity that may be advantageous within the complex oxidative environment of thermally stressed corals. Strains combining strong H2O2 scavenging with broad antioxidant activity may therefore represent the most promising candidates for subsequent validation within the coral holobiont."
2026-09-15,38,10.64898/2026.09.13.751272,1,microbiology,"Geothermal gradients restructure metabolism in hot spring microbial communities","Luo, D.; George, C.; Lee, P.; Pointing, S.","Hot springs are employed as model systems for understanding how environmental stress structures microbial communities, yet the mechanisms by which geothermal stress reorganizes community metabolism remain poorly understood. Here we combined genome-resolved metagenomics, metatranscriptomics, aqueous geochemistry, and community metabolic modelling to investigate photosynthetic biofilms across the geothermal gradient of a hot spring in Singapore. We reconstructed community taxonomic and functional composition via metagenome-assembled genomes and identified three transcriptionally coordinated ecological guilds defined by convergent metabolic strategies rather than phylogeny. Community metabolic models revealed that increasing geothermal stress reorganized nutrient exchange networks, progressively reducing metabolic redundancy and increasing dependence on reciprocal interactions among thermophilic guilds. Increasing geothermal stress redirected relative modelled elemental demand from carbon-associated metabolism towards nitrogen and sulfur metabolism, highlighting nitrogen limitation and sulfur-linked bioenergetics as defining features of stress adaptation. Electron allocation modelling further demonstrated a systems-level transition from growth-oriented biosynthesis toward catabolic energy conservation, respiratory metabolism, and oxidative stress management under geothermal stress. These coordinated metabolic shifts indicate that hot spring communities become increasingly specialized and energetically constrained near their upper geothermal limits. Overall, the findings demonstrate how environmental stress restructures microbial ecosystems through guild-level metabolic partitioning and cooperative resource exchange and establishes an integrative systems biology framework for predicting microbial ecosystem function in extreme environments."
2026-09-15,38,10.64898/2026.09.14.750843,1,microbiology,"Piercing mechanism in the minimal contractile tail of bacteriophage P2.","Klein-Sousa, V.; Siborova, M.; Roa-Eguiara, A.; Santiveri, M.; Songailiene, I.; Taylor, N. M. I.","Bacteriophage P2 is a long-standing model for contractile injection systems, yet high-resolution structures of the intact virion and the mechanism of baseplate activation have remained unresolved. Here, we combine high-resolution cryo-electron microscopy and in situ cryo-electron tomography to characterize P2, using its lytic mutant P2vir, in its pre- and post-contraction states and during host infection. We identify a previously undescribed fold in the head-to-tail adaptor, which mediates the transition from 12-fold portal symmetry to sixfold tail symmetry through interlocking {beta}-strand handshake interactions. Our structures further reveal a compact, threefold-symmetric baseplate established by a distinctive loop-helix module formed by the hub and tube initiator, which bioinformatic and phylogenetic analyses identify as a characteristic architectural feature of the Peduovirus lineage. We also propose a rope-like arrangement that anchors the tail fibre to the baseplate triplex component gpI and obtain evidence that the tape-measure protein adopts a C3 arrangement within the tail lumen, while computational predictions suggest a possible hexameric, pore-like organization after release. Comparison of pre- and post-contraction particles, supported by in situ imaging of infection, suggests that sheath contraction destabilizes the baseplate, promoting its disassembly. The inner tail tube appears to penetrate the host outer membrane but does not appear to reach the inner membrane, leading us to propose that the reorganized tape-measure protein forms a secondary conduit for genome translocation. These findings support a distinct model of contractile tail activation and expand the known architectural diversity of viral injection systems."
2026-09-15,38,10.64898/2026.09.10.750611,1,genetics,"Intergenerational instability of the C9orf72 hexanucleotide repeat","Rautila, O. S.; Kiviharju, A.; Jansson, L.; FinnGen,  ; Kaivola, K.; Tienari, P. J.","The C9orf72 hexanucleotide repeat expansion (HRE) is the most common cause of amyotrophic lateral sclerosis (ALS) and frontotemporal dementia (FTD). It follows autosomal dominant inheritance in families, however, a high proportion of cases are sporadic, raising the possibility of parental premutation. We have demonstrated that intermediate-length alleles (IAs) with >18 repeats (allele frequency ~1%) belong to the same pool of haplotypes as the HRE, suggesting shared ancestry. Here, we tested whether alleles with >18 repeats expand in parental transmission. We used two repeat-primed PCR methods to analyze allele lengths in 539 genetically unselected parent-offspring pairs and in 152 pairs known to carry the SNP (rs139185008*C) that tags >18 repeat IAs and the HRE in Finland. We discovered intergenerational repeat length changes only in >20 repeat alleles. A significant (P = 0.0059) sex bias in 6-40 repeat alleles was noted using a logistic regression model. In this allele range, 12 out of 16 expansions were paternally inherited and 6 out of 7 contractions were maternally inherited. The expansion rate of 20-40 repeat alleles was 34 % in paternal and 11 % in maternal transmissions. In the 20-40 repeat range, most intergenerational expansions were 1-4 repeats in size (15/16), but one larger jump, a paternal expansion from 27 to 73 repeats, was observed. These results demonstrate that alleles with >20 repeats have an increased likelihood of instability, that a paternal expansion bias is observed in alleles with 20-40 repeats, and that expansion events are predominantly 1-4 repeats in size."
2026-09-15,38,10.64898/2026.09.10.750592,1,genomics,"A pan-genomic and methylomic analysis reveals a distinct signature in Vibrio alginolyticus isolated from wild fish","Zhong, L.; Zhang, Y.; Yan, M.; Li, R.; Cai, W.","Vibrio alginolyticus is a ubiquitous opportunistic pathogen in estuarine and marine ecosystems and a leading cause of vibriosis in humans and aquatic animals. Yet genomic and epigenomic landscapes of V. alginolyticus from wild fish remain poorly defined. Here, we present a pan-genomic and methylomic framework based on 89 high-quality V. alginolyticus genomes, including 46 newly sequenced isolates recovered from 105 wild marine fish representing 17 species in Hong Kong waters of the South China Sea, plus all publicly available complete genomes. We reported a 32.38% prevalence of V. alginolyticus in wild fish. Phylogenomic analysis resolved four distinct clades, with Clade IV dominated by wild-fish isolates and characterized by low virulence and low antimicrobial resistance. Pan-genomic analysis revealed a closed pan-genome with a substantially depleted accessory genome in Clade IV. We identified a total of 763 antimicrobial resistance (AMR) genes from 89 strains, which covered 32 gene types and spanned four resistance mechanisms, with efflux pumps as the most prevalent strategy. Critically, resistance genes were almost exclusively chromosomal rather than plasmid-borne. Virulence profiling confirmed the presence of tlh and T6SS genes but the absence of the high-risk human pathogenic factors tdh and ctxB. Methylomic analysis using nanopore sequencing uncovered 355 DNA methyltransferases and 140 strain-specific methylation motifs with dominance by 6mA. Notably, 71.90% of methyltransferases resided in the accessory genome and were disseminated by mobile genetic elements, especially plasmids. Motif combinations were highly strain-specific and largely decoupled from phylogeny, except for a shared motif signature defining Clade IV. The GATC motif was essential across all V. alginolyticus strains and showed significant enrichment in virulence gene regions but not in AMR gene loci, revealing differentiated epigenetic modification characteristics. This study nearly doubled the number of high-quality complete genomes available for V. alginolyticus and provides the first comprehensive methylomic characterization for this species. Our findings reveal a phylogenetically distinct, low-virulence, low-resistance V. alginolyticus clade widely shared among wild fish, with important implications for One Health surveillance and evolutionary adaptation of marine pathogens."
2026-09-15,38,10.64898/2026.09.10.750547,1,genomics,"From pelagic to reef: Genomic basis of morphological adaption during life-history transition in the orbicular batfish (Platax orbicularis)","Zhang, Y.; Shao, Y.; Zhong, L.; Li, R.; Cai, W.","Metamorphosis enables teleosts to transition between ecological niches, driving lineage-specific morphological innovations. The orbicular batfish (Platax orbicularis) exemplifies this, transforming from a pelagic larva into a reef-associated juvenile with extreme allometric fin elongation. Here, we generated a chromosome-level genome assembly of 715.46 Mb, with 99.4% completeness. Integrating comparative genomics with tissue-specific transcriptomics, we demonstrate that such transformation is a systemic process shaped by both long-term evolutionary adaptation and short-term developmental reprogramming. Comparative analyses revealed expansion of development-related gene families and significant evolution of immune- and sensory-related families, likely associated with ecological niche transition. Spatiotemporal clustering of metamorphosing fin transcriptomes identified rapid cell cycle activation accompanied by sustained suppression of basal metabolism, indicating developmental trade-offs during fin elongation. Several differentially expressed genes involved in cell cycle (ankfn1 and mcph1), ossification (cyp24a1 and sema4d), and extracellular matrix remodeling (sdc4 and serpine1) exhibited positive selection, suggesting coordinated regulatory and protein-level adaptation. Among an extensive repertoire of 49 hox genes, four (hoxb6b, hoxc8a, hoxd9b, hoxd10a) were differentially expressed, implicating developmental regulators in fin remodeling. Together, our findings offer new insights into the evolutionary context and molecular mechanisms of metamorphosis in orbicular batfish, and advance the understanding of adaptive evolution and metamorphosis innovations in teleosts."
2026-09-15,38,10.64898/2026.09.10.750357,1,bioengineering,"A Dual-Gate OECT Platform for Drift-Suppressed and High-Sensitivity Real-Time Biosensing","Kissovsky, S. J.; Keene, S. T.; Malliaras, G. G.; Kaminski Schierle, G. S.","Organic electrochemical transistors (OECTs) enable high transconductance at low operating voltages through the volumetric charging of organic mixed ionic/electronic conductors (OMIECs), making them attractive transducers for biosensing. However, the same ionic -electronic coupling makes OMIECs, such as poly(3,4-ethylenedioxythiophene)-poly(styrenesulfonate) (PEDOT:PSS), sensitive to different ions and various environmental fluctuations, so drift and memory effects may compromise the quantitative readout in complex biofluids. In this work, we introduce a novel OECT-based sensor configuration that minimises drift by addressing a single channel with two gates: a functionalised sensing gate and a reference gate that allows real-time decoupling of environmental and channel-state fluctuations. A pulsed gate-biasing protocol is introduced to promote channel conductivity recovery and mitigate state accumulation. Using enzymatic glucose sensing as a proof of concept, the platform suppresses time-dependent drift by ~96%, eliminates temperature-induced variations up to 99% across the 20-70 {degrees}C range, improves calibrated sensitivity by 55% and reduces interferent-induced deviations under physiologically relevant conditions. By improving both signal stability and analytical reliability, this strategy addresses a central limitation of OECT biosensors and advances their use in high-sensitivity point-of-care biosensing in complex biological environments."
2026-09-15,38,10.64898/2026.09.09.750529,1,bioinformatics,"Insight into the mechanism of molecular interactions of the NDM metallo-beta-lactamase and cyclic boronate inhibition by molecular docking and molecular dynamics simulations","Shi, Y.-F.","The spread and evolution of antimicrobial resistance (AMR) pose significant threats to public health, food safety, and sustainable development. Metallo bea lactamases (MBLs), a class of carbapenemases that hydrolyze carbapenems, often considered last resort antibiotics, are of particular concern and underscore the urgent need to develop effective inhibitors. Recent advancements in bicyclic boronate inhibitors represent significant progress toward this goal. Although the mechanistic basis of NDM1 inhibition by bicyclic boronate inhibitors remains incompletely elucidated, this study systematically characterizes the binding profiles and intermolecular interaction landscapes between NDM1 and four cyclic boronic acid based inhibitors, vaborbactam (RPX7009), taniborbactam (VNRX 5133), xeruborbactam (QPX7728), and ledaborbactam (VNRX-5236). We established the NDM-1-mediated hydrolysis of two representative carbapenem antibiotics, meropenem and imipenem, as the reference system for comparative analysis. While conventional docking workflows often struggle to model metalloenzyme active sites accurately, the AMDock (Assisted Molecular Docking) platform, integrated with AutoDock optimized zinc force field, enables robust and reliable docking simulations for this enzyme family. Our AMDock based molecular docking not only identified the critical NDM1 binding site residues governing hydrogen-bond networks with ligands, but also revealed that bicyclic boronate inhibitors show substantially greater binding stability than both carbapenems and their monocyclic boronate counterparts. A follow-up 100 ns all atom molecular dynamics simulation in GROMACS provided atomistic level evidence for this enhanced performance: RMSD, RMSF, radius of gyration, continuous hydrogen bonding occupancy, and 2D free energy landscape analyses all consistently supported the higher binding affinity of bicyclic boronates. Ultimately, this study characterizes two promising drug candidates, QPX7728 and VNRX5133, as competitive inhibitors that can effectively rescue carbapenem activity against NDM1 MBL mediated antimicrobial resistance. This visualization elucidates interactions between NDM1 and its two ligand classes, carbapenem antibiotics and cyclic boronate inhibitors. It reveals the stability and interaction strength underlying the distinct inhibition pattern of bicyclic boronate inhibitors in the enzyme active site, offering a promising strategy to combat antibiotic resistance."
2026-09-15,38,10.64898/2026.09.10.750378,1,bioinformatics,"Ten numbers from the Laplace-Beltrami spectrum facilitate training-free classification of protein structures based on surface shape","Fernandez-Giro, M.; Emonts, J.; Berkels, B.; Buyel, J. F.","The comparison of protein structures is necessary to determine molecular functions and evolutionary relationships and can also facilitate drug design and the prediction of separation options. The number of available protein structures is rapidly increasing, driven by experimental determination but also prediction methods such as AlphaFold. In this context, traditional structure comparison based on atomic superposition becomes computationally inefficient. To enable scalable analysis and surface shape comparison, alternative approaches represent protein structures using compact, fixed-length vectors known as descriptors. Current vectors often contain hundreds of entries, such as three-dimensional Zernike descriptors composed of 121 entries, or combinations of molecular and geometric properties. Here, we propose to use the Laplace-Beltrami spectrum, a mathematical representation of object surfaces derived from the eigenvalues of the Laplace-Beltrami operator, as an efficient option to capture protein structural properties and facilitate structural classification. Specifically, protein surfaces are encoded using only the first 10 non-zero eigenvalues of this spectrum. We used the SHREC 2025 dataset as a benchmark and achieved 85.8% accuracy on the original 97 protein structure classes and 97.7% accuracy on the homology-grouped 45 classes. Our method is fast, requiring ~75 min computation time for the 11,555 protein surface meshes of the SHREC 2025 dataset on a conventional AMD Ryzen 7 5700X 8-Core processor with 32 GB RAM. The approach can easily be applied to large protein structure databases because it is readily parallelizable and allows the incorporation of other descriptors, including surface features such as charge. This rapid screening tool can therefore be used to identify proteins with related surface shapes independent of sequence homology."
2026-09-16,38,10.64898/2026.09.14.751376,1,genomics,"A single nuclei expression resource for exploring dog brain cell transcriptomic diversity","Christmas, M. J.; Pederson, E.; Wallerman, O.; Pyl, P. T.; Reinsbach, S.; Sundstrom, E.; Wang, C.; Karlsson, A.; Arendt, M.; Meadows, J. R. S.; Lindblad-Toh, K.","Domesticated dogs present a unique case in nature where mutualism with and selective breeding by humans has led to profound changes in their environment, physiology, and behaviour compared to their wolf-like ancestors. Dog tameness, sociability, and trainability have likely evolved due to significant alterations to brain function. Exploring the effects of domestication on the dog brain will be facilitated by the characterisation of dog brain cell diversity, a task which is not yet complete. To fill this gap, we use single-nucleus RNA sequencing and survey cell types across the dog brain. We present transcriptomes from almost 60,000 cells sampled from the cerebellum, thalamus, and three regions of the cerebrum. Our analysis identified 24 major clusters representing 21 broad cell types, and 131 subclusters revealing regional variation. Comparisons with human and mouse datasets revealed a high level of conservation in neurons across mammalian brains, and greater divergence in glial cells, particularly oligodendrocytes. We demonstrate the utility of the dataset for interrogating specific gene expression patterns across the brain, including genes implicated in dog domestication, behavioural traits, and disease. We discover distinct differences in the expression of opioid receptors in the brains of dogs, compared to humans and mice, providing a potential explanation for dogs' higher tolerance and lower risk of severe adverse effects of opioid drugs. The data from this project are released via a web application for use by the wider community."
2026-09-16,38,10.64898/2026.09.13.745535,1,genomics,"Probabilistic mapping of sub-genic intolerance reveals functional and disease-critical protein regions","Stavrianidis, C.; Duan, Y.; Rhodes, G. E.; Hayeck, T. J.; Majoros, W. H.; Allen, A. S.","Different regions of genes perform distinct functions and vary in their importance to human health. Evolutionary intolerance provides a powerful means of identifying regions where disruptive mutations are under strong purifying selection, informing genetic disease discovery and variant interpretation. However, estimating intolerance in small sub-genic regions from population variation alone is underpowered and unstable. We present PRIME, a Bayesian model that stabilizes estimates of regional missense intolerance by sharing information hierarchically across regions. Importantly, PRIME produces a full joint posterior across all genes, allowing complex inferential questions that are difficult or impossible to address with existing approaches to be answered. We utilize this to identify regions enriched for pathogenic and experimentally deleterious missense variants, improve prioritization of Mendelian disease genes by focusing on their most intolerant regions, and uncover conserved patterns of purifying selection across protein families. Integrating PRIME with existing computational variant predictors improves pathogenicity prediction, demonstrating that regional missense intolerance provides complementary information for clinical variant interpretation."
2026-09-16,38,10.64898/2026.09.11.751025,1,genomics,"Whole-Blood Transcriptomics Highlights Galectin-1 in Systolic Blood Pressure","Gaye, A.; Oliver, A. F.; Lindsey, M. L.; Gonzalez, G.","Background Galectins regulate inflammation, fibrosis, immunity, and vascular remodeling. Although galectin-3 has been widely studied in cardiovascular disease, the relative contributions of other galectins to blood pressure regulation remain unclear. We systematically evaluated associations between galectin gene expression and systolic blood pressure (SBP) in African Americans. Methods Whole-blood mRNA sequencing data were analyzed from 419 African American participants in the GENE-FORECAST cohort who were free of type 2 diabetes and not receiving antihypertensive medications. LGALS1, LGALS3, LGALS8, and LGALS9 were evaluated using generalized linear models adjusted for age, sex, and body mass index. Associations with cardiac magnetic resonance imaging traits and circulating inflammatory cytokines were also examined. Results LGALS1 showed the strongest association with SBP ({beta}=13.25 mm Hg per standard deviation increase; P=7.57e-15). LGALS9 was positively associated with SBP ({beta}=9.73; P=7.59e-9), whereas LGALS3 showed a weaker positive association ({beta}=4.06; P=0.019). LGALS8 was inversely associated with SBP ({beta}=-6.45; P=1.66e-4), as was the LGALS3/LGALS1 ratio ({beta}=-10.2; P=2.34e-9). Galectin genes also showed distinct associations with cardiac imaging traits. Cytokine associations were modest and inconsistent, although LGALS1 was positively associated with interleukin-1{beta}. Conclusions Whole-blood transcriptomics identified LGALS1 as the strongest galectin correlate of SBP in African Americans. Divergent associations across galectin genes suggest heterogeneous, potentially nonredundant cardiovascular roles. These findings broaden the focus beyond LGALS3 and support further investigation of LGALS1 as a biomarker and possible mediator of hypertension-related vascular stress."
2026-09-16,38,10.64898/2026.09.10.750633,1,genomics,"Plague-driven selection enriched familial Mediterranean fever mutations in Armenia","Hovhannisyan, A.; Antonosyan, M.; Bobokhyan, A.; Simonyan, H.; Aghikyan, L.; Avetisyan, P.; Badalyan, M.; Simonyan, H.; Safaryan, M.; Gnuni, A.; Piliposyan, A.; Grigoryan, A.; Simonyan, M.; Zaqyan, A.; Zardaryan, M.; Simonian, H.; Mkrtchyan, L.; Jackson, I.; Breslin, E.; Ariano, B.; Mattiangeli, V.; Khachatryan, Z.; Cassidy, L. M.; Yepiskoposyan, L.; Bradley, D. G.; Manica, A.","The discovery that positive selection due to resistance to malarial infection maintained the prevalence of sickle cell and other disease alleles was a landmark in evolution, genetics and epidemiology. Mutations in the MEFV gene causing familial Mediterranean fever with high frequency in Eastern Mediterranean populations give the only other strong candidates for a similar process. Here we estimate a pathogenic MEFV mutation burden in Armenians with a carrier rate of ~41%: a worldwide maximum. By combining these data with regional ancient MEFV genotypes spanning more than 60 centuries, we establish that the allele frequencies of three mutations M694V, M680I, and V726A underwent recent rapid increases, indicating positive selection with an onset consistent with the first Yersinia pestis plague pandemic, ~541 CE to 767 CE or even earlier in time, echoing functional data implying resistance to this infection as the selective agent. This extends to three the number of MEFV variants for which there is evidence for strong concurrent selection at this locus in the Eastern Mediterranean, making it unlikely that this geographic peak resulted from chance alone. Although bubonic plague was extremely widespread, the restricted geography of this selection points toward the Eastern Mediterranean as a longstanding enzootic centre with continuous recycling of outbreaks."
2026-09-16,38,10.64898/2026.09.12.750307,1,bioengineering,"First evidence for TIGR-Tas activity in a photosynthetic eukaryote","Jaeyeon, L.; Kyeongjun, K.; Hyeonmin, R.; Hyeonsik, Y.; Kerstin, D.; Mid-Eum, P.; Joong-Tak, Y.; Bon-Kyoung, K.; Ji-Hye, Y.; Ho-Seok, L.; Eun Yu, K.","TIGR--Tas systems are a recently described class of RNA-guided DNA-targeting systems whose activity has been demonstrated in bacterial and human cells, but not in photosynthetic eukaryotes. Here we tested TIGR--Tas in the green alga Chlamydomonas reinhardtii. Recombinant TaTas and ParTas assembled with in vitro-transcribed tigRNAs cleaved target DNA in a concentration-dependent manner, and electroporated TaTas protein was detected in C. reinhardtii cells. Targeted deep sequencing of the endogenous MAA7 locus recovered indel-containing reads in ParTas-treated cells that were absent from wild-type controls, including a 1-bp deletion located at the position previously reported for ParTas-associated cleavage. Co-delivery of a double-stranded non-homologous oligonucleotide (dsNHO) with a 24-bp duplex and 8-nt 3' overhangs, designed to match the staggered ends generated by TasR-family nucleases, increased the recovery of indel-containing reads for both proteins. The frequency of these events was very low, and the present data do not establish TIGR--Tas as an efficient genome-editing system in this host. They nonetheless provide initial evidence that TIGR--Tas can act on the nuclear genome of a photosynthetic eukaryote, and indicate that dsNHO-assisted recovery of sequence alterations is not restricted to conventional CRISPR--Cas nucleases."
2026-09-16,38,10.64898/2026.09.11.750933,1,bioinformatics,"nanorepertoire: an end-to-end Nextflow pipeline for nanobody repertoire analysis","Bagordo, D.; Martelossi, N.; Lescai, F.","Camelid heavy-chain antibodies, and particularly their variable domains known as nanobodies or VHHs, combine full antigen-binding capacity with a compact and highly stable scaffold, which makes them attractive for both fundamental immunology and therapeutic development. High-throughput adaptive immune receptor repertoire sequencing (AIRR-seq) allows nanobody repertoires to be profiled at great depth, but the analyses applied to VHH data are typically assembled ad hoc from standalone scripts, which limits standardisation and reproducibility across laboratories. Here we present nanorepertoire, an end-to-end Nextflow DSL2 pipeline dedicated to camelid VHH repertoires. It takes paired-end AIRR-seq FASTQ files through quality control, adapter trimming, read merging, in-silico translation, CD-HIT clonotyping and deep-learning CDR3 annotation with nanoCDR-X (Bagordo et al., 2026), and returns an interactive HTML report describing clonal architecture, CDR3 length and amino-acid composition, intra-clonal homogeneity and repertoire diversity, together with the computational carbon footprint of the run. Applied to two publicly available SARS-CoV-2 RBD-selected llama libraries sampled before and after phage-display enrichment (4.8 million paired-end reads in total), the pipeline completed in 59 min on a 16-vCPU cloud instance and recovered 41,363 distinct CDR3 paratopes, reproducing the expected contraction of clonal diversity upon selection. nanorepertoire is open source under the MIT licence at https://github.com/lescailab/nanorepertoire, is archived on Zenodo, and runs unchanged on local, HPC and cloud infrastructures."
2026-09-16,38,10.64898/2026.05.20.723252,3,biophysics,"Ether linkages in phospholipids provide modular control of membrane mechanics","Winnikoff, J. R.; Vargas-Urbano, S. J.; Milshteyn, D.; Velasco-Gonzalez, D. L.; Shendrik, P.; Kocharian, E.; Sodt, A. J.; Sorkin, R.; Girguis, P. R.; Lyman, E.; Budin, I.","The structures of phospholipid headgroups and chains are well-established determinants of membrane elastic properties, but functions for different chemistries that join these moieties together are poorly understood. While common phospholipids feature ester linkages, alkyl ether- and plasmenyl-linked species emerged in prokaryotes, are highly abundant in metazoans, and have been implicated in neurodegeneration and aging. Multiple pathways for ether lipid synthesis evolved convergently, suggesting conserved functions for ether linkage chemistry in the structure of cell membranes. Here we combine experiments and molecular simulations to show that backbone linkage chemistry provides modular control of membrane mechanics and topology through a set of discrete drivers. Alkyl linkages provide the first of these by additively promoting negative intrinsic curvature, which destabilizes bilayers. Ethers also decouple membrane stiffness from viscosity, softening membranes while maintaining packing in the hydrophobic core. The plasmenyl C=C bond represents a second, distinct driver that stabilizes the inverted hexagonal phase by relieving interstitial packing frustration. These results explain the fusogenicity of ether lipids, show how they regulate membrane topology through multiple physical mechanisms, and provide a rationale for convergent evolution of the complex plasmenyl linkage moiety."
2026-09-16,38,10.64898/2026.04.30.721849,2,"cell biology","Density-Dependent Rearrangement of Desmoplakin in Epithelial Junctions: Insights from Expansion Microscopy","Kawasaki, U.; Arakawa, Y.; Otani, T.; Ohashi, K.; Chiba, S.","Desmosomes mechanically couple neighboring epithelial cells to the intermediate filament cytoskeleton. However, how the nanoscale organization changes with epithelial cell density remains incompletely understood. Here, we used expansion microscopy (ExM) to examine Madin-Darby canine kidney epithelial monolayers. ExM revealed density-associated differences in the relative apicobasal organization of epithelial junctions, with increased separation between occludin-positive tight junctions and desmoglein 2-positive desmosomes in confluent monolayers. A comparison of subconfluent and confluent cultures revealed a density-associated reorganization of desmoplakin (DSP) within opposing desmosomal plaques, with a more pronounced change in C-terminal spacing than in N-terminal spacing. Independent STED analysis of non-expanded samples confirmed the density-associated increase in DSP C-terminal spacing. In keratin filament-deficient cells, this spacing was elevated in subconfluent cultures and did not increase with cell density. Pharmacological inhibition of myosin II or ROCK reduced this elevated spacing, indicating that keratin loss-associated reorganization of DSP is sensitive to actomyosin contractility. These findings show that epithelial cell density is associated with the remodeling of epithelial junction organization and DSP plaque architecture, demonstrating the utility of ExM for quantitative analysis of junctional architecture."
2026-09-16,38,10.64898/2026.09.11.751079,1,"systems biology","Multi-omics Reveals Divergent Endothelial Molecular Responses to New and Old World Hantaviruses","Delgado, Y.; Zaiss, A. K.; Ashley, I. A.; Jeyachandran, A. V.; Sharma, S.; Vaithi, V.; Winters, D. M.; Chan, A. O.; Sankar, P.; Blanc, S. F.; Olwal, C. O.; Selby, J.; Vandersall, V.; Makanani, S. K.; Wynn, E. T.; Ni, J. J.; Alba, K.; Papazian, S.; Nguyen, B.; Kumar, A.; Joshi, S.; Garcia, G.; Krogan, N. J.; Damoiseaux, R.; Arumugaswami, V.; Bouhaddou, M.","Hantaviruses cause vascular leakage syndromes that vary in clinical manifestation and severity. Although tissue tropism contributes to these differences, both Old and New World hantaviruses infect endothelial cells, where species-specific disease phenotypes remain poorly understood. Here we integrated time-resolved global RNA sequencing, mass spectrometry proteomics, and phosphoproteomics of human endothelial cells infected with New World Andes virus (ANDV) or Old World Hantaan virus (HTNV). Despite equivalent early viral RNA and protein levels, ANDV elicited a stronger innate immune protein response, preceding its restriction while HTNV replication continued. At later stages of infection, HTNV induced downregulation of cytoskeletal and junctional protein phosphorylation, accompanied by visual disruption of cellular actin architecture. Additionally, ANDV induced heightened activity of ERBB-family kinases, whose chemical inhibition by neratinib and afatinib reduced viral replication. Together, these data define species-specific responses in endothelial cells, identify druggable host targets, and reveal mechanisms with relevance to divergent vascular leakage symptomology."
2026-09-16,38,10.64898/2026.09.10.750694,1,immunology,"Apoptotic Quality Control of Cellular Competence Limits Cryptic Germinal Center B Cell States","Yeh, C.-H.; Shenkerman, N.; Song, S.; Kirshner, H.; Watanabe, A.; Liao, D.; Liang, X.; Zhang, W.; Wiehe, K.; Kelsoe, G.; Kuraoka, M.","Germinal center (GC) B cells undergo extensive apoptosis, but how this process shapes evolving GC populations remains unclear. Using mice lacking intrinsic apoptotic effectors BAK and BAX in B cells, we found that mitochondrial apoptosis was dispensable for affinity maturation but critical for controlling GC size and cellular composition, showing that GC population dynamics and affinity maturation can be uncoupled. BAK/BAX-deficient mice mounted enlarged and prolonged GC responses, largely due to the accumulation of non-proliferating Ki-67loCD71lo dark zone (DZ) B cells. CD71hi and CD71lo DZ cells exhibited similar B-cell receptor (BCR) avidity, retained potential for proliferation and plasmacytic differentiation, and shared clonal lineages, indicating recurrent emergence of non-proliferating DZ populations. A subset also carried Somatic-hypermutation-derived defects that abolished antibody expression despite apparently productive V(D)J sequences; reversion of a single amino acid substitution often restored expression. Mitochondrial apoptosis thus enforces cellular quality control in the GC by limiting the persistence of non-proliferating and expression-defective states while remaining dispensable for affinity maturation."
2026-09-16,38,10.64898/2026.09.10.750646,1,immunology,"Dendritic cell PD-L2 restrains intratumoral CD8+ T cell immunity","Nah, J.; Sun, A.; Yadav, A.; Scheinfeld, A.; Azad, T.; Rose, S.; Becher, B.; Smithy, J. W.; Postow, M. A.; Ariyan, C. E.; Pritykin, Y.; Brown, C.","Blockade of inhibitory PD-1 signaling on T cells is a cornerstone of cancer immunotherapy, with current strategies targeting PD-1 or its ligand PD-L1. However, PD-1 engages an alternative ligand, PD-L2, whose role in tumor immunity remains poorly defined. Here, we show that PD-L2 is upregulated on intratumoral CCR7+ conventional dendritic cells (cDCs) in both mouse and human melanoma. Using genetic mouse models enabling selective ablation of PD-L1 or PD-L2 in cDCs, we identify a division of labor between these ligands: PD-L1 controls the size of the progenitor CD8 T cell pool in tumor-draining lymph nodes by modulating stem-like CD8 T cells, whereas PD-L2 limits progenitor exhausted CD8 T cell differentiation within the tumor microenvironment. Loss of PD-L2 in cDCs enhances cytotoxic CD8 T cell responses and suppresses tumor growth, particularly in tumors enriched for CCR7+ cDC1s. Consistent with this, increased CCR7+ cDC abundance is associated with poor prognosis in human cancers. Spatial transcriptomic analyses reveal co-localization of CCR7+ cDC1s and Tpex within CCL19hi niches, where cancer-associated fibroblasts serve as the predominant source of CCL19. Finally, intratumoral GM-CSF drives PD-L2 expression on CCR7+ cDCs, with Tpex and NK cells as major sources. Together, these findings establish cDC-associated PD-L1 and PD-L2 as spatially and functionally distinct checkpoints governing CD8 T cell differentiation. Our results suggest that the abundance of CCR7+ cDC1s may guide the choice between anti-PD-1 and anti-PD-L1 therapies and support the development of PD-L2-directed blockade."
2026-09-16,38,10.64898/2026.09.10.750734,1,"cell biology","Cytokinesis genes regulate ring canal patterning and follicle cell differentiation in Drosophila","Mendoza, C. P.; Gomez, A.; Baumgartner, M.; Nystul, T. G.","Stable intercellular bridges that form through incomplete cytokinesis are present in a wide variety of cell types but their function in somatic cell differentiation is not well understood. Using super-resolution confocal microscopy, we identified a stepwise process of ring canal development in the follicle cells of the Drosophila ovary. Using a custom-trained deep learning model to aid in 3D image segmentation and follicle cell quantification, we found that ring canals are more heterogeneous at the early prefollicle stages compared to the more differentiated later stages. In addition, we found that depletion of the septin, peanut, caused cytokinetic defects but did not disrupt ring canal formation, whereas depletion of the ESCRT III gene, shrub, increased ring canal number in prefollicle cells and caused proliferation and differentiation phenotypes. Our findings identify cytokinesis and ring canal formation as a point of regulation in the patterning of proliferation and differentiation in the Drosophila follicle stem cell lineage."
2026-09-16,38,10.64898/2026.09.10.750683,1,genetics,"Point mutations and complex variants impact gene expression and addiction-related behaviors in Heterogeneous Stock rats","Chen, D.; Cohen, K. A.; Nguyen, K.-M. H.; Ziaei Jam, H.; Eveloff, R. J.; Wang, Y.; Guevara, J.; Missfeldt Sanches, T.; Mortazavi, M.; Munro, D.; Polesskaya, O.; Sebat, J. L.; Gymrek, M.; Palmer, A. A.","While various variants, including single nucleotide polymorphisms (SNPs), small insertions/deletions, short tandem repeats and structural variants, drive individual genetic differences, their influence on gene expression and complex traits remains unclear. We used short- and long-read sequencing to generate a comprehensive variant catalog in Heterogeneous Stock (HS) rats and performed joint cis-expression quantitative trait loci (cis-eQTL) mapping across five brain regions. We found that non-SNP variants accounted for over 50% of lead regulatory associations, many of which were poorly tagged by nearby SNPs using linkage disequilibrium (LD). Comparison between joint and SNP-only analyses showed that over 46% of shared eQTL genes had a non-SNP lead cis-eQTL, and fewer than half were in strong LD with the corresponding lead eSNP. Linking joint cis-eQTLs to complex trait associations identified mechanisms missed by SNP-only approaches, highlighting the importance of incorporating diverse variant types into genetic studies and providing a foundational resource for the HS rat community."
2026-09-16,38,10.64898/2026.09.10.750746,1,genetics,"Regeneration-associated utrophin expression in skeletal muscle: implications for utrophin-targeted therapies","Guiraud, S.; Edwards, B.; Squire, S. E.; Davies, K. E.","Duchenne muscular dystrophy (DMD) is a lethal, X-linked muscle-wasting disease caused by loss of dystrophin. Utrophin, a structural and functional paralogue of dystrophin, can compensate for dystrophin deficiency and represents a therapeutic target applicable to patients irrespective of their DMD mutation. However, utrophin is also naturally upregulated at the sarcolemma of regenerating myofibres, creating an important confounding factor when utrophin levels are used to evaluate therapeutic activity. Here, we defined the temporal relationship between utrophin expression and complementary markers of skeletal muscle regeneration in wild-type and dystrophic mdx muscle following cardiotoxin-induced injury. Utrophin protein and mRNA dynamics were assessed together with dystrophin, embryonic myosin (MyHC-emb), centronucleation, cross-sectional area (CSA), and minimal Ferets diameter (MinFeret). MyHC-emb and utrophin were strongly associated with the early regenerative phase, although MyHC-emb peaked before maximal utrophin protein expression. In contrast, CSA and MinFeret showed an inverse temporal relationship with utrophin, while centronucleation persisted after active regeneration and did not discriminate early from late regenerative stages. Utrophin also remained elevated at the dystrophic sarcolemma for longer than in wild-type muscle. These findings demonstrate that utrophin quantification cannot be interpreted independently of the regenerative state of muscle. Combining MyHC-emb with morphological indices such as CSA and MinFeret provides a complementary framework for contextualizing regeneration-associated utrophin and should improve interpretation of utrophin changes in preclinical evaluation of utrophin-targeted therapies."
2026-09-16,38,10.64898/2026.03.06.710154,3,genetics,"Multi-omic integration using interpretable machine learning reveals genetic mechanisms of trait variation and phenotypic plasticity in switchgrass","Izquierdo, P.; Weng, X.; Juenger, T.; Bonnette, J. E.; Yoshinaga, Y.; Daum, C.; Lipzen, A.; Barry, K.; Blow, M. J.; Lehti-Shiu, M. D.; Lowry, D.; Shiu, S.-H.","Uncovering the genetic architecture of quantitative traits is challenging because polygenic control yields small individual gene effects and because gene-gene and genotype-by-environment interactions add further complexity. To understand the genetic basis of polygenic traits and their plasticity across environments, we integrated genome-wide SNPs and RNA-seq transcript data with interpretable statistical and machine learning models in a switchgrass (Panicum virgatum) diversity panel grown at contrasting field sites in Michigan and Texas. Notably, in addition to single environments, our trait prediction models were able to predict phenotypic differences, across environments i.e., plasticity. By interpreting trait prediction models with explainable machine learning methods, we identified genes that are the most predictive of flowering time and annual biomass production across environments, based on their associated gene expression levels and nearby SNPs. This approach recovered canonical flowering regulators and revealed novel, environment-specific candidate flowering genes. Further, transcriptome models consistently recovered more switchgrass genes homologous to experimentally validated genes in Arabidopsis and rice than SNP-based models. Feature interaction scores from the models also allow the identification of trait and environment-dependent gene-gene interactions, where flowering time showed stronger and more abundant interactions than biomass. While some of the interactions identified are consistent with the link between flowering time and yield, most are novel predictors that need to be further evaluated. These findings provide insight into the genetic basis of trait variation and plasticity across environments and help prioritize candidate genes for functional validation and cultivar improvement."
2026-09-16,38,10.64898/2026.09.10.750732,1,genomics,"PyEuk: a tool suite for catalogue-free multilocus typing","Kosakovsky Pond, S. L.; Callan, D.; Nekrutenko, A.","Multilocus sequence typing anchors molecular epidemiology, but traditional frameworks require centrally curated allele catalogues. For emerging and uncultivable eukaryotic parasites, maintaining these databases is impractical, leaving surveillance reliant on fragmented, assay-specific scripts. PyEuk eliminates this bottleneck by providing an open, catalogue-free suite that calls microhaplotypes directly from sequence differences relative to a reference within data-defined genomic windows. When amplicon coordinates are uncharacterized or unpublished, PyEuk reconstructs target panels de novo from raw read coverage peaks mapped to a draft assembly. Across benchmark cohorts spanning Cyclospora cayetanensis and Plasmodium vivax, PyEuk recovers epidemiological structure established by tracebacks, geography, and clinical recurrence without organism-specific tuning. In foodborne outbreaks, it resolves independent transmission chains using either curated or de novo panels and scales to national surveillance archives exceeding 8,000 isolates. In P. vivax malaria, its weighted identity-by-state distance separates continental lineages, discriminates liver-stage relapses from reinfections, and delineates transmission clusters. Rather than forcing an arbitrary partition on continuous variation, PyEuk evaluates bootstrap stability, reporting supported cluster count ranges alongside reproducible transmission cores. PyEuk provides a portable, reproducible foundation for eukaryotic pathogen surveillance."
2026-09-16,38,10.64898/2026.09.10.750716,1,genomics,"FetchPA: a guided, end-to-end solution for local ATAC-Seq data processing and analyses","Fetch, D. R.; Soshnev, A. A.","Local genome accessibility strongly correlates with activity of cis-regulatory elements, and Assay for Transposase-Accessible Chromatin coupled with next-generation sequencing (ATAC-Seq) has emerged as method of choice to profile chromatin accessibility in both healthy and pathogenic conditions. The introduction of streamlined protocols and manufacturer kits has made this technique accessible to labs of a variety of disciplines, background, and research interests. Many bioinformatics tools have been created for the quality control, mapping, and visualization of ATAC-seq data, however these tools require familiarity with shell scripting, version control, UNIX directory structure, Python and/or R. Several pipelines for the processing of ATAC-seq data have been developed, yet even with these tools, bioinformatic analyses represents a bottleneck between wet-lab protocol execution and graphical representation of differentially accessible regions. To address this problem, we assembled FetchPA, an intuitive pipeline which allows users with virtually no scripting and version control experience to install and manage all software for end-to-end analyses of ATAC-Seq data. FetchPA handles both local and public repository sources of sequencing data, executes standard QC benchmarks, and handles genome assembly and alignment using industry-standard PEPATAC pipeline. Further, it guides the user through the identification of differentially accessible regions and allows basic exploratory analyses via a dialogue interface. FetchPA operates in Windows Subsystem for Linux (WSL) and is installed via a single script that handles all individual tools, as well as their dependencies and updates, reference genome annotations and system resource allocation."
2026-09-16,38,10.64898/2026.09.14.751366,1,"cell biology","LNA043 and ANGPTL3 Interactions with Integrin α5β1 and Fibronectin Drive Distinct Stromal and Immune Responses","Grosso, A.; Cucuzza, S.; Gambs, E.; Lapointe, T.; Huynh, T.; Kuzu, G.; King, F.; Ng, K.; Shi, J.; Vogel, M.; Gerwin, N.; Halleux, C.; Fornaro, M.","Osteoarthritis (OA) is characterized by cartilage breakdown, extracellular matrix remodeling, and synovial inflammation. Dysregulated integrin 5{beta}1 signaling and fibronectin fragmentation are key drivers of OA progression. We found that in ihMSC, LNA043, Full length ANGPTL3 (FL-ANGPTL3, and C-terminal fibronogen-tlike domain of ANGPTL3 (C-ANGPTL3) interacted with both integrin 5{beta}1 and fibronectin, consistent with a multivalent binding mode supported by AlphaFold based structural predictions. FL-ANGPTL3 supported ihMSC adhesion and induced human monocyte migration, with both effects being dependent on integrin {beta}1. C-ANGPTL3 alone was sufficient to mediate these effects, although with reduced efficacy compared to the full-length protein. In contrast, LNA043 did not support ihMSC adhesion but retained integrin {beta}1-dependent monocyte migratory activity, defining a more selective functional profile and indicating that further truncation modulates downstream responses without abolishing integrin engagement. To further explore the biology of ANGPTL3 and the mechanism of action of LNA043 we employed a targeted RASL Seq profiling. We found that both FL- and C-ANGPTL3, but not LNA043, induced broad transcriptional reprogramming and counter regulated fibronectin fragment-driven inflammatory signaling in monocytes. We uncovered a role for ANGPTL3 in fibronectin-integrin 5{beta}1 signaling and showed that LNA043 preserves this interaction while uncoupling it from strong immune responses."
2026-09-16,38,10.64898/2026.09.14.750975,1,"cell biology","QUANTITATIVE PROTEOMIC REVEALS HEME OXYGENASE-1 LOCALIZATION TO CELL-SURFACE LIPID RAFTS AND ITS ASSOCIATION WITH FERROPORTIN IN IRON-LOADED MACROPHAGES","WILLEMETZ, A.; AURIAC, A.; FEDERICI, C.; ROBERT, L.; LEDUC, M.; CAMOIN, L.; CANONNE-HERGAUX, F.","Background: Macrophages play a central role in systemic iron homeostasis by recycling iron from senescent erythrocytes through the only known cellular iron exporter, ferroportin (Fpn). Previous studies have shown that Fpn localizes to membrane microdomains, or lipid rafts, which are important for its function and regulation by hepcidin. Iron strongly promotes the enrichment of Fpn in lipid rafts. However, the proteomic composition of these domains during iron overload remains largely unexplored. Objective: This study aimed to characterize iron-induced changes in the macrophage lipid raft proteome in order to identify potential functional partners of Fpn and better define the cellular mechanisms involved in the response to iron overload. Methods: Quantitative iTRAQ-based proteomic analysis was performed on detergent-resistant membranes (DRMs) isolated by iodixanol density-gradient ultracentrifugation from J774a.1 macrophages treated with iron-NTA (FeNTA). Key proteomic observations were further validated in both J774a.1 cells and bone marrow-derived macrophages (BMDMs) using western blot, cell-surface biotinylation, and confocal immunofluorescence microscopy. The regulatory role of the transcription factor Nrf2 was also assessed using Nrf2-knockout mouse models. Results: In addition of Fpn, our lipid raft proteome identified 79 proteins significatively upregulated upon iron treatment, including, antioxidant proteins like the peroxiredoxin-1 (Prdx1), the glucose-6-phosphate dehydrogenase X-linked (G6pdx), as well as heme oxygenase-1 (Hmox1). Bioinformatic and functional analyses indicated that this response is associated with nuclear translocation of Nrf2, which is required for the transcriptional induction of Fpn and Hmox1. Whereas Fpn was detected in lipid rafts under basal conditions, Hmox1 was recruited to these domains only after iron or heme treatment. Confocal microscopy and cell-surface biotinylation assays confirmed that Hmox1 and Fpn colocalize at the plasma membrane, particularly within caveolae, specialized invaginated lipid raft domains. Conclusions: Iron or heme overload induces a major remodeling of the macrophage membrane, leading to the formation of specialized lipid raft platforms enriched in antioxidant and iron handling proteins. The coordinated localization of Hmox1 and Fpn at the cell surface suggests a coupled mechanism linking heme catabolism to iron export. This organization may help limit intracellular iron accumulation and protect the plasma membrane from iron-mediated lipid peroxidation."
2026-09-16,38,10.64898/2026.09.10.750755,1,genetics,"No detectable effect of P2 neurons on female post-mating changes in sleep and feeding in Drosophila melanogaster","Potdar, S.; Makhmudova, T.; Schenck-Davis, A.; Delbare, S. Y. N.; Jain, A. M.; Hafezi, Y.; Clark, A. G.; Wolfner, M. F.","In many insects, females exhibit behavioral changes after mating. This plasticity can be mediated by interactions between male-derived seminal fluid proteins (SFPs) and the female nervous system. The Drosophila melanogaster seminal fluid protein Sex Peptide (SP) causes mated females to sleep less during the day and consume more food than unmated females, among other behavioral changes. Although the SP-sensing neural circuits that convey information to the females brain are known, the downstream neurons that affect post-mating behaviors remain unknown. P2 neurons in the flys central brain are good candidates for regulating post-mating changes in sleep and food consumption, as they express feeding- and sleep-responsive neuropeptide F (NPF), directly innervate the flys sleep center (the dorsal fan-shaped body, dFB), and are responsible for social-isolation-induced changes in sleep and food consumption. Using the GAL4/UAS system, we activated or silenced P2 neurons in mated and unmated females. We measured sleep duration using Drosophila Activity Monitors (DAM) and food consumption using Capillary Feeder (CAFE) and blue-dye assays. We found that P2-neurons are not responsible for post-mating changes in sleep and food consumption: mated females slept less during the day and ate more compared to unmated females irrespective of P2 neuron perturbation. Together, these results indicate that P2 neurons are unlikely to be primary downstream neurons through which male-transferred SP regulates post-mating sleep and food consumption. Future studies could determine whether P2 neurons regulate other post-mating behaviors or modulate sleep and feeding behaviors in a context-dependent manner."
2026-09-16,38,10.64898/2026.09.10.745915,1,genomics,"Genome-Wide Mapping of Major Histone Modifications Reveals Distinct Epigenetic Regulatory States in a Reef-Building Coral","Warfel, G.; Davidson, S. L.; Sadalla, L.; Varasteh, T.; Ozturk, H.; Seker-Polat, F.; Backman, V.; Adli, M.; Marcelino, L. A.","Reef-building corals exhibit extensive physiological and transcriptional plasticity, yet the chromatin-level regulation of coral gene expression remains poorly characterized. Here, we generated the first genome-wide maps of major histone modifications in a reef-building coral by performing chromatin immunoprecipitation sequencing (ChIP-seq) in adult Pocillopora damicornis maintained under ambient conditions. We profiled two active marks, H3K4me3 and H3K27ac, and two repressive marks, H3K27me3 and H3K9me3, and integrated these maps with RNA sequencing (RNA-seq) to relate chromatin state to transcriptional output. As in other eukaryotes, H3K4me3 and H3K27ac were enriched around transcriptional start sites and positively associated with gene expression, whereas H3K27me3 and H3K9me3 showed broader enrichment patterns and were negatively associated with transcription. Partitioning highly expressed genes by promoter chromatin state revealed that promoters with strong H3K4me3/H3K27ac signal carried YY1-family motifs and served core cellular functions, while a second group enriched for cell-surface receptors and proteolysis lacked these active promoter marks and motif repertoire, despite similar transcript abundance. Repressive marks also distinguished functional genomic states: H3K27me3 was enriched over lowly expressed receptor-like and developmental gene classes, whereas H3K9me3 was prominent at transposable element-like loci and broad non-genic regions. We further identified H3K27ac-enriched, H3K4me3-low candidate enhancer-like elements proximal to core promoters, many near genes with transcription factor-related functions. Together, these results define a baseline chromatin-state landscape in reef-building corals, offering a resource for validating targeted chromatin assays and a foundation for future studies of coral gene regulation across environmental, developmental, and symbiotic contexts."
2026-09-16,38,10.64898/2026.09.10.750109,1,genomics,"Strong correlation between amino acid frequency and codon degeneracy in genetic codes across all domains of life","Wesp, V.; Theissen, G.; Schuster, S.","Since the discovery of the genetic code, a frequently discussed question is whether the numbers of synonymous codons for the various amino acids are randomly distributed or were shaped by evolutionary constraints. In this study, we analyze for the standard as well as alternative genetic codes, the correlations between codon degeneracy and amino acid frequencies in proteins (neglecting differences in gene expression). To taking into account the effect of GC content, expected codon frequencies rather than codon multiplicity need to be considered. A strong correlation of these frequencies with amino acid abundance is revealed. Furthermore, we identify consistent patterns of over- and underrepresentation of amino acids across domains of cellular life as well as viruses. For example, the codons for glutamate, aspartate, lysine, and methionine are consistently overrepresented across domains, while cysteine, arginine, histidine, and proline are underrepresented. Subsequently, we discuss the role of biosynthesis costs of amino acids and other factors such as the order of amino acid recruitment in early evolution, exposure to oxidative stress, and sulphur availability. We hypothesize that in a first phase of evolution, the genetic code evolved in a way so as to comply with the different demands for amino acids. In a second phase, after the code was frozen, changes in demand led to deviations from the strong correlation between codon multiplicity and amino acid frequency by natural selection. This comprehensive analysis offers new insights into the interplay between genetic code structure and amino acid usage across all domains of life."
2026-09-16,38,10.64898/2026.09.14.750687,1,"cell biology","Emerin loss of function inhibits MyoD-driven differentiation of human iPSCs into skeletal myotubes","Knight, T. A.; Mella, J.; Chen, D.; Ferreira, R.; Miranda, H. C.; Buchwalter, A.","Loss of function of the nuclear lamina-associated protein emerin causes Emery-Dreifuss muscular dystrophy (EDMD). Efforts to define emerins essential functions in skeletal muscle have been limited by poor concordance between mouse models and human disease phenotypes. Here, we adapt transgene-driven differentiation of human induced pluripotent stem cells (hiPSCs) into skeletal muscle (iSMs) as a tractable human model for emerin loss of function. We find that EMD knockout (KO) hiPSCs are poorly responsive to combined overexpression of MyoD and Baf60c and produce fewer mature iSMs, indicating that emerin influences muscle differentiation downstream of these differentiation factors. While MyoD acetylation and heterodimerization with E-box proteins are unaffected by emerin loss, MyoD targets including p21 and myogenin are downregulated, and EMD KO cells exhibit impaired cell cycle exit in response to differentiation signals. Transcriptomic analysis of EMD KO iSMs revealed persistent expression of cell cycle genes and decreased expression of terminal muscle differentiation genes. Dysregulated genes do not overlap with lamina-associated domains (LADs) but are instead enriched for targets of polycomb repressive complex 2 (PRC2), which deposits H3K27 trimethylation. Altogether, our data indicate a functional overlap between emerin and PRC2-mediated regulation of terminal muscle differentiation."
2026-09-16,38,10.64898/2026.09.14.751475,1,bioengineering,"Precision cooling assists electrical stimulation: Breaking selectivity barriers in nerve control","Yang, S.; Yu, X.; Yang, S.; Wang, Q.; Bi, G.-Q.; Liu, Y.; Du, Z.","Peripheral neuromodulation can relieve pain through sensory activation or conduction block. However, electrical stimulation of mixed nerves couples these intended effects to unwanted neural activity. Here we demonstrate local cooling can separate targeted from off-target neural activity. In the rat sciatic nerve, precooling reduced the onset response to kilohertz-frequency stimulation by about 90% and maintained block in the target pathway during rewarming. During low-frequency stimulation, spatially graded cooling suppressed A{delta} enriched activity and blocked nontarget propagation. This produced a directional, A{beta} biased afferent output. A cooling-electrical neural digital twin predicted both responses and linked them to field-edge transition dynamics and spatially separated control of recruitment and conduction. These findings provide a mechanistically grounded route beyond the targeting limits of electrical stimulation alone."
2026-09-16,38,10.64898/2026.09.14.751420,1,bioengineering,"Human skin fibrosis with iPSC-derived organoids reveals RUNX2-mediated fibroblast reprogramming","Khan, J.; Mehmood, S.; Al Abir, F.; Wei, M.; Muzaffar, S.; Mohiuddin, S.; Liu, S.; Waseem, M.; Akhter, J.; Liu, Z.; Crossman, D. K.; Kamata, M.; Chen, J. Y.; Raman, C.; Elmets, C.; Zhang, S.; Athar, M.; Jin, L.","Fibrotic skin diseases are characterized by persistent fibroblast activation and extracellular matrix remodeling, yet the mechanisms governing fibroblast state transitions remain incompletely understood. Here, we established a human iPSC-derived skin organoid model of fibrosis through chronic TGF-{beta} stimulation. Single-cell RNA sequencing combined with immunofluorescence-based spatial analysis revealed dynamic fibroblast state transitions, spatial reorganization, and expansion of activated fibroblast populations during fibrotic remodeling. Integration with human scleroderma single-cell datasets demonstrated conserved fibroblast states and transcriptional programs between organoids and patient tissues. We further identified broad induction of RUNX2 in the dermal compartment during fibrosis, and RUNX2 depletion attenuated fibrotic marker expression. CUT&RUN profiling revealed RUNX2 occupancy at fibrosis-associated loci, including RUNX1 and LOXL2. Using a machine learning-guided screening approach, we identified F0565-0303, a small molecule that suppressed RUNX2-dependent fibrotic programs in vitro and reduced fibrosis in a bleomycin-induced mouse model. Together, these findings establish human skin organoids as a platform for modeling fibrosis and nominate RUNX2 as a potential therapeutic target."
2026-09-16,38,10.64898/2026.09.14.748363,1,bioengineering,"Bioplastic Production from simulated 100% in situ Mars resources","Martin, F. R.; Schubert, M. G.; Greene, H.; Pederson, T.; Hicks, N. D.; Mancuso, J. E.; Isaev, K.; Spens, A.; Liu, J.; Sukarto, E.; Nattermann, U.; Stork, D. A.; DeBenedictis, E. A.","A sustained human presence on Mars requires local production of bulk materials, particularly polymers. Prior approaches to space biomanufacturing rely on human waste streams, Earth-sourced consumables, or complex chemical infrastructure, limiting their ability to scale. Here we demonstrate production of polyhydroxyalkanoate (PHA) bioplastic from simulated 100% martian resources: regolith-derived soluble nutrients, acetate electrochemically fixed from martian atmosphere, and water. We screened 16 candidate organisms for growth in a chemically defined Mars medium and identified Cupriavidus necator H16 and Pseudomonas putida KT2440 as promising chassis organisms. Adaptive laboratory evolution totaling more than 1012 cumulative cell divisions improved both species' tolerance to high concentrations of acetate and leached regolith. The top C. necator evolved isolate, referred to as sPL.001, produced more than three-fold higher PHA titer under simulated Mars conditions compared to its parent strain. These results establish a path to polymer production on Mars where consumable mass is derived entirely from local resources, decoupling bulk material production from Earth supply chains."
2026-09-16,38,10.64898/2026.09.10.750801,1,bioinformatics,"scACORN: Context-engineered agent orchestration of specialized small language models for single-cell transcriptomic interpretation","Rasti-Meymandi, A.; Nahali, S.; Paramithiotis, E.; Cheung, A. M.; Dolatabadi, E.","Single-cell atlases now exceed 66 million cells, but turning a ranked expression profile and a free-form biological question into a reliable, evidence-grounded answer remains unsolved. Scaling a single model does not resolve this, because single-cell interpretation is a heterogeneous family of tasks whose correct answer depends on tissue, cohort, perturbation and annotation resolution. Here we present scACORN, an agentic alternative to monolithic single-cell language models that combines specialized small language models with context-engineered agent orchestration for their selection and composition at inference time. Each expert is built in two stages: domain-aligned contrastive adaptation fits a pretrained cell-to-text backbone to the transcriptomic geometry of a target dataset, and geometry-preserving specialization learns question-conditioned biological completions without eroding that geometry. A fixed orchestrating language model agent then selects and combines experts under a natural-language playbook that is itself optimized from textual feedback, with no gradient updates to the orchestrator. Across 10 Tabula Sapiens tissues, domain alignment raised transfer macro-F1 from 0.36 to 0.64 and Recall@5 from 0.87 to 0.97; specialized experts reached 0.89 mean exact-match annotation accuracy; and playbook optimization reduced unsupported gene citations from 14.5% to 3.5%. Our findings support specialization and orchestration as complementary responses to the heterogeneity and evidentiary demands of single-cell analysis."
2026-09-16,38,10.64898/2026.09.12.748195,1,bioinformatics,"Genome-scale perturbation signatures from primary human CD4+ T cells improve genetics-based prioritization of immune drug targets","Han, A. L.; Slotnik, M.; Fox, D. A.; Dhindsa, R. S.; Gudjonsson, J. E.; Kahlenberg, J. M.; Welch, J.","While human genetic evidence improves drug program success, target selection largely relies on associational features. Even functional features are mainly observational, capturing disease associations rather than the consequence of perturbing genes in the disease-relevant human cell type. To move beyond association, we present IGNITE (Immune Genomics and fuNctional Integration for Target Enrichment), a framework that prioritizes immune drug targets by integrating human genetic priors with features from genome-scale perturb-seq in 22 million primary human CD4+ T cells and polarized T-helper subset differential expression. IGNITE is a semi-supervised machine learning model that applies positive-unlabeled learning to approved immune targets, then ranks 19,502 protein-coding genes to prioritize new candidates. In 727 in-trial genes held out from training, functional genomics increased target enrichment among the top 50 nominations from 2.7- to 4.8-fold for immune trial targets at any phase, and from 4.5- to 5.9-fold for targets in Phase III. These performance gains were immune-specific, as IGNITE outperformed genetic comparators on predicting immune-exclusive targets but not on cardiac-exclusive targets. Using temporal validation with labels frozen in 2014, IGNITE outperformed the genetics-only model in ranking 134 genes that subsequently entered immune trials. The functional genomics layer also surfaced two novel, pharmacologically tractable candidates, ELOVL6 and RUVBL1, elevating their rankings from outside the top 1,000 into the top 50. These findings highlight that perturbational signatures in the disease-relevant human cell type harbor target-relevant signals beyond human genetics, offering a generalizable route to indication-specific prioritization as perturbation atlases expand. Full IGNITE scores are publicly available at https://ignite.eecs.umich.edu/"
2026-09-16,38,10.64898/2026.09.10.750792,1,immunology,"N-aldehyde modified phosphatidylethanolamines formed by lipid peroxidation inhibit efferocytosis.","Fadaei, R.; Bernstein, A. C.; Wayman, E. A.; Gonzalez, A. L.; Tallman, K. A.; Mashhadi, Z.; Alli-oluwafuyi, A.-m.; Dikalov, S. I.; Linton, M. F.; Vickers, K. C.; Doran, A. C.; Davies, S. S.","Objective: Impairments in efferocytosis, the phagocytic clearance of apoptotic cells, contribute to the development of chronic inflammation and promote the formation of large necrotic cores within atherosclerotic plaques. A better understanding of the factors that impair efferocytosis could lead to improved interventions. Many chronic inflammatory conditions feature excessive lipid peroxidation, which generates reactive lipid aldehydes that can potentially form N-aldehyde-modified phosphatidylethanolamines (NAMPs). We therefore investigated the extent to which levels of NAMPs are elevated under conditions of oxidative stress and whether exposure of macrophages to NAMPs inhibit efferocytosis. Approach and Results: The effects of synthetic NAMPs and lipid peroxidation on efferocytosis were measured using the Incucyte Live-Cell Analysis System to monitor rate of ingestion of CypHer-labeled apoptotic cells by cultured bone marrow-derived macrophages in real time. The extent of NAMP formation under various conditions was examined using liquid chromatography coupled with mass spectrometry. Several representative species of NAMPs (N-isolevuglandin-phosphatidylethanolamine, N-IsoLG-PE; N-4-hydroxynonenal-phosphatidylethanolamine, N-HNE-PE; and N-azeloyl-phosphatidylethanolamine, N-Aze-PE) inhibited efferocytosis in a concentration-dependent manner. Hydrolysis of NAMPs by recombinant N-acyl phosphatidylethanolamine hydrolyzing phospholipase D (NAPE-PLD) abolished their inhibitory activity, whereas genetic deletion of macrophage NAPE-PLD enhanced NAMP-mediated inhibition of efferocytosis. Blocking the inhibitor of lipid peroxidation, glutathione peroxidase 4 (GPX4), increased macrophage NAMP concentrations and impaired efferocytosis. Unmodified high-density lipoprotein (HDL) promoted efferocytosis, but exposing HDL to reactive lipid aldehydes or peroxidizing agents markedly increased NAMPs and this modified HDL inhibited efferocytosis. HDL isolated from subjects with familial hypercholesterolemia had elevated levels of multiple NAMP species. NAMPs impaired macrophage cholesterol efflux, which is required for continual efferocytosis. Conclusion: NAMPs accumulate under conditions associated with lipid peroxidation and inhibit the ability of macrophages to carry out efferocytosis."
2026-09-16,38,10.64898/2026.09.10.750788,1,genomics,"Integrated Transcriptomics and Histological Analysis Reveals Gill Adaptation Mechanisms to Hypoxic Stress in Largemouth Bass (Micropterus salmoides)","Ma, X.; Su, B.; Ye, A.; Wan, R.; Zhao, K.; Zhong, L.; Yu, W.; Liu, Y.; Wu, J.; Cai, W.","Largemouth bass (Micropterus salmoides) is a globally significant freshwater aquaculture species known for its rapid growth, high-quality flesh, and excellent nutritional value. Given the increasing incidence of hypoxia in its aquaculture setting, understanding the molecular mechanisms underlying gill adaptation to hypoxic stress is critical for improving resilience in this species. To achieve this, we employed full-length transcript sequencing using PacBio Iso-Seq and high-throughput Illumina RNA-seq to construct a comprehensive transcriptome profile. Histological analyses revealed apparent structural alterations in gill tissues under hypoxic stress (dissolved oxygen: 2.0 +/- 0.5 mg/L, duration: 96 h), including curved and swollen gill filaments, apoptosis, and epithelial cell vacuolation. Comparative transcriptomic analysis revealed pronounced shifts in the expression of genes involved in energy metabolism, angiogenesis, immune responses, cell proliferation, and apoptosis. Notably, the down-regulation of genes associated with cell cycle and proliferation suggests that M. salmoides may conserve energy by suppressing cell division under hypoxic conditions. In contrast, the increased expression of apoptosis-related genes, including Caspase 7, indicates that apoptosis may play a protective role to maintain tissue homeostasis under hypoxia. Furthermore, the suppression of chemokine-mediated immune pathways implies that hypoxia redirects energy toward essential metabolic processes at the cost of local immune responses. GO and KEGG enrichment analyses identified TNF- and chemokine-mediated signaling pathways as key regulators for tissue homeostasis and adaptive responses to hypoxic stress. These findings enhance our understanding of the mechanisms underlying hypoxia adaptation and provide valuable genetic resources for breeding strategies aimed at enhancing hypoxia tolerance in M. salmoides."
2026-09-16,38,10.64898/2026.09.14.751485,1,biochemistry,"Machine learned potentials with electrostatic embedding accurately capture Kemp eliminase reactivity","Lear, A.; Chan, E. W.; Zinovjev, K.; van der Kamp, M. W.; Bunzel, H. A.; Mulholland, A. J.","Kemp elimination has become a benchmark for de novo enzyme design due to its simplicity and detailed mechanistic understanding but accurate barrier calculations are required to understand the difference in activity between designed Kemp eliminases. QM/MM MD simulations are capable of calculating reaction barriers, but are limited by a cost/accuracy tradeoff in which the most accurate methods are too computationally expensive for extensive screening as would be required in a prospective enzyme design campaign. Recent advances in embedded ML/MM simulations using the electrostatic machine learning embedding (EMLE) method have enabled transferable potentials for ML/MM MD simulations with low computational cost but QM-level accuracy. Here, we trained a MACE MLIP and EMLE embedding model for fast and accurate simulations of the enzymatic, base-catalysed Kemp elimination of 6-nitro benzisoxazole. Applying our EMLE ML/MM scheme to a designed Kemp eliminase and its evolved counterpart captured the {approx}4 kcal/mol difference in barrier between the two observed in experiment. Furthermore, training was done using structures generated from simulations of a single variant and was applied to the second variant, achieving near-experimental barriers, with no further finetuning or computational overhead. Thus, this work establishes EMLE-based ML/MM MD simulations as a potential route for fast and accurate assessment of barriers in computational screening for enzyme design."
2026-09-16,38,10.64898/2026.09.10.750561,1,bioinformatics,"RamiGlyph Captures Microglial Morphological Diversity and Predicts Functional States in Ischemia Reperfusion and Amyloid Pathology","Qu, Y.; Xiao, Y.; Lan, T.; Xu, J.; Liu, J.; Qian, Q.; Liu, J.; Chi, Y.","Microglia are resident immune cells of the central nervous system, whose ramified processes rapidly remodel in response to injury. However, how to capture subtle morphological changes and whether functional state can be predicted from morphology remain open questions. Here, we present RamiGlyph, a contrastive learning framework integrating topological and structural features, trained on more than 20,000 reconstructed microglia. RamiGlyph not only distinguishes physiological and pathological states of microglia but also generalizes to neuronal cell type classification. Projection of microglia morphological embeddings revealed a continuum rather than discrete classes, from which a morphology score was derived to quantify dynamic process remodeling. To link morphology with function, Gromov Wasserstein optimal transport was used to align unpaired morphological and functional data across stages of ischemia reperfusion injury and amyloid pathology. These alignment results enable prediction of microglial functional states using RamiGlyph embeddings alone, with prediction reliability increasing upon cell aggregation. In summary, RamiGlyph provides a robust framework for resolving continuous microglial morphological variation and linking morphology to functional states across acute and chronic neuropathological contexts."
2026-09-16,38,10.64898/2026.09.10.750272,1,bioinformatics,"Ourotide: decoding the hierarchical peptide recognition for generative design","Shen, Y.; Zhang, J.; Wu, Z.; Xing, Z.; Yuan, Q.; Zhang, W.; Zhou, Q.; Han, F.; Jiang, N.; Chen, X.","The historical dichotomy between small-molecule pocket and extended protein interfaces misrepresents the physical reality of peptide recognition.1,2 Here we show that peptide binding is not a simple structural intermediate but a distinctly multimodal landscape comprising small-molecule-like pockets, protein-like interfaces, and a previously unrecognized third mode. This third regime is governed by a hierarchical subpocket architecture where a flattened surface achieves near-complete peptide engagement through spatially partitioned hydrophobic components. To maintain stability, an incompletely enclosed dominant anchor cooperates with highly hydrated auxiliary subpockets and an asymmetric receptor coupling mechanism that concentrates energy in an adjacent continuous water network. Because this unique binding mode suffers from extreme data scarcity, standard deep learning models fail to capture its physics.3,4 To resolve this, we mapped these specific geometric signatures to mine structurally faithful training distributions from global protein interactomes. Based on these data, we trained Ourotide, a deep learning framework coupling conditional geometric flow matching with interface-aware affinity learning. Evaluated across peptides up to 65 residues, Ourotide outperforms generalist models in backbone accuracy, interface recovery, and affinity prediction. This approach suggests that overcoming data scarcity in the physical sciences requires physics-guided data augmentation rather than naive statistical scaling."
2026-09-16,38,10.64898/2026.09.11.750833,1,bioinformatics,"stably: error-controlled stability selection for biomarker panel discovery","Byrne, D.; McNamara, M.; Unwin, R.","Motivation Data-independent acquisition mass spectrometry (DIA-MS) has become increasingly popular for clinical proteomics due to its sensitivity and reproducibility. Univariate statistical analysis tools, such as limma and MSstats, are widely used for identifying differentially abundant proteins but cannot capture multivariate relationships between proteins that may provide greater discriminatory power as a panel. Machine learning approaches can address this gap, but typically prioritise predictive performance over feature stability, producing biomarker panels for downstream validation that vary depending on data splitting and are poorly suited to clinical translation. Results We developed stably, a Python package that implements stability selection with formal false positive control for DIA proteomics data. Using synthetic data with known ground-truth biomarkers, we show that the Shah and Samworth complementary pairs stability selection framework recovers more true synthetic biomarkers than the Meinshausen and Buhlmann framework at moderate effect sizes typical of proteomics (d = 0.5 - 2.0), while both maintain false positive rates well below their theoretical guarantees. Applied to a publicly available serum proteomics dataset from patients with all stages of pancreatic ductal adenocarcinoma (n=176), stably identified a stable 17-protein biomarker panel in the discovery cohort (n=120), which achieved higher predictive power (AUC = 0.93) in the validation cohort (n=56) than the panel selected by Byeon et al. (2024)(AUC 0.82). stably represents a principled, error-controlled method for biomarker panel discovery for translation into second cohorts. Availability and implementation stably is available on GitHub (https://github.com/byrnedaniel5-eng/stably); the version used in this study is archived on PyPI (https://pypi.org/project/stably/)."
2026-09-16,38,10.64898/2026.09.11.750800,1,biophysics,"Self-buckling of undulating flagella: an elastohydrodynamic mechanism for double waves in spermatozoa","Htet, P. H.; Ishimoto, K.","The relatively long flagella of spermatozoa from insects, birds, and octopuses display double waves, characterized by two superimposed helical waves. The prevalance of these highly organized waveforms across diverse taxa and distinct flagellar architectures hints at shared underlying physics, motivating a model of the flagellum as an elastic filament immersed in a viscous fluid, actively driven by a single set of internal bending moment waves. Simulations of a clamped filament show that it can buckle under its own activity into whirling and flapping states. A multiple-scales analysis of the elastohydrodynamic equations reveals how nonlinear interactions between fast undulations generate an effective compression driving buckling, and connects wave-driven buckling to classical follower-force instabilities. Extending the model to a swimming spermatozoon, the same instability produces double waves. Parameter estimates across species show that most observed double waves lie within the regime where buckling is permitted, supporting self-buckling as a generic physical mechanism for double waves."
2026-09-16,38,10.64898/2026.09.10.750769,1,"systems biology","An adenylyl cyclase switch reroutes carbon from growth to virulence lipids in Mycobacterium tuberculosis","Immanuel, S. R. C.; Do, J.; Peterson, E. J. R.; Hunt, K. A.; Kaur, A.; Pan, M.; Singh, A.; Wu, W.-J.; Bhatt, A.; Baliga, N. S.","Anti-TB drugs act non-uniformly on Mycobacterium tuberculosis (Mtb) because of its distinct physiological states across diverse infection niches shaped by host-derived nutrients and stresses. Agonists of the adenylyl cyclase Rv1625c are a novel drug class that selectively inhibits Mtb growth in macrophages and cholesterol-rich conditions by an unknown mechanism. Combining condition-resolved transcriptomics, genome-scale metabolic modeling, and genetic perturbation, we show these agonists cause a blockade in the electron transport chain, which likely activates Rv1625c. The elevated cAMP in turn drives global transcriptional and post-translational remodeling of central carbon and lipid metabolism. The resulting methylcitrate cycle reversal chokes cholesterol breakdown products from entering central metabolism, diverting carbon toward cell wall and virulence-lipid (phthiocerol dimycocerosate) synthesis and inhibiting growth. These drugs thus hijack an endogenous switch that reroutes carbon from biomass to virulence-lipid production. Hence, nutrients that restore carbon flux and relieve ETC blockade reduce activity, whereas Rv1625c overexpression and ETC inhibitors potentiate drug action even in refractory conditions."
2026-09-16,38,10.64898/2026.09.13.751228,1,microbiology,"Nitrotoxin metabolism in bacteria may have emerged from a diverse oxidoreductase reservoir","Barman, P.; Sinha, S.; Chakraborty, R.","Bacterial transformation of 3 nitropropionic acid (3NPA) is typically viewed through canonical nitronate monooxygenases (NMOs), yet sequence annotation poorly resolves function across this flavoprotein family. Here we show that the environmental YrpB/NMO associated oxidoreductase space is dominated by YrpB related proteins: across 13 metagenomes, 83.1% of 390 conserved domain supported candidates were YrpB-associated. Cultivation along an Eisenia fetida feed gut cast continuum recovered 31 phylogenetically diverse 3NPA responsive bacteria, revealing that this phenotype is distributed across multiple lineages. Using the previously genome-sequenced Serratia sp. EWG9 as a tractable exemplar, we demonstrate sustained 3NPA supported growth, 44% parent compound depletion and a broad early transcriptional reorganization. Its focal oxidoreductase OXR01 occupies overlapping YrpB/NMO sequence space and shows stable predicted 3NPA accommodation without strong transcriptional induction. These findings reposition canonical NMOs as one component of a broader, ecologically distributed oxidoreductase reservoir for bacterial nitrotoxin responsiveness."
2026-09-16,38,10.64898/2026.09.15.751654,1,microbiology,"Isoleucine and asparagine influence the growth of staphylococcal strains in atopic dermatitis","Wai, H. K.-F.; Wang, X.; Li, C. C. Y.; Chua, G. T.; Wong, C. S. M.; Rosa Duque, J. S.; Chan, V. W. Y.; Le Guennec, A.; Zhu, J.; Khan, S.; Punet, A. N.; Ji, M.; Zhang, J.; Hill, E. S.; Che, Y.; Alexander, H.; Deharo, E.; Tun, H. M.; Moyes, D. L.","Atopic dermatitis (AD) is a multifactorial, chronic skin disease associated with microbial factors. It is known that staphylococcal skin microbes play a role in the pathophysiology of AD, notably S. aureus. However, how staphylococcal strain variation affects disease aetiology and progression remains unclear. Using a culture-dependent approach, we analyzed the genomic and phenotypic profile of staphylococcal strains isolated from a Hong Kong children cohort (n = 70). Presence of S. aureus was positively associated with AD skin, whilst S. epidermidis and S. hominis were positively associated with healthy skin, but no overall strain type was associated with AD. In vitro experimentation revealed that there is demarcation in S. aureus strain growth, biofilm biomass formation, and metabolite production by disease severity. While isoleucine and asparagine promoted S. aureus growth, these amino acids suppressed S. hominis growth. These collective findings highlight the importance of strain-level and metabolic interactions of staphylococci in AD pathophysiology."
2026-09-16,38,10.64898/2026.09.14.751380,1,microbiology,"Single-molecule imaging of DNA repair and cytoplasmic rigidification in intracellular bacteria","Sargison, F. A.; Ducrot, N. C.; Kummerer, C.; Qu, C.; O'Hagan, T. B.; Haywood, E.; Kudhail, A.; Moores, A. N.; Baker, L.; Uphoff, S.","DNA damage is an important component of the antibacterial response of phagocytes, but which DNA repair mechanisms are active in intracellular bacteria remains unclear. We developed a live-cell single-molecule tracking approach to directly measure DNA repair activity in Escherichia coli within macrophages. Phagocytosis activates bacterial base excision and nucleotide excision repair pathways and increases DNA mismatch repair foci indicative of DNA replication errors. Phagocyte-generated stresses also cause a general slowdown in protein diffusion within bacteria, consistent with a transition of the cytoplasm towards a glass-like state, which is associated with reduced metabolic activity. At the single-cell level, DNA repair activity is highly heterogeneous, with metabolically inactive bacteria showing the greatest engagement of repair proteins. Together, these findings reveal how distinct DNA repair pathways are deployed during macrophage infection and link repair activity to the metabolic and biophysical states of individual intracellular bacteria."
2026-09-16,38,10.64898/2026.09.14.751554,1,microbiology,"The construction and operation of type IV pili impose a variable energetic burden across phylogenetically distant bacteria","Yusuf, A. O.; Modi, Z. K.; Koch, M. D.","Type IV pili (T4P) are dynamic surface appendages that mediate essential biological functions and virulence traits, yet their energetic burden on cellular budgets in light of fluctuating host environments remains unexplored. Here, we present a comprehensive economic analysis of T4P construction and operation in ATP equivalents, following established frameworks of flagella analyses. Using Pseudomonas aeruginosa as a model system, we quantify the total cellular burden to synthesize the T4P machinery, maintain the inner-membrane pool of major pilin (PilA), and drive repeated cycles of pilus extension and retraction over a generation. We estimate that the T4P system consumes ~0.7% of the total cellular energy budget, dominated by PilA monomer production. Conversely, the operational cost of dynamic T4P fibers is negligible due to their intermittent activity - contrasting sharply with the high continuous cost of rotating a polar flagellum. Extending this framework across five phylogenetically diverse species (P. aeruginosa, Vibrio cholerae, Caulobacter crescentus, Neisseria spp., and Myxococcus xanthus) reveals that T4P investment varies tenfold (0.2 - 1.8% of the cellular budget), driven by differences in pilin size, machine number, pilus extension rates, and cell volume. Neisseria is a distinct outlier whose high extension rate makes operational costs approach construction costs, while in all other species construction dominates. These findings indicate that changes in nutrient availability or surface association may modulate pilus number and length as a strategy to optimize energetic burdens during host-pathogen interaction."
2026-09-16,38,10.64898/2026.09.15.751771,1,"molecular biology","Multi-agentic system for primer design in qPCR and LAMP diagnostics tests","Lau, K. J. X.","Primer design is a fundamental component of molecular diagnostics in both quantitative polymerase chain reaction qPCR and loop-mediated isothermal amplification LAMP assays. However, assay design is often performed manually as nucleotide databases, sequence alignment tools and resources are found at different places on the Internet. In this study, an AI-orchestrated bioinformatics workflow was developed to automate the end-to-end qPCR and LAMP primers and probes. The workflow was implemented using LangGraph, LangChain and Biopython, where a series of specialized agents were coordinated to execute sequential bioinformatics tasks with minimal human intervention. Target sequences were then retrieved based on the user request from the National Center for Biotechnology Information nucleotide database and the requested sequence records were then subjected to multiple sequence alignment for the identification of conserved genomic regions. The multi-agentic primer design system can be used for assay development for applications in infectious disease diagnostics, outbreak surveillance and environmental monitoring. This study also demonstrates how multi-agentic systems can be combined with established bioinformatics methods to automate qPCR and LAMP assay design."
2026-09-16,38,10.64898/2026.09.11.750979,1,"cell biology","Persistence of regenerative stem cells provides a cellular basis for the parasitostatic activity of albendazole against Echinococcus multilocularis","Bergmann, M.; Spiliotis, M.; Koziol, U.; Brehm, K.","Albendazole (ABZ) is the mainstay of chemotherapy for alveolar echinococcosis caused by the larval stage of Echinococcus multilocularis, but its activity is predominantly parasitostatic rather than parasiticidal. The cellular basis of this remarkable parasite persistence remains poorly understood. Here, we investigated the effects of sustained ABZ exposure on the germinative stem cells that drive metacestode growth and regeneration and examined whether differential beta-tubulin isoform usage could contribute to their drug susceptibility. ABZ rapidly impaired microtubule-dependent tegumental transport and caused pronounced damage to metacestode vesicles. In contrast, proliferative germinative cells (GC) persisted during prolonged and continuous ABZ exposure. Importantly, cells surviving 14 to 28 days of treatment retained developmental competence, regenerated metacestode vesicles following drug withdrawal, and, after extended exposure to 10 micromolar ABZ, remained capable of generating parasite tissue following transplantation into a permissive host. Transcriptomic and immunohistochemical analyses identified the Y200 containing beta tubulin isoform Tub2 as a major metacestode beta tubulin that is almost exclusively associated with the proliferative GC lineage. Tub2 was present in virtually all S phase cells, colocalized with established GC markers, localized to mitotic spindles, and Tub2+ cells persisted during prolonged ABZ and ABZSO exposure. Structural analysis further revealed an E198-Y200 interaction in Tub2, providing a structural correlate of the resistance-associated Y200 configuration. Together, these findings provide a cellular explanation for the predominantly parasitostatic activity of benzimidazoles against E. multilocularis. ABZ profoundly damages parasite tissue while sparing a regenerative cell compartment capable of re-establishing metacestode growth after drug withdrawal. They further identify GC-associated Tub2 as a plausible molecular contributor to this persistence and as a potential target for curative anti-Echinococcus chemotherapy."
2026-09-16,38,10.1101/2025.04.04.647214,2,bioinformatics,"Menger_Curvature : a MDAKit implementation to decipher the dynamics, curvatures and flexibilities of polymeric backbones at the residue level","Reboul, E.; Marien, J.; Prevost, C.; Taly, A.; Sacquin-Mora, S.","Characterizing the dynamics of the backbone of flexible polymers such as Intrinsically Disordered Regions and Proteins (IDRs and IDPs) has proven to be a significant challenge in molecular dynamics (MD) simulations due to their high conformational variability. The widely-used mobility metric Root-Mean-Squared Fluctuations (RMSF) is powerless to provide information for highly flexible systems, as defining a relevant reference structure is often not possible. We previously introduced a new flexibility metric to remedy this gap : the Local Flexibilities (LFs), derived (alongside the Local Curvatures (LCs)) from the Proteic Menger Curvatures (PMCs). Here we present a numba accelerated implementation for any polymer of the calculation of Menger Curvatures as a MDAKit from the widely-used MDAnalysis package. We perform a benchmark with the RMSF and another flexibility metric derived from Proteic Blocks (PBs), the Equivalent Number of PBs (Neq), and show that the PMCs are an order of magnitude faster to compute on a modern CPU chip. We applied all 3 flexibility metrics to a {beta}III-tubulin monomer as an example, as tubulins are known to possess the entire range of proteic elements, from -helix and {beta}-sheets to a flexible loop and a disordered C-terminal tail (CTT). RMSF, LFs and Neq all succeed in identifying the flexible loops and the CTT, although the RMSF requires a system-specific alignment to do so. Finally, we expose different applications of PMCs, LCs and LFs ranging from mechanism characterization to NMR T2 predictions. We believe that Menger curvatures will prove to be a valuable metric to study protein dynamics and polymers in general. The MDAKit package Menger_Curvature is readily available at https://github.com/EtienneReboul/menger_curvature"
2026-09-16,38,10.1101/2025.08.27.672730,2,bioinformatics,"MIA-Jet: Multi-scale Identification Algorithm of Chromatin Jets","Kim, S.; Kim, M.","The mammalian genome is organized into large-scale chromosome territories, compartments, domains, and at the smallest scale, chromatin loops and stripes. The newest element is a chromatin jet, a diffused line perpendicular to the main diagonal in the Hi-C contact map, which was reported in quiescent mammalian lymphocytes supporting a two-sided symmetric cohesin loop extrusion model. A similar structure is observed in Repli-HiC and related data, where relatively thin and straight chromatin fountains indicate coupling of DNA replication forks. However, the precise biological implications of these jet-like structures are unknown due to the limitations in computational methods. We developed MIA-Jet, a multi-scale ridge detection algorithm that can accurately detect jets of variable lengths, widths, and angles. When tested on Hi-C, Repli-HiC, ChIA-PET, ChIA-Drop, and Micro-C data in mouse, human, roundworm, and zebrafish cells, MIA-Jet outperformed existing methods. In human cells, jets were enriched in cohesin loading sites and early replication initiation zones. Applying MIA-Jet to Hi-C data generated from protein-degraded cells revealed that jets are dependent on cohesin and that depleting CTCF results in longer and less angled jets than wild-type. We envision MIA-Jet to be broadly applicable to any 3D genome mapping data, thereby providing new insights into the functional roles of chromatin jets."
2026-09-16,38,10.64898/2026.09.11.750964,1,bioinformatics,"Estimand-aware and donor-aware triangulation of predefined gene-set signals across human tendon transcriptomic datasets","Liu, Y.; Wang, Z.; Peng, Q.; Li, Y.; Chen, B.","We analysed five predefined programmes across three human tendon transcriptomic contexts: acute exercise-associated fibroblast pseudobulks (E-MTAB-15400; 4 control and 4 exercise samples), mechanically stretched donor-derived cells (GSE150482; 3 normal and 3 tendinopathy donors), and paired lesional versus grossly normal-appearing tendon (GSE26051; 23 donor pairs). Inference was conducted at the sample, donor or donor-pair level. Non-stimulated GSE150482 single-cell RNA sequencing comprised only N1 and D1, whereas stretched single-cell RNA sequencing comprised N1-N3 and D1-D3; the conditions also used Drop-seq and 10X Chromium, respectively. A donor-replicated disease-by-stimulation interaction is therefore not estimable. Within-context Benjamini-Hochberg adjustment supported acute mechanical-response, extracellular-matrix (ECM) and protein-folding differences and paired-lesion collagen, integrin and ECM differences, but no stretched donor-background difference. Exact label permutations, a conservative global 15-test adjustment, leave-one-unit analyses, a Fib1-Fib4 pooled sensitivity and a paired exact Wilcoxon sensitivity qualified these findings. Integrin was fully nested in ECM, while collagen overlapped 52/79 genes with ECM. Collagen fibril organization showed the most directionally consistent matrix-associated pattern across the three non-equivalent contrasts, without establishing a disease-specific loading response or causal mechanism. The analysis demonstrates why public tendon datasets must be integrated by estimand and biological inference unit rather than pooled as interchangeable replications."
2026-09-16,38,10.64898/2026.09.11.750962,1,biophysics,"Myotropes unveil two myosin cycles with distinct kinetics and stroke size","Berg, A. E.; Wang, T.; Spahiu, E.; Velayuthan, L. P.; Norrby, M.; Tagerud, S.; dos Remedios, C.; Kraft, T.; Nayak, A.; Usaj, M.; Mansson, A.; Amrute-Nayak, M.","Cardiac contraction relies on cyclic interactions between myosin II motors and actin filaments, powered by the free energy of ATP turnover. Targeting of this fundamental process has emerged as a promising therapeutic strategy; Mavacamten, a cardiac myosin inhibitor was recently approved for treating obstructive hypertrophic cardiomyopathy whereas omecamtiv mecarbil was developed as a myosin activator for heart failure. Both myotropes bind to the same myosin pocket but their mechanisms of action remain incompletely understood. Here, we investigate these using optical tweezers mechanoenzymology and single-molecule fluorescence-based actomyosin kinetics applied to {beta}-myosin from donor hearts and recombinant human {beta}-myosin subfragment 1. Our findings reveal unexpected layers of complexity. Both mavacamten and omecamtiv mecarbil partially slow the ATP turnover, giving one fast (similar to physiological) and one drug-induced slow ATP turnover cycle at saturating drug concentrations with different rate-limiting steps for the two compounds. In one of the parallel cycles, mavacamten increases stroke size and appreciably delays the power-stroke, allowing direct visualization of a strongly bound pre-power-stroke state. No power-stroke delay is seen in the other cycle, but a reduced stroke size is observed. Our findings uncover a new paradigm in cardiac regulation at the single-molecule level, demonstrating partial inhibition of myosin as a powerful therapeutic strategy."
2026-09-16,38,10.64898/2026.09.15.751656,1,microbiology,"A pH-dependent protein kinase cascade regulates divergent differentiation of Leishmania in the sand fly.","de Liz, L. V.; Sadlova, J.; Becvarova, B.; Brannigan, J. A.; Forrester, S.; McNiven, C.; Dowle, A.; Taylor, c.; Wilkinson, A. J.; Volf, P.; Mottram, J. C.; Baker, N.","Leishmania parasites must rapidly adapt to fluctuating environments to ensure survival and transmission. While acidic pH in the sand fly vector is a conserved developmental trigger, sensing mechanisms remain poorly understood. Using a barcoded protein kinase library, we screened for regulators of acid adaptation in Leishmania mexicana, identifying nine protein kinases influencing survival at low pH, including a haptomonad differentiation regulator protein kinase (HDRK1). We demonstrate that HDRK1 null mutants ({Delta}hdrk1) are predisposed to differentiate to haptomonad-like forms at low pH. While {Delta}hdrk1 mutants successfully infect the sand fly midgut, they fail to colonise the stomodeal valve, compromising transmission. Integrated transcriptomic and proteomic analyses revealed that at low pH, {Delta}hdrk1 mutants enter a low energy state reminiscent of AMPK-activated cells. We identified a second protein kinase, HDRK2, establishing a pH-dependent signalling pathway that governs the developmental fate of the parasite, directing differentiation towards either mammalian-infective metacyclic or vector-attached haptomonad stages. Finally, our screen revealed that phosphoinositide balance, regulated by the lipid kinases PI4K and PI4P5K, is vital for acid adaptation, and identified two STE transmembrane kinases as potential pH sensors. Together these findings provide a framework for how Leishmania detects and survives acid stress to coordinate its life cycle."
2026-09-17,38,10.64898/2026.02.26.708061,3,genomics,"Gene conversion is a key driver of diversity hotspots in M. tuberculosis antigens and virulence-associated loci","Marin, M. G.; Quinones-Olvera, N.; Jin, H.; Harris, M. A.; Jeffrey, B. M.; Rosenthal, A.; Murphy, K. C.; Sassetti, C.; Li, H.; Farhat, M. R.","Despite the long-held view of Mycobacterium tuberculosis (Mtb) as a genetically conserved pathogen, many genomic regions remain poorly resolved due to high sequence homology and repetitive content. Using complete genome assemblies generated from long-read sequencing of 151 globally representative clinical isolates, we comprehensively analyzed genome-wide patterns of genetic diversity and evolution across the Mtb genome. Our analysis uncovers pronounced diversity hotspots within paralogous regions generated by recurrent gene conversion between homologous genes. In many cases, these hotspots exhibit more than an order of magnitude greater genetic diversity than the rest of the Mtb genome, which is otherwise characterized by remarkably low variation. Mutations within these regions display clustered substitution patterns, excess paralog-matching variants, and distinct mutational spectra consistent with ongoing gene conversion. Our analysis identifies over 300 individual gene conversion events distributed throughout the Mtb phylogeny. These gene conversion events occur predominantly within gene families associated with virulence and host-pathogen interactions, including the PE, PPE, and ESX families. Several of the most pronounced diversity hotspots occur in antigens encoded within paralogous regions. Among these, the vaccine candidate PPE18 harbors mutations in validated epitope sequences and predicted alterations in HLA-II binding. Together, these findings demonstrate that gene conversion actively shapes antigenic and virulence-associated diversity in Mtb."
2026-09-17,38,10.64898/2026.08.14.744956,2,bioinformatics,"Lacuna: Cryptic Binding Pocket Discovery via Conformational Ensemble Analysis","Moore, C.","Lacuna, an open-source Python tool for discovering cryptic binding pockets: sites that are absent or too small to detect in a protein's unbound structure and open only during conformational fluctuation. Most binding-site predictors score a single static structure, which is precisely the structure in which a cryptic site is invisible. Lacuna instead generates a conformational ensemble from any input structure, detects pockets independently in every conformer, clusters the detections into persistent sites across the ensemble, and ranks those sites with a model fitted on within-structure pairs. Ensemble generation is pluggable: normal mode analysis by default, with implicit-solvent molecular dynamics, Boltz-2 diffusion sampling, or a user-supplied ensemble as alternatives. On the designated test fold of CryptoBench, Lacuna recovers 55.6% of cryptic sites in its top five predictions with the zero-dependency default and 66.1% with an optional PLM-assisted ranker; pooling the geometric detector with an optional learned surface detector recovers 73.9% while raising the fraction of sites found from 68.5% to 86.4%, measured on the held-out fold at five conformers. It recovers 73%, 45% and 87% on the PocketMiner set, a curated set of literature apo/holo pairs, and COACH420 respectively. The default backend completes in a median of 2.6 seconds per chain on one CPU core, so ensemble-based pocket finding does not require a simulation budget. Every site carries a continuous crypticity score, and outputs are emitted as docking-ready Boltz YAML constraints, AutoDock Vina boxes, pseudoatom PDB files, and the generated conformational ensemble as a multi-model PDB. Lacuna is MIT licensed and available at https://github.com/mooreneural/lacuna and on PyPI as lacuna-pockets."
2026-09-17,38,10.64898/2026.02.13.705804,2,immunology,"Rhomboid protease Rhbdl2 regulates macrophage recruitment and wound regeneration in zebrafish","Gourkanti, S.; Ramakrishnan, G.; Cheung, J.; Schoen, T. J.; Munoz, Y.; Chavez, R. M.; Dohnalek, J.; Martin, K.; Lovett-Barron, M. E.; Whisenant, T.; Strisovsky, K.; Neal, S. E.","Tissue regeneration requires tight control of immune cell behavior, yet the mechanisms that restrain immune-driven regenerative responses remain poorly defined. Here, we identify the rhomboid intramembrane serine protease Rhbdl2 as a critical regulator of regeneration in zebrafish. We generated rhbdl2 mutants by CRISPR Cas9 and found that it does not affect normal development, but triggers enhanced regenerative growth following injury, accompanied by increased macrophage accumulation at the wound site, which is accompanied by increased early apoptosis and proliferation. Proteomic analyses reveal increased Rac2 protein levels in rhbdl2 mutants, indicating dysregulated immune signaling. Functionally, Rac2 morpholino oligonucleotides mediated knockdown in rhbdl2 mutant larvae suppresses the elevated macrophage recruitment and enhanced tissue regenerative phenotype. Together, these findings uncover Rhbdl2 as an immune checkpoint that constrains macrophage driven enhanced regeneration, with vast implications for inflammatory disease, fibrosis, and tumor immune interactions."
2026-09-17,38,10.1101/2024.10.18.618978,3,microbiology,"Discovery of broad-spectrum bacterial polyamine detoxification inhibitors as potential antivirulence agents and antibiotic adjuvants","Moulding, P. B.; Flannagan, R. S.; Wong, J.; Martin-Camara, O.; Soliman, A. M.; Martin-Santamaria, S.; Elhenawy, W.; Heinrichs, D. E.; El-Halfawy, O. M.","The alarming rise in antimicrobial resistance reinforces an urgent need for new antimicrobial strategies. Host- or bacteria-derived chemicals, such as polyamines, present at infection sites often influence microbial virulence and antibiotic response. Polyamines are cationic small molecules overproduced by the host during infection, modulating immune responses. Polyamine detoxification by several pathogens correlates with increased virulence. We sought to uncover inhibitors of polyamine detoxification through a high-throughput whole-cell screen against the community-acquired methicillin-resistant Staphylococcus aureus (MRSA) USA300, identifying the polyamine analog OES2-0017 and the catechol derivative isoproterenol (OES1-1087), which synergized with polyamines in the low-micromolar range. Chemical genomics and enzymatic assays combined with computational studies revealed that both compounds prevented polyamine detoxification by spermine/spermidine acetyltransferase SSAT (SpeG) and another previously uncharacterized S. aureus SSAT (denoted PaiASa herein). OES2-0017 directly inhibited the enzymes, whereas OES1-1087 reduced intracellular levels of acetyl-CoA required for SSAT activity. OES2-0017 perturbed the bacterial membrane at higher concentrations, likely causing the observed growth-inhibitory effects, whereas OES1-1087 increased membrane fluidity, likely increasing susceptibility to spermine-mediated membrane perturbation. The inhibitors showed broad-spectrum activity against various Gram-positive and Gram-negative bacteria, as well as Candida albicans. OES2-0017 abolished the spermine-mediated protection of MRSA USA300 from antibiotics, including vancomycin, phenocopying the {Delta}speG mutant and suggesting its potential utility as an antibiotic adjuvant. OES2-0017 eradicated SpeG-expressing Salmonella Typhimurium inside murine macrophages, whereas OES1-1087 reduced the S. Typhimurium burden in the liver and spleen in a murine gastrointestinal infection model, demonstrating their potential as antivirulence agents. Neither inhibitor exhibited cytotoxic activity against eukaryotic cells at their respective antimicrobial ranges. Small-scale structure-activity relationship experimental and computational analyses identified OES2-0017 analogs with improved specificity for the bacterial enzyme compared to the human SAT1 and no toxicity. This study provides novel antimicrobial compounds with broad-spectrum activity and a novel mode of action for multidrug-resistant priority pathogens."
2026-09-17,38,10.64898/2026.06.28.735068,2,"molecular biology","Waking the sleepers: lincRNA overexpression compromises DHX36 activity and global protein synthesis","Pasieka, R.; Plewka, P.; Vitale, E.; Kapuscinska, I.; Bajczyk, M.; Bielewicz, D.; Skrzypczak, T.; Gawade, K.; Koch, B.; Ciarrocchi, A.; Raczynska, K. D.","Transposable element-derived long intergenic noncoding RNAs (lincRNAs) are increasingly recognized as context-dependent regulators of gene expression; however, the functional consequences of their ectopic activation in somatic cells remain poorly understood. We previously showed that U7 snRNA represses a subset of LTR12-associated lincRNAs, including lnc-ARRDC4-1 and lnc-ADCYAP1-2, two testis-enriched lincRNAs with minimal expression in somatic cells. Here, we examined the consequences of their increased expression in somatic cells. We showed that overexpression of either lincRNA led to common transcriptomic changes, proteomic changes, impaired migration, altered adhesion and proliferation, and a ~50% reduction in protein synthesis. Furthermore, we identified lnc-ARRDC4-1 as an upstream regulator of lnc-ADCYAP1-2 transcription. Downstream of this event, lnc-ADCYAP1-2 interacts with the RNA helicase DHX36, a regulator of G-quadruplex-containing mRNAs. lnc-ADCYAP1-2 activation reduces DHX36 protein levels, which is accompanied by decreased protein output from a subset of DHX36 mRNA targets. At the cellular level, these effects correlate with cellular disfunction and altered global translation. Our results suggest a lnc-ARRDC4-1:lnc-ADCYAP1-2:DHX36 regulatory cascade linking the derepression of LTR12-containing lincRNAs to reduced protein synthesis and altered cellular processes in somatic cells."
2026-09-17,38,10.64898/2026.09.14.751565,1,"molecular biology","Infectious transgenesis in arthropods","Nejat, N.; van Warmerdam, T.; Rasgon, J. L.","In the last decade, there has been an explosion in the development of in vivo germline genetic editing technologies in arthropods, first pioneered by the Receptor-Mediated Ovary Transduction of Cargo (ReMOT Control) method. While ReMOT Control and related technologies (DIPA-CRISPR and SYNCAS) have shown great utility for gene knock-out in many different species, consistent gene insertion has been elusive, limiting widespread adoption. We developed a novel system based on the baculovirus Autographa californica multiple nucleopolyhedrovirus (AcMNPV) to deliver heritable CRISPR knock-out and knock-in constructs to the arthropod germline by oral feeding. We call this method ""Germline Engineering by Viral Transduction"" (""GEValT""). With GEValT, newly-eclosed female and male adult arthropods are fed on virus in sugar (and/or blood) and allowed to breed, resulting in easy generation of genetically modified offspring. GeValT is easy to use and has the potential to revolutionize gene editing methodology for researchers working across diverse arthropod species."
2026-09-17,38,10.64898/2026.09.16.752033,1,"cell biology","Microtubule-associated protein 1S (MAP1S): a cardioprotective factor against post-myocardial infarction remodeling via apoptosis inhibition","Morales, P.; Kohar, Y. S.; Triastuti, E.; Nugroho, A. B.; Zi, M.; Prehar, S.; Purewal, D.; Galli, G.; Liu, L.; Cartwright, E. J.; Oceandy, D.","Adverse cardiac remodeling following myocardial infarction (MI) are driven by processes including autophagy and apoptosis. While microtubule-associated protein 1S (MAP1S) is known to regulate autophagy, its role in the cardiac pathological conditions remains unclear. This study aimed to elucidate the role of MAP1S and its underlying mechanisms in pathological cardiac remodeling. Following MI, MAP1S knockout mice exhibited increased mortality, impaired cardiac function, and elevated apoptosis. Similarly, MAP1S silencing in cultured cardiomyocytes augmented apoptosis under oxidative stress. Mechanistic investigation revealed potential link to the Hippo pathway. MAP1S knockdown in cardiomyocytes increased Mammalian Ste-20 like 1/2 (MST1/2) activation and reduced Yes-associated protein (YAP) activity, potentially explaining apoptosis regulation. Conversely, MAP1S overexpression reduced apoptosis and positively modulated autophagy. Importantly, in vivo modRNA-mediated MAP1S overexpression protected against apoptosis and adverse remodeling. This study reveals that MAP1S protects the heart from excessive apoptosis and adverse remodeling following MI, likely by modulating the Hippo signaling pathway."
2026-09-17,38,10.64898/2026.09.16.751136,1,genetics,"LAYERED GENOMIC COMPOSITION AND LINGUISTIC CONTINUITY IN GRECIA SALENTINA","Cangialosi, G.; Guli, M.; Menato, F.; Pepe, G.; Mercuri, E.; Zangaro, F.; Jodice, C.; Cruciani, F.; Trombetta, B.; Helmer-Citterich, M.; Akar, N.; Guardiano, C.; Longobardi, G.; Specchia, V.; Semino, O.; D'Atanasio, E.; Novelletto, A.","Grecia Salentina (GS) is the label assigned to a geographic area in Southern Italy where a Greek dialect has historically been spoken. The origins of this Greek-speaking community, whether dating from ancient or Medieval settlement, are a controversial and essentially unsolved issue. To evaluate which historical-linguistic scenario is best supported on genomic grounds, we used whole genome sequencing of 27 GS natives and 21 controls, embedding them in a 799 modern samples dataset in which Greece and Anatolia were evenly represented, an uncommon feature in the genomic literature on the area. We considered different aspects of the genetic structuring, at different spatial and temporal scales. Analyses also included 4021 ancient samples from the literature. All analyses pointed to the same conclusion: the GS genomic profile displays the same characteristic features of the rest of Southern Italy, with no definite evidence for a single source population from outside Italy. Correspondingly, we detected strong genetic connectivity among GS municipalities and between GS and the rest of Italy. Only a subset of our analyses suggested a slightly increased affinity of GS with Greece, or with the Anatolian peninsula. These results indicate that GS has been all but a genetically closed community, and that the Greek language did not act as a barrier to gene flow. By endorsing a ''transient mobility model'' we support the most recent linguistic hypothesis: the prolonged resilience of the Greek language in GS, maintained in situ and periodically rejuvenated through recurrent external inputs from the Greek and Byzantine worlds."
2026-09-17,38,10.64898/2026.09.15.751821,1,genomics,"Integration of cell-specific gene expression and chromatin accessibility facilitates localization of neurodegenerative risk in microglia","Reed, X.; Acri, D. J.; Beilina, A.; Ding, J.; Saez-Atienzar, S.; Kaileh, M.; Bromberek, S.; Hu, F.; Lerner, G.; Ramos, D. M.; Solaiman, S.; Portley, M.; Weller, C. A.; Whitaker, D. T.; Ehrlich, D. J.; Ferrucci, L.; Scholz, S. W.; Gibbs, J. R.; Cookson, M. R.","Genome-wide association studies (GWAS) have identified many loci that contribute to the risk of neurodegenerative diseases. However, a persistent challenge in interpretation of GWAS is to break loci down to specific genes, variants, and cell types, and thus nominate disease mechanisms. Here, we used iPSC-derived cells containing population-level variation to examine GWAS loci across NDDs including Alzheimer's disease, Parkinson's disease and Lewy body dementia. We differentiated a set of 135 iPSC donor lines into two cell types relevant to neurodegeneration, neurons and microglia, and completed single cell gene expression and chromatin accessibility profiling. Meta-analysis of these data with published human brain snRNAseq for QTL mapping identified multiple loci associated with NDDs that are restricted to either neurons or microglia. Colocalization of GWAS and these QTL supports microglia as having a strong contribution to disease risk. We tested peaks nominated at the BIN1 locus for enhancer activity using a perturb-seq-based method in microglia. Our results show one of the nominated peaks controls BIN1 expression in microglia but also modifies expression of other genes at the locus. These results support the hypothesis that common variants affecting gene expression specifically in microglia can contribute directly to NDD risk rather than functioning solely as a secondary response to neurodegeneration. These data also show that iPSC-derived cells are a useful model to experimentally dissect GWAS loci that colocalize with QTL."
2026-09-17,38,10.64898/2026.09.03.749158,1,genomics,"Interrogation of noncoding schizophrenia risk variants using CRISPR-based functional genomics","Hamilton, M. C.; Riley, J. W.; Nelson, A. C.; Li, B.; Dornbaum, S. F.; Safi, A.; Cui, X.; Jones, I. R.; Coley, A. A.; Hagy, K. T.; Rai, R.; Barrera, A.; Allen, A. S.; Shen, Y.; Sherwood, R. I.; Love, M. I.; Sullivan, P. F.; Gersbach, C. A.; Crawford, G. E.","Schizophrenia (SCZ) is a highly heritable complex disorder influenced by coding and noncoding genetic variation. Its genetic causes, particularly those involving noncoding variation, are largely unknown. High-throughput CRISPR screens enable dissection of disease-associated loci and identification of noncoding regulatory elements and variants that modulate gene expression. We screened SCZ GWAS loci linked to genes that are also associated in whole-exome sequencing studies to identify regulatory elements and variants impacting expression of disease-relevant genes. We used CRISPRi paired with HCR-FlowFISH to epigenetically silence 333 putative regulatory elements and measure the downstream effects on gene expression of causal SCZ genes, FAM120A, SV2A, and STAG1, in iPSCs and iPSC-derived neurons (iNeurons). We identified 78 regulatory elements that significantly alter expression of a SCZ gene, including noncoding enhancers/silencers as well as promoters of genes and lncRNAs. Pooled prime editing screens interrogated noncoding variant influence on gene expression for SCZ-associated variants and uncharacterized common variants from diverse population studies. We find that a common variant in the promoter of SV2A, rs112851681:A>G (MAF = 3.56%, 1000 Genomes) enhances transcriptional activity in iPSCs and iNeurons. These findings show distinct noncoding mechanisms that map within GWAS signals, and provide a path forward for interrogating noncoding regulatory elements and variants in disease loci."
2026-09-17,38,10.64898/2026.09.14.751635,1,bioengineering,"Integrated Continuous Biomanufacturing of Recombinant Adeno-Associated Virus","Plieninger, R.; Mueller, J. M.; Tobler, D.; Saygili, E.; Werder, P.; Higuchi, Y.; Takahashi, R.; Sebastian, V.; Mueller-Spaeth, T.; Goebel, S.; Villiger, T. K.","Recombinant adeno-associated virus (rAAV) manufacturing remains constrained by low yields, costly purification, and process complexity, limiting cost-effective access to gene therapy. Here, we demonstrate an integrated continuous biomanufacturing platform that transfers proven antibody-manufacturing technology to rAAV production by coupling perfusion to semi-continuous twin-column affinity capture (CaptureSMB). This architecture enables continuous harvest of extracellular rAAV without cell lysis, depth filtration, or endonuclease treatment, sustaining stable operation over five days. Relative to conventional batch processing, perfusion improved capsid or vector genome yield depending on the production process, while affinity capture alone reduced total DNA to batch-comparable levels, with no measurable loss in impurity clearance or potency. By consolidating multiple manual unit operations into one continuous workflow, the platform may reduce manual intervention and process footprint. Its modular design may generalize to other rAAV serotypes, inducible producer cell lines, and viral vector classes, offering a potential route toward more efficient gene therapy manufacturing."
2026-09-17,38,10.64898/2026.09.15.751761,1,biophysics,"PqiABC forms a membrane-bridging conduit and mediates bidirectional phospholipid transport across the Gram-negative bacterial envelope","Johnston, H. E.; Clifton, L. A.; Wilson, C. B.; Sridhar, P.; Alzahrani, A.; Colyer, A.; Logan, R.; Hall, S. C. L.; Hardy, D. J.; Knowles, T. J.","The mechanism by which glycerophospholipids are transported between the inner and outer membranes in Gram-negative bacteria remains poorly understood. In Escherichia coli, the paraquat-inducible (Pqi) pathway, comprising the inner membrane protein PqiA, the periplasm-spanning MCE-family protein PqiB, and the outer membrane lipoprotein PqiC, has been implicated in this process. These components are proposed to assemble into a quaternary complex that forms a continuous channel bridging the inner and outer membranes. Here, using neutron reflectometry and quartz crystal microbalance with dissipation monitoring, we perform a dynamic structural analysis of PqiABC within a planar double bilayer membrane-mimetic system. This approach reveals that PqiABC assembles into a stable, envelope-spanning complex anchored to both membranes, consistent with its proposed conduit architecture. Furthermore, using neutron reflectometry in combination with complementary fluorescence-based assays, we demonstrate that PqiABC mediates passive glycerophospholipid transport, supporting bidirectional lipid exchange between membranes. Together, these findings establish PqiABC as a membrane-bridging lipid transport system and provide direct evidence for a mechanism of passive glycerophospholipid equilibration across the bacterial envelope."
2026-09-17,38,10.64898/2026.09.13.750941,1,"cell biology","Chemically induced USP21-KLHL12 association recruits USP21 to COPII assembly","Vu, V.; Kanaris, M.; Wolf, E.; Keller, S.; Liu, Q.; Simoben, C. V.; Ahmad, S.; Rebber, V.; Szewczyk, M. M.; Loppnau, P.; Maitland, M. E.; Adamson, E. C.; Picotti, P.; Wilson, D.; Arrowsmith, C. H.; Halabelian, L.; Schapira, M.; Gstaiger, M.; Harding, R. J.; Barsyte-Lovejoy, D.","Ubiquitin-specific protease 21 (USP21) is a deubiquitinase implicated in various biological processes and disease states, including cancer. To better understand USP21 protein interaction networks, we used biotin identification proximity labeling, and uncovered USP21 interactions with the cytoskeleton, endosomal, and transcriptional regulators. Notably, a subset of these interactions was modulated by the USP21 selective inhibitor BAY-805. In cells, BAY-805 promoted proximity between USP21 and Kelch like protein KLHL12, a component of the Cullin3 ligase complex. Structural modeling using AlphaFold3, together with hydrogen deuterium exchange mass spectrometry, identified an orthosteric BAY-805 binding site within USP21. Binding of BAY-805 functionally competes with ubiquitin at USP21, thereby enabling USP21 interaction with KLHL12. This BAY-805 induced proximity elicited relocalization of USP21 to KLHL12 containing coat protein complex II (COPII) vesicles. Induced USP21-KLHL12 association led to enlargement of COPII vesicles and impaired transport of large cargoes such as collagen. Overall, our findings reveal a novel chemically induced proximity mechanism in which the monovalent ligand BAY-805 outcompetes ubiquitin from USP21, thereby recruiting USP21 to KLHL12 associated protein complexes."
2026-09-17,38,10.64898/2026.09.13.751259,1,"cell biology","An INSR-BECN1-KIAA0825 complex prevents hepatocytic insulin receptor secretion via extracellular vesicles against monogenic diabetes","Kuramoto, K.; Chen, M.; He, C.","Monogenic diabetes from insulin receptor (INSR) mutations is a rare genetic disorder causing early-onset, profound insulin resistance. However, the pathogenic mechanisms by which INSR mutations disrupt receptor trafficking, cell-surface stability, and signaling are unresolved, and consequently, current treatment remains largely symptomatic and prognosis is not optimal. Here we discover that INSR, the autophagy protein BECN1, and KIAA0825, encoded by a diabetic-risk gene of previously unknown function, form a complex to regulate INSR transport, membrane presentation, and functionality in hepatocytes. Loss of hepatic BECN1 or KIAA0825, or expression of monogenic diabetes-causing mutations in INSR, disrupts the INSR-BECN1-KIAA0825 complex and mis-routes INSR to extracellular vesicles for secretion from hepatocytes, leading to impaired hepatocytic INSR cell-surface presentation and defects in hepatic insulin sensitivity, glycogen storage and exercise capacity. These findings identify new regulators and mechanisms governing INSR sorting, trafficking and signaling, uncover a non-canonical, non-degradative role for BECN1, and reveal the cellular fate of pathogenic INSR mutants underlying monogenic diabetes."
2026-09-17,38,10.64898/2026.09.16.749446,1,genomics,"Cell-type-resolved DNA methylation profiling in the cortex reveals female-specific X chromosome differences in autism","Franklin, A.; Davies, J. P.; Chioza, B.; Burrage, J.; Walker, E. M.; Bamford, R.; Babtie, A. C.; Blake, G. E. T.; The APEX Consortium,  ; Baron-Cohen, S.; Dempster, E. L.; Hannon, E.; Mill, J.","Sex differences are a prominent feature of many neurodevelopmental conditions, particularly autism for which approximately three males are diagnosed for every female. Although epigenetic dysregulation has been implicated in autism, the extent to which autism-associated epigenetic differences vary by sex and neural cell type remains poorly understood. Using fluorescence-activated nuclei sorting (FANS), we isolated neuron-enriched (NeuN+), oligodendrocyte-enriched (SOX10+), microglia-enriched (IRF8+) and astrocyte-enriched (NeuN-/SOX10-/IRF8-) nuclei from post-mortem prefrontal cortex tissue from 24 autistic (70.8% male) and 23 non-autistic (69.6% male) donors, and performed cell-type-resolved epigenome-wide association studies (EWASs) of DNA methylation. We identified cell-type-specific autism-associated differentially methylated positions (DMPs), with microglia harbouring the largest number of associations. Modelling the interaction between sex and diagnosis revealed a striking female-specific signature concentrated on the X chromosome in microglia. At the majority of these sex-by-autism DMPs, autistic females showed lower DNA methylation compared to control females consistent with an altered X chromosome inactivation (XCI) profile. Across the X chromosome, autism-associated DNA methylation differences were significantly larger in females than males and were greater at sites annotated to genes normally subject to XCI than at genes that escape XCI. Together, these data further support the importance of microglia in autism and suggest that altered X chromosome dosage regulation may contribute to sex-dependent molecular mechanisms in autism."
2026-09-17,38,10.64898/2026.09.15.751677,1,biochemistry,"Proximity Labeling-Assisted Flow Cytometry Improves Fluorescence Contrast in Extracellular Vesicle-Enriched Fractions","Kashimata, L.; Iwasa, K.; Kumagai, M.; Sasaki, R.; Shinomiya, S.; Soma, M.; Iemura, H.; Sekiya, R.; Horiuchi, I.; Katsuki, M.; Komatsu, K.; Mizuno, Y.; Nakamura, H.; Nagata, M.; Sato, T.; Ito, K.; Kawasaki, Y.; Nakagome, K.; Kotani, N.","Extracellular vesicles (EVs) are potential sources of circulating biomarkers, but disease-associated EVs are often scarce and their nanoscale dimensions limit analysis by conventional flow cytometry. To improve the detection of disease-associated EV signals using widely available instruments, we developed a workflow combining preparation of serum EV-enriched fractions by size-exclusion chromatography, CHL1-initiated enzyme-mediated activation of radical sources (EMARS) proximity labeling, and conventional flow cytometry. EMARS deposits fluorescein on molecules proximal to antibody-bound CHL1, thereby increasing target-initiated fluorescence. In a representative comparison, EMARS increased the signal-to-background ratio from 1.21 with conventional antibody labeling to 6.28. Because unlabeled EVs and debris interfered with analysis, we used an AI-assisted procedure to explore FITC-H cutoffs for retained P1 events. ChatGPT compared 65 candidate cutoffs across statistical and event-retention metrics and recommended 1000; the authors reviewed the complete results before adopting this value. At this data-selected cutoff, mean fluorescence intensity was higher in interstitial lung disease (ILD) than in non-ILD samples among 28 evaluable samples (P = 0.002; area under the receiver operating characteristic curve [AUC] = 0.846); neither value was adjusted for cutoff selection. Post hoc nested leave-oneout cross-validation (LOOCV), in which cutoff selection was repeated within each outer fold, yielded an AUC of 0.716 with 29 of 34 samples evaluable. The association with ILD requires validation in independent cohorts, but these exploratory findings suggest that proximity labeling may enhance measurable fluorescence contrast in serum EV-enriched fractions and support further evaluation of disease-associated EV signals using conventional flow cytometers."
2026-09-17,38,10.64898/2026.09.14.751632,1,biophysics,"Diatom Logic: Rewritable active nematic circuits in tidal-flat ecosystems","Zhang, Q.; Prakash, M.","At the ocean-land interface lies a critical yet largely ignored ecosystem of tidal flats[1]. These habitats are colonized by diatoms that form thin surface biofilms, creating ecosystem-scale cellular collectives stretching meters to kilometers[2-4]. How these collectives coordinate functions across vast spatiotemporal scales remains poorly understood. This task requires both long-distance transfer and long-term storage of information[5, 6]. In cellular collectives, trigger waves have been known to provide rapid, non-attenuating signaling[7-9], while extracellular matrices allow cells to externalize structural memory[10-12]. Yet, how propagating signals and structural memory integrate to shape collective functions remains elusive. Combining field observations with laboratory reconstitution, we show that tidal-flat diatoms assemble active nematic circuits that physically wire trigger-wave routing into structural memory. Here, trigger waves recruit resting diatoms into polarized motion steered by the nematic director, and topological defects act as gates that focus or bifurcate propagating wave fronts. Memory follows a fast-read, slow-write rule: rapid signals deform the cellular nematic, while slowly evolving cell-deposited mucilage retains a hidden orientational template that guides alignment recovery. Strikingly, recurrent waves progressively remodel the nematic architecture, letting the collective reshape its future routing. Coupling rapid wave propagation to extracellular memory allows collectives to resolve the stability-plasticity dilemma, maintaining structural cohesion while adapting to recurrent stimuli. Our work reveals previously hidden adaptive nematic circuits that self-organize at ecological scales, establishing a physical framework for time-programmable active materials."
2026-09-17,38,10.64898/2026.09.15.751666,1,"molecular biology","Rad55-Rad57 and Srs2 regulate homology search onset, coordination, reach and inactivation","Mendiboure, N.; Dumont, A.; Savocco, J.; Dupont, C.; Liu, J.; Jost, D.; Heyer, W.-D.; Piazza, A.","DNA double-strand break (DSB) repair by homologous recombination entails the coordinated search for a homologous dsDNA molecule by two heterotypic Rad51-ssDNA filaments in eukaryotes. How homology search is regulated in cells remains largely unknown. Using genomic and molecular assays to track spatial chromatin organization and early recombination intermediates, we investigated the roles in homology search of two antagonistic regulators of Rad51-ssDNA filaments metabolism in S. cerevisiae: the Rad51 paralogs Rad55-Rad57 and the 3'-5' ssDNA translocase Srs2. Srs2 promoted the coordinated search between filaments on each DSB ends and inactivated homology search following homology identification. Rad55-Rad57 both stimulated the formation of Rad51-ssDNA filaments and protected them against disruption by Srs2. Together, Rad55-Rad57 and Srs2 enacted a structural proof-reading that resulted in stiffer Rad51-ssDNA filaments competent for genome-wide homology search. This work reveals multiple ways by which the control of Rad51-ssDNA filament metastability by the individual and joint activities of Rad55-Rad57 and Srs2 regulate homology search onset, coordination, reach and inactivation."
2026-09-17,38,10.64898/2026.09.15.751774,1,"molecular biology","Structural conservation of the gabapentinoid binding site in human and Caenorhabditis elegans α2δ subunits: a docking and molecular dynamics perspective","Sultana, J.; Mkrtchyan, L.; Castano, J. D.; Castillo, J. d.; Beaudry, F.","Pain is a global health burden, highlighting the need for effective therapeutic strategies. Gabapentin (GBP) and pregabalin (PGB), used for neuropathic pain, act primarily through 2{delta} auxiliary subunits of voltage-gated calcium channels. Caenorhabditis elegans expresses UNC-36, an ortholog of mammalian 2{delta} proteins involved in calcium-channel function and nocifensive behavior. However, whether UNC-36 preserves the molecular features required for gabapentinoid recognition remains unclear. We compared human 2{delta}-1 and UNC-36 using sequence and structural analyses, molecular docking, 500-ns molecular dynamics simulations, interaction profiling, principal component and free-energy landscape analyses, and MM/GBSA calculations. UNC-36 preserved the overall architecture of the mammalian gabapentinoid-binding region despite substantial sequence divergence, and both ligands remained associated with the modeled pockets. However, residue-level interaction networks differed between species. Human 2{delta}-1 showed greater contributions from aromatic interactions, whereas UNC-36 relied more prominently on cationic and hydrogen-bond donor interactions mediated by Arg501 and Arg503. The human 2{delta}-1-PGB complex maintained the most stable ligand pose, whereas 2{delta}-1-GBP showed greater positional variation. In UNC-36, PGB exhibited greater deviation from its initial binding pose than GBP. The first two principal components accounted for more conformational variance in UNC-36 complexes than in human complexes. MM/GBSA estimates showed that PGB was energetically favored over GBP in human 2{delta}-1, whereas GBP was favored over PGB in UNC-36. These findings show that conservation of the gabapentinoid-binding architecture is accompanied by species-specific differences in interaction chemistry, conformational dynamics, and estimated binding energetics, providing a molecular basis for interpreting C. elegans gabapentinoid responses in a translational context."
2026-09-17,38,10.64898/2026.09.11.751051,1,"cell biology","Uncovering a Sex-Specific cAMP Landscape in Vascular Smooth Muscle","Pereira da Silva, E.; Alves, I.; Voorhees, H.; Sirish, P.; Daghbouche Rubio, N.; Martin Aragon Baudel, M.; Xiang, Y.; Navedo, M. F.; Nieves-Cintron, M.","The second messenger, cyclic adenosine monophosphate (cAMP), plays a crucial role in regulating cellular function, including in vascular smooth muscle (VSM). While extensive research has focused on the compartmentalization of cAMP signaling in various cell types, the influence of biological sex on distinct cAMP pools and their functional implications in the VSM remains largely unexplored. To address this knowledge gap, we employed a multiscale experimental approach spanning targeted cAMP biosensors, wire myography, live-cell calcium imaging, proximity ligation assays, and in vivo ultrasound imaging. Our findings reveal a sex-specific distribution of cAMP signaling domains, with the cAMP pool selectively present in the SR of females but not males in the VSM. Ovariectomy abolished this sexual dimorphism, with SR cAMP pools disappearing in ovx females, mirroring the pattern observed in male cells. Males and ovx female VSM exhibited a significantly stronger RyR-PDE3/PDE4 association than sham females, suggesting that ovarian hormone-dependent sequestration of phosphodiesterases away from the SR licenses cAMP signaling in this compartment in female cells. Functionally, this sexually dimorphic cAMP compartmentalization correlates with smaller Ca2+ spark amplitude, reduced isoproterenol-induced relaxation, and higher pulse wave velocity in male and ovx compared to female VSM/vessels/mice. Together, these findings establish biological sex as a fundamental determinant of subcellular cAMP organization in VSM, with implications for understanding sex differences in vascular function and cardiovascular disease."
2026-09-17,38,10.64898/2026.09.14.751361,1,"cell biology","Glutamine-regulated VCP acetylation creates a proteostasis vulnerability in RB1-deficient tumor","Yang, B.; Cao, Y.; Tao, Y.; Wang, H.; Dong, H.; Yang, X.; He, X.; Zhao, B.; Liu, K.; Wang, Z.; Shen, J.; Yan, Y.; Zhang, Q.; Wang, Z.; Lv, Y.; Yang, L.; Xu, J.; Zhang, T.; Hua, Y.; Cai, Z.; Mu, H.; Zuo, D.; Wang, H.; Sun, W.","RB1 deficiency defines an aggressive tumor state with limited therapeutic options. Osteosarcoma represents a clinically relevant model of RB1 deficient malignancy, as RB1 alterations are among the most frequent genomic events in this tumor type. However, the non cell cycle vulnerabilities created by RB1 loss remain incompletely understood. We therefore used osteosarcoma to identify therapeutic dependencies associated with RB1 deficiency. Through high-throughput compound screening, we identified a selective vulnerability of RB1-deficient tumor cells to VCP inhibition. NMS-873 and other VCP-targeting compounds preferentially suppressed RB1 deficient cells across two-dimensional cultures, three-dimensional spheroids, patient-derived organoids, and in vivo tumor models. Mechanistically, VCP inhibition exacerbated proteostasis stress and activated endoplasmic reticulum stress responses in RB1-deficient cells. We further found that VCP function was regulated by glutamine-dependent acetylation, with lysine 615 serving as a dominant acetylation site that modulated sensitivity to VCP inhibition. Glutamine restriction phenocopied, whereas glutamine supplementation partially rescued, the effects of NMS-873 on VCP acetylation and tumor cell growth. Clinical and transcriptomic analyses further linked VCP expression and protein-folding stress programs to aggressive disease features. Together, these findings identify glutamine regulated VCP acetylation as a metabolic proteostasis dependency in RB1-deficient tumors and nominate VCP inhibition as a therapeutic strategy for this difficult-to-target tumor state."
2026-09-17,38,10.64898/2026.09.13.751251,1,"cell biology","Mitochondrial dysfunction and impaired osteogenic capacity define stress-induced osteoblast senescence","Frey, T.; Vogg, H.; Ahmad, M.; Nakano, Y.; Vogel, M.; Nungess, S.; Schoppa, A.; Geiger, H.; Ignatius, A.; Riegger, J.","Cellular senescence has emerged as a key contributor to age-related skeletal deterioration; however, the defining characteristics of senescent osteoblasts remain incompletely understood, hindering efforts to identify the cellular mechanisms that drive age-associated bone loss and potential therapeutic targets. Here, we compared doxorubicin- and hydrogen peroxide-induced senescence and established a robust in vitro osteoblast model that enables the stable maintenance of stress-induced premature senescence. Doxorubicin-treated MC3T3-E1 cells exhibited persistent growth arrest, a pronounced senescence-associated secretory phenotype (SASP), and impaired osteogenic function accompanied by marked mitochondrial dysfunction, including reduced respiratory capacity and altered mitochondrial morphology. Transcriptomic comparison with aged murine bone revealed a partial overlap with in vivo aging-associated gene expression signatures, particularly among genes involved in extracellular matrix organization and skeletal development, supporting the physiological relevance of the model. Importantly, key features of senescence, including the senescence-associated mitochondrial phenotype and impaired osteogenic capacity, were recapitulated in primary human osteoblasts. Collectively, these findings establish a robust model of stress-induced osteoblast senescence and demonstrate that senescent osteoblasts exhibit mitochondrial dysfunction, impaired osteogenic capacity, and molecular features that resemble aspects of skeletal aging."
2026-09-17,38,10.64898/2026.09.11.751093,1,"cell biology","LRRC37A is essential for acrosomal ion homeostasis and male fertility","Li, W.; Wu, B.; Wang, L.; Liu, J.; Long, C.; Ma, Y.; Han, T.; Tan, T.; Huang, X.; Sun, Q.","Mammalian spermatozoa face various challenges during their long march to the destination. As a specialized membrane-bound organelle in the sperm head, the acrosome is particularly sensitive to changes in ionic and osmotic conditions, yet how acrosomal ion homeostasis is maintained remains largely unknown. Here, we show that LRRC37A is required for acrosomal ion homeostasis. Loss of Lrrc37a causes complete male infertility, accompanied by pronounced enlargement and deformation of the acrosome in the sperm head. Acrosome biogenesis was not affected by Lrrc37a knockout during the early stages of spermiogenesis, whereas acrosomal enlargement emerged at later stages and became more pronounced in the epididymis. LRRC37A localized to the outer acrosomal region and interacted with the Na/K-ATPase -subunit isoforms ATP1A1 and ATP1A4. Loss of LRRC37A disrupted the spatial distribution of both isoforms and was accompanied by increased Na within the acrosomal region. In addition, pharmacological perturbation of Na/K-ATPase activity or cellular ion homeostasis induced acrosomal swelling. These findings establish an essential role for LRRC37A in acrosomal ion homeostasis, suggesting that its deficiency may be associated with a distinct form of teratozoospermia characterized by acrosomal enlargement."
2026-09-17,38,10.64898/2026.09.12.751089,1,"cell biology","Intrinsically disordered regions navigate DNA replication licensing factors to specific genomic loci.","Leonovich, I.; Parker, M. W.","Sites of DNA replication initiation are determined by binding of the Origin Recognition Complex (ORC, composed of Orc1-6) to specific genomic loci. Here, we determine the mechanism underlying site-specific binding of human Orc1. We find that Orc1's Bromo-Adjacent Homology (BAH) domain functions as an avidity element, whereas an intrinsically disordered region (IDR) guides genomic specificity. Deletion of the IDR abolishes chromatin binding and Orc1 chimeras with swapped IDRs are redirected to new genomic locations. Other replication factors, such as Cdt1 and Cdc6, also possess IDRs. However, despite their similar biochemical properties, we find that these IDRs are functionally non-equivalent. Like Orc1, the Cdt1 IDR guides loci-specific binding but targets distinct sites. Strikingly, the Cdt1 IDR, when swapped into Orc1, redirects Orc1 to Cdt1 binding sites. This establishes a key role for the Orc1 IDR in genome navigation and points to impressive levels of functional sophistication in licensing factor disordered regions."
2026-09-17,38,10.64898/2026.09.15.751841,1,biochemistry,"Structural and biophysical insights into the unique RNase YicC","Wu, R.; Venkatesh, H.; Lansiquot, C.; Barnes, S. A.; Golestanian, A.; Rechkoblit, O.; Jones, A. N.; Bechhofer, D. H.; Lazarus, M. B.","RNA cleavage and processing are highly conserved regulatory mechanisms across bacteria. We recently discovered a novel family of RNases called YicC, conserved across all bacteria but unrelated to known RNase families. The cryo-EM structure of RNA bound to Escherichia coli YicC endonuclease suggested a clamshell-like ribonuclease mechanism for cleavage, although its exact mechanism and function remain elusive. Here, we report new cryo-EM structures that provide snapshots of the closing of the complex and also capture a surprising dimeric-RNA:protein complex. We further characterize the RNA cleavage targets in solution using nuclear magnetic resonance (NMR) spectroscopy, and use all-atom molecular dynamics (MD) simulations to study Mg2+ binding. Our findings suggest that the YicC family can bind RNA hairpin structures and dimeric conformations with appropriate sequence and structural constraints, with cleavage driven strongly by Mg2+ ion localization. This study therefore provides overall insight into the novel cleavage mechanism of the highly conserved family of YicC-like endoribonucleases."
2026-09-17,38,10.64898/2026.09.15.751856,1,bioengineering,"Integrating complementary biological information for multi-objective enzyme engineering","Blalock, N.; Sosa, Y.; Heuschkel, J.; Li, R.; Ma, X.; Radomkit, S.; Wu, H.; Buono, F.; Song, J.; Pefaur, N.; Kingsley, L. J.; Romero, P. A.","Enzyme catalysts are increasingly used for sustainable pharmaceutical manufacturing, but engineering industrial biocatalysts remains challenging as multiple catalytic and developability properties must be optimized simultaneously from limited experimental data. Here, we develop a machine learning-guided multi-objective design framework that integrates sparse functional measurements with complementary evolutionary and structural information to engineer the ketoreductase Gre2. The resulting designs achieved simultaneous improvements in catalytic performance, protein yield, and thermal stability, with selected designs retaining improved performance under process-relevant conditions. More broadly, our results demonstrate that integrating complementary biological information enables efficient multi-objective enzyme engineering from sparse experimental data, providing a general strategy for accelerating industrial biocatalyst development."
2026-09-17,38,10.64898/2026.09.15.751785,1,bioengineering,"An Ultrasensitive Luciferase Reporter Reveals Low-Level Extrahepatic mRNA Expression for Enhanced Apparent Biodistribution of Lipid Nanoparticles","Cataldi, V.; Chakraborty, S.; Alani, A. W. G.","Reporter mRNAs are widely used to screen lipid nanoparticle (LNP) formulations and characterize functional mRNA expression in vivo, yet conventional firefly luciferase (FLuc) imaging fails to detect low-level expression. Consequently, weak or absent FLuc signal can be misinterpreted as failed LNP delivery or translation, potentially excluding formulations and overlooking extrahepatic or off-target expression. Here, we compared FLuc/D-luciferin with an ultrasensitive NLuc-GFP bioluminescence resonance energy transfer luciferase reporter detected with fluorofurimazine (FFz), using SM-102 and U105 LNPs following intravenous administration in mice. Both reporters showed predominantly hepatic and splenic expression. However, NLuc-GFP/FFz produced substantially greater photon output and detected reporter activity in the brain, heart, kidney, lymph nodes and other tissue where FLuc activity was weak or undetectable. Collectively, we show traditional FLuc imaging can underappreciate mRNA delivery, not necessarily because LNPs fail to reach or deliver mRNA to the tissue but because low-level FLuc expression may fall below its assay sensitivity. This limitation can underappreciate mRNA delivery and unintended protein expression in non-target organs. Therefore, we describe a reproducible workflow encompassing reporter design, LNP formulation and characterization, controlled reporter comparison, ex vivo organ imaging, and a cost-effective DSPE-PEG2000-micelle FFz formulation. This provides a more sensitive framework that improves detection and interpretation of low-level functional expression during preclinical mRNA-LNP screening and safety assessment."
2026-09-17,38,10.64898/2026.09.04.749112,1,bioinformatics,"Integrating Genomic Annotations and Traits Dependencies for single-nucleotide polymorphisms Prioritization with Causal Concept Bottleneck Models","De Santis, F.; Malpetti, D.; Gualdi, F.; Mangili, F.","Predicting common traits from single-nucleotide polymorphism (SNPs) data is challenging due to polygenicity, small effect sizes, and the presence of potentially mediated or spurious cross-trait associations. We propose a modeling approach that combines genomic annotations with known cross-trait relations by leveraging Causally Reliable Concept Bottleneck Models (C2BM), a deep learning architecture that factors the joint trait distribution over a graph of interpretable concepts. This design allows trait predictions to leverage information from other observed traits in addition to genomic inputs. Furthermore, the interpretable architecture of the model enables us to investigate how specific trait-trait relationships influence SNP-level predictions. We evaluate the approach on a multi-trait GWAS dataset covering five traits and show that C2BM improves predictions when ground-truth labels for related traits are available. Moreover, by analyzing variations in how trait-trait relationships influence predictions, we postulate that such differences may reflect the presence or absence of shared genetic mechanisms or indirect effects. Accepted at the CIBB 2026 conference (https://cibb2026.teralab.ai/)"
2026-09-17,38,10.64898/2026.09.10.750749,1,"pharmacology and toxicology","Hepatotoxicity assessment of antimalarial compounds from microorganisms using a liver organ-on-a-chip system","Mad-adam, N.; Kyaw, H. A.; Poonsawaeng, I.; Ketsawatsomkron, P.; Bunbamrung, N.; Pittayakhajonwut, P.; Thawai, C.; Muta, K.","Malaria remains a critical public health threat in sub-Saharan Africa and Southeast Asia owing to the emergence of resistance to gold-standard artemisinin-based combination therapies. This epidemiological shift drives an urgent need to explore novel bioactive compounds for malaria treatment. Microorganisms produce diverse secondary metabolites with potent biological activities. To develop microbe-derived antimalarial drugs, rigorous safety evaluations are crucial, particularly regarding hepatotoxicity. Therefore, we evaluated the hepatotoxic potential of three compounds with antimalarial attributes: thiolutin (NATPP0650), cochliodinol (NATPP0437), and 4'-hydroxy-mycophenolic acid (NATPP0604). Acute hepatotoxic responses were determined by biochemical assays for cell viability and damage in HepG2 cells following 24 h exposure, comparing conventional two-dimensional cultures with an organ-on-a-chip (OOC) system featuring in vivo-like functionality and long-term culture capabilities. In both culture platforms, NATPP0650 and NATPP0437 caused significant toxicity at concentrations of 10 and 50 {micro}M, whereas NATPP0604 was relatively non-toxic. Based on the OOC data, NATPP0650 and NATPP0437 exhibited CC50 values of 3.04 and 2.21 {micro}M, respectively, whereas NATPP0604 had a CC50 value > 50 {micro}M, offering a superior safety profile with a selectivity index > 23.7. Functional assessment of HepG2 OOCs showed that NATPP0650 and NATPP0437 markedly suppressed albumin production at 10 and 50 {micro}M, whereas NATPP0604 showed minimal inhibition. However, long-term (7 days) toxicity testing on the OOC model revealed a critical finding: NATPP0604 exerted delayed hepatotoxic effects that were undetectable in the 24-h study, as evidenced by partial reductions in cell viability at 10 and 50 {micro}M and decreased albumin production across all tested concentrations. These findings demonstrate the therapeutic safety potential of NATPP0604 for further development as an antimalarial drug and underscore the importance of the long-term OOC data in establishing accurate safety margins for future clinical trials."
2026-09-17,38,10.64898/2026.09.15.751908,1,"synthetic biology","Programmable DNA Assemblies Reconstitute Supramolecular Protein Function","Gandavadi, D.; Dwivedy, A.; Manoharaan, R.; Im, S.; Umrao, S.; Hoang, C.; Hammoud, K.; Nguyen, L.; Zhao, Y.; Bhargava, R.; Wang, X.","Biological processes are often regulated through reactions involving supramolecular protein complexes organized with nanoscale precision, such as the apoptosome that activates procaspase-9 through defined stoichiometry to induce apoptosis. Here we report designer CASCAD (CARD Assembly on SCAffold DNA), a self-assembled DNA nanoplatform that spatially organizes caspase recruitment domains (CARDs), exhibiting catalytic intracellular caspase-9 activation. By functioning like a natural apoptosome, CASCAD enhances caspase-9 oligomerization and promotes valency-dependent enzymatic activation. Further, after incorporating targeting aptamers and membrane-interacting peptides for cellular uptake and cytosolic delivery, CASCAD has successfully reconstituted apoptosome function and downstream apoptotic signaling in in-vitro 2D and 3D cultures. Our molecular design paradigm establishes CASCAD as versatile and programmable DNA nanomaterial for reconstructing signaling pathways driven by diverse supramolecular complexes, including inflammasomes and myddosomes, providing a general chemical framework for engineering cellular signaling and directing cellular function and fate."
2026-09-17,38,10.64898/2026.09.14.751444,1,"systems biology","A Latent Inflammatory Tissue-State Variable Mechanistically Links Radiotherapy-Induced Immune Remodeling to Recurrent Tumor Permissiveness","Mayeaux, M. A.; Zhou, X. M.; Rafat, M.","Triple-negative breast cancer recurrence following radiotherapy is associated with a microenvironment characterized by immune dysfunction and persistent inflammation. We developed an experimentally constrained agent-based model to investigate how transient immune remodeling becomes a persistent recurrence-permissive tissue state. The model reproduced experimentally observed macrophage recruitment and phenotype dynamics but demonstrated that recurrent recruitment, impaired inflammatory resolution, and adaptive immune bias were insufficient to reproduce the recurrent macrophage ecology. We therefore introduced recurrence-associated microenvironmental inflammation (RAMI), a latent tissue-state variable representing accumulated unresolved inflammatory remodeling. Coupling RAMI to the emergence of experimentally constrained interleukin-6 signaling generated tissue-to-cell feedback that reinforced recurrence-associated macrophage phenotypes and increased tumor establishment, supporting inflammatory tissue memory as a mechanistic intermediary between transient immune perturbation and persistent recurrent tumor permissiveness."
2026-09-17,38,10.64898/2026.09.15.751589,1,"molecular biology","DVT-primed neutrophils reshape the brain microenvironment to promote brain metastasis","Endo, S.; Rujchanarong, D.; Keeran, K.; Jeffries, K.; Zhang, W.; Bannister, M.; Saeki, K.; Wei, D.; Tran, A.; Ellison, K.; Lee Fong, A.; Lim, L.; Kruhlak, M.; Lake, R.; Combs, C. A.; Steeg, P.; Kelly, M.; Lipkowitz, S.; Kanthi, Y.; Fujii, T.","Brain metastasis (BrM) is a devastating complication of triple-negative breast cancer (TNBC), yet how host macroenvironmental conditions influence brain metastatic susceptibility remains poorly understood. Here, we investigated the impact of deep vein thrombosis (DVT), a common complication in patients with cancer, on TNBC brain metastasis. Analysis of a large clinical cohort identified DVT as an independent risk factor for BrM in patients with metastatic breast cancer. Using two syngeneic TNBC models, we demonstrated that DVT selectively enhanced brain metastasis without significantly affecting primary tumor growth or lung metastasis. Mechanistically, DVT increased neutrophil accumulation in the brain metastatic microenvironment, and neutrophil depletion completely abrogated the metastasis-promoting effect of DVT. Single-cell RNA sequencing of CD45+ cells in peripheral blood revealed that DVT reprogrammed circulating neutrophils toward migratory and inflammatory transcriptomic profiles characterized by neutrophil extracellular trap (NET) formation. DVT increased CXCR2 expression on circulating neutrophils and enhanced neutrophil recruitment in brain. Moreover, DVT significantly increased circulating NETs. Collectively, our findings identify DVT as a systemic driver of TNBC brain metastasis and reveal that DVT primes circulating neutrophils toward enhanced vascular recruitment and NET formation, providing a mechanistic link between cancer-associated thrombosis and brain metastatic susceptibility."
2026-09-17,38,10.64898/2026.09.15.751905,1,"molecular biology","Parallel Arg/N-degron recognition systems regulate coenzyme A biosynthesis","Wang, X.; Wang, B.; Zhang, L.; Yan, S.; Zhao, N.; Zhao, Y.; Shi, F.; Yin, S.; Chen, D.; Yu, Y.; Dong, C.; Mi, W.","Coenzyme A (CoA) is an essential metabolic cofactor whose biosynthesis is controlled by pantothenate kinases (PANKs), the rate-limiting enzymes in CoA synthesis. Although CoA production is extensively regulated, whether PANK abundance is controlled by selective protein degradation remains unknown. Here, we identify PANK1{beta} and PANK3 as substrates of the Arg/N-degron pathway. Two mechanistically distinct E3 ligase systems, UBR4-KCMF1 and MKLN1-CTLH, independently converge on a common N-terminal MK Arg/N-degron to promote PANK degradation and restrict CoA biosynthesis. UBR4-KCMF1 recognizes the MK Arg/N-degron through KCMF1 ZZ domain, whereas CTLH complex employs the B30.2-domain proteins RanBP9 and RanBP10 as previously unrecognized Arg/N-degron recognins. Structural, biochemical, and cellular analyses demonstrate that RanBP9 and RanBP10 recognize both Met-X and canonical Arg/N-degrons through their B30.2 domains, using a mechanism distinct from canonical UBR proteins. Together, these findings establish a new branch of the mammalian Arg/N-degron pathway and reveal ubiquitin-dependent control of PANK abundance in CoA homeostasis."
2026-09-17,38,10.64898/2026.09.14.751451,1,"cell biology","A Thermodynamic Framework Linking Black Box Growth models with Genome Scale Metabolite models","PUJIANG, J.; Wang, D.; Shi, H.","Genome scale metabolic models provide detailed mechanistic descriptions of cellular metabolism, whereas black box growth models capture physiological behaviors using a small number of effective parameters. However, the quantitative relationship between these two modeling scales remains unclear. In this study, we develop a thermodynamic framework that connects black box growth models with thermodynamically constrained genome scale metabolic models. By linking black box model parameters with Gibbs energy dissipation rates derived from genome scale metabolic models, we demonstrate that coarse grained physiological descriptions can be obtained from detailed metabolic networks while preserving their thermodynamic foundation. We validate this framework in both Escherichia coli and yeast, showing that the resulting black box models reproduce key physiological behaviors, including growth dynamics, biomass yield, and overflow metabolism observed experimentally. Our results indicate that black box growth models and genome scale metabolic models are connected through shared thermodynamic constraints, revealing a consistent thermodynamic basis across different levels of metabolic description. This framework provides a general approach for integrating detailed metabolic networks with simple black box growth models and enables efficient multiscale modeling of cellular metabolism."
2026-09-17,38,10.64898/2026.09.14.751452,1,genetics,"GeneSIS: enhancing transferability of polygenic scores with variant-level gene-by-sex interaction effects","Tanigawa, Y.; Kellis, M.","Advancing precision medicine requires accurate prediction of disease liability across populations and contexts. A major challenge is the limited transferability of polygenic scores (PGS) across genetic ancestry groups. We present GeneSIS (GENE and Sex Interaction Score), a supervised statistical learning framework for jointly modeling additive and context-dependent genetic effects at single-variant resolution directly from individual-level data. We analyze 406,659 individuals, including admixed individuals, in the UK Biobank and 1.3 million variants to develop predictive models for 99 complex traits. We report that ~8% of selected variables capture gene-by-sex (GxS) effects, validated by sex-stratified analyses. Modeling GxS effects improves prediction across 32 traits in non-European individuals. For predicting hip circumference in Africans, GeneSIS achieves a 3.7-fold improvement (p=8.0x10-7) over linear-only PGS and highlights biologically plausible hypotheses, such as pleiotropic GxS effects of GCKR (rs1260326) on anthropometry and menopause, as well as GxS pathway enrichments for interleukin-4 regulation. Overall, our results highlight the benefits of integrating context-dependent effects in human genetics studies."
2026-09-17,38,10.64898/2026.09.15.751849,1,biochemistry,"Folic acid polyglutamylation triggers MAP2K5 signaling to induce adipocyte lipid catabolism","Kim, W. S.; Danner, R.; Cho, J.; Williams, J.; Lopez, L.; Bao, Y.; Hansen, J. K.; Poad, E. M.; Khan, H.; Kim, D.; Parks, B. W.; Van Vraken, J. G.; Harris, D. A.; Galmozzi, A.; Patti, M. E.; Chaudhari, S. N.","Adipocyte signaling adaptively responds to macronutrients, but how essential micronutrients impact lipid homeostasis remains poorly understood. Here, we demonstrate that folate polyglutamylation, the sequential conjugation of glutamate residues to folate, serves as a dynamic biochemical process regulating metabolic signaling. Using our folate metabolomics platform, we show that polyglutamylated folic acid accumulates in healthy adipose tissue, but is depleted in obesity across mice and humans, independent of circulating folate levels. Genetic ablation of the polyglutamylation enzyme folylpolyglutamate synthase (Fpgs) in adipocytes suppresses lipid catabolism to induce cell-autonomous lipid accumulation, operating independently of canonical adipogenesis or downstream one-carbon flux. Target-engagement proteomics identifies monoglutamylated folic acid as a Map2k5-interacting molecule that inhibits Map2k5 activity, whereas Fpgs-mediated folic acid polyglutamylation acts as a chemical switch that disrupts this interaction to promote lipolysis. In vivo, whole-body inhibition of Map2k5 or adipose-targeted genetic depletion of Fpgs increases body fat mass in the absence of dietary obesogenic triggers. Furthermore, single-cell and single-nuclear transcriptomic analyses establish the Fpgs-Map2k5 pathway as a core transcriptional signature of mouse and human adipose tissues. These findings uncover a non-canonical signaling role for folate that regulates adipocyte lipid homeostasis."
2026-09-17,38,10.64898/2026.09.15.751868,1,bioengineering,"Engineered living materials suppress uropathogenic E. coli growth and invasion of urothelial cells through sustained probiotic release","Sivaperuman Kalairaj, M.; Vanitshavit, V.; George, I.; Arthur, L.; Abdelrahman, M. K.; Ansley, M. C.; Goebel, S. N.; Stamatis, K.; Walling, M. A.; Murphy, I. K.; Wylie, H. E.; Hoyt, K.; Zimmern, P. E.; Subashchandrabose, S.; Ware, T. H.","Recurrent urinary tract infection (rUTI) is a significant public health problem. The most common cause of rUTI is uropathogenic Escherichia coli (UPEC). Antimicrobial prophylactic and therapeutic regimens for rUTI disrupts the microbiome and leads to infection with antimicrobial resistant organisms. Therefore, there is an urgent need to develop microbiome-sparing alternative approaches for preventing rUTI. Asymptomatic bacteriuria (ABU) E. coli strain 83972 (ABEC) outcompetes UPEC in the urinary tract without causing UTI symptoms, but its limited persistence in the bladder restricts its efficacy. Here, we investigate a device made from an engineered living material (ELM) that releases ABEC in a sustained manner as an antibiotic-free platform against UTIs and rUTIs. Using physiologically relevant in vitro models incorporating human urothelial cells, human urine, and periodic urine exchange, we show that ABEC-releasing ELMs suppress UPEC proliferation and inhibit UPEC attachment to and invasion into urothelial cells, particularly when ABEC is maintained at equal or higher levels than UPEC. Because ELMs continuously release ABEC, they sustain competitive pressure even as planktonic bacteria are cleared during voiding, outperforming a single dose of free-floating ABEC. In a rUTI model, sustained ABEC release from ELMs reduces the proliferation and re-invasion of UPEC expelled from infected urothelial cells, while UPEC infiltration into fractured ELMs remains negligible. Finally, we design a first-generation ELM device that can be transurethrally delivered and retained within the mouse urinary bladder, achieving sustained ABEC release in vivo, with ABEC persisting in the bladder, kidneys, and urine for at least 4 days. In summary, we report the development of an ELM device that continuously releases ABEC to suppress UPEC proliferation and urothelial cell invasion in in vitro models of rUTI, and demonstrate sustained ABEC release in vivo in a mouse bladder."
2026-09-17,38,10.64898/2026.09.15.751891,1,bioengineering,"Spatially distributed growth factor environments for evaluating hydrogel-based CD34+ cell culture conditions","Murphy, A. R.; Franco, R. A.; Johnson, P.; Cooper-White, J. J.; Allenby, M. C.","Suspension culture is the gold standard for ex vivo hematopoietic stem cell (HSC) expansion; however, high media requirement results in expensive cell therapy products. Hydrogel-based HSC culture represents a more realistic in vitro representation of human in vivo HSC microenvironments and may support a more efficient use of media during ex vivo HSC expansion. However, media conditions used for hydrogel-supported cell culture often simply mimic that which are currently used in suspension culture approaches, potentially resulting in an oversupply of cell growth proteins. In this work, we present a microfluidic culture system capable of supporting hydrogel-based cell culture and generating spatial distributions of independent growth factor combinations. Using this device, we image, in real-time, the behaviour of human umbilical cord blood-derived CD34+ cells, within fibrin-based hydrogels, in response to spatial gradients of the human recombinant growth factors stem cell factor, thrombopoietin, angiopoietin-2 and insulin-like growth factor-II. Using live microscopy and image-based single-cell segmentation and quantification, local changes in cell density over time in relation to spatial concentration of factors were identified. This novel microfluidic device has the potential to screen combinations of growth factors required for hydrogel-supported CD34+ cell expansion and inform culture media formulations of future hydrogel-based cell manufacturing processes."
2026-09-17,38,10.64898/2026.09.15.751935,1,microbiology,"Drought and rewetting drive divergent microbial dynamics across soil compartments and reveal Trinickia as a key genus for soybean drought resilience","Ghaly, T. M.; McPherson, V. J.; Rajabal, V.; Colombi, E.; Tetu, S. G.","Drought conditions are projected to intensify under climate change, and engineering more resilient plant microbiomes is a promising route to supporting crop productivity. However, effectively harnessing these microbiomes depends on identifying keystone taxa and functional traits that promote plant drought tolerance. Here, we combine deep shotgun metagenomics with absolute-abundance calibration to track genome-resolved microbial dynamics across a prolonged soybean drought and rewetting cycle. Leveraging 728 high-purity metagenome-assembled genomes that capture ~83% of prokaryotic reads on average, we show that drought drives significantly greater change in community structure in the rhizosphere than in bulk soil. This was accompanied by declining taxonomic, yet rising functional diversity. While rhizosphere communities rapidly recovered within 24 hours of rewetting, bulk soil communities instead underwent a progressive post-rewetting disturbance, consistent with a Birch-effect-driven successional shift. Rhizosphere drought enrichment was dominated by a single, taxonomically underexplored genus, Trinickia, whose genomes encode a coordinated suite of osmotic-stress-tolerance, bio-fertilisation, and phytohormone/polyamine biosynthesis traits consistent with plant growth promotion. Supporting this genomic inference, Trinickia abundance strongly correlated with increased root biomass during active drought, independent of plant developmental stage. Together, these findings identify the rhizosphere as a dynamically responsive compartment during drought and rewetting, and highlight Trinickia species as genomically and phenotypically supported candidates for microbiome-based strategies to improve soybean drought resilience."
2026-09-17,38,10.64898/2026.09.14.751414,1,microbiology,"Genome-resolved metagenomics reveals metabolically versatile Actinobacteria with extensive biosynthetic capacity in Hawaiian steam vents","Nagar, S.; Zhang, C.; Saw, J. H.","Geothermally active lava caves and hydrothermal steam vents are chemically heterogeneous subsurface environments that harbor diverse microbial communities, yet the ecological and metabolic roles of Actinobacteria in these systems remain poorly characterized. Here, we reconstructed and analyzed 58 actinobacterial metagenome-assembled genomes (MAGs) representing five classes. Comparative genomic analyses revealed broad metabolic versatility, including pathways for amino acid biosynthesis and utilization, central carbon metabolism, fatty acid degradation, and potential chemolithotrophic processes involving carbon monoxide and sulfur compounds. The MAGs also encoded diverse carbohydrate-active enzymes and peptidases suggesting substantial capacity for complex organic carbon and protein utilization. Genome mining identified 219 biosynthetic gene clusters spanning terpenes, ribosomally synthesized and post-translationally modified peptides, nonribosomal peptide synthetases, polyketide synthases, and {beta}-lactones, highlighting extensive secondary-metabolite biosynthetic potential. Antibiotic resistance-associated genes were also detected in several MAGs, with glycopeptide-resistance-associated van genes particularly prevalent among Thermoleophilia. Sequence similarity network analysis revealed that several van-associated proteins from Thermoleophilia and UBA4738 shared substantial sequence similarity with homologs from other environmental Actinobacteria, suggesting broad conservation of these protein families. Collectively, these findings reveal metabolically and functionally diverse Actinobacteria with the genomic potential to participate in carbon and nutrient cycling, microbial interactions, secondary metabolism, and antibiotic resistance in geothermally active ecosystems."
2026-09-17,38,10.64898/2026.09.15.751888,1,microbiology,"Chemical stressors differentially induce prophage replication in Acinetobacter baumannii strains","Trinh, J.; Carlson, H. K.; Mutalik, V. K.; Mageeney, C. M.","Prophages are prevalent genomic elements that profoundly shape microbial communities by controlling host bacterial populations through lysis or enabling genetic recombination via transduction. Standard induction protocols rely heavily on DNA-damaging agents like mitomycin C, failing to capture the complex chemical landscapes bacteria encounter in natural and clinical settings where diverse environmental insults trigger excision. Furthermore, the regulatory variations governing polylysogenic hosts containing multiple co-habiting prophages under identical stressors remain largely uncharacterized. In this study, we surveyed a panel of five clinical Acinetobacter baumannii strains containing zero to four resident prophages against a library of 57 diverse chemical stressors. We demonstrate that chemical treatments, including distinct classes of antibiotics, drive differential prophage induction patterns across different host backgrounds. This could lead to a greater understanding of the importance of prophages in antibiotic treatment regimes."
2026-09-17,38,10.64898/2026.09.14.751412,1,microbiology,"A two-step model of FtsZ-ring disassembly in Bacillus subtilis","Lastra, L. C.; Adebiyi, K. O.; yu, y.; Jacobson, S.; Kearns, D. B.","Bacillus subtilis grows and divides by binary fission, directed by medial localization of cell division protein FtsZ. Disruption of either the Min system or EzrA results in aberrant FtsZ positioning. Here we compare FtsZ dynamics in cells disrupted for either MinD or EzrA when grown in microfluidic channels. Here we show that cells lacking MinD or EzrA appear to be similarly defective in Z-ring disassembly after septation, but play different roles as simultaneous disruption results in a synergistic defect in division. Moreover, we account for a low frequency of minicell formation in the absence of EzrA, as MinD but not EzrA is necessary for removal of ZapA from polar Z-rings. Finally, overexpression of MinCD results inhibits division through pervasive Z-ring disassembly but appears to concentrate ZapA through localized sequestration. Combined, our results indicate a closer relationship between MinCD and ZapA than previously recognized and show that Z-ring disassembly can be genetically separated into discrete steps. We propose a two-step model for Z-ring disassembly that mirrors the assembly process, such that after and/or during septation, the Z-ring separately decondenses and protofilaments are disassembled to monomers for recycling."
2026-09-17,38,10.64898/2026.09.16.751628,1,microbiology,"Xanthomonas pateli sp. nov. and X. hingoranii sp. nov. reveal a community of non-pathogenic Xanthomonas species complex in citrus","Sharma, A.; Patil, P. B.","The genus Xanthomonas comprises a phylogenetically and ecologically diverse group of bacteria, historically characterized by economically important plant-pathogenic members affecting a wide range of agricultural crops. However, an increasing number of non-pathogenic and endophytic lineages have been recognized within the genus, expanding understanding of its taxonomic and ecological breadth. While it has been known for the last 30 years that non-pathogenic Xanthomonas (NPX) are present in diverse plants, studies from our lab over the last decade on the rice microbiome have revealed the presence of multiple, diverse NPX species as a community associated with a particular plant host. In this study, we identify two novel citrus plant-associated NPX species and provide evidence for the existence of an NPX community composed of multiple, diverse species, as in rice. Biochemical analysis, along with phylogenomic and genome-based taxonomic investigations, revealed that these strains represent two novel species within the genus Xanthomonas, providing evidence for a citrus-associated NPX community composed of multiple, diverse species, analogous to that described in rice. The lack of a canonical type III secretion system, along with multiple antimicrobial biosynthetic loci, as in the rice NPX community, points to their importance in plant microbiomes. Hence, such systematic studies of the NPX community need to be extended to all other plants. Accordingly, we propose that strain LMG 8992 (DSM =122509T) be classified as a novel species, Xanthomonas pateli sp. nov., and strain LMG 8993 (DSM = 122444T) be classified as a novel species, Xanthomonas hingoranii sp. nov."
2026-09-17,38,10.64898/2026.09.17.752268,1,microbiology,"The transcription factor Ste12(1) from Nakaseomyces glabratus acts pheromone-responsive in S. cerevisiae but seems decoupled from its cognate upstream GPCR in its native host.","Lu, M.; de Vroet, T.; Billerbeck, S.","G-protein-coupled receptor (GPCR)-mediated signalling pathways govern critical cellular responses in fungi, including mating, biofilm formation, and virulence. The mating pathway of Saccharomyces cerevisiae, in which peptide-sensing GPCRs (peptide GPCRs) activate a MAP kinase cascade and the transcription factor Ste12, has thereby served as the canonical model for fungal peptide GPCR signalling. Homologues of this pathway are conserved across many fungi, including the high-priority pathogen Nakaseomyces glabratus. Yet the function of this pathway in this mating-incompetent pathogen remains unclear. Here, we investigated whether the central transcription factor Ste12 of N. glabratus (NgSte12(1)) can act as a peptide GPCR-coupled transcription factor using a component-swapping strategy in which pathway elements from N. glabratus and S. cerevisiae were reciprocally exchanged and assessed using fluorescent and growth arrest readouts. We show that NgSte12(1) is in principle capable of supporting peptide-GPCR-dependent activation in S. cerevisiae, however, subtle and dependent on promoter identity. Ste12 chimaeras further demonstrate that all three NgSte12(1) subdomains are individually functional and compatible with their S. cerevisiae counterparts. Heterologous expression of ScSte12 in N. glabratus shows constitutive pathway activation, while NgSte12(1) does not show pathway activation in N. glabratus. Peptide-GPCR expression experiments indicate a block in N. glabratus signalling upstream of Ste12 (1): the S. cerevisiae peptide-GPCR Ste2 (ScSte2) activated the N. glabratus Ste12 GPCR-dependent downstream signalling constitutively, while NgSte2 failed to activate signalling in its native environment. Together, these results indicate that NgSte12(1) is a competent pheromone-responsive transcription factor that can couple to a heterologous GPCR in a heterologous context but is unresponsive to its own cognate upstream peptide/GPCR pair, either because it binds a yet unknown ligand or the signalling is rewired in this pathogen."
2026-09-17,38,10.64898/2026.09.16.751194,1,bioinformatics,"Integrating structural and biological evidence to rerank ESMFold2 protein-protein interactions","Xie, J.; Li, M.; Chai, Y.; Ou, G.; Li, W.; Guo, Z.","Large-scale protein structure prediction enables proteome-wide protein-protein interaction (PPI) screening, but distinguishing biologically meaningful interactions from spurious interfaces remains challenging. Here, we develop a scalable framework combining fast, MSA-free ESMFold2 prediction with PAE-guided domain parsing and evidence-based reranking. Three-recycle ESMFold2-Fast achieved 57% acceptable-or-better DockQ scores on FoldBench, comparable to AlphaFold2-Multimer while substantially reducing computation. PAE-guided parsing preserved 98.1% of XL-MS cross-links within parsed domain pairs. We then developed the Structure Prediction and Omics informed Classifier (SPOC)-ESMFold2, which integrates structural features with independent biological evidence to prioritize predicted interactions. SPOC-ESMFold2 achieved an AUROC of 0.93 and AUPR of 0.90, compared with 0.87 and 0.79 for a structural-only classifier. Under a 1:128 positive-to-negative ratio, SPOC-ESMFold2 achieved 17.2% recall at 5% false-discovery rate, substantially outperforming structural confidence metrics alone. This framework enables scalable PPI screening by integrating structural plausibility with orthogonal biological evidence to prioritize candidates for experimental investigation."
2026-09-17,38,10.64898/2026.09.16.752074,1,bioinformatics,"MMAD-Risk: Multivariate Mixed Survival Analysis for the Prediction of Age-Dependent Disease Risks from Plasma Proteomes","Hilger, A. M.; Soeding, J.","Motivation: Multivariate survival analysis with hundreds of correlated outcomes is computationally challenging. Established approaches either ignore correlations between response variables, rely on black-box deep learning or are limited to small-scale outcomes. Results: We introduce MMAD-Risk, a novel multivariate mixed accelerated failure time (AFT) model that enables scalable analysis of high-dimensional survival analysis data. We train MMAD-Risk using amortized variational inference where we design the variational distribution such that it factorizes across diseases, allowing us to decompose multivariate disease risk prediction into a series of tractable, one-dimensional problems. This allows us to calculate the ELBO analytically, enabling fast computation. The model employs a low-rank decomposition of the effect size matrix B = VW to capture shared disease mechanisms and latent random effects Vz to model comorbidity. MMAD-Risk is trained on the UK Biobank Pharma Proteomics cohort (N {approx} 55000, P {approx} 3000 proteins, D = 271 diseases). Using the full 3,000-protein dataset, MMAD-Risk achieved a mean concordance index (c-index) of 0.744 for diagnoses occurring [&gt;=] 10 years after blood sample collection, outperforming a Cox proportional hazards model (mean c-index = 0.709). Greedy backward selection identified a 10-protein panel that preserved > 99% of the full-model performance. On this reduced panel MMAD-Risk still outperformed Cox regression (0.738 vs. 0.679)."
2026-09-17,38,10.1101/2025.09.17.676530,3,bioinformatics,"Constructing Gene Regulatory Network using Chatterjee's Rank Correlation with Single-cell Transcriptomic Data","Gupta, S.; Chaudhuri, A.; Raghuraman, V.; Ni, Y.; Cai, J. J.","Discovering gene regulatory networks (GRNs) from single-cell RNA sequencing (scRNA-seq) data is critical for understanding cellular function. Still, existing methods are limited by strong theoretical assumptions or high computational complexity. We introduce a multiple testing framework for GRN construction using Chatterjee's rank correlation coefficient, a nonparametric measure of dependence. Our approach overcomes the limitations of traditional methods while offering a transparent, scalable, and computationally efficient alternative to recent black-box machine learning models. Crucially, to address the non-independence of cellular observations inherent to scRNA-seq, we develop a data-driven algorithm for estimating robust testing cutoffs. Furthermore, we exploit the asymmetric nature of Chatterjee's correlation to propose a new test for active regulation, enabling the construction of biologically meaningful and directionally informed GRNs. We demonstrate that our method matches or outperforms state-of-the-art approaches in recovering true gene-gene dependencies and directed regulatory interactions from both simulated and real datasets, particularly for complex, non-linear dependencies, providing a powerful tool for dissecting complex GRNs."
2026-09-17,38,10.64898/2026.09.13.751252,1,biophysics,"Nanoscale insights into chromatin integrity molecular rearrangements upon DNA damage response","Seweryn, S.; Juzba, K.; Czaja, M.; Skirlinska-Nosek, K.; Urbanska, M.; Nowakowska, A.; Kwiatek, W.; Sarna, M.; Szymonski, M.; Wood, B.; Lipiec, E.","DNA Double Strand Breaks (DSBs) threaten genomic stability, leading to cell death, chromosomal rearrangements, and cancer-driving mutations. Therefore, the effective repair mechanisms are essential for maintaining genomic stability and ensuring cellular survival across diverse organisms. At the core of this process lies chromatin integrity, which facilitates the local DNA conformational changes, regulating accessibility to repair proteins and other biomolecules. To deepen our understanding of the DNA damage response pathway, the local molecular mechanisms regulating the interplay between DNA damage formation and alterations in chromatin conformation must be investigated at the nanoscale level. Here, we integrated atomic force microscope-infrared spectroscopy (AFM-IR) and confocal fluorescence microscopy to explore local chemical modifications in DNA structure and chromatin integrity in metaphase chromosomes and chromosomal aberrations isolated from cells treated with the chemotherapeutic agent, bleomycin. Our findings reveal changes in secondary protein structures, indicating the engagement of DNA repair proteins with high {beta}-sheet content. Nanospectroscopic mapping resolved the alterations in DNA condensation along the chromosomes. Moreover, we observed global DNA demethylation, particularly the conversion of 5-methylcytosine (5mC) to 5-hydroxymethylcytosine (5hmC), correlating with increased DSBs. We conclude that these transitions in protein conformation and DNA methylation correlate with chromatin relaxation and enhanced accessibility for the repair protein."
2026-09-17,38,10.64898/2026.09.16.752119,1,biophysics,"Cryo-EM Structures of Infectious Low-Twist α-Synuclein Filaments in Lewy Bodies","Yan, N. L.; Mayer, M.; Melo, A. A.; Ayers, J. I.; Mordes, D. A.; Seeley, W. W.; Prusiner, S. B.; Tse, E.; Chittoor-Vinod, V. G.; Merz, G. E.","-Synuclein (aSyn) aggregation within Lewy bodies underlies Parkinson's disease and associated dementias. These aggregates are often comprised of amyloid filaments, most of which appear untwisted or have extremely low twist, complicating high-resolution structural determination by cryogenic electron microscopy (cryo-EM). Here, we isolated filaments from the brain tissue of a patient with dementia with Lewy bodies and show infectivity in a cell line system that propagates Lewy aSyn. Then, we determined 2.3-2.9 [A] cryo-EM structures of low-twist aSyn filaments from this tissue and from a publicly available Parkinson's disease dementia dataset. In both structures, the protofilament adopts a fold highly similar to the canonical Lewy fold with conserved cofactor and peptidic densities. Compared to previously resolved high-twist filaments, the low-twist filament is left-handed and flattened along the filament axis, resulting in register shifts of interlayer contacts, while preserving the overall architecture. Our results establish that low-twist filaments, which include over 75% of disease-associated Lewy aSyn amyloids, share a common structural core with high-twist forms and are the predominant aSyn species in samples that engage in templated infection."
2026-09-17,38,10.64898/2026.09.15.751885,1,microbiology,"Genome-wide overexpression screen of Pseudomonas putida phage Emajogi","Diaz, B.; Won, S.; Padala, M.; Mageeney, C. M.","Bacteriophage genomes contain large fractions of uncharacterized genes, motivating high-throughput functional screens to illuminate their roles in host interaction and cytotoxicity. Here, we performed a genome wide overexpression assay for a Pseudomonas putida KT2440 infecting phage, Emajogi, and identified eight cytotoxic genes that reduce host growth under both basal and induced expression. We show that these proteins are conserved across phages that infect a diverse set of hosts. The most cytotoxic gene identified was a hypothetical protein (gp18) with no predicted functional domains. Transcriptomic profiling revealed that overexpression of gp18 caused a pronounced metabolic remodeling of the cell, likely shifting cell resources to phage production. Overall, this genome wide screen provides information about phage genes that were previously unannotated that can support biotechnology and novel antimicrobial development."
2026-09-17,38,10.64898/2026.04.27.721124,4,"cell biology","Predictive control of human pancreatic cell fate using a digital model of in vitro differentiation","Sanchez-Castro, E. E.; Ishahak, M.; Le, T.; Maestas, M. M.; Hernandez-Rincon, D. C.; Mukherjee, N.; Bradley, K.; Lu, J.; Gale, S. E.; Millman, J. R.","The controlled generation of mature stem cell-derived islets (SC-islets) remains a barrier to scalable cell therapy for diabetes. Here, we develop a predictive digital model defining the cell-state-specific regulatory logic governing fate specification during human SC-islet differentiation. We integrate 400,603 cells from 9 original single-cell multiomic datasets and 52 public single-cell RNA-seq and ATAC-seq datasets across 4 cell lines and 7 differentiation protocols. This model resolves transcriptional and chromatin accessibility dynamics while enabling time-resolved inference and in silico perturbation of cell-state-specific gene regulatory networks. We identify regulators across trajectories from endoderm progenitors to pancreatic exocrine and endocrine lineages, nominating new candidate regulators. Among these candidates, we validate previously unreported roles for STAT1 as an exocrine driver and ZEB1 as a dynamic regulator of early endocrine specification and later off-target serotonergic islet cell fate. This work provides an experimentally supported predictive framework and an interactive resource comprising 1,116 simulations to prioritize transcription factors and intervention windows for refining SC-islet differentiation."
2026-09-17,38,10.1101/2025.06.16.659944,3,"cell biology","Single cell transcriptomics in a treatment-segregated cohort exposes a STAT3-regulated therapeutic gap in idiopathic pulmonary fibrosis","McKenna, N.; Ochsner, S. A.; Cohen, A. W.; Cala-Garcia, J.; Echartea, M. E.; Grimm, S. L.; Poli, F.; Castillo, R. C.; Zuluaga, J. D.; Poli, S.; Adams, T. S.; Pineda, R.; Moss, B.; Ryter, S.; Pillich, R. T.; Villalba, J.; Kato, K.; Hecker, L.; Celada, L. J.; Sauler, M.; Koenigshoff, M.; Kaminski, N.; Raby, B.; Agarwal, S. K.; Tsoyi, K.; Coarfa, C.; Rosas, I.","Idiopathic pulmonary fibrosis (IPF) is a progressive fibrotic pulmonary disease of unknown etiology. Since approved IPF drugs only slow disease progression, novel therapeutics are required that improve clinical outcomes. Here we report a single cell lung RNA-Seq and gene regulatory network analysis of the largest IPF cohort assembled to date. Segregating this cohort based on status of treatment with approved first-generation IPF antifibrotics (untreated, nintedanib- and pirfenidone-treated), we describe for the first time the transcriptional landscape of untreated IPF across 40 lung cell types, and the elements of this program that are impacted by these antifibrotics. On average, nearly 60% of the untreated IPF-dysregulated transcriptome is refractory to treatment with these drugs, a transcriptional deficit we refer to as the IPF therapeutic gap. Gene regulatory network analysis indicated a dominant functional footprint for the transcription factor STAT3 in both untreated IPF and the IPF therapeutic gap. Validating our analysis in a translational precision cut lung slice platform that recapitulates IPF explants, pharmacological inhibition of STAT3 reduced the IPF therapeutic gap in numerous lung cell types. Finally, we resolved a STAT3-anchored master regulatory network comprising numerous profibrotic transcription factors in IPF alveolar fibroblasts, a critical fibrotic lineage. Our study represents a comprehensive resource for translational lung fibrosis research and introduces a strategy for drug discovery that is adaptable to human disease more broadly."
2026-09-17,38,10.1101/2025.08.14.670414,3,biochemistry,"Cul5Wsb2 uses BCL2 proteins as co-receptors to target Bim for degradation.","Vaysse-Zinkhofer, W.; Alcindor, E.; Garaffo, N.; Toczyski, D. P.","Anti-apoptotic BCL2 family proteins (e.g. BCL-XL) protect cells by binding and inhibiting pro-apoptotic proteins (e.g. BIM). Although CUL5WSB2 was linked to apoptosis regulation, its substrate and mechanism were unknown. We find that BCL2 proteins recruit BIM to CUL5WSB2 for degradation. WSB2 recognizes BCL-XL through a motif conserved between BCL-XL, BCL-W and BCL2, but not MCL1. Disruption of this interaction through mutation of either BCL-XL or WSB2 blocks the binding of WSB2 to the BCL-XL/BIM dimer. WSB2 also associates with the MCL1/BIM dimer through a separate WSB2 interface, suggesting that WSB2 has evolved independent two means to target BIM. While WSB2 is not essential in most cells, it is essential in cells derived from tumors of the nervous system, and knockdown of WSB2 in these lines causes death and apoptosis. This work uncovers a novel mechanism of apoptosis regulation, with implications for developing therapies against neuroblastomas and other cancers reliant on this pathway for survival."
2026-09-17,38,10.64898/2026.08.10.743941,2,bioinformatics,"Noncoding regulatory mutations contribute to the aberrant gene expression profile of neuroblastomas.","Jones, B.; Seth, G.; Robertson, A. N.; Sen, A.","Comprehensive analyses of whole-genome and exome sequencing data from high-risk neuroblastoma tumors have identified relatively few recurrent and clinically actionable protein-coding driver mutations at initial diagnosis. This suggests that noncoding genetic variations that alter regulatory sequences and impact gene expression are important drivers of neuroblastoma tumorigenesis. Allele-specific expression (ASE), which quantifies differences in expression between the two alleles of a gene, is a powerful approach for identifying genes with altered dosage resulting from cis-regulatory variation. In this study, we compared ASE profiles of 156 neuroblastoma patients with 220 adrenal gland tissues from the Genotype-Tissue Expression (GTEx) Project to identify 1,363 neuroblastoma-specific ASE genes. We demonstrated that these genes were enriched for biological processes relevant to neuroblastoma pathogenesis including chromatin remodeling, protein ubiquitination, and sympathetic nervous system development, and were preferentially associated with the adrenergic transcriptional program. To elucidate the genetic mechanism underlying aberrant expression of neuroblastoma-specific ASE genes we integrated our ASE data with somatic copy number alterations (SCNA) and somatic mutation profiles. We observed that although many neuroblastoma specific ASE genes were associated with chromosomal gains and losses, a substantial subset was located within copy-number-neutral genomic regions. These genes showed significant enrichment for noncoding somatic single-nucleotide variants (SNVs) within intronic and distal intergenic neuroblastoma-specific open chromatin regions. Furthermore, functional analyses revealed that many of these SNVs disrupt transcription factor binding sites for GATA3, a core component of the regulatory circuitry that maintains the adrenergic identity of neuroblastoma cells, and neuroblastoma-specific ASE genes harboring such mutations were significantly more likely to belong to the GATA3 regulon than expected by chance. Together, our findings identify novel molecular targets of noncoding regulatory mutations in neuroblastoma and highlight the important yet underappreciated contribution of noncoding genetic variation to neuroblastoma tumorigenesis."
2026-09-17,38,10.64898/2026.07.01.735965,2,bioinformatics,"DELPHAI predicts heterogeneous perturbation responses with learned single-cell fitness","Zhang, X.; Wu, H.; Liu, H.","Current perturbation response modelling in single-cell transcriptomics assumes conserved cell mass and loses gene expression information to latent-space decoding. We propose DELPHAI, training a fitness network and an optimal transport network jointly without biological priors, and during inference applying a fitness-gated transport with a direct gene-space retrieval. Demonstrated across two benchmark frameworks, DELPHAI ranks first in predicting differentially expressed genes, while revealing which cell lineages a perturbation depletes."
2026-09-17,38,10.64898/2026.01.21.700891,2,genetics,"Epigenetic characterization and manipulation of rare circadian neuron subtypes","Ojha, P.; Berglund, G.; Yu, A. D.; Richhariya, S.; Rosbash, M.","The molecular circadian clock ticks away similarly in several distinct locations throughout the Drosophila head and body, yet regulation of this clock and specifically that of master transcription factor gene Clock (Clk) and its transcription is largely unknown. ATAC-Seq assays indicate that Clk chromatin appears inaccessible in most head neurons outside the circadian brain network, indicating that circadian clock functionality is gated by access to Clk chromatin. Moreover, distinct Clk enhancers function in circadian neurons versus glia, corresponding to distinct transcripts. To address the chromatin landscape of Clk with more temporal and spatial resolution, we developed a novel, high-purity, nuclear purification method, Elution-based INTACT (El-INTACT). It enabled the first time-resolved, six-timepoint chromatin accessibility landscape of ~120 Drosophila circadian neurons/brain. It moreover allowed chromatin accessibility characterization of the 16 PDF-expressing ventrolateral circadian neurons (LNvs), which identified an additional, previously unidentified Clk enhancer. A CRISPR/Cas9 multiplexed gRNA-based strategy was used to disrupt these enhancers and indicated striking functional specificity. The findings establish a chromatin-level logic for cell type-specific circadian regulation and show that El-INTACT and the multiplexed gRNA-disruption of enhancer function are broadly applicable tools for exploring chromatin regulation in rare cell populations."
2026-09-17,38,10.64898/2026.03.09.710669,2,biochemistry,"An All-Optical Approach to Probe Chloride Transport with a Bright ChlorON","Tutol, J.; Pathiranage, V.; Phelps, S. M.; Walker, A. R. C.; Dodani, S. C.","Chloride transport across cellular membranes is fundamental to physiology. Yet, this dynamic process remains difficult to capture with existing methods that rely on electrophysiology or indirect iodide-quenching assays, leaving real-time imaging of chloride transport a largely unexplored frontier. To address this gap, we upgrade our first-generation fluorescent protein indicator ChlorON-1 into ChlorON-1-PRO through targeted mutagenesis of an evolutionarily conserved gatepost residue. A single mutation (C139N) preserves the turn-on sensing mechanism (13.9-fold response) while boosting affinity (Kd = 47.4 mM) and bound-state brightness (13.6). Molecular dynamics simulations provide atomic-level insights for these enhancements, supporting a model in which the mutation globally rigidifies the {beta}-barrel and locally prearranges the binding pocket while stabilizing the chromophore. Finally, we showcase the utility of ChlorON-1-PRO for real-time monitoring of endogenous chloride transport under basal and pharmacologically modulated conditions in the U-2 OS cell model."
2026-09-18,38,10.64898/2026.09.16.751900,1,"molecular biology","Dna2-intrinsic condensation regulates DNA end resection and reveals evolutionary redistribution of condensate grammar","Jordan, C. A.; Lehar, J.; Payliss, B. J.; Laflamme, G.; Liu, Z.; The, J.; Chan, J. N. Y.; Chkuaseli, T.; Hakem, R.; Cowen, L. E.; Wyatt, H. D. M.; Mekhail, K.","Eukaryotic cells commonly use biomolecular condensation of DNA double-strand break (DSB) repair scaffolds and signaling assemblies to organize repair reactions in space and time. Yet whether DSB end-processing enzymes themselves encode tunable phase separation that potentiates resection remains unclear. Here we show that the long-range resection enzyme Dna2 forms liquid-like condensates through an intrinsically disordered region that is necessary and sufficient for phase separation and catalytic enhancement in Saccharomyces cerevisiae. Dna2 condensates concentrate DNA substrates and enhance end processing, whereas disrupting condensate formation impairs repair kinetics, checkpoint signaling, and chromosome stability. Grafting of the heterologous intrinsically disordered region of human FUS partly rescues condensate formation and function, and Cdk1-dependent phosphorylation sites tune condensate stability and enzymatic output in cis and in trans. Machine-learning-based analysis reveals that condensation-promoting features of fungal Dna2 are shared with a restricted set of human DNA2-associated resection regulators. Together, these findings define phosphorylation-tuned, enzyme-intrinsic phase separation as an organizational principle of DSB end resection while supporting a model in which condensation-promoting features are redistributed among factors operating within conserved genome maintenance pathways."
2026-09-18,38,10.64898/2026.09.17.752289,1,"cell biology","A bacterial nucleolus for cold adaptation","Gut, M. J.; Dorner, K.; Abegg, S.; Qureshi, N. S.; Ramachandran, K.; Loynton-Ferrand, A.; Prakapaite, R.; Schmidt, A.; Williams, T. A.; Duss, O.; Hondele, M.","Compartmentalisation enables cells to spatially organise essential biochemical processes. This is exemplified by the eukaryotic nucleolus, which concentrates the machinery for ribosome biogenesis. Bacteria are generally thought to lack an equivalent compartment. Here we discover a nucleolus-like condensate in Escherichia coli that emerges at rDNA loci during cold adaptation to spatially organise and promote ribosome biogenesis. Low temperatures, which stabilise RNA secondary structures, induce accumulation of the RNA-remodelling enzyme CsdA. This raises the cellular CsdA concentration above its condensation threshold, driving condensate formation at rDNA loci when rRNA transcription is active. CsdA compartments enrich the rRNA transcription machinery and ribosome-biogenesis factors, spatially linking rRNA synthesis to downstream processing and assembly. Disrupting CsdA condensation impairs ribosome maturation and reduces bacterial adaptation to cold temperature, demonstrating functional importance of condensate formation. Comparative genomics suggests that analogous condensate-forming RNA remodelling enzymes have evolved repeatedly across diverse bacterial lineages. Our findings establish biomolecular condensates as a unifying organisational principle of ribosome biogenesis across the tree of life and suggest that adaptive compartmentalisation can emerge when environmental conditions challenge the efficiency of essential biochemical processes."
2026-09-18,38,10.64898/2026.09.17.752311,1,"cell biology","NIX-associated mitochondrial remodeling contributes to esophageal epithelial differentiation","Shanas, N.; Balde, A.; Fuller, A. D.; Jackson, J. L.; Staub, A. J.; Crespo, J. M.; Nazario-Lugo, W.; Tufano, A.; McDonald, N. M.; Klein Szanto, A.; Cai, K. Q.; Ruffner, M. A.; Muir, A.; Reichenbach, Z.; Whelan, K. A.","Mitochondria are increasingly recognized as regulators of cellular differentiation, but their role in esophageal epithelial homeostasis remains poorly understood. Here, we investigated mitochondrial remodeling during esophageal epithelial differentiation and whether mitochondrial depletion contributes to the acquisition of the differentiated phenotype. Mitochondrial abundance was assessed across normal human esophageal epithelium and in non-transformed immortalized human esophageal epithelial cells (EPC2-hTERT) using two differentiation models. Mitochondrial architecture was quantified, and the functional role of mitochondrial abundance was examined using doxycycline-inducible depletion of transcription factor A, mitochondrial (TFAM). Mitochondrial abundance progressively decreased from basal to superficial compartments of normal human esophageal epithelium and during in vitro differentiation, accompanied by fragmentation and remodeling of the mitochondrial network. TFAM depletion reduced mitochondrial abundance and increased squamous differentiation markers, indicating that mitochondrial depletion was sufficient to promote differentiation. Analysis of candidate mitochondrial clearance pathways identified Bcl2-interacting protein 3-like (BNIP3L)/NIX (NIP3-like protein X) as preferentially associated with differentiated epithelial cells and induced during differentiation. NIX was associated with mitochondria and increased as mitochondrial abundance declined. NIX depletion prevented differentiation-associated mitochondrial depletion and attenuated differentiation marker induction. In human esophageal epithelium, NIX expression increased across the basal-to-suprabasal compartment before declining superficially. BNIP3L expression was reduced in active eosinophilic esophagitis (EoE) and increased following corticosteroid-associated remission. Interleukin-13 similarly reduced BNIP3L expression and suppressed epithelial differentiation in EPC2-hTERT cells. These findings identify NIX-associated mitochondrial remodeling as an important component of esophageal epithelial differentiation and suggest that disruption of mitochondrial quality control may contribute to impaired epithelial differentiation in EoE."
2026-09-18,38,10.64898/2026.09.16.752049,1,"cell biology","Selectivity and dynamics of VAP family tether exchange across membrane contact sites","Jongsma, M. L. M.; Bos, E.; Janssen, L.; Akkermans, J. J. L.; Talavera Ormeno, C. P. M.; Kim, R.; Tjokrodirijo, R. T. N.; van Veelen, P. A.; Koning, R. I.; Neefjes, J.; Berlin, I.","To integrate diverse cellular function and coordinate homeostasis, the endoplasmic reticulum (ER) communicates with all other intracellular compartments through physical interfaces termed membrane contact sites (MCSs). Given the sheer diversity of possible MCS pairings, how the ER discriminates between simultaneously available binding partners remains unclear. To explore this, we performed comparative endogenous contact site mapping for three closely related VAP family tethers and uncovered a unique set of FFAT motif selectivity and MCS footprints for each: VAPA at mitochondria and TGN, VAPB at mitochondria and peroxisomes, and MOSPD2 at mature endosomes, lysosomes and lipid droplets. In line with their MCS selectivity profiles, co-depletion of VAPA and VAPB, but not MOSPD2, caused systemic breakdown in mitochondrial integrity, while silencing of MOSPD2 alone was sufficient to disrupt the organization and transport of (endo)lysosomes. Unexpectedly, coincident loss of VAPA and VAPB instigated ER contact site rewiring by redirecting endogenous MOSPD2 to the collapsing mitochondrial network. Our findings define hierarchies of ER contact site formation and reveal compensation mechanisms exploited by cells to safeguard organelle homeostasis and crosstalk."
2026-09-18,38,10.64898/2026.09.17.752326,1,biochemistry,"Ganglioside profiling by ion mobility and mass spectrometry imaging identifies distinct biomolecular isomers in Niemann-Pick Disease","Frederiksen, S. F.; Penanes, P. A.; Rasmussen, C. L. M.; Burkhart, A.; Heegaard, C. W.; Wustner, D.; Jensen, O. N.","Gangliosides are glycosphingolipids implicated in the neurodegenerative pathology of Niemann-Pick disease type C2 (NPC2 disease), where accumulation of GM2 and GM3 is a hallmark of disrupted lipid trafficking and disease progression. Some gangliosides are structural isomers with identical molecular composition and mass, making them difficult to distinguish by mass spectrometry imaging (MSI) alone and leaving their spatial distributions unresolved. To address this challenge, we combined ion mobility spectrometry with mass spectrometry imaging for isomer-resolved ganglioside analysis. We assessed ganglioside complexity in wild-type (Npc2+/+) and NPC2-deficient mice with or without AAV-BR1-mediated NPC2 gene therapy (Npc2-/- AAV-BR1-NPC2 and Npc2-/- vehicle) using matrix-assisted laser desorption ionization (MALDI) MSI, and imaging-parallel reaction monitoring-parallel accumulation serial fragmentation (iPRM-PASEF-MS/MS) for in situ brain tissue analysis. Trapped ion mobility spectrometry (TIMS) enabled gas-phase separation of isomeric gangliosides, while iPRM-PASEF-MS/MS facilitated structural discrimination based on diagnostic fragment ions and identification of molecular modifications. Brain sections were analyzed by MALDI-MSI at 20m spatial resolution, with selected regions examined using post-ionization imaging by MALDI-2 at 5m. 59 mobility-resolved ganglioside features representing 23 putative annotations were identified, including separation and spatial mapping of GM1a/GM1b and GD1a/GD1b isomers. Notably, unreported modifications of gangliosides were identified, including GM1 fucosylation in Npc2-/- mice and GD1 O-acetylation exclusively detected in Npc2+/+ mice. Spatial ganglioside profiling by MSI demonstrated that gene therapy of Npc2-/- mice partially restored normal ganglioside localization in brain, indicating modulation of lipid storage. This study establishes isomer-resolved lipid imaging for investigating ganglioside alterations in disease models and the effects of therapeutic intervention."
2026-09-18,38,10.64898/2026.09.16.751897,1,biochemistry,"Phosphorylation-dependent binding of the Adenomatous Polyposis Coli protein to β-TrCP1 regulates β-catenin destruction","Johnston, D. M.; Tarver, C. L.; Leib, R. D.; Koivomägi, M.; Liu, F.; Adams, C. M.; Weis, W. I.","Wnt signaling controls cellular development by regulating levels of {beta}-catenin, a dual transcription factor and adhesion protein. The tumor suppressor gene Adenomatous Polyposis coli (APC) is a negative regulator of Wnt signaling that acts by interacting with multiple proteins in the destruction complex to drive {beta}-catenin degradation. Mutations in APC cause deregulation of Wnt/{beta}-catenin signaling contributing to the development of several types of cancer, especially colorectal cancers. Tumors are not null mutant for APC - instead they accumulate truncated proteins. Many APC proteins are truncated between the second and third 20-amino acid repeats, a region known as the {beta}-catenin inhibition domain (CID), which is essential for {beta}-catenin destruction, but its mechanism of action is unclear. Here we find that cyclin dependent kinases and GSK3{beta} phosphorylate the CID region of APC in vitro. This allows the APC CID to bind to the E3 ubiquitin ligase component {beta}-TrCP1 in a phosphorylation dependent manner and this in turn regulates the rate of {beta}-catenin ubiquitylation. {beta} TrCP1 binding to the phosphorylated CID favors the retention and stabilization of the SCF {beta}-TrCP1 E3 ligase in the destruction complex and ensures that SCF {beta}-TrCP1 remains available for {beta}-catenin ubiquitylation. These findings provide a mechanism for the vital role of APCs CID region in {beta}-catenin destruction."
2026-09-18,38,10.64898/2026.09.17.752288,1,bioengineering,"Light Guiding in Scattering Media Using Focused Laser-Induced Acoustic Waves with an Open Elliptical Reflector","Liu, Y.; Shimada, K.; Kitamura, K.; Barrera, S.; Ye, M.; Ishijima, A.; Nakagawa, K.","Light scattering in biological tissue limits deep optical imaging. Acoustic waves can modulate optical properties and enhance photon delivery, but source-positioning requirements can complicate integration with other imaging modalities. Here, we present an open elliptical reflector that focuses laser-induced acoustic waves at a spatially separated target while maintaining open optical access. We characterized the spatiotemporal optical modulation induced by the localized acoustic focus. The system increased the local transmitted-light intensity by a factor of 2.57-fold through a 2-mm-thick 1% intralipid hydrogel and enhanced fluorescence signal under two-photon excitation through a 1.5-mm-thick scattering sample. These results demonstrate spatially separated, reflector-based acoustically assisted light guiding for enhanced light delivery and fluorescence excitation through scattering media."
2026-09-18,38,10.64898/2026.09.16.752065,1,bioengineering,"Acoustic Masking of Electric Stimulation at Basal and Extra-Cochlear Sites","Hinz, P.; Nogueira, W.","Cochlear implant (CI) candidates with residual low frequency hearing increasingly receive hearing preserving electrode arrays to enable electric acoustic stimulation (EAS). However, assessing very low frequency hearing in newborns and young children remains difficult. Previous work has shown that acoustic stimulation can mask electrically evoked auditory percepts when stimulation sites are spatially separated. Whether such masking also occurs when electric stimulation is delivered near the round window (RW), prior to cochlear insertion, remains unclear. This study investigated ipsilateral acoustic masking of electric stimulation delivered at apical, basal, and near RW sites in 12 EAS users with residual low frequency hearing implanted with short or partially inserted electrode arrays. Using a psychophysical paradigm, threshold elevations of electric pulse trains were measured during simultaneous acoustic stimulation. Electric stimulation was applied at extra cochlear RW locations and intra cochlear basal and apical electrodes, while stimulation parameters were systematically varied. Electric stimulation near the RW reliably evoked auditory percepts without side effects, though optimal stimulation parameters and masking strength varied across participants. Strong acoustic masking was consistently observed for apical stimulation, whereas weaker but measurable masking occurred for basal and RW stimulation. A cochlear lumped parameter model indicated that approximately 5% of current delivered at the RW can reach apical regions, explaining the observed masking by low frequency acoustic tones. Masking strength correlated with residual hearing for apical stimulation only. These findings indicate that acoustic masking of apical electric stimulation, which correlated with residual hearing, holds potential as a diagnostic tool for assessing low frequency hearing post operatively. The detection of masking during both RW and basal stimulation represents a promising result, indicating that these stimulation paradigms can produce quantifiable effects. Given the considerable variability observed among participants, further investigation is required to establish the extent to which masking measures reflect residual hearing or hearing loss. Nonetheless, these results provide novel insight into auditory perception and side effects associated with basal and extra cochlear electric stimulation, informing future efforts to optimize this approach for low-frequency hearing assessment."
2026-09-18,38,10.64898/2026.09.17.752320,1,"synthetic biology","Characterization of a fungal mixed-linkage glucan synthase","Menn, B.; Pfeffer, K.; Ramirez, V.; Pauly, M.","Mixed-linkage (1,3;1,4)-{beta}-glucan (MLG) is a cell wall polysaccharide found in fungi, bacteria, and plants, yet the enzymatic machinery and structural determinants governing fungal MLG biosynthesis remain poorly understood. In Aspergillus fumigatus, TFT1 (AfTFT1) has previously been implicated in MLG biosynthesis, but its direct biochemical activity remained unresolved. The structural characterization of A. fumigatus wall MLG revealed a distinct polymer profile. Heterologous expression of AfTFT1 in Komagataella phaffii enabled MLG production, generating an oligosaccharide profile that closely matched that of the native fungal polymer and demonstrating that AfTFT1 functions as an MLG synthase. Phylogenetic analysis placed AfTFT1 within a distinct glycosyltransferase family 2 (GT2) fungal lineage containing related candidate MLG synthases across diverse filamentous Ascomycota and separate from the major plant and bacterial synthase lineages. Structure-guided mutagenesis showed that individual substitutions within the transmembrane pore and switch motif altered the lichenase-derived oligosaccharide profile while retaining detectable MLG production, whereas replacement of the entire switch motif with the corresponding HvCSLF6 sequence resulted in no detectable MLG production. Together, these findings establish AfTFT1 as a fungal MLG synthase and identify the switch motif and adjacent transmembrane region as important determinants of MLG synthase function and product fine structure, providing insight into the structural and evolutionary diversification of MLG biosynthesis."
2026-09-18,38,10.64898/2026.09.16.750956,1,"systems biology","Cell cycle exit is required for differentiation and cell fate diversification but not neoblast specialisation in planarians","Peron, S.; Balta, O.-M.; Noronha, A.; Smillie, T.; Mason, V.; Perez-Posada, A.; Solana, J.","In planarians, adult stem cells constantly proliferate and differentiate into dozens of different cell types to maintain tissue homeostasis. However, how cell fate acquisition is coordinated with cell cycle progression remains poorly understood. To address this, we generated single-cell RNA-sequencing datasets from cells enriched for 2C or 4C DNA content and from animals subjected to RNAi against the cell cycle regulators cdh1 and h2b. We found that progenitor populations from multiple lineages contain actively cycling cells enriched in the 4C state. Cell fate acquisition to most cell types is acquired progressively during neoblast differentiation. Comparative analysis of cell cycle regulators confirmed a simplified regulatory repertoire in Schmidtea, supporting a central role for cdh1 in controlling cell cycle exit. RNAi-mediated knockdown of cdh1 caused homeostasis defects, impaired regeneration, accumulation of neoblasts and depletion of progenitors. Together, our findings demonstrate that cell cycle exit is required for terminal differentiation but not for neoblast specialisation. Instead, lineage commitment is initiated in actively cycling neoblasts, whereas terminal differentiation depends on cdh1-mediated cell cycle exit."
2026-09-18,38,10.64898/2026.09.11.751007,1,immunology,"Topical sulforaphane exacerbates disease and promotes the accumulation of inflammatory CD8+ T cells in a dermatitis model","Tukanowicz-Hassett, A.; Bapat, S. P.; Yokoyama, Y.; Kambayashi, T.","Background: Atopic dermatitis (AD) is a chronic inflammatory skin disease characterized by skin barrier dysfunction and immune activation. Antioxidants such as sulforaphane (SFN) have shown benefit in mouse models of AD and are being explored as topical therapies. Objectives: We investigated the immune mechanisms through which topical SFN affects skin pathology in the MC903-induced AD-like dermatitis. Materials and Methods: We used flow cytometry to characterize skin immune cell infiltration, activation, and cytokine production. Genetic and pharmacological loss-of-function studies were used to determine the contribution of specific immune cell populations and signaling pathways. Results: Although topical application of SFN by itself caused no skin inflammation, it exacerbated MC903-induced dermatitis. Disease exacerbation was accompanied by robust T cell infiltration to skin, particularly by CD8 + T cells, and was significantly attenuated in TCR{beta}-deficient and {beta}2 m-deficient mice. In addition to a Type 2 inflammatory response, the skin CD8 + T cells exhibited a Type 1 inflammatory program characterized by IFN{gamma} production that was largely absent among CD4 + T cells. Loss of IFN{gamma} signaling attenuated SFN-mediated disease exacerbation. Blocking lymphocyte egress with FTY720 markedly reduced the SFN-induced increase in skin CD8 + T cells, suggesting that the increase was primarily dependent on recruitment from the periphery rather than local expansion. Conclusion: Topical SFN worsens MC903-induced dermatitis through a mechanism involving the peripheral accumulation of IFN{gamma}-producing CD8 + T cells in skin. These findings demonstrate that SFN can exert context-dependent pro-inflammatory effects and underscore the need to evaluate its effects carefully when considering topical medical or cosmetic applications."
2026-09-18,38,10.64898/2026.09.11.751026,1,immunology,"Spatiotemporal control of STING activation and saRNA delivery decouples humoral and cellular immunity","Peeler, D. J.; Wang, Z.; Spiga, L.; Jokonya, S.; Thomas, C.; Reumann, D.; Shramko, K.; Rigat Nogareda, L.; McKay, P. F.; Nguyen, D. C.; Briones Orta, M.; Stayton, P. S.; Stevens, M. M.; Shattock, R. J.; Tregoning, J. S.","Self-amplifying mRNA (saRNA) vaccine formulations link the location and timing of antigen expression to innate immune stimulation by both RNA cargo and carrier. We hypothesized that targeting a polymeric STING agonist prodrug (polySTING) to antigen-presenting cells (APCs) independently of saRNA delivery could tune vaccines responses without limiting saRNA expression. By varying the time and location of STING signaling relative to saRNA delivered by muscle-restricted (polyplex, PP) and lymph node-draining (lipid nanoparticle, LNP) saRNA formulations, we studied how spatiotemporal colocalization of type I interferon (IFN-I) and antigen expression impacts innate and adaptive vaccine responses. Co-administering PP + polySTING decreased antigen-specific adaptive type 1 responses by mismatching early lymph node IFN-I and later arriving antigen; this could be reversed by delaying polySTING delivery timing. Conversely, synchronizing early LNP saRNA delivery and polySTING IFN-I in the lymph node boosted saRNA type 1 T cell responses without impacting humoral immunity, which re-directed antigen-intrinsic immune skewing and enhanced protection against pulmonary Acinetobacter baumannii challenge. Collectively, these findings define formulation-specific innate immune responses to saRNA vaccines and establish APC-targeted adjuvants as a strategy to tune saRNA vaccine immunogenicity."
2026-09-18,38,10.64898/2026.09.16.752225,1,"molecular biology","The Impact of TOR-S6K-eIF5A Signaling on Translational Control is Key to Plant Root Development","Yoon, J.-T.; Lee, D.-H.; Choi, S.; Ahn, C. S.; Muhammad, S.; Liu, Y.; Pai, H.-S.; Kim, E. Y.; Lee, H.-S.","Nutrient-responsive Target of Rapamycin (TOR)-S6 kinase (S6K) signaling coordinates plant growth with protein synthesis, but how it interfaces with translation elongation to produce specific developmental outputs remains unclear. Here, we identify eukaryotic translation factor 5A (eIF5A) as an S6K-associated phosphoprotein in Arabidopsis thaliana. S6K1 and S6K2 associate with all three eIF5A isoforms and phosphorylate them in vitro, with Ser2 emerging as the major S6K1-responsive site in eIF5A-2. The corresponding N-terminal serine is invariant across the analyzed Archaeplastida eIF5A proteins. Conditional depletion of TOR, S6K1/2, or eIF5A produces overlapping reductions in primary root length and root hair coverage. eIF5A depletion leaves bulk protein synthesis and polysome profiles largely unchanged while selectively decreasing output from deca-proline reporters. Reporter activity is restored by amiRNA-resistant wild-type and phosphomimetic S2D eIF5A-2, whereas S2A does not restore activity, demonstrating the functional importance of the Ser2 state. Proteomic profiling identifies a restricted set of eIF5A-responsive proteins, and five of six tested insertion mutants display altered primary root growth, root hair coverage, or both. Together, these findings uncover a regulatory connection between S6K and eIF5A and establish eIF5A-dependent selective translation as a mechanism contributing to root development in A. thaliana."
2026-09-18,38,10.64898/2026.09.16.752145,1,"molecular biology","Unbiased, systematic surfaceome profiling of Acute Leukemia to identify novel immunotherapy targets","George, B. M.; Rodriguez-Pohnlein, A.; DeCastro, D. J.; Porat, J.; Zhao, B.; Abeja, D. M.; Lumpkin, R. J.; Metivier, R. J.; Schmoker, A.; Walter, W.; Haferlach, T.; Pikman, Y. M.; Donovan, K.; Stegmaier, K.; Fischer, E. S.; Wachter, F.; Flynn, R. A.","Cell surface proteomics provides a direct topological assessment of the outer membrane of cells and enables the capture of low abundance proteins that may be missed by whole cell proteomics. Here we present an unbiased atlas of the whole cell and surface proteomes of 25 commonly used leukemic cell lines, encompassing both lymphoid and myeloid lineages, and a variety of driver mutations. Paired-wise analysis highlights recurrent surface proteins that are not detected by whole cell proteomics. Coupling this dataset to RNA-sequencing, we also discovered genes where protein and RNA abundances are discordant. In KMT2A-rearranged AML, CD70 expression was increased across cell lines and validated in primary patient samples, supporting CD70 as a candidate therapeutic target in this disease. Several proteins are enriched in the surface proteomes but lack surface annotation, adding to the growing list of potential non-canonical cell surface proteins. These findings reveal a substantial pool of proteins absent from conventional surface annotations, including RNA-binding proteins, an emerging class of candidate immunotherapeutic targets."
2026-09-18,38,10.64898/2026.09.16.752031,1,"cell biology","Dynamic phosphorylation of the Plasmodium falciparum Myosin A motor regulates motor speed and is important for asexual replication","Nofal, S. D.; Koussis, K.; Vahokoski, J.; Kursula, I.; Molloy, J. E.; Blackman, M. J.; Flueck, C.; Baker, D. A.","Malaria parasite invasion of red blood cells is powered by Myosin A (MyoA), the actomyosin motor which is a core component of the glideosome. Our previous phosphoproteomic study identified a cyclic GMP-dependent phosphorylation site on MyoA at Ser19, suggesting that cyclic nucleotide signalling may directly regulate motor activity during invasion. However, the functional significance of this phosphorylation site remains unclear. Here, we show that Plasmodium falciparum MyoA phosphorylation at Ser19 is dynamically regulated during the intraerythrocytic cycle, peaking in extracellular merozoites and rapidly declining following invasion. Using conditional depletion of MyoA, we show that MyoA is essential for red blood cell invasion but dispensable for gametocyte development. Conditional complementation with mutant versions of MyoA that either mimic (S19D) or ablate phosphorylation (S19A) reveal markedly impaired asexual parasite proliferation, highlighting the importance of precise regulation of MyoA phosphorylation at Ser19. In vitro motility assays using parasite-derived MyoA showed that ablating phosphorylation either pharmacologically or by introducing an S19A mutation, reduces motor speed. Conversely, introducing a phosphomimetic S19D mutation restores motility levels comparable to phosphorylated wild type MyoA. Collectively, these results establish MyoA Ser19 phosphorylation as a regulatory switch for actomyosin motor activity."
2026-09-18,38,10.64898/2026.09.11.750999,1,biochemistry,"Widespread detection of Polyethylene glycol reveals chronic human exposure through pharmaceutical drugs","Gouda, H.; Kelly, P.; Whiley, L.; Gomez-Perez, D.; Mascellani Bergo, A.; Goncalves Nunes, W. D.; Chekmeneva, E.; Yuen, A. H. Y.; David, M.; McKirdy, S.; Nelson, A.; Smith, D. L.; Zhao, H. N.; Seo, J. I.; Mathias, E. J.; Farrell, G.; Scheurink, T.; Strobel, M.; Mannochio-Russo, H.; Gkikas, K.; Wang, M.; Havlik, J.; Quince, C.; Takats, Z.; Lewis, M.; Gerasimidis, K.; Rattray, N. J. W.; Dorrestein, P. C.","Polyethylene glycol (PEG) is a synthetic polymer ubiquitous in pharmaceuticals, personal care products, food additives, and industrial manufacturing. Despite its widespread use and potential importance as an exposure chemical, the prevalence of PEG exposure and its excretion in human populations remain largely uncharacterized. Moreover, PEG detected in human biofluids is frequently assumed to arise from analytical contamination during sample preparation, potentially obscuring its contribution to the human exposome and confounding metabolic phenotyping studies. Here, we show that PEG is as component of the human xenobiotic exposome and is further metabolized into PEG hydoxy acid and diacid metabolites in humans. We further find that PEG exposure is associated with alterations in microbiome composition and short-chain fatty acid metabolism, suggesting its biological impact of its exposure. We identify PEG exposure in approximately 2.3% of publicly available metabolomics data files and provide a reusable 85,484 candidate PEG and PEGylated MS/MS spectral library for future use for the metabolomic community. Together, these findings establish PEG signal in human biofluids can reflect genuine exposure, and that PEG exposure is neither metabolically inert nor biologically silent."
2026-09-18,38,10.64898/2026.09.11.750967,1,biochemistry,"Hydroperoxy-lipids Are Essential Yet Insufficient For Execution Of Ferroptosis","Samovich, S. N.; Kapralov, A. A.; Sparvero, L. J.; Kleiboeker, B. A.; Akdogan, M.; Amoscato, A. A.; Tyurina, Y. Y.; Wenzel, S. E.; Gabrilovich, D. I.; Bunimovich, Y. L.; Stockwell, B. R.; Kagan, V. E.; Bayir, H.","Cells with irreparable redox disbalance in membranes trigger a program of regulated death - ferroptosis. 15-lipoxygenase (LOX)-catalyzed accumulation of hydroperoxy-phosphatidyl-ethanolamines (HOO-PEs) has been associated with the execution of ferroptosis; yet, experimental proof of their sufficiency is lacking. Using the Fe-independent hydrophobic radical initiator, 2,2'-azobis(2,4-dimethyl)-valeronitrile (AMVN), we demonstrate that the accumulation of hydroperoxy-phospholipids (HOO-PLs) is necessary, but insufficient for driving ferroptosis. We further show that Fe-catalyzed decomposition of HOO-PLs into radical intermediates and oxidatively truncated (OxTr) electrophilic species, as well as the formation of protein adducts with OxTr electrophilic species are required for the completion of the ferroptotic program. Consequently, three types of agents - inhibitors of LOXs and other enzymatic generators of HOO-PLs, radical scavengers, and small-molecule nucleophiles - acting at different stages of lipid peroxidation during the ferroptotic program represent effective and specific ferroptosis regulators and potential therapeutic remedies."
2026-09-18,38,10.64898/2026.09.16.752110,1,bioengineering,"Quantitative Gait Analysis in a Sheep Model of In-Utero Spina Bifida Repair","Chou, T.-Y.; Pandiri, S.; Zandiyeh, P.; Figueroa Fernandez, L. A.; Lai, D.; Papanna, R.; Mann, L. K.","Objective: To evaluate quantitative gait analysis in a sheep model (Ovis aries) of in-utero spina bifida repair. Method: Using a 3D marker-based motion capture system, we quantified spatiotemporal gait parameters and hindlimb joint angles in a sheep model of in-utero spina bifida repair and normal controls. A linear support vector machine classifier, trained and tested on subject-disjoint partitions with individual gait cycles as the unit of analysis, evaluated the relationship between hindlimb joint angles and clinician-assigned Texas Spinal Cord Injury Scale scores. Linear mixed-effects models compared spatiotemporal parameters, hoof height, and hip drop across 3- to 6-month evaluations and between groups. Results: In treated (n=14) and control (n=3) lambs, front- and hindlimb gait speed differed by timepoint (both p=0.025). Across 1,632 left and 1,661 right hindlimb gait cycles, held-out classification accuracy was 85.9% and 88.6% (Cohen's {kappa}=0.78 and 0.84) for left and right hindlimbs, respectively, against majority-class proportions of 76.5% and 75%. Left hindlimb hip drop differed between treated lambs and controls ({Delta}=0.8 cm, p=0.027). Between-group contrasts were considered exploratory given the small control group. Conclusion: Quantitative gait analysis was feasible in an in-utero spina bifida repair model. Hindlimb kinematic profiles classified clinical ambulation scores above the majority-class baseline."
2026-09-18,38,10.64898/2026.04.19.719445,2,microbiology,"WITHDRAWN: Functionalization and Antimicrobial Evaluation of Azadirachta indica Leaf-Synthesized Silver Nanoparticles with Amoxicillin","Das, P.","The authors have withdrawn this manuscript on administrative grounds to ensure full compliance with institutional requirements regarding the dissemination of thesis-derived research prior to completion of the degree evaluation process. This withdrawal does not reflect any concern about the validity, integrity, accuracy, or reproducibility of the data, methods, or conclusions presented in the manuscript, which stand as reported. The work is intended to be made available again, either as a revised preprint or through peer-reviewed publication, once the relevant institutional requirements have been completed. Therefore, the authors do not wish this work to be cited as reference for the project. If you have any questions, please contact the corresponding author."
2026-09-18,38,10.64898/2026.09.16.752186,1,"molecular biology","Depth-resolved analysis reveals target-dependent cryo-FIB damage profiles","Nwokonko, R. M.; Qayyum, M. Z.; Karia, D.; Maingi, V.; Rai, A.; Sheng, Y.; Haque, S. A.; Thompson, C.; Sviben, S.; Yanagisawa, H.; de la Rosa-Trevin, J. M.; Kalathur, R. C.; Skiniotis, G. C.; Kotecha, A.","Cryogenic focused ion beam (cryo-FIB) milling enables cellular cryo-electron tomography but can compromise high-resolution structural information near milled surfaces. Here we establish recombinant human apoferritin (apoF) as a reporter of depth-dependent structural preservation in cellular lamellae. ApoF yielded a 2.05 [A] in situ reconstruction. Apparent FIB damage was most pronounced within the first 15 nm for xenon, 30 nm for gallium, 45 nm for argon and remained detectable at least 75 nm from oxygen-milled surfaces under the workflows tested. Endogenous 70S ribosomes in the same xenon-milled tomograms showed a broader 30-45 nm profile, whereas {beta}-galactosidase showed a similar narrow xenon-associated profile in a different specimen. Xenon-milled lamellae 125-150 nm thick yielded the highest resolution among the thickness groups examined, with lower resolution in the thinner and thickest groups. These findings show structural preservation is constrained by both surface-associated damage and lamella thickness, with the apparent extent of damage varying by molecular reporter. Previous ribosome-based surface-exclusion estimates may therefore be overly conservative for some molecular targets."
2026-09-18,38,10.64898/2026.09.11.751043,1,bioengineering,"Curved by Design: Applying Microfluidic Principles for Nonplanar and Planar Suspended Tissue Patterning to the Development of Bladder Models with Tunable Mechanics","Whitten, J. M.; Lin, A.; Bouker, E. E.; Viswanathan, A. R.; Berthier, J.; Su, X.; Schumacher, E. A.; Berthier, E.; Theberge, A. B.; Haack, A. J.; Chandru, M. R.","Cells in vivo exist in a complex environment where they receive chemical and physical cues from neighboring cells and the extracellular matrix. Suspended, three dimensional (3D) cell culture enables the study of mechanical signals in a controlled in vitro setting where cells can exert forces on the extracellular matrix, and mechanical stimulation can be externally applied. In addition to mechanical cues, tissues in vivo also exhibit spatial heterogeneity and nonplanar topography. To facilitate the development of suspended 3D cell culture models with both spatial and geometric complexity, we previously introduced Suspended Tissue Engineering with Assemblable Microfluidics (STEAM). STEAM is an accessible, modular platform that utilizes fluidic patterning to create multiregional planar and nonplanar suspended cell-embedded 3D tissues. Herein, we further characterize the STEAM dome platform by developing a theoretical model that explains some experimental considerations necessary for successful two-region patterning in a nonplanar construct. We highlight a brief biological application of the planar and nonplanar STEAM platforms by creating simple but physiologically relevant model systems for the bladder, a sphere-like organ with concentric tissue layers and a central lumen that dynamically expands and contracts during filling and voiding. We demonstrate that the suspended configuration of the planar bladder smooth muscle tissue patch induces inherent tension, which can be increased by further straining the tissues; both result in muscle cell alignment along the axis of stretch as shown by a clear peak at 90 degrees in a radial sum analysis of the two dimensional Fast Fourier Transform of images with fluorescent signal from myosin heavy chain 11 immunostaining. Further, we utilize the nonplanar STEAM platform with a human urothelial cell line (HBLAK) and primary bladder smooth muscle cells (HBdSMC) to create a bladder wall model, resulting in a domed, bilayered tissue. STEAM integrates patterning precision, mechanical functionality, and customizability to actualize an accessible and low cost alternative to generate spatially and geometrically complex suspended tissues."
2026-09-18,38,10.64898/2026.09.11.751041,1,bioengineering,"Click alginate cryogel for real-time gastric pH monitoring","Cherifi, K.; Machuca Parra, A. I.; Ding, L.; Kwon, N.; Bart, L.; Ayad, M.; Rose, C.; Zheng, G.; Matoori, S.","Gastric acidity shapes mucosal injury in reflux disease, peptic ulcer, and gastritis, yet is almost never measured. Acid-suppressive therapy, taken by approximately 40% of elderly adults, is therefore titrated on symptoms alone. A gastric sensor must hold onto its reporter in a highly acidic protease-rich environment, conditions that destabilize ionically crosslinked hydrogels and leach physically entrapped dyes. Click alginates, established in biomechanics and drug delivery but not as sensors, meet this requirement with a single chemistry: bioorthogonal tetrazine-norbornene crosslinks are inert to acid and proteases, and excess norbornene from crosslinking become the anchoring site for the pH-sensitive reporter, so network and reporter are installed by the same mechanism. Cryogelation adds macroporosity for rapid gastric fluid influx. A screen identifies IRDye 680RD as the only near-infrared dye responsive across the targeted pH 2-5. Dye release stays below 1.5% in simulated gastric and intestinal fluids, and the pH response remains active after nine months of storage. In rats, the orally administered NIR fluorescent cryogel resolves pH 2.0 from pH 5.0 transabdominally, and discriminates esomeprazole- from saline-treated animals, without plasma fluorescence. Photoacoustic imaging points toward detection at translationally relevant depths, establishing covalently functionalized cryogels as a general sensing platform for hostile physiological environments."
2026-09-18,38,10.64898/2026.09.11.748621,1,bioengineering,"Proprietary Processing of Placental Tissue Allografts Influences Wound Healing Trajectories in a Rodent Excisional Skin Wound Model","Robertson, A.; Carson, T.; Basu, J.","Introduction: Placental tissue allografts are widely utilized in the management of chronic wounds, including diabetic foot ulcers. In addition to serving as wound coverings, these products may influence wound repair through extracellular matrix architecture and biologically active signaling molecules native to human amniotic tissue. Manufacturing and processing methodologies vary considerably across commercially available products and may substantially impact biologic activity, tissue remodeling, and wound-healing trajectories. In this study, a rodent wound-healing model was utilized to compare a proprietary processed placental tissue allograft with a conventionally processed placental tissue comparator. Methods: Two arms of a five-arm pilot rodent wound-healing study were evaluated to compare a proprietary processed human amniotic tissue allograft against a conventionally processed comparator; the remaining arms evaluated test articles under development and will be reported separately. Male rats (n=8 per arm), matched for weight, age, and diet, each received two full-thickness dorsal excisional wounds approximately 10 mm in diameter and 2 mm deep. Test articles were reapplied upon resorption over a 14-day period. At Day 14, sections were scored semi-quantitatively (0-4 Severity Injury Score) across histologic and immunohistochemical parameters spanning epidermal repair, inflammation, angiogenesis, proliferation, and remodeling. Cranial and caudal wounds were averaged within each animal, retaining the animal as the experimental unit. A Day 14 Histology Resolution Score was derived as a signed composite of pro- and anti-regenerative markers and evaluated alongside percent wound closure. Inferential statistics (Welch ANOVA with Games-Howell post hoc) were derived from the full five-arm cohort (n=40). Results: Animals treated with the proprietary processed allograft showed more advanced progression toward wound resolution than those receiving the conventionally processed comparator, across both surface and tissue-level endpoints. Mean animal-level wound closure at Day 14 was 95.2% with the proprietary processed allograft versus 89.9% with the conventional comparator. The integrated Day 14 Histology Resolution Score, a composite of epidermal repair, inflammation, angiogenesis, proliferation, and remodeling endpoints was 8.94 versus 5.13, corresponding to a shift from the poor-resolution range into the partial-resolution range on the pre-defined interpretive scale. Welch ANOVA across the full five-arm cohort (n=40) detected a significant overall effect of treatment on this composite (p = 0.010). The pairwise contrast between these two arms did not reach significance under Games-Howell correction across ten comparisons (p = 0.337); at n=8 per arm the study was not powered to resolve individual pairwise differences, and the observed standardized difference was large (Hedges' g = 0.93). Injury endpoints were consistently lower in the proprietary processed allograft: 69% lower acute inflammation, 60% lower dermal necrosis, approximately 57% lower epithelial erosion, 46% lower ulceration, and 42% less hemorrhage. Importantly, these reductions in residual tissue injury occurred while maintaining robust granulation tissue formation, angiogenesis, collagen remodeling, cellular proliferation, and macrophage recruitment. Discussion: These findings suggest that processing methodologies can materially influence the biologic performance of placental tissue allografts. The proprietary processed allograft was associated with lower residual tissue injury and greater regenerative and reparative activity relative to a conventionally processed comparator. These observations support the concept that placental tissue allografts should not necessarily be viewed as biologically equivalent and may have important implications for clinical outcomes and product selection in wound care."
2026-09-18,38,10.64898/2026.09.11.750982,1,bioinformatics,"Physical priors improve performance of structure-based binding affinity models","Kaminow, B.; Payne, A. M.; MacDermott-Opeskin, H. I.; Chodera, J. D.; Singh, S.","Structure-based drug discovery is a widely used paradigm for the rational design of novel small molecule therapeutics. However, the benefits conferred by the use of structural information has seen limited adoption in machine learning, where ligand-only (""2D"") models are still the industry standard for molecular property or binding affinity prediction. Structure-based (""3D"") ML models for binding-affinity prediction promise to present a clear advantage, but have not yet overtaken existing 2D models. Here, we show that physics-based priors can improve predictive performance of structure-based models by comparing different model architectures with varying physical priors on several prediction tasks. We present the Modular Training and Evaluation of Neural Networks (mtenn) package, where we decompose affinity prediction into separate steps of embedding structure into learned representations and combining those embeddings into a predicted binding affinity. We consider both E(3)-invariant and E(3)-equivariant architectures to determine the importance of encoding roto-translational inductive biases, as well as different methods for combining learned embeddings. By first optimizing several aspects of model construction using the general purpose PDBBind dataset, we are able to improve the performance and data efficiency of structure-based models. When subsequently trained and evaluated on the COVID Moonshot small molecule drug discovery dataset, our tuned models perform on par with industry standard ligand-only models. Our decomposed model framework highlights that encoding some physical priors improves model performance, while more complex biases such as equivariance offer limited benefit. Additionally, structure-based models generalize better to an unseen target and display higher training efficiency. Overall, these results emphasize that structure-based models benefit from their ability to incorporate physics-informed constraints, giving promising directions for model architecture development. These results also suggest that the strength of these models may be in tasks specifically aimed at generalizability, providing guidelines for their use in early-stage drug discovery campaigns."
2026-09-18,38,10.64898/2026.09.11.751018,1,biophysics,"Efficient Through-Bond Propagation of Nuclear-Spin Hyperpolarization via TOCSY-Enhanced LC-Photo-CIDNP","Jeong, J. H.; Halder, A.; Cavagnero, S.","Nuclear magnetic resonance (NMR) spectroscopy provides atomic-resolution insights into biomolecular structure, dynamics and interactions under non-perturbative conditions. However, the widespread applicability of this technique continues to be limited by its intrinsically low sensitivity. This drawback is particularly severe in the case of concentration-limited samples. Low-concentration photochemically induced dynamic nuclear polarization (LC-photo-CIDNP) is an optically enhanced NMR hyperpolarization strategy capable of boosting NMR sensitivity in situ by several orders of magnitude under physiologically relevant environments. Yet, the inherent nature of the LC-photo-CIDNP phenomenon confines the achievable enhancements to only a subset of nuclei, thus limiting the extent of attainable residue-specific information. Here, we overcome this shortcoming by integrating LC-photo-CIDNP with Total Correlation Spectroscopy (TOCSY) to propagate initial hyperpolarization to other nuclei via scalar-coupled spin networks. First, we demonstrate efficient through-bond transfer of LC-photo-CIDNP enhanced signals throughout entire intramolecular atomic frameworks via 1D 1H- and 13C-detected experiments. Second, we extend the approach to a model protein and demonstrate efficient polarization transfer via 1D and 2D 1H-detected 13C-TOCSY LC-photo-CIDNP. Intrinsically photo-CIDNP-inactive nuclei can thus be visualized via 13C-1H correlations within minutes down to 10 M concentration. In all, this work establishes a general strategy to achieve through-bond propagation of LC-photo-CIDNP hyperpolarization. This technology enables gaining residue-specific structural insights on amino acids and proteins at previously unattainable low concentrations."
2026-09-18,38,10.64898/2026.09.11.751000,1,biophysics,"Neuronal lipid composition regulates distinct states of full-length tau assembly, mechanics and membrane interactions","Mahakud, A. K.; Modak, A. S.; Singh, S.; Ananthanarayana, V.; Chidamabaram, H.; Ghatak, S.; Chinnathambi, S.; Saleem, M.","Aggregation of tau into fibrillar assemblies and neurofibrillary tangles is a defining feature of tauopathies. However, the role of the membrane-rich neuronal environment on the assembly and mechanics of full-length tau remains unclear. Here, we examined how neuronal lipid membranes affect the assembly and membrane interaction of full-length human tau (hTau40). Lipid composition redirected hTau40 assembly, with total brain extract and brain phosphatidylcholine membrane producing shorter, more flexible fibrils, whereas brain phosphatidylserine membrane favoured a more heterogeneous and relatively rigid fibrillar population. Tau-membrane interaction depended strongly on the assembly state of tau. At the same protein concentration, preformed oligomers accumulated on membranes much more rapidly than monomeric tau, indicating that oligomer formation increases membrane recruitment. However, strong membrane binding did not directly predict the extent of membrane perturbation. Pronounced changes in lipid organisation were observed when tau was undergoing continued higher-order assembly at the membrane. Thus, the ability of tau to bind a membrane and its ability to reorganise that membrane appear to be related, but distinct, features of tau-membrane interaction. In cells, internalised hTau40 formed stable, low-mobility assemblies associated with the endolysosomal compartment and changes in its physical properties. These assemblies could also be transferred between cells in a membrane-derived vesicle model. Together, our results show that local membrane composition shapes tau assembly and mechanics, while the state of tau assembly influences how it binds to and remodels membranes. Key words: Amyloid, Tauopathy, Tau protein (Tau), Lipid Vesicle, Membrane Biophysics"
2026-09-18,38,10.64898/2026.09.11.751044,1,biophysics,"Structural Basis for MCAM Mediated Inhibition of Laminin Dependent Cell Migration","Klein, D. E.; Li, T.; Alarcon-Frias, S.; Li, H.; Alarcon, C.","MCAM/CD146 is an immunoglobulin-superfamily receptor expressed on endothelial cells, immune cells and numerous carcinomas. Although MCAM has long been associated with metastatic progression, recent work has revealed context-dependent inhibitory effects on transendothelial migration, leaving unresolved how MCAM engagement of basement membrane laminins alters cell migration. Here, we report multiple cryo-electron microscopy structures of human MCAM bound to laminin. We show MCAM engages laminin on a surface centered on the first two laminin globular domains (LG1-2) and that this epitope directly overlaps with the interface used by integrin. Consistent with structural competition, MCAM occupation of laminin abolishes integrin-dependent cell migration. Structure-guided mutation of the MCAM-laminin interface disrupts laminin binding and eliminates MCAM-mediated inhibition. These findings establish that MCAM and integrin compete for a shared interface on laminin and define a structural mechanism by which MCAM occupancy can suppress laminin-dependent migration. The structure resolves a central ambiguity in MCAM biology and provides a framework for developing biologics that selectively modulate pathological cell migration."
2026-09-18,38,10.64898/2026.09.11.750994,1,immunology,"Ara h 2 and FcϵRIα binding elicit state-dependent allostery in IgE","Mugundhan, M.; Jia, Q.; Raghuvamsi, P. V.; Loh, S. N.; Ong, A. G. M.; Subramani, K.; Somboon, K.; Samsudin, F.; Yao, Z.-P.; Sobota, R. M.; Gan, S. K.-E.; Bond, P. J.; Ser, Z.; Su, C. T.-T.","Background: Peanuts are among the most prevalent food allergens responsible for anaphylaxis, particularly in children. Allergic responses may be mitigated by disrupting molecular interactions between immunoglobulin-E (IgE) and its binding partners: peanut allergen (Ara h 2) and IgE receptors (Fc{epsilon}RI). However, the structural dynamics of IgE upon engaging these factors are not yet fully elucidated. Objective: To characterize how Ara h 2 and/or Fc{epsilon}RI binding influence IgE flexibility and its interdomain communications. Methods: The structural dynamics of full-length IgE in various unbound and bound states were examined by combining molecular dynamics (MD) simulations with cross linking mass spectrometry (XLMS). Causal relationship between IgE domains were characterized to infer allosteric communication pathways, which were assessed through hydrogen-deuterium exchange mass spectrometry (HDX-MS). Results: Non canonical bent IgE conformations were identified. We demonstrate that Fc{epsilon}RI binding immobilizes IgE predominantly by stabilizing and restricting Fc flexibility, whereas Ara h 2 binding induces specific conformational changes within the Fc{epsilon}RI-binding region. Our results further suggest that the C{epsilon} domains retain sufficient freedom to enable causal dynamics by the Fabs in a binding-dependent manner, thereby modulating the receptor engagement potential of IgE. Notably, concurrent binding of Ara h 2 and Fc{varepsilon}RI to IgE shifts the allosteric communication between the Fabs and Fc regions from the C{epsilon}3 to C{epsilon}4 domain. Conclusion: Our findings provide new insights into the dynamic regulation of IgE and its role in allergic responses. This could serve as a structural framework for understanding IgE signaling in peanut allergy and suggest potential targets for therapeutic interventions"
2026-09-18,38,10.64898/2026.03.04.709389,2,microbiology,"Pathogenesis of H5N1 Clade 2.3.4.4b in dry Jersey cows following intramammary inoculation shows within-host compartmentalization","Cool, K.; Trujillo, J. D.; Kwon, T.; Singh, G.; Kafle, S.; McDowell, C. D.; Fitz, I.; Elango, S.; Lyoo, E.; Vediyappan, G.; Wei, W.; Machkovech, H. M.; Matias Ferreyra, F.; Wilson, W. C.; Cronk, B.; Morozov, I.; Friedrich, T.; Diel, D.; Gaudreault, N. N.; Richt, J. A.","Dairy cattle have emerged as a prolific amplifying host for highly pathogenic avian influenza virus (HPAIV) H5N1 clade 2.3.4.4b and a new source for cross-species and zoonotic transmission. Independent introductions of H5N1 with unclear exposure routes have been reported in several dairy herds across the U.S. These events escalate the pandemic potential of HPAIV H5N1 as transmission within and between mammalian species present opportunities for mammalian adapted H5N1 viruses to emerge. Although more than 1000 herds have been infected, bovine H5N1 influenza virus pathogenesis, transmission, and evolution in dairy cattle remains not well characterized. Working with H5N1-infected lactating cattle in high containment has been a major challenge due to the required infrastructure and logistics associated with housing, husbandry, and waste management for this model. Thus, developing alternative bovine models that maintain biological relevance while reducing operational complexity is warranted. Here, we evaluate the susceptibility of lactating Jersey cattle in the dry-off period, and characterize the effect of inoculation dose on the mammary pathogenicity of HPAIV H5N1 genotype B3.13. The results of this study demonstrate that dairy cows 21 days into the dry-off period are highly susceptible to HPAIV H5N1, recapitulating the severe clinical and pathological outcomes observed in infected lactating cows under experimental conditions and in field cases. We also observed an association between virus dose and the onset and severity of mastitis in individual udder-quarters. Overall, this study demonstrates that dry cows can provide a feasible model to study H5N1 virology, pathology, and humoral immunology in dairy cows."
2026-09-18,38,10.64898/2026.09.12.750890,1,"molecular biology","First detection of High pathogenicity Avian Influenza A(H5N1) Clade 2.3.4.4b Genotype EA-2024-DI.2.1 in Egypt associated with migratory wild birds","Hagag, N. M.; Adel, A.; Zaher, M. R.; Zanaty, A.; Said, D.; Shaaban, A.; Saleh, M. M.; Nabil, N. M.; Tawakol, M. M.; Hassan, H. M.; Hussien, W. I.; Radwan, N.; Tennakoon, C.; Al-Aqnas, H.; Eid, S.; Mosaad, Z.; Ibrahim, A. S.","High pathogenicity avian influenza (HPAI) H5 clade 2.3.4.4b is the main driver of the ongoing unprecedented global panzootic. The recently emerged HPAI H5N1 clade 2.3.4.4b genotype EA-2024-DI.2.1 has become predominant in Europe, with migratory wild birds, particularly waterfowl, playing a major role in its dissemination. Egypt lies along major Afro-Eurasian migratory flyways, which have historically played an important role in the introduction of emerging H5Nx viruses into the country. In this study, targeted surveillance was conducted on 416 wild birds offered for sale in in live bird markets (LBMs) and roadside trading points in northern Egypt, mainly in Damietta and Port Said. Of these, 118 birds showing mild clinical signs were examined post-mortem and lung and tracheal tissues were collected, while oropharyngeal and cloacal swabs were collected from apparently healthy birds. Avian influenza virus was detected by RT-qPCR in 22 wild birds, all from tissue samples, whereas all swabs from apparently healthy birds were negative. Waterfowl accounted for 16 of the 22 positive birds (72.7%), with Eurasian teal showing the lowest Ct values (21-25). Phylogenetic and whole-genome analyses showed that the sequenced wild-bird viruses clustered within the recently emerged EA-2024-DI.2.1 sub-lineage and were closely related to contemporary European viruses. Compared with the EA-2021-AB genotype currently circulating in Egyptian poultry, the EA-2024-DI.2.1 viruses showed several HA amino acid differences, including A83D, L104M and T195A. These findings provide evidence for the introduction of EA-2024-DI.2.1 into Egypt through migratory wild birds and highlight the importance of continued genomic surveillance at the wild bird domestic poultry interface and antigenic evaluation against vaccines currently used in Egypt."
2026-09-18,38,10.64898/2026.09.11.751087,1,genetics,"An Evolutionarily Conserved Ypk1/SGK1 Kinase Pathway Regulates the Unfolded Protein Response by Modulating the Ire1 Protein Abundance","Chakrabarty, S.; Chakraborty, A.; Uppala, J. K.; Bryan, N. M.; Gouignard, N.; Reiter, N. J.; Tran, A.-P.; Dey, M.","The unfolded protein response (UPR) is a cellular mechanism that maintains protein homeostasis (proteostasis) under conditions of endoplasmic reticulum (ER) stress. The dual kinase/RNase Ire1 is a conserved regulator of the UPR, mediating the unconventional cytosolic splicing of HAC1 mRNA in yeast and XBP1 mRNA in human cells. The resulting spliced HAC1/XBP1 transcript encodes a transcription factor that induces the expression of protein-folding chaperones and stress-responsive genes, thereby restoring proteostasis. In our previous work, we showed that the MAP kinase Slt2 (homolog of human ERKs) contributes to UPR signaling by promoting IRE1 expression through the transcription factor Rlm1 (homolog of human MEF2C). Here, we demonstrate that Hac1 expression is reduced in yeast strains deficient in essential protein kinase Cdc28, Pkc1, Rio2, Tor2, Pkh1, or Ypk1, suggesting that these kinases also serve as UPR regulators. We focused on the kinase Ypk1, the yeast ortholog of human SGK1 (serum/glucocorticoid-regulated kinase 1). We provide genetic and biochemical evidence that Ypk1/SGK1 acts upstream of the Pkc1/PKC{delta} signaling pathway and is required for maintaining IRE1 protein abundance in both yeast and human cells. Collectively, our results identify an evolutionarily conserved Ypk1/SGK1 signaling pathway that regulates the HAC1 and XBP1 mRNA splicing by modulating the Ire1 protein abundance."
2026-09-18,38,10.64898/2026.09.12.751109,1,biochemistry,"Membrane surface geometry is a determinant of mitochondrial electron transfer and cellular adaptation","Gonzalez-Hernandez, M.; Choya-Foces, C.; Cespedes de los Rios, D.; Calvo, E.; Cabrera-Alarcon, J. L.; Huck-Iriart, C.; Acin-Perez, R.; Langer, J.; Elrod, J. W.; Vazquez, J.; Ruiz-Cabello, J.; Carregal-Romero, S.; Hernansanz Agustin, P.","Energy conversion in living organisms relies on biological membranes that facilitate electron transfer between oxidoreductases. In mitochondria, this process is mediated by the electron transport chain embedded in the inner mitochondrial membrane (IMM). Under various physiological and genetic conditions, mitochondrial matrix Na+ levels increase, reducing IMM fluidity through the formation of ternary coordination adducts between Na+ and phospholipids. These adducts impair ubiquinone (CoQ) transfer between respiratory complexes, thereby promoting mitochondrial reactive oxygen species (mtROS) production and activating the hypoxic adaptive pathway. Here, we show that modifying solely the ionic subatomic interaction with phospholipids is sufficient to prevent initiation of this pathway. Compound A (CA) outcompetes Na+ for phospholipid binding without impairing CoQ transfer, thereby preventing mtROS production and hypoxic adaptation. This divergence arises from the penta-coordinate complexes formed by CA with phospholipids, in contrast to the trigonal adducts formed by Na+. This structural distinction preserves IMM fluidity because CA:phospholipid assemblies adopt a less angular configuration. These findings establish membrane-surface geometry, modulated by ion:phospholipid interactions, as an unexpected determinant of membrane biology, mitochondrial energy conversion, redox signalling, and cellular adaptation, with profound implications for physiology and disease."
2026-09-18,38,10.64898/2026.09.12.751135,1,biochemistry,"Substituting a conserved histidine alleviates difluoroacetate-dependent isoaspartate formation in a fluoroacetate dehalogenase","Jansen, S. C.; Guerra, L. F.; Duran, C.; Muelller, M. M.; Osuna, S.; Mayer, C.","Organofluorides are ubiquitous in modern society, but their persistence poses significant environmental and health risks. Fluoroacetate dehalogenases (FAcDs) are promising candidates for the bioremediation of polyfluorinated substances, as they can hydrolyze C-F bonds efficiently under mild conditions. However, their activity toward gem-difluorinated carboxylic acids, such as 2,2-difluoroacetate (F2A), is typically poor, with rates orders of magnitude lower than for monofluorinated substrates (e.g. fluoroacetate). Here, we combine kinetic studies, mass spectrometric and biochemical analyses, and computational modeling to pinpoint the F2A-induced isomerization of the catalytic aspartate (Asp105) as a major inactivation pathway that severely limits sustained F2A turnover. To overcome this inhibition mechanism, we discovered that a highly conserved histidine (His104) acts as a gatekeeper for sustained F2A activity. Substituting His104 with the noncanonical N3-methylhistidine increased activity 14-fold, while replacement with asparagine boosted activity almost 50-fold, yielding a potent F2A defluorinase with an initial degradation rate of 0.3 s-1. Computational studies elucidated that these substitutions reshape the conformational landscape of Asp105, suppressing isoAsp-promoting conformations while preserving catalytically productive poses for F2A conversion. Notably, transplanting the His-to-Asn substitution into two homologous FAcDs drastically reduced their activity, highlighting H1 as a uniquely suitable scaffold for engineering promiscuous F2A conversion. Overall, this study demonstrates that targeting mechanistic intricacies can significantly enhance FAcD performance on F2A, providing a foundation for further engineering of H1 to degrade polyfluorinated pollutants."
2026-09-18,38,10.64898/2026.09.17.752436,1,bioengineering,"Extended normothermic machine perfusion preserves viability and tissue integrity of ex vivo human intestine segments","Urbina, P. A. M.; Choi, S. R.; Cheung, D. C.; Egbert, L. K.; Garcia-Neuer, M. I.; Yu, S.; Rehman, N. S.; Hanks, D. G.; Le, T.-A.; Alabay, H. H.; McHugh, K. E.; Hamdan, F. H.; Naik, N.; Faubion, W. A.; Brady, J. T.; Ceylan, H.; Bose, S.","Human intestinal diseases, including inflammatory bowel disease (IBD), are difficult to model because existing animal and in vitro systems do not capture the integrated vascular, immune, and metabolic complexity of the intestine. Here, we establish a custom normothermic machine perfusion platform that maintains surgically resected human intestinal tissue for up to 72 hours under near-physiological conditions. Discarded specimens from patients with nonmalignant intestinal diseases, including IBD and diverticulitis, were continuously perfused at 37{degrees}C with real-time hemodynamic and metabolic monitoring. Perfusion preserved tissue viability, mucosal architecture, epithelial integrity, oxygen consumption, metabolic activity, and vascular patency. Daily perfusate sampling enabled longitudinal profiling and experimental modulation of inflammatory mediators, revealing patient-specific immune states. This long-duration platform bridges reductionist in vitro models and clinical disease, enabling mechanistic studies of intestinal inflammation and future testing of personalized therapies in intact patient-derived tissue."
2026-09-18,38,10.64898/2026.09.12.751118,1,bioengineering,"Latent generative search unlocks de novo design of untapped biomolecular interactions at scale","Didi, K.; Reidenbach, D.; Penner, M.; Ravichandran, S.; Case, M.; Nichols, M.; Swanson, E.; Reis, A.; Prescott, M.; Qian, Y.; Qian, D.; Yang, J.; Li, W.; Li, L.; Shonai, D.; Gay, S.; Basu Mallik, B.; Chim, H. Y.; Chen, L.; Atienza Juanatey, M.; Klein, H.; Rieger, D.; Schlegel, P.; Macintyre, A. U.; Secor, M.; Granata, D.; Cha, S.; Cao, Z.; Zhou, G.; Geffner, T.; Chen, X.; Livne, M.; Zhang, Z.; Zhang, T.; Gion, K.; Bronstein, M. M.; Steinegger, M.; Deibler, K.; Soderling, S.; Schoeder, C. T.; Khmelinskaia, A.; Hollfelder, F.; Dallago, C.; Kucukbenli, E.; Vahdat, A.; Ogden, P.; Kreis, K.","De novo protein design has advanced rapidly, yet designing binders to polar, solvent-exposed epitopes and small, flexible ligands remains challenging. Such hydrated surfaces and flexible molecules, including carbohydrates, provide few of the hydrophobic contacts favoured by current methods and have largely resisted de novo binders. To address this challenge, here we introduce latent generative search for binder design, a novel framework that uses reward-guided search at inference time to steer the Proteina-Complexa generative model. The model codesigns sequence and structure - generating them together in a continuous latent space - and thereby removes the inverse-folding step on which current methods rely. In a screen of more than one million designs by multiplexed phage display, latent generative search produced more validated binders than every other method tested, its codesigned sequences surpassing post hoc redesign. It delivered high-affinity binders across therapeutic receptors, a viral attachment protein and intracellular signalling targets. Our approach also accessed previously untapped biology, generating the first de novo proteins that bind a free carbohydrate, including one that discriminates between blood-group antigens - a polar, flexible target class beyond the reach of current design methods."
2026-09-18,38,10.64898/2026.09.11.751096,1,bioinformatics,"Rapid Shift Toward Pulsed Field Ablation and Precision Risk Stratification in High-Impact Atrial Fibrillation Research","Su, Z.; Li, T.","Conventional bibliometrics rely on lifetime citations, obscuring immediate shifts in cardiovascular research paradigms. To track emerging trends in atrial fibrillation management, we performed a comparative bibliometric analysis of the 50 highest-cited original research articles per year in OpenAlex topic T10065 across consecutive 2023 (Class of 2025) and 2024 (Class of 2026) publication cohorts. Articles were ranked using a fixed 18-month post-publication citation window, and extracted concepts were normalized into 719 canonical topics and 32 parent themes using large language model curation. Concept frequency tracking demonstrated a swift technological shift, with pulsed field ablation showing the largest topic frequency increase (+0.08, from 0.30 to 0.38) to become the leading canonical topic in 2024, displacing conventional thermal pulmonary vein isolation (-0.18, 0.40 to 0.22). Simultaneously, stroke prevention focus shifted toward refined predictive modeling, with increases in Risk Stratification and Predictive Models (+0.08, 0.30 to 0.38) and CHA2DS2-VASc scoring (+0.08, from 0.10 to 0.18). High-impact atrial fibrillation research is rapidly pivoting toward non-thermal ablation safety profiling and precision risk stratification, highlighting the utility of fixed-window concept mining for capturing real-time scientific evolution. Online explorer of the result is available at https://pri.pepkio.com."
2026-09-18,38,10.64898/2026.09.12.751119,1,biophysics,"A conformational switch governs the dual role of liquid-liquid phase separation in amyloid fibrillization","Li, T.; Williams, B.; Han, Q.; Steain, M.; Sunde, M.; Shen, Y.","Biomolecular condensates provide dynamic environments that store and organize proteins, yet the fundamental principles determining whether condensation promotes or suppresses irreversible protein aggregation remain unclear. Here, we show that the receptor-interacting protein kinase 3 (RIPK3) RHIM domain follows distinct self-assembly pathways into condensates or amyloid fibrils depending on its conformational state. We find that predominantly folded proteins undergo liquid-liquid phase separation (LLPS), forming reversible condensates that kinetically suppress fibril formation. Partial unfolding instead promotes direct fibrillization that bypasses LLPS, whereas induced condensate formation via increasing ionic strength or addition of molecular crowder delays amyloid formation. In contrast, when the protein is predominantly unfolded, LLPS accelerates fibrillization through condensate-interface-mediated nucleation. These findings establish protein conformation as a determinant of whether condensates suppress or promote amyloid assembly, revealing a dual role for phase separation in regulating functional amyloid formation and providing a framework that connects condensate dynamics with cellular functions."
2026-09-18,38,10.64898/2026.09.11.751013,1,biophysics,"Hypersensitive Detection of Neurotransmitters in Biological Media by Optically Enhanced Benchtop NMR Spectroscopy","Halder, A.; Carey, S. C.; Jeong, J. H.; Mahfuza Shapla, U.; F.M. Clewett, C.; Cavagnero, S.","Liquid-state Nuclear Magnetic Resonance (NMR) is an invaluable tool to gain atomic-resolution insights onto molecular structure and dynamics. The impact of NMR spectroscopy, however, is curtailed by high costs and hard-to-maintain high-field magnets. While low-field benchtop NMR spectrometers may address the challenge, severe trade-offs in sensitivity and resolution limit the appeal of this avenue. Here, we introduce a set of novel optically enhanced NMR pulse sequences and procedures (hyperpolarization toolkit) to readily generate 13C and 1H nuclear-spin hyperpolarization in situ on benchtop spectrometers. This approach leads to unprecedented sensitivity gains, enabling atomic-resolution conformation-dependent detection of a broad range of aromatic compounds, including clinically relevant metabolites and biomarkers. Neurotransmitters including epinephrine, serotonin and melatonin are detected at nanomolar/micromolar levels by 1D/2D photochemically-enhanced benchtop NMR in buffer and physiological media including human serum. This advance propels benchtop NMR from a predominantly pedagogical tool to a powerful bioanalytical resource for efficient neurotransmitter identification."
2026-09-18,38,10.64898/2026.09.12.751103,1,biophysics,"Hypoxia drives asymmetric envelope remodelling to promote membrane adaptation and antibiotic tolerance in mycobacteria","Mathew, L.; Aguilar, M.; Lee, T.-H.; Kapoor, S.","Mycobacterium tuberculosis persists within the host by adapting to stressful microenvironments, with hypoxia representing a key clinically relevant challenge. However, how hypoxia alters mycobacterial membrane organization and function remains poorly understood. Using Mycobacterium smegmatis as a model, we combined membrane biophysics, layer-resolved lipidomics, and membrane-drug interaction analyses to characterize envelope adaptation under oxygen limitation. Hypoxia induced asymmetric remodelling of the cell envelope, with the inner membrane becoming more ordered and less hydrated, while the outer membrane exhibited increased fluidity and hydration. Lipidomic analyses revealed corresponding membrane-specific changes, including enrichment of saturated, tightly packed lipids in the inner membrane and unsaturated, inverted-conical lipids in the outer membrane. Functionally, hypoxic cells showed reduced envelope permeability and decreased susceptibility to rifampicin, while membrane partitioning studies suggested reduced rifampicin association with hypoxia-adapted inner membranes. We identify asymmetric envelope remodeling as a previously unrecognized principle of bacterial adaptation to environmental stress. Rather than responding as a uniform structure, the mycobacterial envelope undergoes coordinated but divergent remodeling in its constituent membrane layers during hypoxia. This spatially resolved response couples inner membrane rigidification with outer membrane fluidization, generating a functionally specialized envelope architecture that simultaneously preserves membrane integrity, modulates permeability, and reduces antibiotic association. These findings suggest that membrane asymmetry is not merely a structural feature of complex bacterial envelopes but an actively regulated adaptive strategy that links environmental sensing to stress resilience and antimicrobial tolerance"
2026-09-18,38,10.64898/2026.09.11.751061,1,"systems biology","Interpretable spherical geometry of single-cell state transitions from dominant principal components","Yuan, L.; Li, X.; Le, M.; Hicks, S. C.; Deshpande, A.; Taube, J. M.; Szalay, A. S.","Single-cell RNA-seq atlases are commonly explored with nonlinear embeddings that preserve neighborhoods but provide limited coordinate-level interpretation. We asked whether projecting the dominant principal components (PCs) of single-cell gene expression onto a unit sphere would yield an interpretable coordinate system. SPHERE-PCA L2-normalizes the first three PC coordinates, aligns a biologically defined root to the north pole, and represents each cell by three coordinates: root-aligned geodesic distance ({theta}), angular position ({phi}), and pre-projection radial magnitude (r). Across developmental and disease-associated datasets, this representation reveals structured spherical geometry, ranging from near-great-circle trajectories to multi-arc manifolds. In developmental atlases, root-aligned geodesic distance increases as CytoTRACE-inferred stemness decreases, while gene-coordinate analyses separate programs associated with angular position from those associated with radial magnitude. Fixed-loading perturbations decompose each gene's effect on cell position into progression, branch- or state-position, and radial activity components. SPHERE-PCA therefore provides a deterministic, loading-preserving coordinate framework for interpreting dominant transcriptomic variance and establishing a transparent geometric coordinate framework for perturbation analysis and virtual-cell models."
2026-09-18,38,10.64898/2026.09.17.752411,1,bioinformatics,"Post-selection inference in testing for phenotypic differences with scRNA-Seq","Sanchez, N.; Etourneau, L.; Purdom, E.","For the purpose of differential expression (DE) analysis in single-cell RNA-sequencing (scRNA-Seq), phenotype differences between samples are often tested within specific cell types. Cell types are regularly imputed by clustering the same gene expression data which is later used for phenotype testing. This creates the potential for a ""double-dipping"" or post-selection inference problem resulting in inflated rates of false discoveries. While this selection bias is known to inflate significance in cell-type marker identification, its effect on sample-level phenotype testing, e.g. in patient cohorts, has never been explored despite the growing preponderance of this type of analysis. To address this, we perform an extensive simulation study and demonstrate that naive clustering on uncorrected embeddings can severely inflate the False Discovery Rate (FDR) in the presence of strong phenotypic differences. However, we further show that applying batch-correction methods to remove phenotypic effects prior to clustering resolves the FDR inflation with no obvious loss of power. Finally, we provide measures of phenotypic imbalance that can be applied to real datasets which closely track the false discovery proportion and thus can be used to as part of data exploration to gauge the risk of post-selection inflation of p-values in a particular dataset."
2026-09-18,38,10.64898/2026.09.15.751712,1,"pharmacology and toxicology","The COVID-19 RNA vaccine SpikevaxTM transfects human umbilical endothelial cells and induces Spike protein production, inflammation and leukocyte adhesion","Cosentino, M.; Ferrari, M.; Schiavone, N.; Rasini, E.; Luini, A.; Legnaro, M.; Federico, M.; Marino, F.; Frajese, G.","Endothelial cell dysfunction plays a key role in the pathogenesis of severe and critical COVID-19, leading to a multi-systemic inflammatory disease, and results from the direct interaction of the SARS-CoV-2 Spike proteins with endothelial cells. COVID-19 RNA vaccines encode a recombinant SARS-CoV-2 Spike protein which undergoes systemic biodistribution. No information is however so far available on the direct effects of COVID-19 RNA vaccines on human endothelial cells. In the present study, we exposed cultured human umbilical venous endothelial cells (HUVEC) to the COVID-19 RNA vaccine SpikevaxTM (Moderna, Inc.), and thereafter we measured the expression of the Spike protein, of the proinflammatory cytokines interleukin (IL)-6 and tumor necrosis factor (TNF)-, of the adhesion molecules intercellular adhesion molecule 1 (ICAM-1) and vascular cell adhesion molecule 1 (VCAM-1), as well as the attachment of human leukocytes to HUVEC layers. We also assessed the effects of SpikevaxTM on HUVEC viability. Exposure of HUVEC to the COVID-19 RNA vaccine SpikevaxTM resulted in effective cell transfection, and subsequent production of the Spike protein, which was expressed in the cells and secreted in the culture medium. Spike protein production was accompanied by increased gene expression of IL-6 and TNF- and of ICAM-1 and VCAM-1, as well as by increased attachment of leukocytes to HUVEC monolayers. Exposure to the COVID-19 RNA vaccine SpikevaxTM did not affect HUVEC viability. Our results provide a mechanistic explanation to post-COVID-19 RNA vaccination pathologies resulting from endothelial dysfunction, such as during atherosclerosis, autoimmune inflammation, and systemic inflammatory conditions."
2026-09-18,38,10.64898/2026.09.16.751996,1,immunology,"An anti-Galectin-3 intrabody improves primary and memory response of antigen-specific CD8+ T cells during viral infection","Singh, Y. J.; Sehrawat, S.","Genetic ablation approaches are routinely used to establish gene function, but these are not beyond limitations. The intracellularly expressed camelid single-domain antibodies (sdAbs), or nanobodies, can specifically disrupt molecular interactions and, therefore, help ascertain their role in the process of cellular differentiation. The approach has not been evaluated in differentiating T cells or the stimulating DCs during viral infection. We modified the intracellular response of Galectin-3 (Gal-3) using an -Gal-3 intrabody (IB) in antigen-specific CD8+ T cells and assessed their differentiation patterns during a resolving Influenza A virus encoding SIINFEKL epitope (IAV: WSN-SIINFEKL). The -Gal-3 IB expressors, compared to the cells genetically depleted of Gal-3, exhibit a significantly prolonged activation, enhanced proliferation, and elevated cytokine production following in vitro stimulation. The -Gal-3 IB expressing cells show enhanced functionality and generate an efficient effector response, favoring the generation of memory precursor effector cells (MPECs: CD127hiKLRG1lo) over short-lived effector cells (SLECs: CD127loKLRG1hi) in IAV-infected animals. Such a differentiation pattern results in improved differentiation of effector memory (CD44hiCD62LloCCR7lo) cells amongst the -Gal-3 IB-expressing cells. The generated memory cells are efficiently recalled upon challenge infection with MHV68-SIINFEKL and help control the infection better. Therefore, modifying the intracellular response of Gal-3 using a sdAb could improve the primary and memory response of antigen-specific CD8+ T cells."
2026-09-18,38,10.64898/2026.09.16.752068,1,microbiology,"Genes controlling polysaccharide synthesis, protein folding and basic metabolism ensure intra-host cell adaptation and replication of Yersinia enterocolitica","Brinkmann, J.; Huang, J.; Blümke, P.; Aepfelbacher, M.; Ruckdeschel, K.","Pathogenesis of yersiniosis comprises cell-invasive events in which the bacteria subvert the endocytic-autophagolysosomal pathway of infected host cells to create an intracellular niche for bacterial replication. To determine potential virulence factors that enable intracellular proliferation of Yersinia enterocolitica, we performed a high-throughput transposon-directed insertion site sequencing approach (TraDIS) with infected epithelial HeLa cells. In this screen, we identified seven particular genes that have either metabolic activities in disulfide bond formation (dsbA), glutamine synthesis (glnA), and energy generation (acnB), or dictate synthesis of enterobacterial common antigen ECA (webB/C/F) and LPS (wzx). Individual knockout of the identified genes impaired intracellular replication of Yersinia. Furthermore, these mutants differentially affected host cell autophagy and the acidification of Yersinia-containing vacuoles (YCVs). The results indicate that glnA, acnB, dsbA, wecB, and wecC support autophagy-promoted, intracellular replication of Yersinia. Folding of yet to be defined proteins dependent on dsbA seems to be most critically required for mediating these events. A wzx-controlled LPS synthesis pathway appears implicated in preventing YCV acidification. These results suggest that autophagy induction and adjustment of Yersinia to the intravacuolar environment result from a multifactorial adaptation process that involves formation of a protective carbohydrate envelope and basic metabolic enzymes needed for the refinement of productive intracellular replication."
2026-09-18,38,10.64898/2026.09.17.752276,1,microbiology,"The chemorepellent effect of metformin limits bacterial penetration into mammalian mucus by altering bacterial motility","Simpson, K.; Ranson, A.; Vazquez Gomez, M.; Le Guen, A.; Rifflet, A.; Wheeler, R.; Rytter, H.; Delaroque, C.; Gorochov, G.; Chassaing, B.; Le Roy, T.; Gomperts Boneca, I.; Clement, E.; Clement, K.","Metformin improves metabolic health and remodels the intestinal microbiota, yet how these microbial changes contribute to therapeutic benefits remains incompletely understood. We combined human metagenomics, quantitative analyses of bacterial behavior and ex vivo mucus models to investigate how metformin modulates host-microbiota interactions. Human metagenomics revealed metformin-associated enrichment of chemotaxis- and motility-related genes. At millimolar concentrations, metformin acted as a bacterial chemorepellent, an effect abolished by deletion of the chemotaxis regulator CheY and dependent on the chemoreceptor Tsr. Direct metformin exposure or fecal water from metformin-treated individuals reduced bacterial penetration into mucin, an effect reproduced in intestinal mucus from pigs fed a moderate-fat diet. Metformin treatment was further associated with reduced fecal flagellin activity and increased anti-flagellin IgA. Together, these findings identify bacterial chemotaxis as a target of metformin and reveal a mechanism by which metformin may limit bacterial access to the intestinal mucus barrier."
2026-09-18,38,10.64898/2026.09.16.751967,1,microbiology,"Mining the Pseudomonas aeruginosa genome for regulators of type III secretion system gene expression using FT-Tn-seq","Yahr, T. L.; Karash, S.","The Pseudomonas aeruginosa type III secretion system (T3SS) is an important virulence determinant used to mute and/or impair host immune defenses. Traditional transposon mutagenesis screens have been instrumental in identifying genes required for T3SS gene expression but our understanding of how those genes orchestrate regulatory control remains incomplete. A comprehensive inventory of the genes involved in the control of T3SS gene expression would help define regulatory mechanisms and provide additional targets for anti-virulence therapeutics. Here, we designed a fluorescently tagged transposon mutagenesis screen (FT-Tn-seq) and identified over 70 new genes important for T3SS gene expression. A role for 31 of those genes was validated using a secondary screen. Several candidate genes were selected for further studies. We demonstrate that deletion of shaC, which encodes a sodium-proton antiporter subunit, results in a significant defect in T3SS gene expression. That defect results from a combined effect on exsA transcription and ExsA translation. Deletion of wspF, a cyclic-di-GMP phosphodiesterase, results in a significant reduction of T3SS expression in strain PAK, but not in PA103. The effect on the T3SS is likely due to elevated levels of c-di-GMP in PAK. Finally, we identified a new sRNA (ivy) that participates in the control of the T3SS. Expression of ivy inhibits T3SS gene expression and requires the RNA-chaperone Hfq for inhibitory activity. Findings from this study will open new research avenues to better understand regulation of T3SS gene expression in P. aeruginosa and develop T3SS-specific therapeutic interventions."
2026-09-18,38,10.64898/2026.09.15.751927,1,microbiology,"Pichinde virus models intrauterine infection by hemorrhagic fever-causing arenaviruses","Bierle, C. J.; Murphy, H.; Hatfield, J. S.; Huang, Q.; Rollman, T. B.; Chauhan, P.; Flannery, B.; Wernimont, S. A.; Morgan, T. K.; Gearhart, M. D.; Liang, Y.; Ly, H.","Arenavirus infection during pregnancy can cause severe maternal disease, congenital infection, and fetal demise. Many arenaviruses are endemic in economically disadvantaged areas and must be studied in high containment laboratories, which has limited our understanding of arenavirus pathogenesis in the placenta. Pichinde virus (PICV) is a nonpathogenic arenavirus that recapitulates many aspects of viral hemorrhagic fever in guinea pigs. Using a combination of experiments in human placental cells and guinea pigs, we characterized the tropism and impact of PICV infection during pregnancy. PICV replicated in human trophoblast stem cells (TSCs), TSC-derived trophoblasts, and explanted term placenta. When guinea pigs were infected at mid-gestation, PICV caused fetal demise. High infectious titers were recovered from placenta and decidua, but PICV was infrequently detected in fetal tissues or amniotic fluid. In situ hybridization confirmed that the placenta, decidua, and fetal membranes were all infected by the virus. Transcriptional profiling of PICV-infected human trophoblasts and guinea pig tissues revealed that infection upregulated canonical antiviral responses, which could contribute to placental dysfunction and pregnancy loss. Thus, PICV is safe and tractable model of zoonotic arenavirus infection during pregnancy with utility for preclinical therapeutic and vaccine development."
2026-09-18,38,10.64898/2026.09.16.752229,1,microbiology,"Validating a high-throughput in vitro model for culturing antibiotic-altered microbiome communities","Long, W.; Tantry, A.; Tran, J.; Cyphert, E. L.","The gut microbiome plays a central role in host health, and its disruption is associated with metabolic, infectious, and immune conditions. Stool sampling is frequently used to characterize snapshots of the gut microbiota. To screen microbiota communities in vitro, multi-stage bioreactors have been developed that model distinct physiological environments along the gastrointestinal tract. However, such bioreactors are often operationally complex and provide limited throughput. Stool-derived in vitro communities offer several advantages to study microbiota due to their ease of use, high-throughput nature, and have previously been shown to remain stable following repeat passaging. Yet, prior characterization of stool-derived cultures has relied on 16S rRNA sequencing of unaltered gut microbiota, leaving several key questions unanswered: 1) how closely does in vitro culture recapitulate the functional potential and resistome composition of its inoculum and 2) can these cultures model antibiotic disrupted microbial communities? In this work, we generated stool-derived in vitro cultures from male and female mice with both unaltered and antibiotic altered gut microbiomes and applied shotgun metagenomic sequencing to characterize taxonomic composition, functional pathway capacity, and antimicrobial resistance gene (ARG) content. Antibiotic-altered microbiota communities, dominated by Enterobacteriaceae, were faithfully recapitulated in culture with preservation of both taxonomy and ARGs. By contrast, unaltered communities underwent substantial restructuring in culture, with Bifidobacterium and Enterococcus blooming and driving sex-divergent shifts in functional capacity and a substantial amplification of the resistome. Together, these findings validate a high-throughput stool-derived in vitro culture as a tractable proxy for an antibiotic altered gut microbiome to screen interventions."
2026-09-18,38,10.64898/2026.09.16.752249,1,microbiology,"Mapping First In Vivo Ebolavirus Infection Events","Barry, M.; Liu, J.; Zell, B.; Wang, L.","Orthoebolaviruses, including Ebola virus (EBOV) and Bundibugyo virus (BDBV), cause sporadic outbreaks and devastating hemorrhagic infections in humans. A significant challenge that impedes the study of filoviruses is that the infectious virus can only be handled in biosafety level 4 (BSL4) facilities due to their extreme virulence. Life cycle modeling systems that use minigenomes and transcription/replication-competent virus-like particles (trVLPs) are powerful tools for studying these virus biology and to explore antiviral therapies under BSL2 conditions. To date, these powerful tools have only been utilized in vitro in cell culture systems. In this work, we demonstrate the use of EBOV trVLPs in vivo. We report the fine specificity of first infection events in a model of EBOV injection in the skin. Cre recombinase expressing monocistronic EBOV trVLPs were packaged and used to inject Cre reporter mice intradermally (ID). Initial infection events were monitored in living animals by luciferase imaging and then by flow cytometry to track cell-specific expression of Cre-activated GFP. By this approach, EBOV trVLPs were shown to directly infect T cells, monocytes, dendritic cells (DCs) with notably high first infections of skin-resident Langerhans cells (LCs) in the skin barrier and its draining lymph node. EBOV trVLPs were next tested as an in vivo tool to assess antiviral therapies by testing the ability of an EBOV vaccine to reduce trVLP luciferase levels after infection in the skin. This work demonstrates first in vivo use of EBOV trVLPs and provides proof of concept for their use as an in vivo BSL2 model to more rapidly develop antiviral agents and vaccines."
2026-09-18,38,10.64898/2026.09.15.751726,1,microbiology,"Set202 is a histone lysine methyltransferase that enables Cryptococcus neoformans to adapt to the host environment","Agyei, G.; Anderson, K. C.; Stuckey, P. V.; Celis, F. J.; Theisen, T. J.; Santiago-Tirado, F. H.","All pathogens rely on dynamic gene expression for host adaptation and disease causation. This is especially important for pathogens that normally are found in the environment, like Cryptococcus neoformans, given that environmental and host conditions are dramatically different. Epigenetic modifications, like those carried out by SET-domain histone lysine methyltransferases (HKMTs), are essential for this genome expression flexibility. While transcription factors and signaling cascades have been well-studied in C. neoformanss host adaptation, the role of HKMTs in this process has not been explored. Here, we characterize the gene SET202, previously reported as a putative HKMT important for growth in host lungs. We show that set202{Delta} mutants have 50% less phagosomal permeabilization than the wild-type fungi, have phagosomal maturation defects, and poor intracellular survival. Additionally, they are defective in traits promoting virulence, including significantly smaller capsules, less melanin, and poor growth under host-like conditions. These phenotypes contributed to reduced virulence in a murine model of infection but, notably, this defect was host-temperature-dependent. In order to explain mechanistically how SET202 deletion could affect such a wide range of processes, we assessed and demonstrated, for the first time, that Set202 is a true histone-3-lysine 36 methyltransferase, supporting its role in epigenetically modifying the fungal genome to enable adaptation to the hostile host conditions. Consequently, our findings support the study of the biological function of Set202, as it can serve as a potential future therapeutic target for the treatment of infections caused by C. neoformans, and possibly other pathogenic fungi."
2026-09-18,38,10.64898/2026.09.17.752272,1,microbiology,"Noncytotoxic bacterial nano-melanin with immense cosmetic potential produced by Bacillus infantis isolated from salt pans of Marakkanam, Tamil Nadu, India","Ansar S, M.; Kurian, N. K.","Melanin is a high molecular weight pigment derived from the oxidation of phenols, followed by the polymerization of phenols and the quinones they produce. Usually, they appear in dark brown or black color. Bacillus infantis was isolated from saltpans of Marakkanam, Tamilnadu. This strain was utilized for melanin production by screening using tyrosine basal broth, and the extracted pigment was characterized by UV-visible spectrometer and FT-IR. Notably, melanin was found to be nano size and it is confirmed by DLS analysis. The nano-sized melanin-producing strain Bacillus infantis was confirmed as non-pathogenic by testing with different antibiotics. This study also explores the sun protection factor of melanin, and this melanin shows successful outcomes. The antioxidant activity of melanin shows a wide range of radical scavenging activity by DPPH, ABTS and FRAP assays. The melanin has shown modest anti-ageing activity at the higher concentration tested. Nano melanin was found to be non-cytotoxic even in higher concentrations tested. This is the first report on melanin production by Bacillus infantis, and there is limited information available to date about melanin-producing bacteria from salt pan sediments."
2026-09-18,38,10.64898/2026.09.17.752486,1,microbiology,"Metagenomic identification of novel Hepaciviridae in Australian birds reveals pegivirus recombination","Schwarz, J. W.; Rieken, J.; Mandojana, E.; Rose, K. C.; Fenton, H.; Hall, J.; Van Brussel, K.; Holmes, E. C.","The Hepaciviridae family of RNA viruses have a wide range of hosts including arthropods, fish, birds and mammals. Birds are well documented reservoirs of these viruses, owing to their physiological and ecological characteristics that facilitates rapid transmission through populations. To expand our understanding of the avian virome, with a particular focus on the identification of novel hepaciviruses, we performed metatranscriptomic sequencing on tissues taken from Australian endemic birds such as emus, pelicans as well as migratory birds (shearwater and albatross sp., egrets, herons and cuckoos) found deceased in New South Wales, Australia between 2021 and 2025. From these data we identified two novel pegiviruses -- shearwater and Australian pelican pegivirus (denoted SWPgV and APPgV) -- that provided phylogenetic evidence of a putative recombination event, reflected in incongruent tree topologies. SWPgV and APPgV form a sister clade with previously described avian-associated pegiviruses in NS3 phylogenetic trees, yet fell as a unique basal group in phylogenies based on NS5B. The lack of a clear parental lineage in NS5B domains suggests that additional divergent avian-associated pegiviruses have yet to be identified. In addition, we discovered two novel orthohepaciviruses herein named short-tailed shearwater and emu orthohepacivirus (STSHpV and EHpV) that are related to other avian-associated orthohepaciviruses, indicative of a long avian association, as well as a confirmed case of pegivirus and orthohepacivirus co-infection. Combined, these avian hepacivirus findings demonstrate the importance of tissue-based viral discovery studies in uncovering novel virus species and understanding their complex evolutionary histories."
2026-09-18,38,10.64898/2026.09.16.751817,1,microbiology,"Progressive Post-Acute Gut Microbiome Disruption Following SARS-CoV-2 Infection in Mice","Mann-Nuttel, R.; Ogando, N. S.; Armbruster, M.; Mandal, S.; Ospondpant, D.; Elaish, M.; Hobman, T. C.; Power, C.; Forsythe, P.","SARS-CoV-2 infection is increasingly recognized to produce long-lasting physiological disturbances that extend beyond the acute phase. The gut microbiome has emerged as a potential contributor to post-infection outcomes, yet the longitudinal progression of microbial disruption following infection remains poorly defined. Here, we used a mouse model of SARS-CoV-2 infection to characterize gut microbiome dynamics at 7 (late acute phase), 14 (early recovery), and 21 (post-COVID condition, PCC) days post-infection (dpi). Viral RNA was detected in the lungs through 21 dpi. Longitudinal microbiome profiling revealed a two-phase restructuring marked by early shifts in Bacillota and Bacteroidota abundance, followed by pronounced post-acute dysbiosis characterized by reduced diversity, expansion of Bacillota, and near-complete loss of Bacteroidota. Functional pathway predictions showed progressive metabolic remodeling, including disruptions in nucleotide turnover, fermentation, and vitamin-related pathways. Together, these findings demonstrate that SARS-CoV-2 infection drives progressive and sustained alterations in gut microbial composition and function after the transition from acute infection through recovery into PCC."
2026-09-18,38,10.64898/2026.09.17.752449,1,microbiology,"Biotinylation-dependent near-neighbor analysis for identification of septation regulators in Aspergillus fumigatus","Thorn, H. I.; Martin-Vicente, A.; Perez-Cuesta, U.; Xie, J.; Bale, D.; Nandi, A.; Fortwendel, J.","Recent work has established septation as a critical process for virulence in A. fumigatus, as strains lacking septa are avirulent. While our work has focused on the well-studied Septation Initiation Network (SIN), understanding of septation machinery upstream and downstream of SIN remains limited in filamentous fungi. Proximity labeling techniques are powerful tools to study pathway interactions, especially those that are transient. Recent advances have seen TurboID used to study pathways and processes important for fungal pathogenesis. In this study, we adapt TurboID for use in Aspergillus fumigatus and use overlapping datasets of two SIN components, the terminal NDR kinase SidB and its binding partner MobA, to identify putative septation effectors. Many known septation effectors, including septins and cell wall synthesis proteins, were enriched in our datasets, validating the approach. Phenotypic characterization of hits identified by LC-MS/MS revealed several previously uncharacterized gene products involved in septum formation and cell wall stress tolerance. These included the PP2A regulatory subunit PabA and IQGAP SepG, which have been shown to regulate septation in Aspergillus nidulans. Thus, TurboID is a useful tool to study fungal signaling and physiology in A. fumigatus and may be used to improve understanding of pathogenic processes."
2026-09-18,38,10.64898/2026.09.16.752245,1,bioinformatics,"A diffusion model of viral evolution predicts mutation fitness and evolutionary trajectories","Wu, J.; Ding, X.; Wu, A.","Viral evolution arises from random mutations and natural selection, yet computational approaches rarely model these two forces in a unified way. We present Viral Evolution Simulator (VES), a diffusion model-based framework that mirrors this duality by design: forward noise injection simulates stochastic mutation, and reverse denoising recapitulates selective filtering. Trained solely on viral protein sequences, VES predicts mutational fitness without functional data, measuring fitness as the reconstruction difficulty of a mutated sequence relative to its wild-type counterpart. Across immune escape, receptor binding, and deep mutational scanning datasets, VES outperforms state-of-the-art generative models, achieving a 31.78% error reduction over the best baseline in immune escape mutation fitting evaluation. When trained on sequences collected before June 2024 and evaluated against H1N1 strains that later emerged, VES assigned high scores to 16 of 20 mutations that subsequently showed the sharpest frequency shifts. Extending to avian influenza H5, the framework reveals a dynamic interplay between antigenic escape and human-type receptor binding. Both functions dropped sharply in 2021, followed by a sustained rise in receptor affinity that could connect to recent epidemiological trends. VES offers a generalizable, sequence-only foundation for tracing evolutionary trajectories and prioritizing mutations for surveillance and experimental validation, pointing toward where functional efforts might matter most."
2026-09-18,38,10.64898/2026.09.16.752260,1,bioinformatics,"BFVD v3-UniProt-complete, improved viral protein structure predictions","Kim, R. S.; Pimenova, O.; Levy Karin, E.; Mirdita, M.; Steinegger, M.","The Big Fantastic Virus Database (BFVD) v3 is the most comprehensive resource for ColabFold-AlphaFold2-predicted viral protein structures. It holds 5,776,417 structures of nearly all viral sequences in UniProt 2025_03, a 16.4-fold increase compared to the representative-only catalogs of BFVD v1 and v2. Structure prediction quality has also improved, with high-confidence predictions accounting for 75.3% of BFVD v3 entries. This is due to Logan's enormous sequence assembly, now mined for the entire BFVD v3 instead of only for shallow alignments, alongside continued prediction quality improvements. BFVD v3 covers 72.7% of ICTV's virus species, 1.54-fold more than BFVD v2. With this version, the fraction of fully covered viral reference proteomes increases from 1.5% to 72.6%. BFVD v3 thus brings us closer to a structural catalog of the known virosphere and is freely available at bfvd.steineggerlab.workers.dev and bfvd.foldseek.com."
2026-09-18,38,10.64898/2026.09.16.751725,1,immunology,"CX3CR1+ microglia/macrophages, activated T cells, and IFN-γ-driven stimulation confer age-dependent protective immunity in young-adult mice following β-coronavirus infection.","Ghosh, S.; Hazra, B.; Das Sarma, S.; Chakravarty, D.; DasSarma, J.","Age-dependent variation in the immune response is a critical determinant of host susceptibility, disease severity, and long-term sequelae in coronavirus infections, a principle strikingly demonstrated by the COVID-19 pandemic caused by SARS-CoV-2. Although primarily pneumotropic, coronaviruses carry significant neurotropic potential, driving neurological complications whose severity is profoundly determined by host age. Elderly individuals and often children suffer disproportionately severe disease, whereas young adults relatively mount protective responses; yet the cellular and molecular determinants of this age-dependent neuroprotection remain poorly characterized. Using juvenile and young-adult C57BL/6 mice intracranially inoculated with {beta}-coronavirus MHV-RSA59, a murine equivalent of human coronaviruses, we examined immune dynamics at days 5 (innate-acute), 7 (innate-to-adaptive transition), and 30 (chronic) post-infection. Young-adult mice exhibited only occasional demyelination, in stark contrast to the extensive demyelination observed across all spinal cord levels in juveniles. This differential outcome was attributable to enhanced age-dependent immune maturation, characterized by efficient T cell-microglia/macrophage crosstalk enabling effective viral control by day 7 post-infection. Young adults displayed greater glial activation, heightened cytokine release, CX3CR1+ microglia activation, and augmented CNS trafficking of CX3CR1+ and MHC II+ monocytes/macrophages, IFN-{gamma}+ CD4+/CD8+ T cells, and CXCR3+ effector T cells relative to juveniles. Reduced naive T cell frequencies and elevated effector/central memory T cell populations in cervical lymph nodes further indicate a robust adaptive memory response conferring long-term protection. Additionally, greater regulatory T cell accumulation in young adults facilitates timely suppression of excessive neuroinflammation as viral burden subsides. Together, these findings define the age-dependent immune landscape that underpins neuroprotection in {beta}-coronavirus infection."
2026-09-18,38,10.64898/2026.09.16.752182,1,microbiology,"Structural analyses of a heterodimeric SusCD complex captures intermediate states of maltooligosaccharide transport","Cadigan, M. C.; Rivera-Fuentes, N.; Salmen, W.; Roberts, J. R.; Ruotolo, B.; Ohi, M. D.; Koropatkin, N. M.","Bacteroides are abundant gut bacteria with diverse polysaccharide metabolizing capabilities encoded by co-transcribed polysaccharide utilization loci (PULs). The starch utilization system (Sus) is required for starch and a-glucan metabolism in Bacteroides thetaiotaomicron and has served as a model for PUL studies. However, the mechanism of maltooligosaccharide (MOS) transport and the architecture of the SusCD complex remain incompletely understood. Here, we used cryo-electron microscopy to capture multiple transport-relevant conformations of the SusD lipoprotein and the TonB-dependent transporter SusC in both unliganded and ligand-bound states. In the absence of ligand, SusCD adopts three conformations including an open state in which SusD is displaced from SusC, a state containing the SusC plug, and a state lacking density for the SusC plug. Three-dimensional variability analysis of the structure where SusD is displaced from SusC reveals continuous SusD mobility coupled to movement of the SusC N-terminus. The maltoheptaose-bound SusCD structure reveals two binding sites, one at the SusD-SusC interface and a second within SusC, indicating how MOS stabilizes a closed SusCD assembly. Notably, all structures show that SusCD is a heterodimer, unlike other Sus-like transporters that assemble into SusCD heterotetramers. Native mass spectrometry confirms this heterodimeric stoichiometry, and comparisons with other SusCD-like complexes suggest a structural basis for this distinct assembly of SusCD. Together, these data define substrate binding and intermediate transport states in a canonical PUL system and reveal architectural divergence among Sus-like carbohydrate transport complexes in Bacteroides."
2026-09-18,38,10.64898/2026.09.16.752188,1,microbiology,"Lactococcus lactis subsp. cremoris Reprograms the Gut-Liver Axis and Protects Against Liver Injury","Gacasan, C. A. G.; Weinberg, J.; Webster, G. M.; Naudin, C. R.; Tran, V.; Askew, L. C.; Barbian, M. E.; Jones, D. P.; Jones, R. M.","Metabolic diseases are increasingly linked to dysregulation of the gut-liver axis, highlighting the therapeutic potential of probiotics. Lactococcus lactis subsp. cremoris (LLC) protects against experimental hepatic steatosis, but the mechanisms underlying its benefits remain poorly understood. Here, we integrated untargeted metabolomics, gnotobiotic mouse models, targeted bile acid profiling, and liver injury paradigms to systematically define LLC-mediated metabolic reprogramming. LLC extensively remodeled serum and hepatic metabolomes in Western diet-fed mice, enriching pathways associated with lipid metabolism, xenobiotic biotransformation, and redox homeostasis. LLC attenuated ethanol-induced steatosis and acetaminophen-induced liver injury, accompanied by activation of Nrf2-dependent antioxidant programs and FXR signaling. LLC monocolonization was sufficient to reprogram the hepatic metabolome, revealing direct host metabolic effects. Reduced intestinal bile acid conjugation emerged as a prominent LLC-associated phenotype. Together, these findings identify LLC as a probiotic that reprograms the gut-liver metabolic axis to enhance metabolic resilience and hepatoprotection."
2026-09-18,38,10.64898/2026.09.14.751460,1,microbiology,"Understanding malaria transmission in Angola: first detection of Plasmodium malariae in Anopheles spp. and the role of secondary vectors in the Balombo region, Benguela Province","Narpon, Q.; Toto, J.-C.; Lucarz, E.; Dos Santos, M. A.; Ingles, A.; Girault, C.; Besnard, P.; Cabinda, A. M.; Franco Martins, J.; Poinsignon, A.; Manguin, S.","Background: Angola is one of the most affected countries in sub-Saharan Africa and was off-track to meet the WHO Global Technical Strategy targeting of a 75% reduction in malaria incidence and mortality by 2025. Recent studies highlighted major knowledge gaps regarding malaria vectors in Angola, particularly secondary vectors. A malaria control project initiated in 2007 in Balombo (Benguela Province, central Angola) has monitored malaria dynamics for 18 years, revealing increased Plasmodium prevalence and more frequent detection of non-falciparum species, mainly Plasmodium malariae (in co-infection with P. falciparum) in villagers of the Balombo region. This study aimed to characterize Anopheles populations in this region by assessing species composition, behavioural patterns, and infection rate. And to a less extent, to compare the performance of two indoor and outdoor mosquito trapping methods. Methods: Surveys were conducted during the rainy (December 2023 and 2024) and dry seasons (July 2024) in villages around the town of Balombo. Adult mosquitoes were collected indoors and outdoors using CDC Light Traps and BG-Pro traps in randomly selected houses. Female Anopheles were morphologically and molecularly identified. Primary and secondary vectors were screened for Plasmodium spp. using qPCR-high resolution melting, and positive samples were sequenced. Results: A strong seasonal effect was observed in Anopheles populations, with higher abundance, diversity, and Plasmodium- infection rates during the rainy season. An. funestus remained the main vector, but Plasmodium spp. was also detected in five other species: An. arabiensis, An. gambiae, An. marshallii, An. rufipes, and An. maculipalpis. This is the first report of P. malariae in Anopheles mosquitoes and the first mention of the role of secondary vectors in malaria transmission in Benguela Province. Conclusion: This study provides a thorough and updated inventory of Anopheles species in the Balombo region. Molecular biology confirmed the presence of P. falciparum and P. malariae in several species of Anopheles underscoring the existence of a complex transmission system in villages of Balombo. Infected exophagic and exophilic Anopheles species, exhibiting opportunistic behaviour, likely contribute, as secondary vectors, to the increase of Plasmodiumspp. transmission in the study sites. Therefore, confirming the need to implement complementary interventions targeting outdoor malaria transmission."
2026-09-18,38,10.64898/2026.09.17.752337,1,microbiology,"Gut microbiota-dependent phenylpropanoic acid derivatives reduced in cancer cachexia protect against myotube atrophy","Degraeve, A. L.; Li, X.; Lefevre, C.; Piron, E.; Loriot, A. L.; Delzenne, N.; Neyrinck, A. M.; Bindels, L.","Cancer cachexia is a debilitating disease characterized by muscle atrophy. Given the gut dysbiosis in cancer cachexia and the increasing evidence of a gut-muscle axis, we explored the potential beneficial effects of bacteria-dependent metabolites on myotube atrophy. Using both hypothesis-driven and hypothesis-free approaches, in-depth metabolomic analysis of blood samples from cachectic C26 tumor-bearing mice treated or not with antibiotics, as well as disease-free germ-free and conventionalized mice, identified 7 bacteria-dependent metabolites decreased under cachectic conditions. Such alterations were not mediated by reduced caloric intake. Among them, 2 metabolites, namely 2-phenylpropanoic acid (2PPA, also known as 2-phenylpropionic acid) and 3-(3,4-dihydroxyphenyl)propanoic acid (3,4OHPP, also known as 3,4-dihydroxyhydrocinnamic acid or dihydrocaffeic acid), demonstrated anti-atrophying effect, alone and in combination, on mouse C2C12 myotubes. Transcriptomics revealed that these 2 bacteria-dependent metabolites restored the amino acid homeostasis with an activation of ATF4 and the serine biosynthesis pathway. Pharmacological inhibition of the phosphoglycerate dehydrogenase (PHGDH), the rate-limiting enzyme of this pathway, prevented the anti-atrophying effects of 2PPA and 3,4OHPP, indicating a causal role for PHGDH in this effect. By identifying microbiota-dependent metabolites as potential therapeutic levers, the current work not only advances our understanding of microbiome-host crosstalk in disease but also opens avenues for innovative, targeted interventions to mitigate muscle atrophy."
2026-09-18,38,10.64898/2026.09.18.752573,1,microbiology,"A short C-terminal plug motif in a conserved type 4 pilus component controls pilus-tip localisation and filament biogenesis","Denic, M.; Wuckelt, M.; Roig-Zamboni, V.; Valette, O.; Biais, N.; Elantak, L.; Sulzenbacher, G.; Coureuil, M.; Pelicic, V.","Type 4a pili (T4aP), the most widespread and functionally versatile subtype of the type 4 filaments (T4F) superfamily, are functionalised at their tip by the adhesin PilC/PilY1. How this unusually large non-pilin protein is stably displayed at the pilus tip, and why is it required for pilus biogenesis, remains unknown. Here, using a multidisciplinary approach in Neisseria meningitidis, we show that the last 12 residues of PilC, representing ~1% of the protein, are both necessary and sufficient for pilus-tip localisation and filament biogenesis. X-ray crystallography reveals that this short ""plug"" motif binds the PilK subunit (within a complex of four minor pilins that caps the pilus) through {beta}-strand augmentation, a mode of interaction not previously characterised in T4F. Binding assays with synthetic peptides establish the specificity and affinity of this interaction, while the addition of a plug peptide extracellularly to cultures of a{Delta} pilC mutant restores pilus biogenesis. We show, using different methods, that the plug motif markedly stabilises PilK, providing an explanation for the requirement of PilC in pilus biogenesis. Consequently, expression of a PilK protein carrying a fused plug in N. meningitidis bypasses the requirement for PilC in pilus biogenesis. Together, these findings define the molecular basis of PilC/PilY1 function and localisation, reconcile all previous observations, and establish a broadly applicable model for T4aP biogenesis."
2026-09-18,38,10.64898/2026.09.16.751890,1,microbiology,"Chronological lifespan correlates with virulence within Candida albicans but long lifespan is not restricted to pathogenic Candida species","Luna-Carrera, A.; Rodriguez-Flores, L.; Moreno-Mendez, E.; Mancera, E.; DeLuna, A.","Yeast cells can remain viable for extended periods after entering stationary phase, a survival trait measured as chronological lifespan (CLS). Although CLS is well characterized in Saccharomyces cerevisiae as a model of postmitotic aging, its relevance to human-associated fungi remains poorly understood. Candida species of the CTG (CUG-Ser1) clade vary widely in ecology and clinical importance, raising the question of whether stationary-phase survival is linked to pathogenicity across species or among strains. Here, we combine an optimized CFU-based CLS assay with scalable flow cytometry of membrane integrity across Candida species and genetically diverse Candida albicans isolates. CLS varies extensively across species, yet caloric restriction extends survival in every species examined, revealing a remarkably consistent response to reduced glucose despite marked differences in baseline lifespan. Pathogenic species tend toward longer CLS, but long lifespan is not restricted to them, with the non-pathogenic C. sojae among the longest-lived species examined. Among 20 genetically diverse C. albicans clinical isolates, longer CLS is consistently associates with greater virulence. Our study establishes a methodological framework for comparative CLS analysis, reveals a broadly shared response to caloric restriction, and shows that the association between CLS and virulence emerges within C. albicans but not across Candida species."
2026-09-18,38,10.64898/2026.09.14.751438,1,"cell biology","Spatially Confined Phase Separation Promotes Local Tubulin Availability to Stabilize Ciliary Microtubule Growth","XU, K.; Zhu, Z.; Chai, Y.; Li, W.; Ou, G.","How microtubule (MT) growth is locally sustained within cilia remains a central unanswered question in ciliogenesis. Here we identify RAT-1 as a regulator of ciliary tubulin homeostasis and MT growth. Genetic screens in Caenorhabditis elegans show that loss of RAT-1 suppresses the toxic effects of a mutant -tubulin and restores ciliary structure, while RAT-1 deficiency reduces tubulin turnover at the ciliary tip, indicating its physiological role in tuning ciliary MT dynamics. Mechanistically, RAT-1 forms intra-ciliary condensates selectively at the distal region through an auto-inhibitory -helix and phosphorylation by the distally localized ciliary kinase. RAT-1 enriches tubulin within condensates in vivo/vitro, and cooperates with end-binding proteins to facilitate sustained MT growth in vitro. Notably, heterologous expression of worm RAT-1 reveals conserved condensate behavior within mammalian cilia. Our findings reveal a kinase-regulated mechanism controlling RAT-1 condensation within cilia and establish RAT-1 as a regulator of ciliary MT dynamics."
2026-09-19,38,10.1101/2024.06.10.598216,2,bioinformatics,"A functional landscape of human microproteins","Slivak, M.; Choteau, S. A.; Spinelli, L.; Souville, L.; Pierre, P.; Carvunis, A.-R.; Bornberg-Bauer, E.; Zanzoni, A.; Brun, C.","Short open reading frames (sORFs) are widespread yet often poorly annotated, and an increasing number are known to encode functional sORF-encoded peptides (sPEPs, or microproteins). Here, we use a system approach to determine the functions of sPEPs in three tissues: monocytes, skeletal muscle and brain. We first predicted interactions between sPEPs and canonical proteins and characterized their interaction interfaces. sPEPs preferentially target specific canonical partners rather than interacting promiscuously, and two functional groups emerge from their interaction features. A small subset (~2%) exhibits canonical protein-like features, with structured domains interacting with diverse proteins involved in tissue-specific functions. In contrast, most sPEPs contain short linear motifs with extensive phosphorylation potential, suggesting they may be involved in signaling. We then constructed the first sPEP-containing interactome networks and infer sPEP functions from network topology. Most sPEPs appear to act as regulatory elements modulating diverse cellular processes rather than acting directly as functional components. Knowledge-based validations using characterized sPEPs, show that our framework can capture context-specific functions beyond current annotations. Together with their limited evolutionary constraint, the pervasive regulatory roles of sPEPs suggest that they constitute a reservoir of functional novelty and an evolutionarily flexible layer of cellular regulation."
2026-09-19,38,10.64898/2026.06.30.735650,3,immunology,"State-Dependent 3D Enhancer Architecture Resolves a Shared Schizophrenia and Multiple Sclerosis Ketone and Lactate Sensing Logic Gate","Krantz, B. A.","Recent cross-disorder meta-analyses have revealed substantial pleiotropic genetic architectures shared between Schizophrenia (SCZ) and Multiple Sclerosis (MS). However, reliance on automated 1D positional mapping heuristics has historically misattributed the significant shared risk locus at 12q24.31 (123.60 Mb) to adjacent structural genes, such as PITPNM2, obscuring the true biophysical checkpoint driving neuroimmune pathology. By integrating 3D chromatin conformation (Hi-C), historical Linkage Disequilibrium modeling (D' > 0.92), and state-dependent macrophage transcriptomics, we definitively reassign this 772 kb structural block. We demonstrate that while the 123.60 Mb index variant drives disjointed transcriptomic noise across the adjacent PITPNM2 gene, it completely decouples from it during Gram-positive stress. Instead, the entire region functions as a distal pleiotropic enhancer hub that physically bypasses local gene bodies to directly govern the tandemly duplicated HCAR metabolic sensor array via a coordinated logic gate. Crucially, the shared SCZ/MS mutational burden corrupts this 3D architecture, triggering a pathogen-specific thermodynamic logic gate. Under acute viral or Gram-negative inflammatory stress, the mutated enhancer loop structurally mis-docks, driving a catastrophic failure and transcriptomic collapse of the HCAR2 ketone sensor. This genetic ""blindness"" uncouples the peripheral immune system from systemic {beta}-hydroxybutyrate anti-inflammatory stand-down signal. We propose that the HCAR enhancer hub represents a highly conserved, evolved pathogen-hunting engine that is catastrophically mismatched with modern, low-ketone metabolic environments. Ultimately, this 3D genomic architecture mechanistically resolves the shared neuroimmune etiology of SCZ and MS while explaining the profound clinical efficacy of HCAR2 synthetic agonists, derived from the drug dimethyl fumarate (which forms the monomethyl fumarate metabolite), in halting demyelinating disease."
2026-09-19,38,10.64898/2026.05.15.725335,2,microbiology,"An Integrated Cell Culture - Nanopore Sequencing (ICC-NanoporeSeq) method for the simultaneous detection of multiple enterovirus types and quantification of infectious Enterovirus B","Astorch-Cardona, A.; Rouault, S.; Kohn, T.","Enteroviruses (EVs) are ubiquitous contaminants of surface waters, where they can remain infectious for long periods of time. Most methods used for EV monitoring are unable to distinguish between infectious and non-infectious particles or between EV types. Because different types exhibit both distinct environmental persistence and health implications, there is a need for type-resolved infectivity measurements. Here we developed Integrated Cell Culture-Nanopore Sequencing (ICC-NanoporeSeq), a method combining short-term cell culture amplification with Nanopore sequencing of the VP1 gene. The ICC approach was adapted from a previously described ICC-RTqPCR protocol, while the NanoporeSeq workflow was derived from a clinical EV typing protocol and optimized for environmentally circulating EV types. Using samples containing known concentrations of ten EV types, the NanoporeSeq method accurately and reproducibly recovered the original proportions of all EV types after correction of biases. When applied to wastewater extracts, the method detected 45 EV types across five species. Furthermore, type-specific calibration curves generated with ICC-NanoporeSeq enabled quantification of the infectious concentrations of six EV types of the Enterovirus B species, allowing a simultaneous and type-resolved assessment of infectivity in mixed samples. Overall, ICC-NanoporeSeq provides a scalable approach for the parallel analysis of multiple EV types. Compared with the predecessor ICC-RTqPCR method, it eliminates the need for multiple type-specific PCR primers and can therefore be readily expanded to include additional EV types."
2026-09-19,38,10.1101/2023.03.06.531305,2,"cell biology","Cryo-electron tomography sheds light on the largest protein in the Trypanosoma brucei tripartite attachment complex","Bregy, I.; Eberle, R. B.; Radecke, J.; Khosrozadeh, A.; Llodra, J.; Noga, A.; van den Hoek, H.; Kern, M.; Haenni, B.; Engel, B. D.; Stettler, P.; Schneider, A.; Siebert, C. A.; Ishikawa, T.; Zuber, B.; Ochsenreiter, T.","Trypanosomes only contain a single mitochondrion per cell. Within that singular mitochondrion, the protist carries a single mitochondrial genome that consists of a complex DNA network, the kinetoplast DNA (kDNA). The replicated kDNA is segregated during cell division by the tripartite attachment complex (TAC), a multi-protein bridge that physically links each daughter kDNA to a basal body (BB). BB movements drive kDNA segregation prior to cell division. How the TAC accommodates constant BB movements while maintaining a stable kDNA anchor throughout the cell cycle has remained unclear. Here we used cryo-electron tomography to image the cytoplasmic part of the TAC in its native context. We resolved the BB, the mitochondrial membranes, and the exclusion zone filaments (EZFs) connecting the BB and pro-BB to the outer mitochondrial membrane (OMM) and quantified the geometry of the region across many cells. EZF lengths spanned 230 to 625 nm in zoid cells and up to 874 nm in NP40-treated cells, and the BB occupied a wide range of positions and orientations relative to the OMM, while the pro-BB sat closer and more constrained. Building on these observations and prior evidence that p197 alone defines the BB-OMM distance, we propose that p197 is a length-variable connector: the length of a tandem array of -helical repeats depends on their relative orientation, and filaments of different lengths coexist at one basal body. How that orientation is set remains open, but such a connector reconciles stable kDNA anchoring with the mechanical demands of BB movement during the cell cycle."
2026-09-19,38,10.64898/2026.09.17.752154,1,microbiology,"Plscr1 inhibits murine norovirus entry","Baggett, N. S.; Pierce, L. R.; Orchard, R. C.","Noroviruses are a leading cause of gastroenteritis worldwide, yet host factors that restrict norovirus replication are not well understood. By mining both CRISPR activation and CRISPR knockout genome-wide screens, we identified the interferon-stimulated gene Plscr1 as a restriction factor for murine norovirus (MNV). Plscr1 inhibits the fusion of enveloped viruses with endocytic membranes, making its antiviral activity against the nonenveloped MNV surprising. Here, we demonstrate that Plscr1 is both necessary and sufficient to restrict MNV infection in vitro and contributes to the control of colonic infection in mice. Mechanistically, we determined that Plscr1 inhibits MNV entry at a post-attachment step. A single amino acid substitution in the minor capsid protein VP2 confers resistance to Plscr1. Because VP2 delivers viral RNA by puncturing endocytic membranes during calicivirus entry, these findings implicate a late entry step targeted by Plscr1. Our results expand the antiviral activity of PLSCR1 to a nonenveloped virus and identify an unexpected point of convergence between enveloped- and non-enveloped-virus entry pathways."
2026-09-19,38,10.64898/2026.09.18.752562,1,microbiology,"A panel of genotypically and phenotypically characterised WHO priority Gram-negative bacteria to facilitate antimicrobial and diagnostic development","Soley, J. K.; Mushtaq, S.; Hind, C. K.; Adkin, R.; McGregor, H.; Sweeney, E.; Hutchings, E.; Mason, H.; Breidenstein, E. B.; Dawson, L.; Coombs, P. J.; Isherwood, B.; Sutton, J. M.; Hopkins, K. L.","Background Antimicrobial-resistant Gram-negative bacteria pose a major threat to global health. In the WHO Bacterial Priority Pathogen List (BPPL) 2024, several species were classified as critical or high priority for research and development of new antimicrobial therapeutics and diagnostics. However, access to well-characterised and clinically relevant bacterial isolate panels remains an unmet need for development and validation. Methods We constructed five panels of Gram-negative bacterial isolates, cultured from samples originally referred to the UK Health Security Agency Antimicrobial Resistance and Healthcare-Associated Infections Reference Unit for analysis between 2014 and 2025. For each isolate, antimicrobial susceptibilities were determined against a range of clinically relevant antibiotics, including third-generation cephalosporins, carbapenems, colistin and other last-line antibiotics. WGS was performed on all isolates, and previously described resistance determinants were characterised. Results The five panels consist of 145 isolates and represent 81 sequence types across Escherichia coli (30 isolates), Klebsiella pneumoniae (30 isolates), carbapenem-resistant Acinetobacter baumannii (30 isolates), carbapenem-resistant Pseudomonas aeruginosa (30 isolates), and a mixed panel of other healthcare-associated Enterobacterales species (25 isolates). Panels are highly representative of globally relevant strains, including those currently in circulation and on the WHO BPPL 2024, and of resistance mechanisms of public health importance. Conclusion The panels provide a diverse, comprehensive set of multidrug-resistant Gram-negative bacterial isolates, representative of strains currently in circulation globally. Selected isolates carry a breadth of important resistance mechanisms and are highly relevant to the current epidemiological landscape. The isolates and associated metadata are available to industry, academia, and other laboratories for use in developing novel antimicrobial compounds and diagnostic assays."
2026-09-19,38,10.64898/2026.09.18.752026,1,microbiology,"A symbiont-derived biosurfactant couples bacterial surface behavior and host peristalsis to control colonization","Pees, B.; Escudero-Hernandez, C.; von Hoyningen-Huene, A.; Rosenstiel, P.; Schmitz, R. A.; Dierking, K.","Hosts must control symbiont abundance to ensure stable associations with their beneficial microbes, while also minimizing potentially harmful unrestricted microbial proliferation. Yet, the microbial stimuli and involved host responses that shape this colonization control, are usually unknown, in spite of their central role in shaping host-microbe and, more broadly, host-microbiota interactions. Here, using the natural association between Caenorhabditis elegans and its symbiont Pseudomonas lurida MYb11, we combine an unbiased bacterial genetic screen with a host response reporter to identify the biosurfactant massetolide as a key regulator of host-microbe interaction. Our subsequent host functional genetic analyses revealed that massetolide triggers host TGF-beta and serotonergic signaling to promote intestinal peristalsis, limiting colonization. Indeed, massetolide deficiency enhances colonization, while its presence specifically facilitates serotonin-dependent expulsion. Together, our findings reveal a symbiont-derived biosurfactant that links host neuroimmune control of intestinal peristalsis with bacterial susceptibility to expulsion, coupling host and microbial physiology to regulate symbiont abundance."
2026-09-19,38,10.64898/2026.09.17.752203,1,microbiology,"Discovery and Structure Activity Relationship Optimization of a Novel Rv1625c Agonist Chemotype with Antitubercular Activity","Xie, H.; Sukheja, P.; Tolentino, K.; Webb, J.; Woods, A.; Chi, V.; Kathayat, D.; Montague, C. R.; VanderVen, B. C.; Winneroski, L.; Durst, G.; Mendel, D.; Hipskind, P.; Henry, K.; McNamara, C. W.; Yang, B.; Chatterjee, A. K.","Rv1625c/Cya has emerged as a promising target for the development of treatment-shortening therapies for tuberculosis. Screening of an Enamine compound library identified sBQQ004 as an initial hit, and rapid hit optimization led to compound 1, which was subsequently confirmed as an Rv1625c/Cya agonist. Structure activity relationship studies identified lead compound 25 with potent activity against Mycobacterium tuberculosis H37Rv under cholesterol-dependent growth conditions (MIC = 0.27 uM) and strong intramacrophage activity (EC50 = 0.079 uM). Compounds 1 and 25 showed oral bioavailabilities of 84.5% and 51.9% in mice, respectively. Repeat BID dosing of compound 1 resulted in a dose- and time-dependent decrease in systemic exposure. Despite this pharmacokinetic limitation, the potency and overall profile of this chemotype encouraged continued optimization."
2026-09-19,38,10.64898/2026.09.18.752551,1,microbiology,"A cis-encoded RNA interaction controls sub-operonic spoVG expression in Staphylococcus aureus","Lynch, R.; Pettersson, M.; Coulon, P. M. L.; Biazik, J. M.; Tree, J. J.; Mediati, D. G.","Bacterial operons enable co-transcription of multiple genes, yet post-transcriptional mechanisms permitting differential regulation of individual genes within a polycistronic transcript remains incompletely understood. We demonstrate that a cis-encoded RNA-RNA interaction within the bicistronic yabJ-spoVG transcript forms an RNase III substrate that represses the transcription factor SpoVG in Staphylococcus aureus. Disruption of the cis-encoded regulation elevated monocistronic spoVG expression, reduced biofilm formation and cell wall peptidoglycan thickness, and increased sensitivity to cell wall-targeting antimicrobials in clinical vancomycin-intermediate S. aureus, consistent with phenotypes observed in an independent SpoVG overexpression strain. These findings uncover a previously undescribed mode of cis-regulatory control within a polycistronic operon and establish regulatory mRNA-mRNA interactions as a mechanism for sub-operonic gene regulation."
2026-09-19,38,10.64898/2026.09.18.752695,1,microbiology,"METTL3 promotes human coronavirus replication through an interferon-independent mechanism","Dinesh, I.; Fonseca, J. M. G. D.; Ohnezeit, D.; Elliott, G.; Wilson, A. C.; Burgess, H. M.","N6-methyladenosine (m6A) is a pervasive mRNA modification that regulates RNA fate through effects on RNA-protein interactions, stability and translation. We previously showed that replication of human betacoronaviruses, OC43 (hCoV-OC43) and SARS-CoV-2, is sensitive to depletion or pharmacological inhibition of the m6A RNA methyltransferase METTL3, resulting in reduced viral RNA and protein accumulation. In other viral systems, such antiviral effects have been attributed to enhanced interferon (IFN) signalling and interferon-stimulated gene (ISG) induction. Here, using hCoV-OC43 we show a requirement for METTL3 that is independent of canonical IFN responses. Pharmacological inhibition of METTL3 with STM2457 failed to potentiate type I IFN signalling, global ISG expression, or the non-canonical inflammatory transcriptional programme associated with OC43 infection. Furthermore, pathogen-associated RNA sensing by RIG-I or MDA5 is not required for the antiviral effect of the STM2457. ISGs reported to be most potently antiviral against OC43 are either not significantly induced by METTL3 inhibition during infection or are not required for the antiviral activity. Nevertheless, defects in viral gene expression and progression through the viral life cycle are detectable within 6 h of STM2457 treatment and host cell transcription is dispensable for STM2457 antiviral activity. Lastly, a METTL3-directed Proteolysis Targeting Chimera (PROTAC) phenocopied STM2457, producing IFN-independent antiviral activity and ruling out off-target inhibition of viral RNA methyltransferases as a plausible explanation. Together, these findings define a direct, proviral role for METTL3 in coronavirus infection consistent with a model in which METTL3-catalysed m6A modification of viral RNA is required for efficient viral life cycle progression."
2026-09-19,38,10.64898/2026.09.18.752725,1,microbiology,"An RNase Toxin Hijacks Elongation Factor-Tu to Cleave the Ribosomal Sarcin-Ricin Loop","Hespanhol, J. T.; Blackburn, T. M.; Pham, K.; Varshney, A.; Nicastro, G. G.; de Souza, R. F.; Aravind, L.; Johnson, A.; Keiler, K. C.; Dunham, C. M.; Bayer-Santos, E.","Ribosome-targeting toxins typically recognize and attack their substrates directly. Here, we provide the functional characterization of SRLase1, a widespread member of a recently identified RNase superfamily, and show that it cleaves the sarcin-ricin loop (SRL) of 23S rRNA. Unlike previously described ribosome-targeting toxins, SRLase1 requires the host elongation factor Tu (EF-Tu) for activity. EF-Tu normally engages the ribosome as part of the aminoacyl-tRNA delivery cycle, but SRLase1 instead exploits this factor through a mechanism incompatible with canonical ternary-complex formation. This host-factor-assisted mechanism reveals a distinct strategy for translation inhibition, in which a toxin repurposes a conserved component of the elongation machinery to access a vulnerable ribosomal target. Homologs of SRLase1 are widespread across bacterial phyla and are frequently encoded in conflict-associated genomic loci. Together, these findings define a widespread family of SRL-targeting toxins, expand the mechanistic repertoire of ribosomal antibacterial toxins, and demonstrate how conserved components of the host translation machinery can be co-opted to promote toxin activity."
2026-09-19,38,10.64898/2026.09.18.752678,1,microbiology,"CFTR dysfunction in the intestinal epithelium is sufficient to promote pathogenic expansion of  E. coli and enhanced barrier permeability in cystic fibrosis","Ahern, P. P.; Sangwan, N.; Stacy, A.; Snyder, J. M.; Johnson, Z.; Cua, M.; Chang, B.; Maynard, A.; Smith, L.; Sagl, F.; Bakos, B.; Santos, A.; Nunn, T.; Overstreet, A.-M. C.; Wannemuehler, M.; Miller, S. I.; Messer, J. S.; Dwidar, M. E.; Drumm, M. L.; Hodges, C.; Hajjar, A. M.","Changes in the gut microbiome in cystic fibrosis (CF) are well characterized, yet their causes and downstream effects remain largely unknown. Well-documented alterations include reduced overall complexity (i.e. alpha diversity) of the gut microbiota and increased relative abundance of E. coli, which are associated with greater inflammation and shorter stature in infants. Previous results from our laboratory using a germ-free cystic fibrosis transmembrane conductance regulator (Cftr) mutant mouse model (CF mouse) demonstrated that the observed fecal microbiome dysbiosis is driven by mutated Cftr independent of factors such as diet or antibiotic treatment. We expand on these results in this report by using the defined 8-member community Altered Schaedler Flora (ASF) with and without E. coli, to show that E. coli is pathogenic in the context of the CF gut microbiome, resulting in increased intestinal permeability. We also show that Cftr deletion in intestinal epithelial cells alone, using a Villin-Cre targeted model, is sufficient to raise E. coli abundance in the fecal microbiome, increase intestinal permeability, and amplify the number of TH17 cells in the mesenteric lymph nodes. Together, our results demonstrate that the intestinal epithelium plays a dominant role in fecal microbiome alterations in CF and that the resultant dysbiosis contributes to CF pathogenesis."
2026-09-19,38,10.64898/2026.09.18.752701,1,microbiology,"A reference genome without a virus: cDNA reconstruction reveals the provenance and function of the MS2 phage sequence","Small, E.; Lasley, G.; Layton, E.; Wiwi, A.; Del Curto, D.; Weinstock, L. D.; Thongchol, J.; Zhang, J.; CAHILL, J.","Reference genomes are often treated as faithful representations of experimentally validated viral genomes, yet the relationship between historically curated reference sequences and infectivity is rarely tested experimentally. Here, we developed a cDNA-based reconstruction platform for the canonical RNA phage MS2 and used it to compare the current NCBI reference genome (RefSeq) with closely related published isolate sequences. We found that isolate-derived sequences reproducibly yielded infectious phage, whereas the current MS2 RefSeq-derived construct did not, showing that the present reference does not represent a single experimentally validated infectious genome but instead reflects sequence curation across multiple studies. We then compared conventional and AI-enabled approaches to identify minimal changes that restore infectivity to MS2 RefSeq; a human experimentalist correctly prioritized corrective changes, whereas the genome language model Evo2 did not. We also observed that closely related corrected reference-derived constructs showed a ~4-log difference in phage output, and subsequent analysis indicated that this difference was associated with an apparent replicase frameshift in the lower-output background. This suggests that the low output construct class represents rare mutations from genomes that are one mutational step away from true function, rather than uniform function of the dominant construct population. A complementary cell-free assay provided a lower-background orthogonal readout of construct-level function, yielding ~1 x106 PFU/mL from the high-output background within 2 hours while showing no detectable recovery from the low-output background. Together, these results establish a robust platform for RNA phage reconstruction and raise the possibility that historical reference genomes, especially for RNA viruses, may not always remain faithful to experimentally validated biological function. More broadly, these findings underscore the need to verify the infectivity of reference genomes, particularly when they were assembled non-contiguously or shaped by cumulative human curation. They also highlight the importance of clearly distinguishing historically curated reference sequences from experimentally validated infectious genomes when such data are used to train or evaluate AI/ML models."
2026-09-19,38,10.64898/2026.09.14.750622,1,genetics,"Analyzing globin gene variation in gnomAD: implications for variant interpretation in hemoglobinopathies","Kontopoulou, M.; Xenophontos, M.; Lederer, C. W.; Stephanou, C.; Kountouris, P.","Background Given the augmented sampling and ancestry stratification of the Genome Aggregation Database (gnomAD) v4.1 compared to v2.1.1, population evidence for globin gene variants was assessed for changes in the American College of Medical Genetics and Genomics and the Association for Molecular Pathology (ACMG/AMP) criteria fulfillment, which can alter downstream variant interpretation. Methods Variants and constraint metrics for -globin locus genes HBA1, HBA2, and HBZ, and {beta}-globin locus genes HBB, HBD, HBG1, HBG2, and HBE1, were extracted from gnomAD v2.1.1 and v4.1 callsets, harmonized, matched to ClinVar annotations, and evaluated against BA1, BS1, BS2, BS2_Supporting, and PM2_Supporting ACMG/AMP criteria using Clinical Genome Resource Hemoglobinopathy Variant Curation Expert Panel thresholds. Results Globin gene variants increased fourfold across gnomAD releases, with HBB contributing the largest share. In v4.1, 68.7% of quality-passing variants were ancestry-specific, 14.4% overlapped ClinVar and PM2_Supporting fulfillment rose from 81.5% to 93.5%. Among variants present in both releases, ACMG/AMP population-criterion assessments were largely concordant, with conflicting combinations in <1%. Conclusions Leveraging augmented sampling and improved ancestry representation, gnomAD v4.1 increased globin gene variant discovery, particularly for rare variants, enabling more precise allele frequency estimates and robust assessment of BA1, BS1, and PM2_Supporting, although criterion fulfillment remains release- and callset-specific."
2026-09-19,38,10.64898/2026.09.14.749875,1,biochemistry,"Optimising MALDI on PEN substrates for small molecule analysis in the context of same-section multimodal workflows","Delattre, H.; Piper, S.; Abdelhamed, A.; von Gerichten, J.; Bunch, J.; Bailey, M.; Steven, R. T.","Multimodal imaging workflows increasingly require multiple analytical techniques to be applied to the same tissue section to improve spatial co-registration and molecular interpretation. Polyethylene naphthalate (PEN) membrane substrates are attractive for this purpose because of their low thickness and compatibility with downstream modalities, but their use for matrix-assisted laser desorption/ionisation mass spectrometry imaging (MALDI MSI) remains challenging due to low conductivity, reduced ion yield and susceptibility to laser-induced damage. In this study, MALDI MSI conditions for small-molecule analysis on PEN substrates were systematically optimised using bovine brain homogenate and mouse brain tissue using a TimsTOF flex MALDI-2 platform. Matrix selection, laser energy, pixel size (5 and 20 m), ionisation mode and PEN type were evaluated to identify acquisition conditions that balanced signal intensity with spectral quality and preservation of sample and membrane integrity. Among the matrices tested, 1,5-diaminonaphthalene (DAN) resulted in the best overall performance, providing higher ion intensities, less damage to the PEN substrates and a broader usable laser energy range than the other matrices tested. Different PEN substrate formats were also compared, showing distinct trade-offs between analytical performance and practical suitability for multimodal analysis. Under the tested conditions, glass-supported PEN (gPEN) provided the most practical overall compromise, while frame-supported PEN was not suitable for routine analysis on the instrument configuration used. Application of the optimised method to mouse brain tissue confirmed that spatially resolved metabolite imaging on PEN substrates is feasible and can support same-section multimodal workflows."
2026-09-19,38,10.64898/2026.09.17.752120,1,immunology,"Durable suppression of viremia by lipid nanoparticle-formulated RNA encoding for a highly potent HIV-1 neutralizing antibody","Sayettat, S.; Tolksdorf, F.; Johannson, R.; Nelke, J.; Malz, A.; Fischer, L.; Gerhard, I.; Ullrich, N.; Ellinghaus, U.; Stadler, C. R.; Bogen, J. P.; Morin, C.; Knüfer, J.; Stumpf, R.; Schommers, P.; Sahin, U.; Seaman, M. S.; Kratochvil, S.; Klein, F.; Le Douce, V.; Gruell, H.","Recombinant broadly neutralizing antibodies (bNAbs) are promising tools to treat and prevent HIV-1 infection but are associated with manufacturing challenges. To overcome this limitation, we encoded the potent bNAb 1-18-LS on RNA (1-18-LS RibobNAb) for delivery via lipid nanoparticles (LNPs). Indicating high in vivo antibody expression, a 30 ug RNA-LNP intravenous injection resulted in an average peak 1-18-LS RibobNAb serum concentration of 1,061 ug/mL in human neonatal Fc receptor-transgenic mice. Notably, weekly 30 ug RNA-LNP doses maintained higher trough bNAb levels than 500 ug protein injections. Highlighting potent antiviral activity, RNA-LNP-mediated 1-18-LS RibobNAb monotherapy of viremic HIV-1YU2-infected humanized mice resulted in durable HIV-1 suppression without emerging viral escape. Importantly, 1-18-LS RNA-LNP treatment also fully controlled infection after interruption of antiretroviral therapy in humanized mice infected with different patient-derived polyclonal HIV-1 isolates. Our findings provide a proof-of-principle for effective RNA-mediated bNAb immunotherapy of HIV-1 infection."
2026-09-19,38,10.64898/2026.09.13.746584,1,immunology,"Reconstruction of FACS-partitioned Adaptive Immune Receptor Repertoires from FACS-partitioned B and T Cell Subsets","Zhao, H.; Morgan, A.; Yasuda, M.; Mirebrahim, H.; Schlecht, U.; McNamara, S.; Adachi, R.; Rubelt, F.; Kumar, D.; Utiramerur, S.; Arnaout, R.; Asgharian, H.","Adaptive immune-receptor repertoire sequencing (AIRRseq) is crucial for understanding immune system diversity and its relationship to disease dynamics. Partitioning of total B and T cells into their major subsets with distinct immunological functions - IgM+ vs. class-switched B cells (IgG+ > IgA+) and CD4+ vs. CD8+ T cells, respectively - allows for AIRRseq-based analysis of the unique contributions of each compartment to the overall immune response, a major advantage over traditional bulk sequencing workflows. However, data from these subsets is not directly comparable with the vast majority of publicly available AIRRseq data, which comes from unfractionated B and T cells, an important incompatibility. Here we investigate computational methods for reconstructing complete AIRRseq repertoires from partitioned B and T cell subsets in diverse individuals. Peripheral blood mononuclear cells (PBMCs) were partitioned via positive selection of IgM+ B-cell subsets and CD4+ T cells using immunomagnetic beads; genomic DNA was then extracted and B- and T-cell receptors were sequenced. Four reconstruction methods are introduced and evaluated for concordance with matching unpartitioned repertoires to assess preservation of key repertoire characteristics. Results show that these methods enable accurate estimates of overall immune-repertoire diversity from B- and T-cell subsets in a way that simply pooling the sequence data from sub-repertoires cannot."
2026-09-19,38,10.64898/2026.09.18.752651,1,microbiology,"Data mining sheds light on a novel family of plant-associated negative-sense RNA viruses linked to lispiviruses","Bejerman, N.; Huebert, D.; Alvarez-Quinto, R.; Quito-Avila, D.; Debat, H.","Large-scale mining of public transcriptomic datasets can reveal viral diversity that remains invisible to conventional virus-surveillance approaches, while increasingly powerful structure-prediction methods provide a complementary route to characterizing highly divergent viral proteins. Here, we combine sequence detection, phylogenetic analysis, structural prediction, and host-association analyses to investigate the cryptic diversity and biology of a new clade of plant-associated lispi-like viruses. Analyses of RNA-sequencing datasets identified and enabled assembly of 87 lispi-like virus genomes associated with 75 plant hosts, expanding the known diversity of this new group by approximately 40-fold. The viruses share a conserved four-cistron genome organization, 3'-N-P2-P3-L-5'. Structural analyses provide functional insights into the four conserved proteins. P1 (N) adopts a canonical negative-strand RNA virus nucleocapsid architecture with conserved RNA-interacting residues and a predicted RNA-packaging configuration. P2 is exceptionally divergent; although a subset of structures resembles the ITPase/HAM1 fold. P3 forms a conserved trimeric coiled-coil architecture reminiscent of a viral fusion-protein stalk, but lacks the family-wide sequence features expected of a canonical membrane glycoprotein. P4 contains a structurally resolved Mononegavirales-type RNA-dependent-RNA-polymerase (RdRp) core with invariant catalytic motifs, including the characteristic GDN signature, whereas its accessory regions are substantially more divergent. Phylogenetic insights form a distinct monophyletic lineage sister to the predominantly invertebrate-associated Lispiviridae, supporting their recognition as a new proposed family Masuviridae, comprising 15 tentative genera. Genus-level clustering is accompanied by marked differences in host association, ranging from strong specialization to broader host ranges. Retrospective screening of public sequencing libraries further identified lispi-like virus sequences in 1,536 libraries representing 134 plant species, 11 plant families and 182 geographic locations, highlighting a substantial and geographically widespread cryptic virome. Together, these results establish Masuviridae as a deeply divergent lineage of plant-associated negative-sense RNA viruses and illustrate how the integration of sequence, structural, and large-scale transcriptomic analyses can move viral dark matter from detection towards evolutionary and functional characterization."
2026-09-19,38,10.64898/2026.09.16.752124,1,microbiology,"YfiM is a lipid-linked oligosaccharide pyrophosphatase","Li, S.-T.; Pawlowski, K.; Lopez, V.; Niwa, T.; Taguchi, H.; Suzuki, T.","Lipid-linked oligosaccharides (LLO), such as Lipid II and O-antigen precursors in bacteria, and dolichol-linked oligosaccharides (DLO) in eukaryotes, are universal metabolic intermediates required for cell wall assembly and protein glycosylation across all domains of life. The oligosaccharide moiety of LLO is synthesized through the sequential addition of various monosaccharides, a process catalyzed by a series of glycosyltransferases, to form the final mature structure. However, the existence of a homeostasis and quality control mechanism to degrade surplus and aberrant LLO has long remained a mystery. Although we recently identified the yeast LLP1 as an LLO pyrophosphatase involved in the homeostasis and quality control of DLO in fungi, the corresponding mechanism in bacteria and plants has remained elusive. Here, we identify YfiM and AT1G15900 as LLO pyrophosphatases in Escherichia coli and Arabidopsis thaliana, respectively. Phylogenetic profiling revealed that while YfiM is broadly conserved among Gram-negative bacilli, its plant ortholog displays a unique lineage-specific distribution shaped by selective gene loss. In vitro, purified YfiM and AT1G15900 exhibit LLO pyrophosphatase activity. In vivo, deletion mutant of yfiM caused vancomycin sensitivity in E. coli. Conversely, overexpression of YfiM triggered osmotic lysis under hypotonic conditions. Moreover, overexpression of YfiM in an outer membrane-compromised strain partially rescued detergent-chelator sensitivity, revealing a compensatory envelope stress response. Together, our findings uncover an ancient, conserved cross-kingdom system for LLO quality control bridging prokaryotes and plants."
2026-09-19,38,10.64898/2026.09.17.752130,1,microbiology,"Independent tuning of outer membrane fluidity and mechanics in Gram-negative bacteria","Sun, J.; Gutishvili, G.; He, Y.; Valdez, R.; Shi, H.; Levin, P.; Silhavy, T. J.; Gumbart, J. C.; Rutherford, S.; Huang, K. C.","The outer membrane (OM) of Gram-negative bacteria forms a protective barrier that combines selective permeability with mechanical load-bearing capacity, properties linked to its asymmetric bilayer structure with lipopolysaccharides (LPS) in the outer leaflet and phospholipids (PLs) in the inner leaflet. Unlike most PL bilayers, the OM typically exhibits limited lateral diffusion, resulting in a gel-like surface with spatially organized proteins and LPS. The molecular basis of this physical state and its relationship with envelope mechanics remain unclear. Here, we show that increasing PL levels in the outer leaflet or truncating LPS core oligosaccharides increases OM fluidity by disrupting LPS packing. In contrast, reduced LPS abundance or disruption of divalent cation-mediated crosslinking primarily reduces OM stiffness with little effect on fluidity. Thus, OM fluidity and mechanical stiffness can be tuned independently through distinct molecular interactions. This separation of physical control mechanisms provides a framework for understanding how Gram-negative bacteria modulate OM properties during environmental adaptation and envelope homeostasis."
2026-09-19,38,10.64898/2026.09.18.752354,1,microbiology,"Interaction Patterns of Mucormycotina Fungi with Professional Phagocytes and Amoebae: A Comparative Phylogenetic and Geographic Survey on Clinical and Environmental Species","Hassan, M. I.; Moharram, A. M.; Dahse, H.-M.; Vilela de Oliveira, P.; Vilela de Oliveira, R. J.; Papp, T.; Csernetics, A.; Voigt, K.","Mucormycosis is among the most lethal fungal infections in clinical medicine, with crude mortality rates between 50 and 90% that have improved little over decades of antifungal development. Alveolar macrophages constitute the primary cellular defense against inhaled Mucorales spores, yet quantitative comparative data on phagocytic outcomes across the taxonomic breadth of this fungal order are absent from the literature. We co-incubated 62 Mucorales strains drawn from nine phylogenetic groups and 12 countries with MH-S murine alveolar macrophages and with Dictyostelium discoideum amoeba, at multiplicities of infection (MOI) of 1 and 5 and at incubation times of 1.5 and 3 hours. Automated phagocytic index quantification was combined with spore morphometric measurements and geographic metadata. Macrophage phagocytic indices differed highly significantly among the nine phylogenetic groups across all experimental conditions (Kruskal-Wallis H = 394-780; p = 10^-163 to 10^-74). Group 1 (Absidia and Cunninghamella species) showed the lowest phagocytic index; Groups 5 (Rhizopus arrhizus) and 6 (Gilbertella persicaria and Mycotypha species) showed the highest. Larger spore area correlated negatively with macrophage phagocytic index. In the central comparative finding, Spearman rank correlations between macrophage and D. discoideum phagocytic indices were near zero across all four conditions (r = -0.07 to +0.11; all p > 0.8), demonstrating that protozoan phagocytosis does not predict the mammalian macrophage phagocytic hierarchy. Kinetic analysis further revealed, for the first time in any Mucorales or Mucormycotina species, evidence of vomocytosis in MH-S macrophages challenged with Group 8 (Mucor clade II) spores at MOI 1, and in D. discoideum across four groups at MOI 5 after 3 hours. These findings establish a quantitative, phylogenetically resolved framework for Mucorales innate immune recognition, demonstrate that the evolutionary training ground hypothesis does not hold at the order level for Mucorales, and identify vomocytosis as a previously unrecognised immune evasion mechanism in Mucormycotina."
2026-09-20,38,10.64898/2026.09.14.728753,1,bioinformatics,"Scaling Network Medicine with LLMs for Combinatorial Drug Repurposing in ER+ Breast Cancer","Hamed, A. A.; Fandy, T. E.; Rocha, L. M.","Drug repurposing can accelerate therapy discovery for ER+ breast cancer, but combination selection remains difficult. We developed an LLM-driven network medicine framework that extracts drug--target relationships from 595,122 PubMed abstracts, builds a cross-model consensus network, overlays it onto the KEGG estrogen signaling pathway, and enumerates complementary drug pairs. Candidate combinations are ranked by ComboRank, which aggregates pathway coverage, LLM consensus, RAG validation, cross-method agreement, and ClinicalTrials.gov precedent. The framework identified 166 significant pairs at FDR <= 0.05, including 31 with clinical-trial precedent, with 393 shared drug--target pairs across extraction strategies and 11 exact pairs additionally supported by the pathway overlay."
2026-09-20,38,10.64898/2026.09.18.721350,1,bioinformatics,"BELL: Biomodel Evidence and LLM-based Logic","Arazkhani, N.; Cochran, B. H.; Miskov-Zivanov, N.","Building accurate and predictive mechanistic models requires careful biological interaction curation and verification against existing knowledge. When done manually, these tasks become impractical, especially with massive extraction of interactions facilitated by advanced natural language processing methods and large language models (LLMs). We present BELL (Biomodel Evidence and LLM-based Logic), a biocuration support framework that automates evidence retrieval, scoring, and explanation for interaction-level verification. BELL processes each interaction through a five-step pipeline: entity grounding, database ranking, evidence retrieval from seven biological databases, a heuristic four-dimension programmatic scoring, and chain-of-thought explanation with a recommended curator action generated by LLMs. We applied BELL on 210 protein-protein interactions from a curated Glioblastoma Multiforme (GBM) model. Results show that 49.5% of interactions achieved HIGH confidence and 72.4% received a positive curator recommendation, while qualitative flags precisely directed curator attention to evidence gaps. BELL is integrated into the KALIMBA curation platform and available at www.boheme.pitt.edu/Kalimba."
2026-09-20,38,10.64898/2026.09.14.751505,1,bioinformatics,"Prediction of pH-sensing histidine residues in human cells","Sallah, S.; Warwicker, J.","Changes in pH play an important role in human physiology and cell behaviours, evidenced by studies of tissues and gene expression, and the biophysics of individual systems. Bridging between these scales to establish pH-sensing networks has only been partially explored. Here, amino acid conservation and structural context, and benchmarking with known pH-sensors, were used to predict histidine residues within the human proteome that could modulate pH-dependence. Proteins containing these histidines are enriched in many categories, most notably nucleic acid-binding and transcriptional regulation. DNA phosphate backbone interactions are proposed to play a major role in modulating some pH-sensors. Transcription factors with potential pH-sensors and the largest number of documented target genes are highlighted, including those involved in circadian and developmental processes. Certain CDK-cyclin pairs also feature, along with components of SWI/SNF and cohesin complexes. Focussing on histidines, including those that are solvent accessible in AlphaFold protomer models, this study generates benchmarked predictions for possible pH-sensors in the human proteome."
2026-09-20,38,10.64898/2026.09.14.751399,1,bioinformatics,"Dynamic Pocketome of Trace Amine-Associated Receptors","Rienaecker, C.; Nicoli, A.; Selent, J.; Di Pizio, A.","Trace amine-associated receptors (TAARs) are class A GPCRs that span two distinct physiological roles: TAAR1 is a CNS drug target, whereas TAAR2 to TAAR9 detect volatile amines in the olfactory epithelium. Recent experimental structures resolve their architecture and ligand-binding mode, but capture only static snapshots, which cannot address how the binding site and the overall pocketome respond to ligand binding. Here, we present a simulation library comprising 26 experimental structures of four human and murine genes in the apo and holo states, each in triplicate (total aggregate time of 156 microseconds). Cavities were detected and analysed across the entire receptor surface throughout each trajectory. Orthosteric changes did not follow a single direction when comparing the states: apo sites were neither uniformly smaller nor uniformly more flexible than their holo counterparts, instead pointing to a receptor- specific ligand-receptor interplay that propagates beyond the orthosteric pocket. This plasticity is further highlighted by the size composition and stability of allosteric pockets, which proves that some regions are larger in the apo state while others are larger when a ligand is present. Resolving such trends required pockets to be comparable across trajectories, which a novel global identifier (GID) provides. Although agnostic to functional annotation, the GID recovered the orthosteric site as a single region in both states and matched pockets across replicates of the same receptor-state pair. The result is a dynamic pocketome map of the TAAR family obtained by an approach transferable to other membrane proteins."
2026-09-20,38,10.64898/2026.09.18.752737,1,biophysics,"The intrinsically disordered C-terminal domain of bacteriophage T4 gp32 amplifies pre-existing conformational heterogeneity at DNA replication junctions","Enkhbaatar, L.; von Hippel, P. H.; Marcus, A. H.","Selective molecular recognition of dynamic nucleic acid structures is fundamental to DNA replication, yet the physical mechanisms by which intrinsically disordered protein domains achieve this selectivity remain poorly understood. Here, we investigate how the intrinsically disordered C-terminal domain (CTD) of the bacteriophage T4 single-stranded DNA-binding protein gp32 contributes to the recognition of ss-dsDNA replication fork junctions. Using absorbance, circular dichroism, and two-dimensional fluorescence spectroscopy (2DFS) of model DNA replication junctions containing an exciton-coupled (Cy3)2 probe, we quantified their average solution structures and conformational heterogeneity. Protein-free DNA junctions exhibit distinct conformational distributions that depend on ssDNA arm lengths and local base sequence, demonstrating that this heterogeneity exists prior to protein binding. Although both wild-type gp32 and the CTD-truncated mutant gp32 I* substantially remodel the average junction structure, only wild-type gp32 preserves and amplifies these differences in conformational heterogeneity. These results support a model in which the intrinsically disordered CTD promotes selective molecular recognition by redistributing populations among pre-existing DNA conformational states rather than by stabilizing a single protein-bound conformation. More broadly, our findings suggest that intrinsically disordered protein domains can recognize dynamic nucleic acid substrates by amplifying conformational heterogeneity already present within their intrinsic conformational landscapes."
2026-09-20,38,10.64898/2026.09.14.751464,1,biophysics,"Optically addressable and programmable spins in DNA","Meng, K.; Einholz, C.; Krueger, L.; Rosenow, M.; Bucher, D.","Optically addressable spins, traditionally studied in semiconductors and, more recently, in (bio)chemical systems, are central to quantum technologies, yet existing platforms lack scalable and accessible site-specific programmability. Here, we show that DNA can serve as a functional nanoscale scaffold for optically addressable spin systems. By incorporating flavin chromophores into synthetic oligonucleotides, we generate spin-correlated radical pairs (SCRPs) that can be manipulated by radiofrequency (RF) fields and read out using optically detected magnetic resonance (ODMR). Pulsed ODMR resolves spin dynamics on sub-microsecond timescales under ambient conditions, while DNA sequence design enables atomically precise tuning of both the ODMR response and the associated spin chemistry with single-base resolution. DNA secondary structure provides an additional layer of functionality: duplex formation inverts the pulsed ODMR contrast, indicating a switch in the spin multiplicity of the SCRP precursor. The synthetic accessibility and chemical programmability of oligo-nucleotides as hosts for optically addressable spins are demonstrated through a series of proof-of-concept applications, including sensing, programmable SCRP positioning, and spin-enhanced molecular beacons. Our results establish DNA as a versatile scaffold for engineered spin systems, providing a platform for future applications ranging from quantum sensing and programmable spin arrays to bioimaging and RF-controlled molecular switches for gene regulation."
2026-09-20,38,10.64898/2026.09.18.752584,1,biophysics,"Shedding light on Gaussia Luciferase conformational space using multi-conformation enhanced sampling simulation","Bori-Bru, B.; Barcenas, O.; Crehuet, R.","Gaussia luciferase (GLuc) has broad biotechnological applications owing to its bioluminescence, yet its catalytic mechanism remains poorly understood and rational engineering efforts are hindered by the absence of a structural model. This gap stems from GLuc's highly dynamic nature, which allows it to populate a wide range of conformations rather than adopt a single, well-defined fold. Aiming to bridge this gap, in this work we employ structure predictors and conformational sampling techniques to prod GLuc's structure. Our results indicate that structure predictors such as AlphaFold, as well as ensemble predictors such as BioEmu, fail to adequately sample this conformational space, and even extended molecular dynamics simulations do not yield converged conformational ensembles. However, enhanced sampling via PT-WTE provides a more satisfactory description of GLu's conformational landscape, allowing us to cluster distinct conformational basins, identify loosely defined substrate-binding pockets, and characterize the conformational changes induced by substrate binding. These insights advance our understanding of GLuc's catalytic mechanism and inform future efforts to engineer improved variants."
2026-09-20,38,10.1101/2024.11.27.625726,2,biophysics,"Superhelicase-driven isothermal amplification of repetitive and low-complexity DNA","Rashid, F.; Kang, J.; Shang, T.; Murray, P. J.; Bi, X.; Merino-Urteaga, R.; Gavrilov, M.; Jo, W.; Ahmed, A.; Aksel, T.; Barrick, D.; Berger, J. M.; Ha, T.","PCR is a cornerstone of molecular biology, but many biologically important DNA templates remain difficult to amplify. Long tandem repeats, low-complexity tracts, and sequences with extreme base composition often yield low product levels, smeared bands, stutter products, or truncated amplicons. These failures can arise because repeated cycles of thermal denaturation and reannealing promote off-register annealing, polymerase slippage, secondary-structure formation, and incomplete extension. Previously, we developed SSB-Helicase Assisted Rapid PCR (SHARP), an isothermal amplification method in which an engineered superhelicase and single-stranded DNA-binding protein replace the thermal melting step of PCR with enzymatic strand separation. Here, we tested whether SHARP can improve amplification of templates that are refractory to conventional PCR. SHARP robustly amplified up to six identical tandem repeats of the Widom 601 nucleosome-positioning sequence and up to 35 identical ankyrin repeats, targets that were poorly amplified by conventional PCR under the conditions tested. SHARP also amplified templates with extreme base composition, including a 95% AT-rich template and GC-rich templates (up to ~95% GC), as well as a 99-repeat CGG tract associated with Fragile X syndrome and a CAG/CAA repeat tract from mutant HTT exon 1 associated with Huntington disease. Together, these results show that helicase-driven isothermal amplification can expand access to repetitive and compositionally extreme DNA sequences that are challenging for conventional thermocycling-based PCR."
2026-09-20,38,10.1101/2025.01.13.632836,7,"pharmacology and toxicology","MDL-001: an Oral, Direct-Acting Universal Antiviral for Influenza-Like Illness (ILI) and Chronic Hepatitis","Woods, V.; Umansky, T.; Russell, S. M.; Goodman, A.; Bobardt, M.; McGovern, B. L.; Rosales, R.; Rodriguez, M. L.; van Bakel, H.; Sordillo, E. M.; Simon, V.; Garcia-Sastre, A.; White, K. M.; Gallay, P.; Smith, D. M.; Haders, D.","Endemic viral respiratory illnesses caused by influenza, RSV, and coronaviruses impose a global disease burden of hundreds of millions of infections and hundreds of thousands of deaths annually. Chronic hepatitis B and C infections persist in 254 million and 58 million people worldwide, respectively. No approved therapy addresses these viruses simultaneously. MDL-001 is an oral, direct-acting, broad-spectrum antiviral targeting the Thumb-1 allosteric site of viral polymerases. Here, we report MDL-001 inhibits influenza A/B, RSV, SARS-CoV-2, endemic human coronaviruses, and hepatitis B/C/D viruses with nanomolar EC90 potency in vitro. MDL-001 demonstrated equivalent in vivo efficacy to oseltamivir against mouse-lethal influenza A virus infection, reducing lung viral load by 2.6 log10 and preventing weight loss and mortality. MDL-001 demonstrated equivalent symptom reduction to subcutaneous remdesivir after SARS-CoV-2 infection. MDL-001 treatment reduced SARS-CoV-2 lung viral titers by 2.9 log10, superior to literature reported 1.4 log10 and 1.0 log10 reductions for nirmatrelvir and molnupiravir, respectively. MDL-001 reduced HCV viremia by 3.3 log10, equivalent to sofosbuvir. Oral MDL-001 reduced plasma HBV surface antigen by 2.5 log10, exceeding tenofovir alafenamide from Day 8 through Day 21. MDL-001 demonstrated an in vitro EC50 of 79.4 nM against infection with RSV strain A2, a 416-fold improvement over literature-reported ribavirin. Oral pharmacokinetics studies demonstrate MDL-001 is rapidly absorbed and partitioned into Lung (Kp=39-52) and Liver (Kp=71-104) tissues. MDL-001 produced no treatment-related adverse events across 376 animals and showed no hERG, Ames genotoxicity, or micronucleus safety issues. These findings support MDL-001 as a broad-spectrum, direct-acting non-nucleoside antiviral clinical candidate."
2026-09-20,38,10.64898/2026.09.07.749807,2,microbiology,"Host nutrients drive paired-substrate growth and distinct biofilm lifestyles in Finegoldia magna","Coluccio, A.; Lopez Palomera, F.; Lawhorn, S.; Spero, M. A.","Host-associated bacteria navigate complex nutrient landscapes where metabolites act as both growth substrates and cues that shape behavior. Yet, for most commensal and pathogenic bacteria, the nutrients and metabolisms that support persistence in the host remain unknown. Finegoldia magna is an obligate anaerobe that normally colonizes human skin and mucosal surfaces but also causes persistent biofilm-associated infections on implanted medical devices and in chronic wounds. Here, we developed a defined medium to investigate how nutrients influence F. magna physiology. We found that F. magna has a remarkably restricted metabolism that is specialized to use a limited set of host-relevant nutrients, including glycine, fructose, nucleosides, and betaine. Carbon-source screens showed glycine was the only substrate that supported growth as a sole carbon source. Instead, growth typically required two carbon substrates: a compatible electron donor-acceptor pair, suggesting redox balance imposes major constraints on its metabolism. To determine whether these constraints extend to host environments, we cultured F. magna in media derived from human chronic wound tissue. Despite its chemical complexity, F. magna displayed a similarly restricted metabolic profile, primarily consuming peptides, nucleosides, and betaine. These nutrients also directed biofilm behavior, with different metabolites promoting surface attachment or aggregation. Our findings show that although F. magna lacks metabolic flexibility, this opportunistic pathogen appears specialized to exploit host-derived products of skin physiology, tissue damage, and inflammation. This work suggests that host-associated bacteria with highly specialized metabolisms may be especially responsive to nutrient availability, linking local metabolite composition to key persistence behaviors like biofilm formation."
2026-09-20,38,10.64898/2026.09.17.752394,1,microbiology,"Antimicrobial resistance patterns reveal widespread multidrug-resistance among Vibrio species in shrimp hatchery environments of Bangladesh","Rahman, M. N.; Ahmmed, S.; Rahman, M. S.","Vibrio species are ubiquitous in shrimp hatchery systems, where their opportunistic pathogenic characteristics threaten the vulnerable larval stage, and antibiotics are routinely applied for disease control and prevention. Therefore, studying Vibrio composition and its antibiotic resistance burden is critical for hatchery environments and public health. The present study characterized Vibrio composition and its antimicrobial resistance patterns in water-flow systems and postlarvae from shrimp hatcheries in Coxs Bazar, Bangladesh. The findings revealed that Vibrio composition in these hatchery systems comprised nineteen different species. The Harveyi clade was the most dominant group, including V. alginolyticus, V. rotiferianus, and V. harveyi. The Vibrio isolates were highly resistant to erythromycin, ampicillin, and streptomycin, while remaining susceptible to chloramphenicol, nitrofurantoin, and gentamicin. Seven antibiotics, including trimethoprim-sulfamethoxazole, ampicillin, and erythromycin, were categorized as poorly active, suggesting their inefficacy against vibriosis outbreaks. More than 50% of the isolates had multiple antibiotic resistance index greater than 0.2 and 67.8% were categorized as multidrug-resistant. Both indices progressively increased along the water-flow systems and postlarvae had the highest values, pointing to antibiotic contamination within hatchery systems. Resistance gene screening identified sul2 and tetC as most prevalent, while association analysis showed cross-resistance patterns among antibiotics, concordance between trimethoprim-sulfamethoxazole and streptomycin resistance with the presence of sul2 and strA-strB genes, and co-selection of sul2, ermB, and strA-strB genes. The findings provide baseline data on Vibrio diversity and resistance burden, and inform antibiotic stewardship policies and monitoring strategies that support a One Health approach in shrimp hatchery systems."
2026-09-20,38,10.64898/2026.09.18.752679,1,microbiology,"Single-cell transcriptomics of Encephalitozoon intestinalis infection in Caco-2 and Vero cells","Antao, N. V.; Bhabha, G.; Ekiert, D. C.","Microsporidia are single-celled, obligate intracellular parasites closely related to fungi. One of the most common human-infecting microsporidian species, Encephalitozoon intestinalis, is an enteric parasite that invades and replicates within the epithelial lining of the small intestine. Two epithelial cell lines, Caco-2 and Vero cells, are routinely used as in vitro models of E. intestinalis infection. Here, we use scRNA-seq to investigate the host response to E. intestinalis infection and the transcriptional dynamics of parasite development in both Caco-2 and Vero cell lines. We observe that most host cells have no direct transcriptional response to parasite invasion or intracellular replication, suggesting that cells fail to detect and/or fail to respond to direct E. intestinalis infection, consistent with previous single-cell transcriptomics of E. intestinalis-infected macrophages. Our data suggest that a small subset of host cells detect intracellular parasites late in the life cycle, and signal to neighboring cells, leading to broad activation of a TNF-[a] response. Analysis of parasite transcripts reveals a developmental program that correlates with the morphological stages of the parasite life cycle. Together our data provide insights into a shared host transcriptional response to E. intestinalis infection and the datasets presented are a valuable resource for future studies."
2026-09-20,38,10.64898/2026.01.28.702372,2,genomics,"MAT-classifier: A memory-efficient pipeline for accurate genus level profiling from ancient metagenomic data","Dhibar, A.; Matz, M. V.","Background: Advances in sequencing technology have expanded opportunities to recover microbial DNA from ancient samples and reconstruct past environments and host-microbe interactions. However, the field remains constrained by computational challenges and accuracy problems, as rare ancient microbial DNA must be distinguished from abundant modern contaminants. Moreover, existing pipelines demand substantial computational resources, particularly memory, limiting their accessibility. Results: Here, we present MAT-classifier, a genus-level profiling workflow for detecting ancient microbial taxa from metagenomic projects, designed to reduce computational requirements while increasing accuracy. Unlike its counterparts, MAT-classifier first consolidates candidate references at the genus level and then performs independent alignments using conventional short-read aligners instead of metagenomic aligners. Using simulated datasets, we showed that this approach achieves more accurate classification of ancient taxa while requiring substantially less memory and shorter runtime than a modern counterpart, the aMeta pipeline. Benchmarking on multiple empirical ancient datasets further confirmed its low memory footprint and practical utility. Conclusions: MAT-classifier provides a reliable, computationally efficient, and accessible framework for ancient microbiome profiling. It lowers computational barriers while maintaining robust classification performance, facilitating broader application of ancient microbial DNA analysis."
2026-09-20,38,10.1101/2024.09.28.615560,3,biochemistry,"Enzyme Activity Regulates Substrate Diffusion by Modulating Viscosity in Crowded Milieu","Bevilacqua, A.; Maciel, M. R.; Sullivan, M. V.; Pascarelli, S.; Dindo, M.; Shen, A. Q.; Laurino, P.","Enzymatic activity and its tight regulation are fundamental to life, yet how enzymes maintain efficient substrate availability within the highly crowded, heterogeneous native cytosol remains poorly understood. Here, we harness liquid-liquid phase separation (LLPS) to generate controlled in vitro protein droplets that mimic the crowding of cytosolic proteins and demonstrate that enzymatic activity enhances substrate diffusion within the crowded environment by up to three-fold. Using fluorescence microscopy, fluorescence recovery after photobleaching (FRAP), molecular docking, and particle-tracking microrheology, we show that this enhanced diffusion arises from a reduction in apparent shear viscosity driven by enzymatic disruption of transient non-covalent interactions between substrate and protein crowder. Our findings reveal a physical feedback mechanism by which enzymatic activity actively reshapes its local environment to sustain substrate availability, providing new insight into how enzymatic activity creates a positive physical feedback on its own substrate supply under the diffusion constraints of the crowded cell."
2026-09-20,38,10.64898/2026.09.14.751496,1,bioinformatics,"Measurement reliability bounds functional benchmarks and relocates where variant effect prediction fails","Zhang, N.","Background. Variant effect predictors are increasingly benchmarked against multiplexed assays of variant effect (MAVEs) rather than clinical labels, which removes label circularity but introduces a new problem: a correlation against a measurement cannot exceed the measurement's own reproducibility, and precision varies sharply across the territories compared. Results. We scored nineteen predictors across sixteen strata of a frozen atlas of 64,178 saturation genome editing variants in seven cancer-susceptibility genes. From published replicate scores and standard errors we estimated each territory's reliability ceiling, and showed by simulation that the correction reduces error above a ceiling of about 0.45 and amplifies it below. Ceilings vary more across territory than predictors do, and correcting for them redraws the map at the splice extremes. The collapse at canonical splice sites is largely a property of the assay: the median shortfall relative to coding narrows from 1.7- to 1.4-fold; this convergence survives dropping BARD1 or PALB2 but inverts when BRCA1 is dropped, so we report all three leave-one-gene-out folds rather than claim gene independence, and the frontier parity rests on one deposit. Genuine failure lies 11-50 bp into the intron, which the uncorrected map presents as modest. Across MaveDB, 2,452 of 2,803 score sets carry, at the upper bound, what a reliability estimate needs, though a conventional column-name search finds only a tenth; among 674 human deposits with a computable ceiling, 29.9-51.8% fall below 0.90. Scored as classification against the assays' own functional calls in three genes, the same predictors separate damaging from tolerated better than their correlations suggest, though none reaches the strongest evidence band at the 95%-specificity operating point. Conclusions. Territory-resolved benchmarks should report a per-stratum reliability estimate, or state that the assay permits none. It asks nothing of depositors and applies today, at the upper bound, to most (87%) of MaveDB."
2026-09-20,38,10.64898/2026.07.31.742122,2,bioinformatics,"ASTRAL-X: Scaling Coalescent-Based Species Tree Inference to 300,000 Taxa","Saha, A.; Bayzid, M. S.","Advances in genome sequencing have enabled phylogenomic studies involving tens or even hundreds of thousands of species. However, scalability remains a major computational challenge for statistically consistent species tree inference at this scale. ASTRAL, the most widely used coalescent-based species tree estimator, remains limited by computational and memory bottlenecks that make ultra-large analyses impractical. Here we present ASTRAL-X, a complete algorithmic redesign of the ASTRAL framework that overcomes these computational limitations. By fundamentally redesigning the underlying data representations, algorithms, and computational framework, ASTRAL-X dramatically reduces running time while lowering memory requirements to nearly the size of the input--the asymptotically optimal bound--thereby enabling statistically consistent species tree inference directly from unrooted gene trees at an unprecedented scale. ASTRAL-X preserves ASTRAL's statistical guarantees and achieves accuracy comparable to state-of-the-art methods across simulated and empirical datasets while reconstructing species trees containing 200,000 and 300,000 taxa in only 5 hours and 12 hours, respectively, using modest computational resources. Notably, ASTRAL-X reconstructed the evolutionary history of 9{,}524 angiosperm species in only 16 minutes. These results enable statistically consistent coalescent-based species tree inference at the scale demanded by emerging Tree of Life initiatives. ASTRAL-X is publicly available at \url{https://github.com/aaniksahaa/ASTRAL-X}."
2026-09-20,38,10.64898/2026.09.14.751448,1,bioinformatics,"Z-Hunt-DP: accelerating thermodynamic Z-DNA prediction with dynamic programming","Al Jumaily, M.; Qureshi, H.; Yan, H.; Li, Y.","Z-DNA is a left-handed DNA conformation implicated in gene regulation and chromatin dynamics. Because it is usually less thermodynamically favorable than canonical B-DNA under physiological conditions, computational tools are needed to identify sequences likely to adopt the Z conformation. Legacy Z-Hunt uses a dinucleotide thermodynamic model, but searches every anti/syn assignment in a window, causing its conformation search to grow exponentially with window size. We present Z-Hunt-DP, an exact dynamic programming reformulation that preserves the original thermodynamic objective while reducing this search from O(2^d) to O(d) for a window of d dinucleotide positions. On benchmark windows, Z-Hunt-DP matched the brute-force minimum energy within numerical tolerance and achieved a 3.30x10^5 speedup at 20 dinucleotides. In an interval-localization benchmark on public human loci with experimentally mapped Z-DNA, it recovered the clipped reference interval in all 24 cases and was the most stable localizer under midpoint-core and expanded-panel analyses. Since the comparison set mixes thermodynamic, heuristic, and learned models, these cross-tool results are interpreted as localization comparisons rather than direct thermodynamic score tests. The source code and benchmark materials are available at https://github.com/Aljumaily/Z-Hunt-DP."
2026-09-20,38,10.64898/2026.09.17.752258,1,bioinformatics,"miRstring: An RNA language model enables mature miRNA decoding and artificial small RNA design across species","Peng, R.; Li, X.; fang, t.; Yu, X.","MicroRNAs (miRNAs) are processed from structured precursors and subsequently loaded into Argonaute proteins to repress target mRNAs. Yet generalized computational frameworks capable of decoding mature miRNAs from precursor context remain limited, constraining both cross-species annotation and rational artificial miRNA design. Here, we present miRstring, a biogenesis-aware RNA language framework that decodes the four boundaries defining the miRNA/miRNA duplex. Trained on 77,708 miRNA precursors spanning 414 species, miRstring outperforms existing methods under family- and species-held-out evaluations and accurately identifies the first nucleotide of mature miRNAs. Importantly, its attention mechanism highlights the miRNA/ miRNA* boundary sites cleaved by endonucleases, indicating that the model captures biologically meaningful features. Furthermore, we employed miRstring to design optimal pre-miRNA scaffolds for artificial miRNAs and validated its efficacy in repressing target mRNAs. Taken together, miRstring establishes a scalable route from cross-species mature-miRNA annotation to predictive design, enabling artificial intelligence-driven miRNA engineering and extending computational miRNA analysis toward broadly applicable small-RNA biotechnology."
2026-09-20,38,10.64898/2026.03.25.714198,2,immunology,"Bivalent bispecific CD28 antibodies reinforce T-cell responsiveness and revert anergy/quiescence in patients treated with bispecific CD3 antibodies","Zekri, L.; Koehler, N.; Metzger, A.; Prakash, N.; Heitmann, J.; Engel, M.; Manz, T.; Mueller, S.; Hoerner, S.; Schwartz, K.; Zwick, M.; Hagelstein, I.; Brueckner, N.; Pfluegler, M.; Leibold, J.; Boerries, M.; Jung, G.; Salih, H. R.","Bispecific T-cell engagers stimulating CD3 (TCEs) rapidly gain momentum in oncological therapy. We report that single-agent TCE-treatment of cancer patients induces T cell hyporesponsiveness including abolished proliferative and lytic capacity. Single-cell RNA-sequencing identified transcriptional features of anergy/quiescence like upregulation of CBLB and BACH2, and suppression of AP 1-dependent activation programs due to isolated provision of T cell signal-1. To restore T cell functionality, we engineered bispecific costimulators (BiCos) which deliver signal-2 via highly efficient bivalent CD28-binding yet maintain strictly target-restricted activity after binding antigens expressed not only by tumor cells but also the extracellular matrix. Preclinical analyses documented that BiCos potentiate efficacy of single-agent TCE treatment with activity exceeding that of univalent Knob-into-Hole CD28-costimulators and revert T cell hyporesponsiveness. In humanized mice, BiCos induced elimination of established tumors in combination with very low doses of TCE. Finally, BiCos reversed molecular hallmark features of quiescence such as high expression of BACH2 and KLF2 in T cells of TCE-treated patients resulting in complete restoration of cellular function, thereby reinstating durable antitumor immunity."
2026-09-20,38,10.64898/2026.01.28.702373,2,microbiology,"The Influence of Material Surface Properties on Initial Bacterial Attachment and Biofilm Formation on Built Environment Surfaces","Talma, K.; Bossa, N.; Hankinson, E.; Gao, L.; EL KHARRAF, A.; Wiesner, M.","Biofilms in the built environment (BE) can harbor pathogens and have been linked with negative health outcomes, particularly in hospital environments. The formation of biofilms requires bacterial cell attachment on surfaces, such as hospital plumbing, which can have varying properties, including roughness, wettability, chemistry, and charge. Despite the importance of bacterial attachment to surfaces, the role of multiple surface properties has been minimally investigated. Using seven materials with differing surface characteristics, this work considers the initial attachment of Escherichia coli, Pseudomonas aeruginosa, Bacillus subtilis, and Staphylococcus aureus to investigate the impact of several surface characteristics. Biofilm formation was evaluated to determine the impact of surface characteristics on longer-term attachment. The initial attachment of all bacterial species was not significantly influenced by material surface properties, with similar attachment seen across materials tested. Bacterial cell envelope morphology affected attachment, with Gram-negative species displaying greater attachment than Gram-positive species. Initial attachment was not related to biofilm formation, which was highest on stainless steel surfaces while differences between bacterial species remained."
2026-09-20,38,10.64898/2026.06.29.735432,2,biochemistry,"Ubiquitin-Derived Diglycine Remnants as Chemical Handles for Chemoenzymatic Proteomics","Raniszewski, N.; Beckley, K.; Hintzen, J.; Noel, M.; Burslem, G.","Proteolytic processing is typically used to reveal post-translational modifications for mass spectrometric analysis. Here, we show that proteolysis of ubiquitinated proteins additionally generates a chemically addressable diglycine remnant that can be enzymatically remodeled. We exploit the ability of sortase to recognize ubiquitin-derived diglycine motifs as nucleophiles and ligate functionalized LPXTG peptides directly onto ubiquitin-remnant peptides. This reaction enables installation of a biotin affinity handle on defined ubiquitinated substrates and peptides derived from mammalian cell lysates, including lysine- and N-terminal ubiquitination. The resulting branched conjugates generate characteristic fragment ions that facilitate their identification. We further develop a bifunctional sortase donor containing an internal trypsin cleavage site, enabling affinity capture followed by conversion of enriched ubiquitin sites into a compact TGG mass-spectrometric signature. Alternatively, reversible sortase chemistry can regenerate the original diglycine-containing peptide. These studies establish ubiquitin-derived proteolytic remnants as latent chemical handles that can be converted into modular affinity and analytical tags, providing an antibody-independent approach to interrogating protein ubiquitination."
2026-09-20,38,10.64898/2026.09.14.751456,1,bioinformatics,"StressNET: an adaptable deep-learning model for mechanical stress inference in tissues","Chara, O.; Aldecoa Rodrigo, N.; Borges, A.; Miranda-Rodriguez, J. R.; Ventura, G.; Sedzinski, J.; Lopez-Schier, H.","Mechanical interactions between cells are fundamental to tissue morphogenesis during development and regeneration. Computational methods that infer intercellular stresses from microscopy images of cell shapes offer a non-invasive alternative to experimental perturbation techniques, yet all existing approaches rely on explicit physical models. Here we present StressNET, a Graph Neural Network (GNN) that infers intercellular mechanical stresses directly from tissue geometry, without assuming any underlying physical model. We generated synthetic datasets to train and benchmark StressNET, and demonstrate that its predictions achieve state-of-the-art correlation with experimental stress proxies in zebrafish neuromasts and Xenopus embryos. Analysis of the network's latent space reveals that StressNET learns global organizational principles of mechanical stress distribution, beyond local cell-cell interactions. StressNET is open-source and provides pre-trained models that can be fine-tuned on in vivo data, making it a broadly adaptable tool for studying tissue mechanics across biological systems."
2026-09-20,38,10.1101/2025.11.22.689894,4,bioinformatics,"Scaling coalescent-based species tree inference to 100,000 taxa with STELAR-X","Saha, A.; Bayzid, M. S.","Summary methods reconstruct species trees from collections of gene trees while accounting for gene tree discordance and provide a statistically consistent framework for phylogenomic inference under the multispecies coalescent model. While existing triplet- and quartet-based approaches such as ASTRAL and STELAR have provable statistical consistency, their running time and memory usage restrict their applicability to ultra-large datasets. We introduce STELAR-X, a statistically consistent and highly scalable triplet-based phylogenetic inference algorithm that achieves an asymptotically optimal memory complexity of $O(nk)$ for \textit{n} species and \textit{k} gene trees, essentially matching the input size and allowing analyses to remain feasible as long as the input trees fit in memory, while also substantially reducing running time. STELAR-X achieves this through a compact integer tuple-based encoding of tree bipartitions, efficient precomputation of bipartition weights, and GPU parallelism. These innovations substantially reduce computational overhead in the underlying dynamic programming framework. Experiments demonstrate that STELAR-X achieves unprecedented scalability. On simulated datasets with 10,000 taxa and 1,000 gene trees, STELAR-X runs 3,576$\times$ faster than ASTRAL-MP (the most scalable variant of ASTRAL) while using 13.9$\times$ less CPU memory. STELAR-X analyzed a dataset of 100,000 taxa and 1,000 genes in 34.37 minutes using 58.40 GB RAM, and a 100,000-gene dataset with 1000 taxa in just 3.32 minutes using 74.10 GB RAM, scales that were previously intractable for statistically consistent summary methods. Moreover, applying STELAR-X to two large-scale avian datasets produced trees highly consistent with established bird phylogenies, demonstrating its robustness on biological data."
2026-09-20,38,10.64898/2026.09.14.751624,1,biophysics,"Recursive feedback between Piezo1 conformation and membrane mechanics drives self-organization into finite clusters","Guo, Z.; Bagchi, A.; Dhankhar, M.; dehghany dahaj, M.; Shenoy, V.","Piezo1 is a major mechanosensitive ion channel through which cells convert physical force into calcium-dependent signaling programs. In living membranes, this conversion depends not only on channel activation, but also on whether Piezo1 channels remain dispersed, assemble into finite clusters, or concentrate at sites where receptor signaling and mechanical forces reorganize the membrane. How single-channel force sensing is amplified into these collective spatial states remains unknown. Here we identify a membrane-feedback mechanism that converts single-channel mechanosensing into self-organized Piezo1 clusters. Coupling channel shape to membrane-cortex elasticity reveals that neighboring channels relax shared deformation fields, generating an effective interaction with short-range attraction opposed by longer-range repulsion. As channel density or membrane tension increases, this balanced interaction shifts Piezo1 from dispersed channels into mesoscale finite clusters. Brownian-dynamics simulations reproduce experimentally observed Piezo1 cluster geometries and swelling-induced cluster growth, while comparisons across distinct cellular systems place Piezo1 organization within a common density-tension framework. Applying the same mechanism to LPS-activated macrophages shows how receptor-induced membrane reorganization locally concentrates Piezo1 above the clustering threshold. Overall, these results recast Piezo1 mechanotransduction from isolated-channel force sensing to a membrane-driven self-organization process that spatially biases force-dependent calcium signaling within cells."
