Date,ISOWeek,DOI,Version,Category,Title,Authors,Abstract
2026-09-28,40,10.64898/2026.09.24.754142,1,"cell biology","SOX4 Reprograms Adipose Stromal Cells into a Cancer-Associated Fibroblast-like State to Drive Metabolic Disease","Drareni, K.; Calhoun, R.; Cheng, L.; Piquet, C. E. M.; Liu, L.; Traynor, S.; Tan, J. M.; Angelozzi, M.; Merric, D. M.; Lefebvre, V.; Seale, P.","Pathogenic adipose tissue remodeling promotes metabolic disease in obesity, but the mechanisms that establish this unhealthy tissue state remain poorly understood. Here, we show that obesity drives SOX4-dependent reprogramming of mesenchymal stromal cells (MSCs) into cancer-associated fibroblast-like (CAF-like) cells that promote adipose tissue dysfunction. TGF{beta} signaling is elevated in obesity and activates SOX4 in mouse and human MSCs, inducing their conversion to a CAF-like state. In mice, MSC-specific SOX4 activation induces the CAF-like program and exacerbates adipose tissue inflammation and glucose intolerance, whereas Sox4 deletion attenuates inflammation and improves glucose homeostasis during obesity. We further identify the growth factor Midkine (MDK) as a SOX4-regulated paracrine effector produced by CAF-like cells. MDK inhibition in obese mice reduces adipose tissue inflammation and improves metabolic function. Together, these findings define a TGF{beta}-SOX4-MDK stromal signaling axis that drives pathological adipose tissue remodeling in obesity and highlight this pathway as a potential therapeutic target for improving metabolic health."
2026-09-28,40,10.64898/2026.09.24.754284,1,genetics,"Mitigating biases of rescaling in forward-in-time population genetic simulations","Sakamoto, T.","Forward-in-time population genetic simulations are widely used in evolutionary analyses, but simulating large populations and long genomic regions remains computationally demanding. To reduce this cost, parameter rescaling is widely employed, in which the original evolutionary process is approximated by one with a smaller population size and fewer generations. Recently, several studies using the SLiM simulator have raised concerns about the accuracy of this rescaling approach. In this study, we show that many of the biases reported in these studies can be mitigated by using a different simulation algorithm. These results reveal that the accuracy of parameter rescaling depends on how well the simulation algorithm preserves diffusion-limit properties under rescaling."
2026-09-28,40,10.64898/2026.09.24.754278,1,biochemistry,"Antibodies targeting a conserved cryptic epitope at the influenza hemagglutinin head-stem interface via distinct binding modes","Stroh, G. L.; Lv, H.; Chen, C.; Sun, Y.; Pholcharee, T.; Zhu, C.; Teo, S. T.; Mitchell, D. A.; Mok, C. K. P.; Wu, N. C.","Influenza A virus continues to pose pandemic threats, as demonstrated by the recent global spread of highly pathogenic H5N1 strains. Consequently, the development and characterization of vaccines targeting zoonotic influenza subtypes have become a major focus of the field. In this study, we characterize two broadly reactive antibodies previously isolated from H5N1 vaccines. Although they have distinct immunoglobulin germline gene usage and binding modes, cryo-EM analysis shows that both antibodies share a highly conserved cryptic epitope at the interface of the hemagglutinin (HA) head and stem domains. The antigenicity of this epitope is influenced by natural amino acid variation at residue 293 of HA subunit 1, and its access is facilitated by acid-induced conformational change of HA. Nevertheless, both antibodies are non-neutralizing and possess only marginal protective efficacy against seasonal and H5N1 viruses in vivo, thus representing suboptimal vaccine responses. Overall, our findings expand the interactions of cross-reactive antibodies with an under-characterized HA epitope and provide insights for next-generation influenza vaccine design."
2026-09-28,40,10.64898/2026.09.24.754016,1,biochemistry,"Structural and biochemical characterisation of an iterative GCN5-related N-acetyltransferase required for fungal siderophore tailoring","Newman, J. D.; Ho, Y. T. C.; Fage, C. D.; Winkelmann, G.; Alkhalaf, L. M.; Lewandowski, J. R.; Alberti, F.; Jenner, M.","Siderophore-mediated iron acquisition is essential for fungal survival, particularly under iron-limiting conditions. In Aspergillus fumigatus, SidG, a member of the GCN5-related N-acetyltransferase (GNAT) superfamily, catalyses the final step in the biosynthesis of the extracellular siderophore triacetylfusarinine C (TAFC) through sequential acetylation of the precursor fusarinine C (FsC). However, the timing, catalytic mechanism, and functional significance of this modification are not fully understood. Here, we reconstituted SidG activity in vitro and combined native mass spectrometry, X-ray crystallography, molecular dynamics simulations, and site-directed mutagenesis to investigate its catalytic properties. Our analyses demonstrate that SidG selectively binds acetyl-CoA from the cellular milieu and iteratively acetylates the FsC scaffold prior to iron chelation. Structural, biochemical, and molecular dynamics analyses support a direct transfer mechanism, identify key catalytic residues, and demonstrate the strict selectivity of SidG for short-chain acyl-CoA donors. Together, these findings establish the molecular basis for SidG-dependent siderophore tailoring and expand our understanding of GNAT-catalysed transformations in fungal natural product biosynthesis."
2026-09-28,40,10.64898/2026.09.24.752349,1,biochemistry,"Conjunctive Targeting Links Drug Synergy to Emergent Proteome Structural States","Cheng, G.; Soliymani, R.; Gholizadeh, E.; Behrouzi, P.; Muhaddesi, M.; Renkonen, R.; Varjosalo, M.; Saei, A. A.; Jafari, M.","Combinatorial therapies are widely used in the treatment of acute myeloid leukemia (AML) to address disease heterogeneity, adaptive resistance, and rewired signaling and metabolic states. Yet drug prioritization remains largely guided by clinical or phenotypic evidence, while the molecular mechanisms underlying effective drug combinations remain incompletely defined. To narrow this gap, we developed Combinatorial high-ratio Partial proteolysis with reference PRoteome Analysis (CoPPRA), a structural proteomics workflow based on limited proteolysis of cell lysates that profiles drug-associated changes in regional protein accessibility at peptide-level resolution. Here, we applied CoPPRA to ruxolitinib and ulixertinib, individually and in combination, in AML-related cell lysates. Our findings extend conjunctive targeting (CT), a recently proposed mechanism of combinatorial drug action in which combined exposure produces protein targeting patterns not observed with either drug alone. Previously identified through combination-associated changes in protein solubility/stability, CT is examined here at peptide-level resolution through regional differences in proteolytic accessibility. The ruxolitinib-ulixertinib combination produced broad peptide-level accessibility changes, including a subset meeting the predefined criteria for CT. CT candidates predominantly exhibited regional accessibility changes, with altered peptide regions occurring against comparatively small changes across the remaining quantified peptides from the same proteins. MAP2K1 and ATP6V1G1 showed pronounced differences between overlapping peptide sequences, highlighting localized variation in combination-associated accessibility, including an ATP6V1G1 peptide mapping to an annotated helical region. Combination-associated increases in peptide signals were also observed in PIK3R1, BRD4, and PTPN11, linking regional accessibility changes to signaling and transcriptional regulators relevant to AML. Functional enrichment and network analyses further implicated nucleotide and glucose metabolism, ficolin-1-rich granules, ribosome-associated processes, and phagocytic vesicles. These results extend conjunctive targeting from protein-level solubility/stability changes to regional differences in proteolytic accessibility, showing that combination-associated effects can be concentrated within specific peptide regions rather than distributed uniformly across proteins. More broadly, CoPPRA provides a peptide-resolved approach for investigating the molecular features of combinatorial drug action and prioritizing protein regions for subsequent mechanistic validation."
2026-09-28,40,10.64898/2026.09.25.754061,1,bioengineering,"An early mechanosensitive window in bone fracture healing shapes long-term repair","Ory, L.; Nasello, G.; Borgiani, E.; Verbraeken, T.; Bosmans, K.; Geeroms, C.; Van Hoven, I.; Nefyodova, E.; Chabot, C.; Geris, L.; Tylzanowski, P.","Mechanical stability critically influences bone fracture healing, yet how the early mechanical environment directs the transition from inflammation to regeneration remains unclear. Using a murine femoral osteotomy model, we compared rigid, semirigid, and dynamically adjusted semirigid-to-rigid fixation. Semirigid fixation delayed healing on day 21, whereas a strategy of early compliance followed by increased stiffness after 7 days restored bridging and improved bone regeneration beyond constant rigid fixation, pointing to a critical early mechanosensitive window after fracture. Single-cell RNA sequencing across the first week, comparing semirigid with rigid fixation, showed that fixation stiffness altered intercellular signaling within one day of injury. Signaling among myeloid populations was more broadly increased under semirigid fixation, with monocytes the single exception, and signaling associated with resolution of inflammation was reduced. From day 5, periosteal and skeletal progenitor populations increasingly directed cartilage-associated matrix and growth factor signaling toward macrophages and chondrocytes, accompanied by increased Sox9 regulon activity and increased COL10+ hypertrophic cartilage matrix by day 7. Reduced fixation stiffness therefore promotes a chondrogenic trajectory of repair, but increasing stiffness is required to redirect this response toward bone formation. Piezo1 was expressed across the responding populations and shifted between compartments as healing progressed. PIEZO1 activation with Yoda1 under rigid fixation enhanced bone formation but provided no additional benefit under semirigid or dynamically adjusted fixation, whereas inhibition of mechanosensitive signaling with GsMTx4 impaired repair across all conditions. Together, these findings establish the early mechanical environment as a determinant of fracture-healing trajectory, shaping the transition from inflammation to regeneration, and show that successful repair depends not on maximal stability but on when stiffness is applied. Increasing either early mechanical stimulation or cellular mechanosensitivity enhanced regeneration, supporting mechanosensitive signaling as a key component of the early healing response."
2026-09-28,40,10.64898/2026.09.24.754173,1,bioengineering,"RNASeek: A Cross-Phyla Generative Foundation Model for Multipurpose RNA Modeling and Reinforcement Learning-Based Design","Chen, S.; Fernandes, N.; Li, W. V.; Wang, L.; Jia, Z.; Xiang, J. S.","RNA plays central roles in regulating information flow and provides a versatile substrate for engineering biological functions. While large language models (LLMs) have transformed natural language processing and protein design, a general framework connecting RNA foundation models to functional sequence design remains limited. Here, we present RNASeek, a 1.6-billion-parameter generative foundation model built on a DeepSeek architecture and trained on a cross-phyla transcriptomic corpus for RNA sequence representation and generation. Natural-language tokens enable flexible conditional prediction and sequence design using a unified backbone. RNASeek captures species-specific transcript features and intron-exon boundaries in a zero-shot setting. We then fine-tune RNASeek to predict ribozyme self-cleavage activity and viral mRNA stability, revealing interpretable sequence features associated with function, including ribozyme loop flexibility and stem stability, as well as AU-rich motifs associated with mRNA stability. We use these functional predictors as reward models and apply Group Relative Policy Optimization (GRPO) to update the generation policy of RNASeek toward sequences with desired properties. GRPO-guided generation produces faster-cleaving ribozymes and stability-enhancing 3' UTRs while satisfying user-specified IUPAC constraints. Experimentally validated RNASeek-generated ribozymes achieve wild-type levels of activity, while RNASeek-generated 3' UTR sequences exceed the performance of the training data and benchmarked AI-generated 3' UTRs. Together, RNASeek establishes a unified pretrain-predict-optimize framework that connects learned RNA function to controllable de novo sequence design and provides a general strategy for engineering regulatory RNAs with desired properties."
2026-09-28,40,10.64898/2026.09.25.754311,1,bioengineering,"Dual control of plasmid copy number in E. coli by combining temperature shifts and RNAI-based genetic circuits for tunable replication dynamics","Sehrt, H.; Sehrt, M.; Martinez, J. A.; Kinet, R.; Frank, D.","Plasmid copy number (PCN) is a central determinant of recombinant gene expression levels and metabolic burden in bacterial cell factories. However, dynamic real-time control of PCN during microbial cultivation remains largely unexplored. In the ColE1/pUC19 replication system, PCN is governed by an antisense RNAI/RNAII circuit, but this native mechanism provides no external handle for process-level intervention. Here, we engineer and characterize a dual-layer control architecture that combines two orthogonal perturbations to direct plasmid replication in Escherichia coli populations i.e., temperature shifts, which modulate the secondary structure of RNAII and, consequently, its binding to RNAI and its inhibitory potency (ex vivo control), and arabinose-inducible overexpression of a supplementary RNAI cassette, integrated either on a secondary low-copy plasmid or directly on the high-copy target plasmid (in vivo control). Using a superfolder GFP validated fluorescent reporter and automated flow cytometry in continuous cultures, we track PCN dynamics at the population level in real time under chemostat conditions. Preliminary screening in microplates high-throughput cultivation device across three strains, two carbon sources, and three temperatures (30, 37, and 42C) reveals that the two control layers act synergistically. Neither temperature alone nor inducible RNAI alone achieves the dynamic range obtained by their combination. This synergistic effect is sustained during continuous cultivation at a fixed dilution rate of 0.1/h, with carbon source and temperature transitions producing predictable and reproducible shifts in population-level PCN. These results establish a scalable, dual-input framework for on-demand PCN tuning in continuous bioprocesses, with direct relevance to biopharmaceutical plasmid production and synthetic biology applications."
2026-09-28,40,10.64898/2026.09.21.753329,1,biophysics,"Mechanism of molecular recognition revealed through dynamic drug binding pathways to SARS-CoV-2 main protease","Santos Perez, D.; Arhin, G.; Fu, Y.; McCarty, S.; Lin, S.-H.; Sztain, T.","Characterization of drug-binding pathways remains experimentally limited by transient intermediates and computationally challenging due to long timescales intractable for conventional molecular dynamics. To address these challenges, we combined solution NMR titrations with weighted ensemble (WE) enhanced sampling simulations to resolve atomistic pathways of nirmatrelvir binding to the SARS-CoV-2 main protease. NMR titration revealed residue-dependent heterogeneity spanning fast, intermediate, and slow exchange regimes. WE simulations complement the NMR by providing insights into unassigned residues and adding time-resolved and three-dimensional structural context. We map key interactions along two distinct binding pathways, provide dynamic explanations for residues involved in resistance, and capture unique backbone conformations compared to those sampled in unbound or bound states. Our comprehensive binding model is consistent with a combined conformational selection and induced fit mechanism in which early transient contacts are made with residues E47 and L50 and allosteric motions are centered around residue V204 of the distal domain. This synergistic application of WE and titration NMR enables a more comprehensive characterization of drug binding than either method alone, providing an integrated framework that may have broader applicability to defining structure-kinetic relationships and guiding design of next-generation inhibitors."
2026-09-28,40,10.1101/2025.10.13.681561,2,"systems biology","A Mechanistic Model for the HPA Axis Cortisol Paradox in PTSD","Danan, D.; Grosskopf, Y.; Hayut, Y.; Toledano, Y.; Doenyas-Barak, K.; Mayo, A.; Alon, U.","Post-traumatic Stress Disorder (PTSD) is a debilitating psychiatric condition characterized by intrusive memories, hyperarousal, avoidance, and cognitive and mood disturbances. A longstanding biological paradox in PTSD is the observation of low basal cortisol levels, despite the expectation of elevated cortisol under chronic stress. This low cortisol paradox challenges traditional hypothalamic-pituitary-adrenal (HPA) axis regulation models. Individuals with PTSD also exhibit normal or near-normal adrenocorticotropic hormone (ACTH) levels despite reduced cortisol and blunted hormonal responses to acute stress. In this paper, we provide further evidence of reduced cortisol levels using a large medical database from thousands of individuals diagnosed with PTSD. To understand this dysregulation, we apply a systems-level mathematical model of HPA axis regulation that incorporates dynamic changes in gland functional mass, the pituitary corticotrophs and adrenal cortex, over weeks to months. Using this model, we demonstrate that enhanced glucocorticoid receptor (GR) sensitivity, a known risk factor for PTSD, can lead to a steady state with low cortisol and normal ACTH, reconciling key clinical observations. The model also recapitulates the blunted cortisol and ACTH responses to acute stress and the dexamethasone-corticotropin-releasing hormone (DEX-CRH) test, reported in PTSD cohorts. Importantly, despite low cortisol levels, basal glucocorticoid receptor (GR) activity is higher than normal due to the reduced receptor affinity. Thus, individuals with PTSD effectively experience elevated cortisol signaling relative to their GR sensitivity. These findings provide a unified mechanistic explanation for HPA axis dysregulation in PTSD, grounded in the slow time scale of changes in gland functional mass and supported by literature and clinical data."
2026-09-28,40,10.64898/2026.09.24.754258,1,"systems biology","Limit-pushing overexpression reveals constraints on protein abundance","Namba, S.; Nishida, Y.; Boone, C.; Andrews, B.; Moriya, H.","Proteins are often classified as toxic or non-toxic without measuring the abundance reached, leaving constraints on tolerable protein abundance unresolved. We established a limit-pushing approach in Saccharomyces cerevisiae combining strong inducible expression with gTOW-mediated high-copy selection to counteract copy-number compensation while measuring protein abundance and growth. Nearly all of approximately 80 chromosome I proteins severely inhibited growth or reduced viability at sufficiently high abundance. We established IE50, the expression level associated with a 50% reduction in growth rate, to quantify their widely varying overexpression tolerance. IE50 was positively associated with predicted structural order and cytoplasmic localization propensity and negatively associated with sulphur content. Single-cell imaging linked higher tolerance to proteins remaining cytoplasmic without becoming aggregation-positive and revealed abundance-dependent changes in localization and organelle morphology. At extreme abundance, Fun12, Nup60, and Pex22 generated distinct large-scale intracellular states through specific sequence regions. These findings establish overexpression toxicity as a quantitative property linked to protein characteristics and reveal both constraints on tolerable abundance and sequence-dependent capacities for intracellular organization."
2026-09-28,40,10.64898/2026.09.25.751968,1,"systems biology","Accessing Enzyme Kinetic Data and Prediction Methods at Scale","Alwer, S.; Escoffier, H.; Taha, K.; Boorla, V.; Yu, H.; Santra, S.; Wang, Z.; Egwu, C.; Osinuga, A.; Dey, S.; Raghunath, V. S.; Zare, F.; McGoldrick, J.; Weder, J.-N.; Kerkhoven, E.; Luo, X.; Maranas, C. D.; Zheng, L.; Wittig, U.; Chowdhury, R.; Saha, R.; Toepfer, N.; Sauter, T.; Fleming, R. M. T.","Enzyme kinetic parameters inform metabolic models, yet experimental measurements are sparse. A growing body of work predicts them from protein and substrate features, but software fragmentation hinders adoption, so downstream tools lock into the most accessible method. We present OpenKinetics Predictor (at predictor.openkinetics.org), an open-source platform integrating thirteen methods in isolated environments behind one interface. The platform optionally reports similarity between query proteins and each method's training data to contextualise reliability. A common featurisation-prediction abstraction keeps it extensible, and independent parties, including original authors, contributed many methods. We pair it with a data portal (at data.openkinetics.org) that exposes CatLog, a curated kinetic dataset, with precomputed embeddings, predicted binding sites, and standardised splits. Both offer a web interface and an API, and the GECKO modelling toolbox already calls the predictor API. As a case study, we predict across an E. coli model and find inter-predictor agreement varies with metabolic context and data availability."
2026-09-28,40,10.64898/2026.09.24.754181,1,"molecular biology","Arc represses gene expression in IS605-family transposons","Moon, Y. D.; Zedaveinyte, R.; Wiegand, T.; Sternberg, S. H.","Bacterial insertion sequences (IS) are compact transposable elements that encode proteins required for their mobility and maintenance, yet many also encode accessory proteins with poorly understood functions. For example, IS605-family elements often encode a transposase called TnpA and an RNA-guided nuclease called TnpB that supports transposon maintenance, alongside an additional ribbon-helix-helix protein named Arc. Though the roles of TnpA and TnpB have been extensively studied in recent years, the enigmatic function of Arc has not been investigated. Here, we show that Arc acts as a transcriptional repressor to directly bind the transposon's native promoter sequence regulating TnpA and TnpB gene expression. By systematically testing Arc-containing IS605 elements, we identified a conserved binding pattern at intergenic transposon sequences neighboring protein-coding genes through chromatin immunoprecipitation and sequencing analyses. We then used fluorescence reporter assays and demonstrated that these intergenic sequences function as strong promoters, and that the presence of Arc dramatically reduces their gene expression. Together, these findings identify Arc as a transposon-encoded transcriptional repressor, revealing a regulatory layer that may promote long-term persistence of IS605-family elements by keeping their activity in check. The widespread association of Arc homologs with diverse mobile elements and cellular genes suggests that these compact regulators may more broadly restrain the expression of neighboring genetic machinery across varied genomic contexts. neighboring genetic machinery across varied genomic contexts."
2026-09-28,40,10.64898/2026.09.25.753352,1,"molecular biology","Metabolomics identifies endocannabinoid system remodeling during obesity associated inflammation in adipose tissue","Bararpour, N.; Thomas, A.; Gilardi, F.; Caputo, T.; Sajic, T.; Winkler, C.; Desvergne, B.; Guex, N.","Visceral white adipose tissue (vAT) is more susceptible than subcutaneous white adipose tissue (scAT) to obesity-associated metaflammation, but the metabolic pathways accompanying this depot specific transition remain incompletely defined. We profiled vAT and scAT from mice fed a control diet or a 60% kcal high-fat diet (HFD) for 1 or 8 weeks. Untargeted metabolomics was integrated with targeted endocannabinoid quantification, gene expression and promoter associated chromatin analyses, adipocyte and stromal vascular fraction (SVF) measurements, cross-omics correlation analysis, and cell-culture perturbations. After 1 week, HFD induced relatively few metabolic changes, although vAT showed early alterations associated with sphingomyelin metabolism. By week 8, both depots exhibited extensive but distinct metabolic remodeling. The KEGG retrograde endocannabinoid-signaling pathway was the highest-ranked enriched pathway in vAT, with arachidonoylglycerol (2AG) among the most strongly altered metabolites. Targeted analysis confirmed selective 2AG accumulation in vAT, accompanied by coordinated changes in genes and promoter-associated chromatin marks related to endocannabinoid synthesis, degradation and receptor expression. Cellular fractionation localized excess 2AG predominantly to vAT adipocytes, whereas Cnr2 was enriched in the SVF and induced by HFD specifically in vAT. Cross omics integration further revealed a denser and predominantly inverse transcript metabolite association network in vAT than in scAT. Using macrophage adipocyte co-culture and secretome profiling, we demonstrated that cannabinoid stimulation shifts activated macrophage outputs away from pro-inflammatory cytokines (Il1b, Ccl2) toward extracellular matrix (ECM) proteoglycan remodeling and intercellular signaling."
2026-09-28,40,10.64898/2026.09.25.748507,1,"cell biology","PDLIM5 Modulates YAP1 Localisation and Fibrogenic Gene Expression in Hepatic Stellate Cells","Worsley, K.; Abdelmottaleb, D.; Ibrahim, L.; Jennings, E. F.; Kakinuma, H.; Makopa, J. M.; Meier, A.; Pätzold, R.; Birchall, L.; McKay, T. R.; Athwal, V. S.; Jokl, E.; Piper Hanley, K. R.; Humphries, J. D.; Pritchett, J.","Hepatic stellate cells (HSCs) are the key cellular drivers of liver fibrosis. During liver injury and chronic inflammation HSCs adopt an activated phenotype and secrete fibrotic extracellular matrix (ECM) components such as collagen 1. Mechanical cues derived from the fibrotic ECM drive and support the activation of HSCs, via mechanisms that involve integrins and the mechano-sensitive transcriptional regulator YAP1. It is not yet well understood how external mechanical cues are translated into a molecular response that alters YAP1 nuclear shuttling. There is evidence that suggests the PDZ and LIM domain protein (PDLIM) 5 can regulate YAP1 shuttling in human epithelial cells. We therefore investigated whether PDLIM5 is expressed in HSCs and contributes to YAP1 associated HSC mechano-activation. PDLIM5 protein was detected in HSCs in fibrotic human and mouse liver. PDLIM5 transcript and protein were expressed by primary human and mouse HSCs and by the immortalised HSC LX-2 cell line. PDLIM5 localised with actin stress fibres suggesting a role in HSC adhesion. Co-immunoprecipitation and proximity ligation in LX-2 cells support an association between PDLIM5 and YAP1. We used pharmacological (paclitaxel) and genetic (siRNA and CRISPRi) approaches to inhibit PDLIM5 in HSCs. Inhibiting PDLIM5 reduced YAP1 nuclear localisation and fibrotic gene (COL1A1, ACTA2) expression in LX-2 cells. Overall, these data support a role for PDLIM5 in regulating YAP1 localisation and fibrogenic gene expression in HSCs."
2026-09-28,40,10.64898/2026.09.25.754304,1,"cell biology","Fibro-adipogenic Progenitor and Macrophage Remodeling of the Aging Skeletal Muscle Niche During Exercise-Induced Hypertrophy","Wang, J.; Jensen, J. B.; Kudahl, S.; Just, J.; Thybo, F. F.; Bjerre, M.; de Paoli, F. V.; Jessen, N.; Vissing, K.; Farup, J.","Fibro-adipogenic progenitors (FAPs) have emerged as central regulators of the skeletal muscle homeostasis and the muscle microenvironment. However, the role of FAPs in the context of exercise-induced muscle hypertrophy remains largely unexplored. Here, we utilized six weeks of blood flow restricted resistance exercise (BFRRE) to study cellular adaptations within the muscle microenvironment accompanying muscle hypertrophy in healthy older individuals. Using flow cytometry, we characterized global changes of key cell populations within the skeletal muscle microenvironment, including FAPs, muscle stem cells (MuSCs), and immune cells. BFRRE induced significant enlargement of both FAPs and MuSCs, consistent with cellular adaptation to exercise. Notably, exercise shifted the FAP pool toward an increased predominance of the CD90high FAP phenotype, without altering total FAP abundance. In addition to matrix and collagen-related genes, transcriptional analysis of genes associated with secretory proteins revealed enrichment of promyogenic factors in CD90high versus CD90low FAPs. Conditioned media experiments of freshly isolated FAPs demonstrated that CD90high FAPs promote myotube growth in vitro compared to CD90low counterparts, suggesting that this phenotypic shift may facilitate muscle hypertrophy. In parallel, BFRRE increased the proportion of pro-inflammatory (CD11c+) macrophages within the skeletal muscle niche, highlighting a dynamic immune response during adaptation. Finally, we show identified possible link between pro-inflammatory macrophages and FAPs, as TNF markedly reduced the proliferation of human primary FAPs ex vivo, suggesting that macrophage-derived signals may attenuate excessive FAP expansion during tissue remodelling. Together, these findings provide new insight into how the remodelling of the cellular niche may support muscle hypertrophy in response to exercise. The coordinated expansion and phenotypic remodeling of FAP and immune cell populations may represent an important mechanism through which exercise supports hypertrophy in older individuals."
2026-09-28,40,10.64898/2026.02.13.705759,2,microbiology,"WITHDRAWN: Two anchoring proteins control daughter apical complex assembly in Toxoplasma gondii","Burette, M.; Pezinsky, M.; Nguyen, Q.; Benharoual, A.; Patray, S.; Maynadier, M.; Delabre, J.; Mouveaux, T.; Graindorge, A.; Berry, L.; Dubremetz, J.-F.; Rofidal, V.; Chang, Y.-W.; GISSOT, M.; LEBRUN, M.","The authors have withdrawn this manuscript because they are in the process of making revisions to the study/manuscript, and do not wish this paper to be considered as finalized at this point. Therefore, the authors do not wish this work to be cited as reference for the project. If you have any questions, please contact the corresponding authors."
2026-09-28,40,10.1101/2025.06.20.660799,2,microbiology,"Scalable single-cell metagenomic analysis with Bascet and Zorn","Gourle, H.; Yakovenko, I.; Verma, J.; Dicken, J.; Albrecht, F.; Stenlund, A.; Sharaf, C.; Dwibedi, C.; Mazutis, L.; Normark, J.; Sheng, N.; Strömberg, N.; Löfstedt, T.; Carroll, L. M.; Henriksson, J.","Single-cell metagenomic sequencing (scMetaG) can provide maximum-resolution insights into complex microbial communities. However, existing bioinformatic tools are not equipped to handle the massive amounts of data generated by high-throughput scMetaG methods. Here, we present a bioinformatic toolkit for end-to-end scMetaG analysis: Bascet, a command-line suite designed to scale to massive scMetaG datasets ([&ge;]1 million cells); and Zorn, an R package/workflow manager that enables reproducible scMetaG data analysis, exploration, and visualization (http://zorn.henlab.org/). Enabled by recent advances in droplet microfluidics, we use Bascet and Zorn to develop and optimize a high-throughput scMetaG method on a ten-species mock community. To showcase their utility on a clinically relevant sample, we apply Bascet and Zorn to human saliva, generating single-amplified genomes from >15k prokaryotic cells, including uncultured, low-abundance taxa undetected by bulk metagenomics. Overall, Bascet and Zorn enable reproducible scMetaG analysis, allowing users to query microbiomes at unprecedented resolution and scale."
2026-09-28,40,10.64898/2026.09.25.754463,1,"molecular biology","Integrator governs NF-κB dwell time on chromatin to drive inflammatory transcription","Shiekhattar, R.; Cingaram, P. K. R.; Yue, J.; Liu, F.; Gomes Dos Santos, H.; Gaidosh, G. S.; Sidoli, S.; Garcia, B. A.; Lai, F.; Xu, M.; Lopez, O.; Lavezzo, G. M.; Beckedorff, F.; Nimer, S. D.","NF-{kappa}B must remain bound to chromatin long enough to activate innate immune genes, but what stabilizes this transcriptionally productive state is unknown. Here, we identify the Integrator complex as an essential determinant of NF-{kappa}B chromatin residence in mouse and human cells. Integrator associated with NF-{kappa}B and co-occupied its genomic targets. Single-molecule tracking revealed that Integrator markedly prolonged the chromatin residence of RELA molecules in a low-mobility state. Catalytically inactive INTS11-E203Q fully restored NF-{kappa}B-dependent transcription, separating this chromatin-retention function from RNA cleavage. Conditional Ints11 deletion abolished TLR4-dependent dendritic-cell activation in adult mice and impaired LPS-induced transcription in mouse embryonic fibroblasts. Loss of Integrator in human cancer cells similarly suppressed TNF-induced inflammatory gene expression. These findings uncover a noncatalytic function for Integrator that stabilizes NF-{kappa}B at enhancers, complementing its established catalytic control of RNA polymerase II pause release. By coupling signal recognition at enhancers to productive elongation, Integrator provides a molecular solution to a central challenge of multicellularity: converting transient extracellular cues into coherent gene-expression programs across complex chromatin landscapes."
2026-09-28,40,10.64898/2026.09.25.754519,1,"molecular biology","Enabling subcellular DESI-MSI for broad adoption: Acquisition, analysis, and application","Boehmler, D. J.; Loth, M.; O'Harrow, T.; Hoang, G.; Patel, O. B.; Akhtar, F.; Kain, P.; Sengupta, A.; Paschos, G.; Li, M.; Gade, T. P.; FitzGerald, G. A.; Weljie, A. M.","Subcellular mass spectrometry imaging (MSI) has required specialized instrumentation and approaches. Additionally, data analysis has required expensive proprietary software, or code-based open-source tools. These barriers render spatial metabolomics less accessible than peer spatial omics techniques (transcriptomics, proteomics). Here we demonstrate subcellular MSI on standard commercial hardware, analyzed using code-free, open-source software. An inexpensive, fully reversible modification of a stock DESI source takes the platform past its typical 5-10 m pixels to routine 2x2 m pixels, and 1x1 m in proof-of-principle experiments. At a tissue-glass boundary imaged at 2x2 m, tissue-specific ions showed no measurable spillover onto the adjacent glass within the {+/-}4.4 m uncertainty of the edge position. To make these data interpretable, we extend MSI.EAGLE, an open-source, vendor-agnostic application with two new methods: i) Spatial UMAP preserves tissue architecture alongside subcellular detail, where conventional clustering breaks apart at high resolution; ii) Histology Fit performs landmark-free co-registration, and recovers synthetic misalignments of up to 8 m to within one pixel of a reference registration. Together, these enable previously high-burden spatial metabolomics experiments. In mouse brain tissue, we demonstrate genuine subcellular signal by resolving mitochondrial cardiolipin into perinuclear puncta, quantifying cytoplasmic enrichment across 6,073 cells. Cell identities are assigned to MSI pixels using histology-predicted transcriptomics, linking cell provenance to metabolism in 2D space directly. Finally, we recover cell-type-specific metabolomes consistent with the transcriptomic identities. This workflow allows cellular and subcellular spatial metabolomics linked to cell provenance, with only stock MSI hardware, open-source GUI-based software, and common histology techniques, putting it within reach of many researchers and laboratories."
2026-09-28,40,10.64898/2026.09.25.751839,1,"cell biology","TCF4 and CtBP1 Repress LEF1 to Maintain a TCF4-centric Transcriptional Program in Colon Cancer.","Brown, M. A.; Yaghoubi, S.; Kamlah, J.; Chen, W.-D.; Zong, D.; Khorasani, S. T.; Zhan, T.; Boutros, M.; Polo, J. C.; Meltzer, P. S.","Abstract The canonical WNT signaling pathway guides cell growth throughout the human lifespan. In adults, WNT plays an essential role in tissue homeostasis by maintaining tissue stem cells. In the intestine, the WNT transcription factor, TCF4, is necessary for stem cell maintenance. Aberrant activation of WNT signaling is generally accepted as an initiating event in colon cancer, leading to constitutive TCF4 activity. To investigate the role of this key transcription factor in global gene regulation, we abrogated TCF4 expression in colon cancer cells. Loss of TCF4 function resulted in the over-expression of the WNT transcription factor, LEF1. LEF1 was transcriptionally competent and over-compensated for TCF4 (TCF7L2) silencing in a WNT reporter assay. TCF4 enlisted the transcriptional repressor CtBP1, and bound the LEF1 promoter, indicative of direct repression. TCF4 and LEF1 drove different transcriptional programs, with TCF4 favoring MYC and cell cycle progression, while LEF1 favored immune-related gene signatures. TCF4 was the primary regulator of MYC expression, yet also the mediator of LEF1 repression, suggestive of competition centered on TCF4 transcriptional output despite the {beta}-catenin saturated colon cancer nucleus. We conclude that TCF4 has dual activator-repressor activity in colon cancer."
2026-09-28,40,10.64898/2026.09.25.753839,1,bioengineering,"Biosynthetic Olfactory System from Multiplexed Engineered Microbes (BOSMEM)","Tu, H. X.; Vanaei, S.; Balasubramanian, B.; Mundada, P.; Deshpande, R.; Kulkarni, S.; Sahoo, I.; Joshi, N.","Whole-cell biosensors can detect many types of chemicals in complex environments, but existing designs force a tradeoff in multiplexed sensing: separating sensor strains into individual reservoirs limits how many analytes can be monitored at once, while pooling strains in open co-culture lets faster-growing strains take over within days, corrupting the signal. The microfluidic ""mother machine"" has been used for over a decade, mostly to study individual bacterial strains with single-cell resolution, but never to house multiple engineered strains simultaneously for sensing applications. We repurpose this device to hold a library of genetically distinct biosensor strains, physically isolating each strain in its own growth channel while continuous flow keeps every strain fed. Each strain reports on a target chemical through a unique combination of three fluorescent proteins, so seven distinguishable signals emerge from only three optical channels. We characterized turn-on and turn-off kinetics of several biosensors in the mother machine. Over a multi-day experiment with repeated chemical exposures, biosensors housed this way matched the expected on/off state and held stable population ratios, while biosensors in an open batch co-culture drifted and lost reliable signal. This establishes mother-machine-based multiplexing as a scalable route to long-term chemical monitoring with living sensors."
2026-09-28,40,10.64898/2026.09.25.754411,1,bioengineering,"Metabolic tagging of adipose-derived stem cells for targeted modulation of regenerative potency within mineralized collagen scaffolds","Kim, J.; Baskaran, D.; Nunes, A.; Rios Adorno, G.; Wang, H.; Harley, B.","Recent efforts to reconstruct critical-sized craniomaxillofacial defects using biomaterials have increasingly sought strategies to accelerate proangiogenic processes immediately after surgical implantation to improve host-graft integration. A class of mineralized collagen scaffolds has recently been identified to promote osteogenesis of bone marrow and adipose-derived mesenchymal stem cells both in vivo and in vitro, motivating efforts to identify strategies to promote osteogenic-angiogenic coupling in order to support regenerative healing. Here, we report the first-time use of a glycoengineering approach to generate a population of engineered ASCs (eASCs) from human adipose-derived stem cells (hASCs). This effort inserts an azido sugar onto the cell membrane that can be selectively targeted using DBCO-tagged biomolecules to selectively boost eASCs activity. We report the effects of azido sugar labeling conditions (concentration and incubation time) on eASCs labeling efficiency. We show proliferation and pro-regenerative gene expression activity of eASCs in mineralized collagen scaffolds are largely similar to conventional hASCs. And we demonstrate that molecular cargo functionalized with dibenzocyclooctyne (DBCO) can be conjugated to azido groups on eASCs via click chemistry. Together, this work shows metabolically labeled eASCs have the potential to be used for selective delivery of activity-inducing bioactive cues to enhance regenerative potential."
2026-09-28,40,10.64898/2026.09.03.749125,3,bioinformatics,"AnnoAudit: a marker-based protocol for auditing single-cell atlas annotations reveals systematic, state-dependent annotation failure in a widely used traumatic brain injury resource","Zhang, L.; Yan, Q.; Rao, H.; Li, M.; Qian, X.; Zhang, Y.; Gao, R.","Motivation. Single-cell atlas annotations are routinely used as ground truth without validation. We present AnnoAudit, a marker-based protocol with four convergent checks and an ambient-aware discrimination step (D1) that audits labels before re-analysis. Results. We applied AnnoAudit to labels generated by our own labelling pipeline for a public TBI single-cell dataset (CEREBRI, GSE269748). The audit exposed a permissive fallback rule that assigns a glutamatergic identity to any pan-neuronal-marker-positive cell lacking a subtype marker, manufacturing a 45,051-cell population that four independent reference-mapping models assign predominantly to choroid plexus (46.2%), astrocytes (22.4%) and microglia/macrophage (10.7%), with only 1.2% receiving any neuronal assignment (all inhibitory) and none assigned to an excitatory class. Marker- and depth-based controls show that the count matrices we analysed contain no neuronal-level expression of canonical neuronal genes (maximum Snap25 count 14 across 342,857 cells; Slc17a7 >= 5 in 5 cells), with transthyretin accounting for ~4% of all UMIs. The case illustrates the failure mode the protocol is designed to detect: permissive labelling rules can manufacture plausible-looking neuronal populations from data that lack neuronal-level signal. A simulation benchmark delimits the protocol's ambient boundary, and a literature screen identified six published re-analyses of the same dataset, none of which validated the annotations they inherited. No claim is made in this version about the cell-type annotations of any other resource. Availability and implementation. AnnoAudit is implemented in Python (scanpy); MIT-licensed source at github.com/ronnygao/AnnoAudit (doi:10.5281/zenodo.22274752). Contact. gaorong1234@suda.edu.cn"
2026-09-28,40,10.64898/2025.12.29.696957,3,biophysics,"Single-molecule behavior and cell-growth regulation in human RTKs","Abe, M.; Yanagawa, M.; Koizumi, Y.; Kise, R.; Inoue, A.; Sako, Y.","Receptor tyrosine kinases (RTKs) are a major family of cell surface receptor proteins responsible for various cellular functions in animal cells, including fate decisions, metabolism, polarization and migration. Lateral mobility, dimerization, clustering, and oligomerization are crucial behaviors in the activation process of RTKs on the cell surface. However, relationships between these molecular behaviors and molecular function remain to be elucidated, except for a few RTK members. Here, using an automated live-cell single-molecule imaging and analysis system, we studied the behavior of 52 of the 58 human RTK species on living cells over time during stimulation with ligands. We extracted 72 single-molecule parameters for each RTK species to examine their relationship to function, structure, and evolution. We noticed that RTKs' ability to inhibit or support cell growth, as observed in a large-scale loss-of-function experiment in the public domain, significantly relates to their behavior. Growth-inhibitory signaling was coupled with the immediate formation of immobile clusters, followed by the enlargement of immobile and slow-mobile domains. In contrast, growth-supportive signaling coupled with higher lateral diffusivity and delayed clustering of immobile molecules. The relationship between structure and function suggests that functional differences are related to partitioning into membrane rafts and changes in mobility associated with phosphatidylinositol turnover. In multiple linear regression models, molecular behavior explained half or more of the molecular function related to cell growth. This level of explainability is comparable to that of evolutionary grouping."
2026-09-28,40,10.64898/2026.09.04.749086,2,biophysics,"Nanoscale spatial confinement of proton flux by cardiolipin drives high-speed lateral proton transport in mitochondria","Adeniran, I.; Degens, H.","Cellular respiration depends on the rapid, lateral flow of protons along the inner mitochondrial membrane to drive ATP synthesis. The precise nanoscale thermodynamic forces confining protons to this local circuit remain highly debated. Previous attempts to model macroscopic interfacial proton diffusion have been hindered by parameter equifinality and geometric artifacts, preventing the deconvolution of structural water networks from lipid electrostatics. Here, we resolve this ambiguity using a constrained, high-resolution two-dimensional continuum model. By incorporating experimentally validated buffer proton consumption rates as strict biological priors, we break mathematical degeneracy and isolate the specific thermodynamic components of planar lipid bilayers. Calibrating our model against time-resolved DOPG fluorescence kinetics, we decouple a universal structural water barrier (5.7 kBT) from the specific -1e electrostatic trap (4.3 kBT). Extrapolating these first principles, we predict the confinement architecture of cardiolipin, the signature -2e dimeric lipid of mitochondria. Our simulations reveal a deep kBT thermodynamic well. Crucially, this massive barrier confines protons within 1 to 2 nanometres of the membrane surface, virtually abolishing vertical leakage into the bulk aqueous phase of the inter-membrane space. We demonstrate that this spatial confinement triggers dimensional squeezing, preserving a robust lateral concentration gradient that actively accelerates radial proton wave propagation. Biologically, these findings reveal that cardiolipin does not merely prevent proton dissipation, it functions as a highly efficient, quasi-two-dimensional nanoscale antenna that captures and rapidly channels protons directly to ATP synthase, ensuring the kinetic viability of eukaryotic energy production."
2026-09-28,40,10.1101/2024.09.01.610536,4,"synthetic biology","Evolverator: An engineered yeast system to drive rapid continuous in vivo evolution of proteins","Azizoglu, A.; Bijman, E. Y.; Brent, R.","Continuous in vivo evolution of non-essential proteins requires an engineered link between target protein and host cell fitness, which is difficult to establish and vulnerable to escape mutations. We systematically designed and tested Saccharomyces cerevisiae gene circuits guided by quantitative mathematical models that predicted circuit, organism, and population behavior. We identified four generalizable design principles for escape-resistant continuous evolution and built the Evolverator, a yeast platform that couples protein binding to proliferation rate while suppressing escape mutations. We used the Evolverator to improve human estrogen receptor ligand affinity and generate stronger yeast repressors from the bacterial LacI protein. The resulting variants revealed previously undescribed hER substitutions within and outside the binding pocket, as well as LacI mutations that enhance repression in yeast despite reduced activity in Escherichia coli. Our work establishes a generalizable, model-guided framework for building yeast strains to allow continuous evolution of diverse protein functions in vivo."
2026-09-28,40,10.64898/2026.08.12.744375,2,"synthetic biology","Molecular access control for random-access DNA data storage","Bögels, B. W. A.; Vermathen, R. T.; Yurchenko, A.; Takahashi, C. N.; Markvoort, A. J.; de Greef, T.","DNA data storage offers exceptional density and millennial-scale stability, with advances in encoding schemes and reduced synthesis costs making large-scale archiving increasingly viable. However, while efforts have focused on reliable data retrieval, securing DNA-encoded information against unauthorized access remains largely unexplored. Here, we introduce DNA-GUARD (DNA Gated Unlocking and Access Restriction of Data), a molecular access-control system that restricts PCR-based retrieval and complements data encryption. Chemically modified ""locker strands"" outcompete PCR primers and, through 3' inverted dT modifications, block polymerase extension and amplification of sequences required for decoding. Complementary ""key strands"" tethered to magnetic particles sequester and remove locker strands, restoring access. We demonstrate scalability from 555-byte to 1-MB files, orthogonal control of multiple files in mixed libraries, and reliable repeated locking-unlocking cycles. DNA-GUARD is compatible with established DNA storage workflows and provides reversible physical access control that increases the sequencing effort required for unauthorized retrieval."
2026-09-28,40,10.64898/2026.09.22.753597,1,immunology,"The p53-p21-Cyclin D2 regulatory axis drives metabolic reprogramming and a distinct senescent macrophage senotype during aging and MASLD.","Torres, G.; Salladay-Perez, I. A.; Deng, C. Y.; Avila, I.; Delgado, Y.; Tong, G.; Munoz-Estrada, J.; Estrada, L.; Dhingra, A.; Armstrong, W. R.; Singh, A.; Cooper, I.; Enriquez, E.; Kaushal, P.; Ni, J.; Chowdhury, K.; Pan, C.; Stiles, L.; Beninca, C.; Hui, S. T.; Krall, A.; Christofk, H.; Lusis, A. J.; O'Sullivan, T. E.; Meyer, J. G.; Singh, R.; Tornini, V. A.; Shirihai, O. S.; Bouhaddou, M.; Covarrubias, A. J.","Aging drives chronic disease in part through senescent cells, including macrophages, which fuel inflammation. Senescent macrophages are functionally heterogeneous: canonical p16-high macrophages promote tumorigenesis or, in other contexts, disease tolerance, whereas we previously identified a distinct p21-high, p16-low senotype that drives metabolic dysfunction-associated steatotic liver disease (MASLD). The molecular basis of this senotype has remained undefined. Using genetic and multi-omic approaches, we show that a p53-p21-dependent program actively represses p16 and is required for senescent macrophage viability. We identify Cyclin D2 as a non-canonical downstream effector that redistributes from the nucleus to mitochondria and lipid droplets, where it partners with MIC60 to drive metabolic reprogramming and modulates AKT1-mTORC1 signaling that sustains the SASP. Cyclin D2-p21 double-positive macrophages accumulate with aging and MASLD in mice and in human liver cirrhosis, and can be selectively depleted by senolytic treatment. Together, these findings define a druggable p53-p21-Cyclin D2 axis that specifies macrophage senotype."
2026-09-28,40,10.64898/2026.09.22.753185,1,bioinformatics,"BiomiX 3.0: A user-friendly platform for democratized multi-omics integration with graph-based learning.","Clemente-Larramendi, I.; Gliozzo, J.; Velo-Suarez, L.; Bocher, O.; Foulquier, N.; Hernandez-Valladares, M.; Legault, M.-A.; Cornec, D.; Jamin, C.; Gil-de-la-Fuente, A.; Fernandez-Ochoa, A.; Iperi, C.","Background Multi-omics integration has emerged as a powerful strategy to decode the molecular complexity of biological systems. However, the diversity of available methods, each designed with distinct assumptions, objectives, and computational requirements, makes method selection, usage and interpretation challenging for nonexpert users. Here we present BiomiX 3.0, an updated version of the BiomiX platform that extends its integration capabilities with four additional methods: Similarity Network Fusion (SNF), NEighborhood-based Multi-Omics clustering (NEMO), Data Integration Analysis for Biomarker discovery using Latent variable approaches for Omics studies (DIABLO), and PRAMIGO (Phenotyping netwoRk Application for Multi-omics InteGratiOn), a novel supervised heterogeneous graph transformer (HGT) introduced in this work. Results We benchmarked all five methods, MOFA, DIABLO, SNF, NEMO, and PRAMIGO, on two independent multiomics datasets derived from a Chronic Lymphocytic Leukemia (CLL) cohort comparing IGHV-mutated and unmutated patients, and a pulmonary tuberculosis (PTB) cohort versus healthy controls. Supervised methods (DIABLO, PRAMIGO) consistently achieved higher condition-specific discrimination as measured by the Adjusted Rand Index (ARI) and the Adjusted Mutual Information (AMI). In contrast, unsupervised methods (SNF, NEMO) revealed alternative patient stratifications driven by independent sources of biological variance while MOFA performed in a semi-supervised way occupies an intermediate position, capturing latent factors that explain both disease-associated and orthogonal sources of variance. Systematic gene-centric analysis of the top-ranked features prioritized by each method was supported by manual biological annotation of shared and method-specific signals. Across cohorts, we annotated 154 shared features (116 genes, 38 metabolites) and 60 method-unique features per cohort, demonstrating that no single integration strategy captures the full landscape of biologically relevant signals. In the CLL cohort, shared features spanned B-cell receptor biology, innate immune signaling, RAS/MAPK activation, and epigenetic regulation, while methodunique features revealed supervised-method-specific insights into vesicle trafficking (DIABLO), immune checkpoints (MOFA), and ncRNA regulation (PRAMIGO). In the PTB cohort, a convergent interferon/innate immune signature dominated shared features across all methods. Still, method-unique analysis uncovered DIABLO-specific acylcarnitine metabolic reprogramming, MOFA-specific restoration of lysosomal trafficking, and PRAMIGO-specific {gamma}{delta} T-cell and immunoglobulin repertoire diversity. Across both cohorts, SNF and NEMO proved useful for detecting biological and technical sources of variation that were orthogonal to the primary condition of interest. Ultimately, PRAMIGO uniquely enables the construction of heterogeneous graphs modeling cross-modal molecular interactions, uncovering epigenetic co-regulation programs in CLL and multi-omics inflammatory modules in PTB that are difficult to identify using conventional integration approaches. Conclusions BiomiX 3.0 provides a graphical user interface (GUI) multi-method integration environment that democratizes access to state-of-the-art multi-omics analysis. By combining both unsupervised and supervised integration strategies within a unified platform and introducing graph-based learning through PRAMIGO, BiomiX 3.0 enables researchers across disciplines with complementary tools to interrogate the biological sources of variation in their data, without requiring bioinformatics expertise."
2026-09-28,40,10.64898/2026.09.22.753496,1,bioinformatics,"AtlasOT - The Fused Unbalanced Gromov-Wasserstein for Multimodal Integration of Disease Atlases","Peng, K.; Ruiz, M.; Caron, B.; Kuppe, C.; Nagai, J.; Gesteira Costa Filho, I.","Single-cell and spatial multiomics technologies are transforming disease atlas construction, but computational integration of unpaired modalities remains challenging, as existing methods overlook two biological constraints of data with matching samples. First, cells should only be mapped across modalities within the same donor or biospecimen, and second, cell recovery frequently differs substantially between modalities. To address these gaps, we present AtlasOT, an optimal-transport framework based on the fused unbalanced Gromov-Wasserstein (FUGW) formulation for multi-modal integration. AtlasOT jointly models a shared cross-modality feature space and modality-specific geometric structures while restricting transport to within-sample cell pairs. Moreover, AtlasOT relaxes strict mass conservation of the balanced optimal transport optimization to accommodate unbalanced cell numbers. We benchmark AtlasOT against state-of-the-art methods on scRNA-scATAC and scRNA-spatial transcriptomics mapping scenarios. Our results indicate that AtlasOT outperforms baselines and state-of-the-art methods in all considered scenarios. Moreover, we demonstrate that AtlasOT's transport plan can be used to improve several relevant tasks such as the detection of rare cell populations, spot-level cell-type deconvolution, spatial gene imputation, and reconstruction of transcription-factor-driven spatial regulatory dynamics. These results establish AtlasOT as a unified, biologically constrained framework for multimodal integration in disease atlas studies, with broad applicability to label transfer, imputation, and regulatory network analysis."
2026-09-28,40,10.64898/2026.09.22.753319,1,bioinformatics,"Perfect 21-nucleotide matches to beneficial fungi are common in canonical antifungal dsRNA targets: an in-silico off-target hazard screen for spray-induced gene silencing","Wasif, M.; Tarcali, G.; Khan, M. A.; Saleem, H.; Azmat, M. A.","Double-stranded RNA (dsRNA) biopesticides that silence essential fungal genes by spray-induced gene silencing (SIGS) are advancing towards registration, underpinned by the claim that silencing is confined to sequence-matched target organisms, a claim that has never been tested systematically against beneficial fungi. We screened twelve dsRNA constructs (the whole transcripts of eleven canonical antifungal target genes of Fusarium graminearum: three CYP51 sterol 14-demethylases, six chitin synthases and two {beta}-tubulins, plus a concatenation of the three CYP51 transcripts modelling the flagship CYP3RNA design) for perfect 21-nucleotide (21-nt) identity, the primary match criterion of recent regulatory bioinformatics frameworks, against the transcriptomes of seven non-target fungi, including commercial biocontrol agents (Trichoderma harzianum, T. virens, Beauveria bassiana, Metarhizium anisopliae, M. brunneum), the arbuscular mycorrhizal fungus Rhizophagus irregularis and Saccharomyces cerevisiae. Eleven of the twelve constructs carried off-target hazard; only CYP51C was completely clean. TUB2b carried 580 perfect 21-nt matches and contained no hazard-free window of 250 consecutive 21-mer start positions, whereas 26.6-60.0% of screened windows were hazard-free in the designable genes. Hits landed overwhelmingly on orthologues of the targeted gene and concentrated in the Hypocreales; R. irregularis and S. cerevisiae were nearly clean. These are hazard findings, not risk findings: perfect siRNA-length matches to beneficial fungi are common in canonical antifungal dsRNA targets, and current regulatory screening panels contain no fungus that would detect them."
2026-09-28,40,10.64898/2026.09.22.753313,1,genomics,"Structural variation in repeat elements is widespread in normal human tissues and in tumorigenesis","Annapragada, A. V.; White, J.; Orjuela, H.; Bartolomucci, A.; Eastman, A.; Koul, S.; Lebarbenchon, K.; Bruhm, D.; Short, S.; Boyapati, K.; Niknafs, N.; Norton, C.; Girish, V.; Vulpescu, N.; Velculescu, S.; Velculescu, J.; Adleff, V.; Nelson, A.; Foda, Z.; Winterhoff, B.; Drapkin, R.; Schatz, M.; Phallen, J.; Scharpf, R.; Velculescu, V.","Somatic mosaicism contributes to genomic variation, yet postzygotic structural variants remain under-characterized. We performed long- and short-read WGS from multiple individuals (n=47 normal tissues; n=168 samples) and identified mosaic structural variants in all individuals and germ layers, impacting a median 285.2 kb/genome. Nearly half of breakpoints were independently validated, with tissue distributions reflecting both early and late developmental origins. Most mosaic variants were repeat-mediated and 8.3% overlapped functional elements, an enrichment compared to germline variants. To extend these analyses in samples where long-read sequencing is infeasible, we measured repeat alterations from short-read sequencing, recapitulating mosaic tissue-specific differences. We characterized tumor- and tissue- specific variation in repeats across 15 cancer types and found tumor-related repeat variation to be similar in scale to that of normal mosaic variation. Tracking repeat changes in cell-free DNA provided a noninvasive approach for tumor monitoring. Our analyses revealed widespread repeat-driven structural variation in health and disease."
2026-09-28,40,10.64898/2026.09.28.754945,1,biophysics,"Fibers and Glasses are Competing Material States in FUS Protein Condensation","Feng, L.; Muntz, I.; Takaki, R.; Ndamba, L.; Ruer-Gruss, M.; Julicher, F.; Jawerth, L.","Dense, well-ordered material states of proteins form the amyloid fibers that are a hallmark of neurodegenerative disease in the brain. Beyond forming amyloid fibers, some of these proteins can also adopt other material states termed condensates which are initially liquid-like but evolve to a soft, glassy phase. Fiber growth requires a large supply of monomers and, thus, it is often speculated that fibers emerge from within a dense condensate as it ages and its microscopic dynamics slow into a glassy state. Here, we use the well-established model system Fused in Sarcoma (FUS) to directly observe, quantify and theoretically describe fiber growth and its interplay with condensates. We report the discovery that fibers grow overwhelmingly in the dilute phase surrounding the condensates while the condensates concurrently evolve to a glassy arrested solid. The resulting protein fibers and glassy condensates are both distinct solid-like phases that coexist but do not directly interconvert. Taken together, these findings reveal that there are two competitive aging pathways in FUS condensation that are linked through phase separation kinetics."
2026-09-28,40,10.64898/2026.09.21.753341,1,"molecular biology","Hidden Biodiversity in Wildlife Trade Networks: DNA Barcoding Reveals Fish and Crocodilian Species in Commercialized Swim Bladders","Freitas, G. I.; Rodrigues, C. E.; Carvalho, D. E. V. d.; Utsunomia, R.; Porto-Foresti, F.","International wildlife trade represents one of the major drivers of biodiversity exploitation worldwide. However, the true taxonomic diversity embedded within commercial wildlife products often remains unknown because processing removes diagnostic morphological characteristics, preventing reliable species identification. Consequently, biodiversity assessments based solely on product labels may substantially underestimate the diversity of species involved in trade networks. To investigate hidden biodiversity within wildlife trade products, we applied DNA barcoding based on the mitochondrial cytochrome c oxidase subunit I (COI) gene to 77 products commercialized as fish swim bladders and seized at Guarulhos International Airport, Brazil. Molecular analyses successfully identified all samples and revealed the presence of four species: Plagioscion auratus (n = 38), Cynoscion acoupa (n = 7), Melanosuchus niger (n = 17), and Caiman crocodilus (n = 15). Fish species accounted for 71.4% of all samples, whereas crocodilians represented 28.6%, demonstrating that products marketed under a single commercial category may conceal substantial taxonomic diversity. Notably, the occurrence of two Amazonian crocodilian species within a trade chain traditionally associated with fish products reveals a previously undocumented component of the international wildlife trade. Our findings demonstrate that DNA barcoding is an effective tool for uncovering hidden biodiversity within processed wildlife products and provide evidence that wildlife trade networks may involve a broader spectrum of species than suggested by commercial labels. These results highlight the importance of molecular surveillance for biodiversity monitoring, wildlife trade regulation, and conservation planning."
2026-09-28,40,10.64898/2026.09.24.753950,2,"cell biology","YAP/TAZ-controlled ERK dynamics coordinate progenitor expansion and differentiation commitment","Sharma, S.; Berger, H. A.; Zhang, Z.; Meyer, T.; Teruel, M. N.","Progenitor cells must proliferate to expand the cell population, yet terminal differentiation requires this proliferative state to end. How signaling controls the duration of this proliferative window remains poorly understood. Using adipogenesis and live single-cell imaging of differentiation, cell-cycle, and ERK-activity reporters, we show that YAP and TAZ coordinate progenitor expansion with differentiation commitment by regulating ERK dynamics. YAP/TAZ maintain cells in a fluctuating high-ERK state that promotes proliferation while actively keeping the differentiation driver PPARG below the threshold for irreversible commitment. Crucially, this differentiation block is not explained by proliferation alone: inhibiting CDK4/6 or AKT suppressed proliferation without restoring differentiation, whereas MEK-ERK inhibition restored differentiation even when YAP/TAZ activity remained high. As YAP/TAZ activity decreases, dampened ERK fluctuations trigger PPARG activation. These findings support a self-limiting model in which YAP/TAZ-driven progenitor expansion progressively increases cell density and contact-dependent Hippo signaling, reducing YAP/TAZ activity and terminating the proliferative phase. Consequently, transient YAP/TAZ activation expands the progenitor pool while preserving subsequent differentiation, whereas sustained activation suppresses commitment. Together, these findings identify YAP/TAZ-controlled ERK dynamics as the nexus coordinating progenitor expansion with terminal differentiation and suggest that slower density-dependent Hippo feedback may set the duration of this proliferative window to regulate differentiated cell-number output."
2026-09-28,40,10.1101/2023.01.04.522718,2,genetics,"Dietary Restriction Impacts Peripheral Diurnal Rhythms Important for Longevity in Drosophila","Hwangbo, D.-S.; Kwon, Y.-J.; Iwanaszko, M.; Sisobhan, S.; Jiang, P.; Abbasi, L.; Wright, N.; Alli, S.; Hutchison, A. L.; Dinner, A.; Braun, R.; Allada, R.","Circadian clocks may mediate lifespan extension by caloric or dietary restriction (DR). We find that the core clock transcription factor Clock is crucial for a robust longevity and fecundity response to DR in Drosophila. To identify clock-controlled mediators, we performed RNA-sequencing from abdominal fat bodies across the 24 h day after just 5 days under control or DR diets. In contrast to more chronic DR regimens, we did not detect significant changes in the rhythmic expression of core clock genes. Yet we discovered that DR induced de novo daily rhythmicity or increased expression of oscillating genes. Network analysis revealed that DR increased network connectivity in one module comprised of genes encoding proteasome subunits. Adult, fat body specific RNAi knockdown demonstrated that proteasome subunits contribute to DR-mediated lifespan extension. Thus, daily gene regulation links DR-mediated changes in rhythmic transcription to lifespan extension."
2026-09-28,40,10.64898/2026.09.22.753638,1,genomics,"Structural polymorphism and population-variable coding capacity of HERV-K(HML-2) in human pangenomes","Murimi-Worstell, D. A.; Freeman, M.; Minkina, A.; Vollger, M. R.; Stergachis, A. B.; Coffin, J. M.","Approximately 8% of the human genome is derived from ancient retroviral infections. The most recently integrated of these endogenous retroviruses is the HERV-K(HML-2) clade, whose expression has been associated with cancer, amyotrophic lateral sclerosis, and embryogenesis. Studies of HERV expression, particularly HML-2, have relied predominantly on short-read sequencing. However, the high similarity among HML-2 proviruses prevents many short reads from being assigned uniquely to individual loci. We therefore compared haplotype-resolved long-read genome assemblies from 292 donors to resolve variation in proviral structure and coding capacity. Several loci previously thought to be fixed were structurally polymorphic. Tandem arrays occurred at 13 loci and contained up to six proviral copies in a single array. At 8q11.23, we identified a previously undescribed full-length provirus in one haplotype. All 583 other haplotypes carried a solo-LTR. We found that standard reference genomes failed to represent the coding capacity retained in many individuals, whose proviruses contained intact open reading frames despite disruptive mutations in the reference sequences. Short-read genotypes left 32.5% of the tested donor-variant pairs unresolved at sites associated with viral reading frames. These findings show why HML-2 expression must be interpreted in the context of the structural and coding alleles each individual carries."
2026-09-28,40,10.64898/2026.03.28.714506,2,bioinformatics,"Deciphering sepsis molecular subtypes using large-scale data to identify subtype-specific drug repurposing","Smith, L. A.; Augustin, B.; Jacob, V.; Black, L. P.; Bertrand, A.; Hopson, C.; Cagmat, E.; Datta, S.; Reddy, S.; Guirgis, F.; Graim, K.","Sepsis is a life-threatening dysregulated response to infection, the heterogeneity of which precludes effective targeted therapies. To address this, we created a transcriptomic atlas of publicly available adult sepsis data, on which we performed molecular subtyping and identified potential subtype-specific drug repurposing opportunities. In total, we harmonized data from 3,713 samples across 28 datasets, of which 2,251 were from sepsis patients. Using this data, we identified four molecular subtypes of sepsis (C1 - C4) by clustering the sepsis samples based on expression differences in immune- and lipid-related genes. We next identified gene signatures unique to each molecular subtype. Pathway analysis of these signatures revealed patterns of immune exhaustion and metabolic dysregulation in C1, suggesting potential benefit from corticosteroid treatment. C2 had the youngest patient population and the lowest mortality, and C2 expression patterns were often anti-correlated with those of C1. C3 was enriched for inflammatory and cellular stress pathways, while the highest mortality subtype, C4, showed evidence of immunosuppression and metabolic reprogramming. Gene and pathway-level analysis of our molecular subtypes statistically correlated with results from analysis of 28-day mortality, with the best (C2) and worst subtypes (C4) exhibiting similar molecular dysregulation as survivors and non-survivors, respectively. For each subtype, we then evaluated potential targeted therapies. Using a large-scale pharmacogenomics database, we identified drugs targeting the subtype gene signatures and assessed the potential clinical impacts of these drugs. We identified several potential candidate therapies for each molecular subtype, including possible responsiveness to Methylene Blue therapy for patients from our highest mortality subtype, C4. Notably, our drug repurposing analysis revealed a significant representation of anti-inflammatory monoclonal antibody therapies across molecular subtypes. The anti-correlated signatures in C1 and C2 suggest that monoclonal antibody therapies may not be effective for patients in both subtypes, which may explain why prior clinical trials have been unsuccessful. Altogether, our detailed molecular subtyping and analysis identify potential drug targets within each molecular subtype, with implications for future precision medicine for sepsis."
2026-09-28,40,10.64898/2026.09.27.754865,1,bioinformatics,"Minkowski Tensors as a Lightweight and Interpretable Representation for Three-Dimensional Morphology","Khurana, Y.; Ishihara, K.","Quantitative analysis of biological shape is central to understanding how form encodes function. Despite rapid advances in volumetric imaging and segmentation, analysis and of three-dimensional morphology remains challenging due to complex geometries and topologies found in biology. Existing approaches either rely on handcrafted metrics that lack generalizability or employ data-driven neural models that sacrifice interpretability and robustness. Here, we introduce Minkowski Tensors (MT), a family of integral-geometric shape descriptors that extend classical scalar measures of volume, surface area, and curvature into tensor-valued quantities encoding direction and anisotropy. MT form a provably complete yet compact and interpretable feature set that captures volumetric and curvature-based information in a transformation- and scale-covariant, topology-aware manner. We benchmark MT on diverse segmented 3D biomedical images spanning vascular and adrenal structures from magnetic resonance angiography (MRA) and computed tomography (CT), and dividing cell nuclei imaged by confocal microscopy, demonstrating competitive or superior classification performance relative to classical geometric descriptors and neural baselines while retaining direct biological interpretability. Our results establish Minkowski tensors as a concise yet powerful framework for discriminative analysis of complex 3D biological morphology."
2026-09-28,40,10.64898/2026.09.22.753614,1,bioinformatics,"vep-rs: high-throughput Rust variant annotation with population-scale concordance to Ensembl VEP","Porter, M.; Borkowski, R.","Summary: Ensembl VEP is the de facto reference for variant consequence annotation, but its Perl implementation limits throughput, and the open reimplementation benchmarked here is validated on a set too small to bound its disagreement with it. We present vep-rs, a Rust reimplementation of Ensembl VEP release 115.2, audited over 260,638,766 VEP consequence tuples, each a (location, allele, feature) key carrying a Sequence Ontology term set, from six variant datasets (ClinVar, gnomAD chr21, and 1000 Genomes chr21 across GRCh37 and GRCh38). On SNPs and indels vep-rs emits exactly VEP's tuple count on all six and attains F1 [&ge;] 0.999974, differing from VEP on 3,169 tuples, at most one in 38,000 per dataset; with two documented VEP defect shapes set aside, F1 rounds to 1.000000 on all six. Per consequence class, 29 of the 30 Sequence Ontology terms carrying at least 1,000 tuples exceed F1 0.99, and the lowest, 0.540 on start_retained_variant, is entirely a VEP defect. On structural variants, F1 is 0.975395 (GRCh37) and 0.909998 (GRCh38). Timed on 20 independent machines per engine and architecture, vep-rs is faster than VEP by 101x-284x on ARM (geometric mean 176x) and 78.3x-192x on x86 (geometric mean 135x). Five divergence classes are documented, four of them defects in VEP release 115 that vep-rs does not reproduce: a consequence call that contradicts itself, a splice-region term dropped from a variant that lies in a splice region, annotation against a chromosome the variant does not lie on, and output that depends on input batch composition. A pipeline keyed on VEP consequence terms can therefore adopt vep-rs against a measured, per-term bound, shed VEP's contradictory and batch-dependent calls, and annotate population-scale inputs at 78.3 to 284 times VEP's throughput, and per-file structural-variant sets at 22.5 to 52.9 times. Availability and implementation: vep-rs, its harness, both comparators, and every per-machine wall time are released under Apache-2.0 at https://github.com/natera-open-source/vep-rs (release v0.1.0, archived at https://doi.org/10.5281/zenodo.22837897). Supplementary information: Supplementary data are available at Bioinformatics online."
2026-09-28,40,10.64898/2026.09.22.753654,1,bioinformatics,"When label-free morphology is sufficient for targeted cellular measurements","Li, M.; Zhu, J.; Li, B.; Zhang, C.; Tang, Z.; Wang, J.; Xing, W.; Zhang, B.; Xu, J.; Meng, L.; Zhang, B.; Chen, J.; Zhang, R.; Zhang, L.; Xu, J.","Label-free morphology captures cellular responses, but its ability to substitute for targeted cellular measurements depends on the intended use. We assess measurement sufficiency using nearly 10 million paired phase-reporter observations across 1,000 gene knockouts, 52 fluorescent reporters and 73 A549 screens. Ten predictors differed in recovery across held-out fields, genes and screens. Same-cell pairing controls identified reporter-state information beyond perturbation averages and measured covariates. Perturbation ranking often persisted despite reduced variation in predicted response magnitudes. Predictions of held-out knockout responses retained a median 79% of the strongest hits, whereas functional-term retention varied. Atlas-derived criteria identified 30 quantitative and 7 ranking proxies for a fixed ensemble, with reference reproducibility constraining interpretation. In independent primary-hepatocyte data, brightfield predictions prioritized 10 of the 11 compounds with the largest measured metabolic-activity losses among 217 held-out compounds. Measurement sufficiency therefore depends on target, predictor, context and scientific task, beyond predictive correlation alone."
2026-09-28,40,10.64898/2026.09.22.753520,1,bioinformatics,"ProcessNets: Towards an efficient approach for ensemble analysis of biological networks","Mahapatra, S.; Narayanan, M.","Integrative analysis of the properties of multiple networks pertaining to a biological system is a key problem in systems biology. But computing the properties of thousands of large networks poses a challenge. Most techniques that partially address this challenge, such as parallelism and optimized algorithms, treat the analysis of each network as an independent task. However, the networks arising from the same biological system are often similar to each other, and can we harness this similarity to achieve speedup? Towards this end, we propose a phylogeny-like data structure, nc-tree, to compactly represent an ensemble of related biological networks; and a versatile framework, ProcessNets, that runs incremental algorithms over the nc-tree to speedup property computations on the input networks. Our asymptotic analysis of space and time complexity, coupled with empirical evaluations of diverse ensembles of simulated and real-world GTEx gene coexpression networks, demonstrate that ProcessNets leads to significant space and time advantages when computing different network science measures on ensembles of similar networks. For instance, we achieve a compression factor of 2.1x and 8.1x in storing two representative ensembles of GTEx Muscle Skeletal networks with 1000 nodes/genes, and a time speedup of 2.86x to 3.97x over the fastest baseline for computing degree centrality in ensembles of networks with at least 14,500 nodes derived from subsampled GTEx datasets of ten tissues. These results are promising and encourage application of ProcessNets to analyze biological network ensembles derived from rapidly accumulating consortium/biobank-based datasets."
2026-09-28,40,10.64898/2026.09.22.753673,1,bioinformatics,"Tri-Modality Representation Learning for Molecular Property Prediction","zhao, A.; Li, J.","Accurate molecular property prediction requires effective molecular representations that can describe a molecule from multiple complementary perspectives. Existing deep learning approaches typically use SMILES strings, two-dimensional molecular graphs, or three-dimensional conformations as inputs. These representations capture different aspects of molecular information: SMILES encodes a sequential description, molecular graphs describe atom-bond connectivity, and 3D conformations provide spatial information from atomic coordinates. However, these modalities are often learned separately or merged with low effective fusion operations, which may not sufficiently capture interactions among sequential, topological, and geometric features. In this work, we propose Tri-Modality Cross-Attention (TMCA), a multimodal framework that integrates 1D SMILES, 2D molecular graphs, and 3D molecular conformations for molecular property prediction. TMCA uses pretrained encoders for the 1D and 3D branches, with a SMILES-based Transformer for the 1D branch and a recent conformation-aware pretrained model for the 3D branch. At the same time, a trainable 2D graph encoder is designed to support modality fusion. All the parameters from the pretrained models are frozen to make overall training more efficient. We evaluate TMCA on four datasets (i.e., BBBP, BACE, ClinTox, and HIV) from the MoleculeNet database for classification tasks and compare its performance with state-of-the-art competing approaches. Experimental results show that TMCA achieves the best overall performance, demonstrating the value of multi-modality integration for drug property prediction and the effectiveness of our cross-attention-based fusion strategy. The source code of TMCA is available at: https://github.com/Ay-Zhao/TMCA"
2026-09-28,40,10.64898/2026.09.22.752857,1,bioinformatics,"PanVasc Research for AI assisted evidence analysis in panvascular intervention","You, L.; Guo, Y.; Wang, W.; Peng, Z.; Zhong, X.; Shen, L.; Ge, J.","Panvascular intervention research requires evidence workflows that preserve source identity, outcome definitions and observation windows. We developed PanVasc Research, an executable research framework, and evaluated a fixed local Qwen3-4B model using two complementary tasks. Fifty ClinicalTrials.gov records from five vascular query strata generated 200 source-fidelity tests with intact evidence or controlled removal of the requested source, primary outcome or timeframe, plus 50 clean controls. A separate 100-statement sample from the official NLI4CT test set assessed clinical-trial entailment and evidence selection against existing expert labels. Generic and checklist prompts used identical evidence and maximum generation budgets; each output was also evaluated with an input-only deterministic contract. Registry exact accuracy was 51/200 (25.5%) with the generic prompt and 77/200 (38.5%) with the checklist; intact-case agreement was 50/50 and 48/50. The rule baseline recovered 200/200 tuples. NLI label accuracy was 48/100 (48.0%) and 50/100 (50.0%), respectively. The source contract retained 35 and 31 incorrect NLI labels in the two arms. Registry references establish fidelity to a registration snapshot, while NLI4CT concerns breast-cancer trials and does not validate vascular expertise. The framework also retains provenance-recorded literature retrieval, structured research planning and local numerical analysis. These experiments support a bounded assessment of source handling and semantic failure, rather than a new foundation model or autonomous scientific discovery. A proposed endpoint representation identifies the additional domain annotation and independent validation required for a panvascular research model."
2026-09-28,40,10.64898/2026.09.23.753607,2,biophysics,"Folding-Driven Control of the Functional PP1 Complex via Multiscale Modeling","Fontana, F.; Bogin, B.; Irvin, M.; Ozen, M.; Levine, Z. A.; Lopez, C. F.","Understanding how conformational dynamics regulate protein complex assembly remains a central challenge in molecular systems biology. Here, we develop a multiscale modeling framework that integrates all-atom molecular dynamics (MD) simulations with rule-based kinetic modeling to investigate the formation of the PP1-GADD34-eIF2 complex, a critical regulator of the integrated stress response. Using umbrella sampling, we compute the potential of mean force (PMF) for key interactions, revealing strong thermodynamic driving forces for eIF2 binding ({Delta}G = -89.5 kJ/mol, KD {approx} 0.07 fM) and moderate affinity for PP1-GADD34 association ({Delta}G = -40.7 kJ/mol, KD {approx} 0.138 M). These energetics inform a PySB-based model that incorporates GADD34's folding state as a continuous variable ({varphi}), linking conformational transitions to holoenzyme assembly and activity. Simulations show that catalytic efficiency is maximized when GADD34 folding free energy is 20 kJ/mol and {varphi} = 0.9, reflecting a highly ordered state stabilized by actin and PP1 binding. Comparative analysis of energy-constrained and optimized parameter regimes reveals that folding-dependent assembly enhances both eIF2 dephosphorylation and information transmission, with channel capacities increasing from <0.002 bits to >5.5 bits. These results demonstrate how conformational regulation encodes system-level function and underscore the utility of multiscale models in bridging molecular energetics with dynamic biochemical control."
2026-09-29,40,10.64898/2026.09.28.754968,1,"cell biology","Defining redundancy in the stickers and spacers of the cell-cell junction protein Canoe's intrinsically disordered region","Wiltshire, R.; Slep, K. C.; Lamb, J.; Clark, S. E.; Peifer, M.; Jensen, C. C.","Cell-cell adherens junctions (AJs) and their dynamic cytoskeletal linkage power morphogenesis. AJs are enormous complexes with hundreds of proteins linked by multivalent interactions. Like other biomolecular condensates, intrinsically disordered regions (IDRs) in junctional proteins play important roles in AJ assembly and function, using spacer elements to span distances, and stickers to engage targets. To define molecular mechanisms, we need to define the functional units within IDRs. Drosophila Canoe, homolog of human Afadin, is our model. Canoe mediates morphogenesis and has an extensive IDR, with two conserved F-actin-binding stickers and two poorly conserved spacers. We combined biochemical, genetic and cell biological approaches to define the function of these IDR elements. While no single element is essential, deleting the full IDR essentially eliminates Canoe function. By scrambling the amino acid sequence of the spacers, we find that length and composition are more important than amino acid sequences, though sequences in the C-terminal spacer affect Canoe localization. Finally, we test redundancy of the F-actin-binding stickers. Deleting both reduces but does not eliminate viability, and sensitized assays reveal their redundant roles. These data reveal the robustness of IDRs."
2026-09-29,40,10.64898/2026.05.15.725597,2,genomics,"Unbiased Long-Read Whole-Genome Sequencing Enables High-Resolution Mapping of Transgene Concatenation and Off-target Genomic Disruption in a Mouse Model","Mehta, M.; Ahmed, K.; Hussein, R.; Tavares, E.; Berberovic, Z.; Adele, R.; D'Souza, A.; Gu, B.; Wilson, M. D.; Ivakine, E.; Monnier, P. P.; Heon, E.; Vincent, A.","Transgenic mouse models are indispensable for dissecting disease mechanisms, yet their interpretability is frequently compromised by cryptic genomic alterations introduced during transgenesis. Thus, robust quality control strategies are needed to elucidate integration architecture and evaluate model performance when such unintended events occur. Here, we applied unbiased whole-genome long-read sequencing using the PacBio Revio to investigate a mouse model exhibiting unexpected transgene silencing, originally designed to recapitulate autosomal-dominant hereditary macular dystrophy driven by upregulation of a ZZEF1-ALOX15 fusion gene. Long-read sequencing analysis revealed a [&ge;]29 kb head-to-tail concatemer containing at least three transgene-derived copies. Reconstruction of transgene-genome junctions revealed unintended off-target integration of the concatemer into the calcium-sensing receptor gene (Casr), along with exogenous E. coli DNA, that together defined final transgene architecture. Aggregate 5-methylcytosine profiling identified hypermethylation of the transgene promoter across the concatemer and additional phenotyping suggested disruption of endogenous CaSR function resulting from the rearrangement. Our workflow enabled direct detection of transgene concatenation and off-target mapping. These findings highlight the power of whole-genome LRS in uncovering hidden genomic complexity, resolving aberrant phenotypes and enhancing the reliability of in vivo disease modelling, supporting its incorporation as a potentially scalable quality control tool for genetically engineered animal models."
2026-09-29,40,10.64898/2026.09.27.754823,1,bioengineering,"SpiraMed: A Stereotactic Helix-based Therapy Delivery system for the Human Brain","Bulstrode, H. J.; Young, A.; Huysman, I.; Seevaratnam, D.; Man, K. K.; Pak, H. L.; Wilson, G.; Stamper, A.; Wang, X.; Wang, Y.; Tang, X.; Truong, A.; Kayhanian, S.; Ferreira, F.; Plummer, M.; O'Connell, A.; Bogusiewicz, D.; Brown, D.; Godfrey, D.; Daly, R.; Malliaras, G. G.; Rowitch, D. H.; Hutchinson, P. J.; Gray, W. P.; Barker, R. A.","Stereotactic needle-based delivery remains the standard for local administration of Advanced Therapy Medicinal Products (ATMPs) to the human brain. ATMP administration typically involves multiple trajectories, presenting cumulative risks and prolonging surgery. Reflux-prone, patchy therapy coverage compromises clinical results. We demonstrate a novel approach, deploying a helical delivery catheter via a single access trajectory per target, referred to as SpiraMed. Helix retraction is synchronised with therapy delivery, enabling comprehensive target coverage in seconds. Helix pitch and diameter can be precisely tailored to patient-specific target volume and vascular anatomy, as part of the preoperative stereotactic surgical planning process. Testing in agarose phantoms, live sheep and cadaveric human brain confirms enhanced therapy delivery volume, delivery speed and target coverage, with reductions in reflux and predicted risk of bleeding complication. SpiraMed represents a new paradigm, promising to help deliver on the transformative potential of cell and gene therapies across the spectrum of human CNS disease."
2026-09-29,40,10.64898/2026.09.21.753357,2,bioinformatics,"MDM2 P1/P2 promoter usage separates autonomously proliferative and environment-adaptive, gastric-metaplastic programs in colorectal cancer","Tsukui, T.; Shin, K.; Tsuda, K.; Yao, R.","Background: Biopsy-measurable biomarkers that stratify colorectal cancer (CRC) by therapeutic responsiveness remain scarce. We asked whether dual MDM2 promoter (P1/P2) usage acts as a molecular switch separating two opposed CRC phenotypes: a chromosomal instability type and an environment-adaptive type (microsatellite instability-like/serrated pathway with gastric metaplasia). Methods: Sixty three organoid samples from 22 CRC patients were classified by deep-learning morphology (VGG16) and an array based MDM2 Splicing Index. P1 and P2 signatures were evaluated in TCGA-COAD/READ (n = 624) and GSE39582 (n = 519), and drug responses were examined in cell lines (GDSC2, DepMap) and 65 independent CRC organoid lines. Statistics used Wilcoxon, Kruskal Wallis and Spearman tests (Benjamini Hochberg-corrected) and patient-level mixed models. Results: Deep earning classification reached 98.5% test accuracy; morphology corresponded to isoform usage: Type1 (compact glandular) morphology predominated in P1-dominant samples (median Type1 fraction 0.826 versus"
2026-09-29,40,10.64898/2026.06.12.732009,3,bioinformatics,"Virus-human protein-protein interactions predict viral phenotypes","Zhang, Z.; Feng, Y.; Ge, X.; Meng, X.; Peng, Y.","Viral phenotypes such as host and tissue tropism are critical determinants of viral infection and transmission. Inferring viral phenotypes presents unique challenges compared to cellular organisms, as viruses rely entirely on host machinery for replication and survival. Current methods for predicting viral phenotypes mainly rely on viral genomic data, often overlooking host-related information. Here, we evaluated the utility of predicted virus-human protein-protein interactions (PPIs) in inferring diverse viral phenotypes using machine-learning algorithms. For predicting human infectivity, a PPI-based machine learning model outperformed both virus genomic and protein sequence-based models that used large language model embeddings. It also surpassed previous methods that incorporated both viral and host genomic data. The human proteins identified by the model were significantly enriched in functions related to viral infection and immune response. In predicting various phenotypes of human RNA viruses, PPI-based models performed better than virus sequence-based models in forecasting virulence, human transmissibility and transmission routes, while showing comparable performance to genomic sequence-based models in predicting tissue tropism. Finally, we demonstrated that a PPI-based model could distinguish high-risk HPV genotypes from low-risk ones. Proteins associated with high-risk HPV were involved in apoptosis and immune regulation, whereas those linked to low-risk HPV were enriched in telomere maintenance and DNA repair. Collectively, this study is the first to demonstrate the value of predicted virus-human PPIs in inferring viral phenotypes, thereby enhancing our understanding of the molecular mechanisms underlying these phenotypes. It also provides effective tools for risk assessment of emerging viruses, contributing to improved pandemic preparedness."
2026-09-29,40,10.64898/2026.07.03.736450,2,immunology,"Enhancement of a STING Agonist Vaccine for Tuberculosis Using Locally Supercharged MS2 Viral Capsids","Martin, H. S.; amb-Echegaray, I. D.; Huang, P.; Shallow, L.; Balakhmet, A.; Pratakshya, P.; Stanley, S.; Francis, M. B.","Mycobacterium tuberculosis (Mtb) infection kills more people worldwide than any other pathogen. While the Bacille Calmette-Guerin (BCG) vaccine for Mtb has been widely used for over a century, it provides insufficient protection to eradicate this disease. One of our labs has recently established that a protein antigen (H1) can be combined with a STING pathway agonist to achieve strong protection against Mtb in mice, with performance that exceeds that of the BCG vaccine. However, its reliance on a synthetic cyclic dinucleotide (CDN) with relatively poor cell uptake requires higher dosing levels, thus increasing costs. To increase the efficiency of this vaccine and provide a delivery strategy that could also be used in humans, the H1 Mtb antigen and CDN adjuvant were conjugated to genome-free MS2 viral capsids that included cationic mutations to increase cell uptake. Specifically, the H1 antigen was conjugated to the external surface of MS2 using a tyrosinase-mediated oxidative coupling reaction, and the native STING agonist cGAMP was coupled to internal cysteine residues through a reductively cleavable disulfide linker. The resulting MS2-H1 and MS2-cGAMP conjugates were then co-delivered for three doses of vaccination in mice before exposure to Mtb. The MS2-based vaccine platform was observed to have comparable efficacy to the original H1/CDN formulation, but its enhanced uptake properties enabled 57- to 145-fold less CDN, as well as 3-fold less H1 antigen. Additionally, this vaccine elicited immune responses that have been previously demonstrated to correlate with protection. The ability of the capsid shells to protect the CDN cargo during transport allowed enzymatically produced, and thus readily accessible, cGAMP to be used instead of more costly CDNs that require many synthetic steps. This, combined with the reduced overall amount of CDN that was required, could lower the production costs of future vaccines substantially. Finally, the ability of the capsid-based carriers to bypass the membrane transporters for CDNs suggests that this enhanced vaccination platform is likely to exhibit improved human efficacy in future studies."
2026-09-29,40,10.64898/2026.09.28.755235,1,"molecular biology","Artificial Intelligence-Driven Nanosensing to Identify Circulating Bacterial DNA: A Novel Approach to Breast Cancer Risk Profiling","Nazeer, N.; Ratre, P.; Gurjar, V.; Goryacheva, O.; Lodhi, S.; Bhargava, A.; Goryacheva, I. Y.; Mishra, P. K.","Perovskite quantum dots (PQDs) are exceptionally promising next-generation optical materials for bioimaging applications. This paper presents an optical PQDs nanocomposite method to identify bacterial species associated with breast cancer, employing a LSTM deep learning model. The results indicate that the developed PQD-based nano-sensor offers impressive sensitivity, selectivity, and practical application. The four bacterial species identified in the study, Pseudomonas aeruginosa, Vibrio parvula, Acinetobacter baumannii, and Streptococcus vestibularis, were considered the most relevant indicators of breast cancer. With rapid detection, an intuitive design, and improved reliability, the PQD sensor could be an excellent breast cancer diagnostic tool for a point-of-care application. Furthermore, it has the potential to be integrated into healthcare systems, specifically in resource-limited settings, thereby improving the accessibility and efficiency of early breast cancer detection."
2026-09-29,40,10.64898/2026.09.28.754564,1,"molecular biology","Ctcf deficiency in myofibers induces pathological genome reprogramming toward the spontaneous development of myopathy","Massenet, J.; Nicoletti, C.; Caputo, L.; Huettner, S. S.; Nicolau, M.; Barajas, J. R.; Yang, Y.; Ancel, S.; Wang, Y. X.; Malfatti, E.; Cheung, T. H.; Witcher, M.; Crist, C.; Puri, P. L.","How perennial, postmitotic multinucleated tissues, such as skeletal myofibers, maintain their identity and transcriptional adaptation to homeostatic perturbations through adult life is an outstanding question. To address this issue, we investigated the consequences of loss of 3D-genome architecture in skeletal muscles by generating myofiber-specific Ctcf-deficient (CtcfmKO) mice. CtcfmKO mice did not exhibit muscular phenotype at birth but spontaneously developed a severe myopathy. Integrated analysis of snRNAseq, ATACseq and promoter-capture Hi-C revealed both common and fiber-type specific patterns of dysregulated gene expression associated with alterations in chromatin accessibility and promoter-based interactions in Ctcf-deficient myonuclei at distinct stages of myopathy development. Decreased chromatin accessibility at promoters and changes in their connectivity with distal elements were observed across all myonuclei as a direct consequence of Ctcf deficiency at early stages and associated with downregulation of genes implicated in myofiber contraction and anabolism, metabolism, adhesion and neuromuscular transmission. Conversely, at later stages, upregulation of genes leading to persistent activation of ER stress/UPR and catabolism resulted from global reconfiguration of chromatin structure and connectivity, partly as indirect consequence of Ctcf deficiency. Notably, type-IIB myonuclei exhibited specific alterations in gene expression that culminated in loss of fiber-type identity and ectopic expression of inflammatory genes. These results reveal a requirement of Ctcf for maintenance of fiber-type identity and transcriptional adaptation in vivo, through multilayered control of 3D genome integrity. They also indicate an unprecedented association between Ctcf deficiency in myofibers and susceptibility to develop myopathies, whereby Ctcf dispensability for developmental myogenesis confers vulnerability to develop myopathic syndromes."
2026-09-29,40,10.64898/2026.09.28.755151,1,"molecular biology","Dynamic protein phosphorylation shapes mitochondrial catalysis, import, and architecture","Smith, A. J.; Forny, P.; Rogers, S. W.; Forny, M.; Pagliarini, D. J.","Phosphorylation is a pervasive mitochondrial protein post-translational modification, yet the extent of its influence over mitochondrial functions remains unclear. To identify dynamic mitochondrial phosphoisoforms, we profiled the phosphoproteome of AML12 cells following individual genetic perturbations of 10 resident mitochondrial phosphatases. Guided by these results, we investigated the functional implications of phosphorylation on mitochondrial processes related to catalysis, import, and morphology. We find that phosphorylation of adenylate kinase 2 suppresses its nucleotide binding and catalytic activity. Elevated phosphorylation proximal to the mitochondrial targeting sequence of branched chain ketoacid dehydrogenase kinase disrupts its import and processing, resulting in enhanced catabolism of branched chain amino acids. Most notably, we discover extensive phosphorylation on proteins involved in mitochondrial cristae architecture, including multiple members of the MICOS complex and ATP synthase, upon silencing the phosphatase PGAM5. Collectively, our work connects reversible phosphorylation and resident phosphatases to the regulation of diverse mitochondrial processes."
2026-09-29,40,10.64898/2026.09.28.754723,1,"molecular biology","Thiomorpholino antisense oligonucleotides inhibit telomerase and limit cancer cell proliferation","Rivosecchi, J.; Zaug, A. J.; Lasek, T.; Schäfer, B.; Caruthers, M. H.; Cech, T. R.","Reactivation of telomerase confers immortality to approximately 90% of human tumors by enabling continuous elongation of the DNA at chromosome ends, or telomeres. The telomerase catalytic subunit TERT adds TTAGGG repeats using a portion of the telomerase RNA component hTR as a template. Because telomerase is inactive in most normal somatic cells, it remains an attractive therapeutic target; however, no telomerase inhibitor has yet demonstrated robust clinical efficacy with acceptable safety. Here we evaluate thiomorpholino oligonucleotides (TMOs) as a new class of antisense oligonucleotides targeting the template region of hTR. TMOs incorporate morpholino rings and phosphorothioate linkages, which enhance nuclease resistance, RNA binding and nuclear uptake. Two anti-hTR TMOs inhibited telomerase activity in vitro with an IC50 below 1 nM, whereas two control TMOs were at least 100-fold less active. HeLa cells treated with anti-hTR TMOs showed progressive telomere shortening, detectable after one week of treatment. Growth inhibition was observed after substantial telomere erosion, and both telomere length and proliferation recovered upon withdrawal of TMOs. These findings establish TMOs as a promising new chemistry for telomerase-targeted therapeutics."
2026-09-29,40,10.64898/2026.09.29.754891,1,"cell biology","Tag-stabilized fluorescent protein binders for endogenous cell type-specific protein labelling","Schnider, S. T.; Kring, C.; Maggi, L.; Vigano, A. M.; Affolter, M.; Aguilar, G.; Kempf, A.","Protein labelling using genetically encoded fluorescent protein fusions has revolutionized the study of protein localization and function. However, visualizing endogenous proteins in specific cell types remains challenging, as existing approaches often require overexpression or laborious genetic engineering. To address these limitations, we developed a library of fluorescent protein binders using existing nanobodies and single-chain variable fragments that recognize fluorescent proteins and short peptide tags, allowing for modular, cell type-specific labelling of genetically tagged endogenous proteins. We found that fluorescent protein binders generate background fluorescence in the absence of the target protein, reducing signal specificity. To overcome this limitation, we generated destabilized fluorescent protein binders directed against GFP, ALFA, GCN4 peptide and V5. These binders display increased antigen-dependent stability and reduced background fluorescence, thereby improving the signal-to-noise ratio of endogenous protein visualization. We demonstrate the detection of endogenous proteins in drosophila larvae and embryos, zebrafish embryos, as well as in specific neuronal populations of the adult drosophila brain. In the brain, tissue-specific labelling revealed previously unknown protein expression and subcellular localization in sleep-regulatory neurons. Together, our panel of tag-stabilized fluorescent protein binders provides a versatile, ready-to-use toolkit for background-free, cell type-specific visualization of endogenous proteins."
2026-09-29,40,10.64898/2026.09.28.755133,1,"cell biology","Ether glycerophospholipid control of peroxisome degradation confers protection from ischemia","Singh, M.; Qayyum, S.; Godoy, G.; Benhalima, J.; Seidel, O.; Madl, N.; Watschinger, K.; Deik, A. A.; Keshishian, H.; Clish, C. B.; Carr, S. A.; Wyant, G.","Ether glycerophospholipids (ether lipids) are a subclass of glycerophospholipids that are synthesized at the peroxisome and constitute nearly 20% of the total phospholipid content in metazoans. Biochemically, ether lipids have an alkyl chain attached by an ether bond at the sn-1 position of the glycerol backbone (alkyl-ether) primarily containing choline or ethanolamine head groups. Some ether lipids contain a cis bond adjacent to the ether linkage (alkenyl-ether) and are commonly referred to as plasmalogens. While the importance of ether lipids in humans is clear, highlighted by the severity of inherited peroxisomal disorders caused by ether lipid deficiency, the molecular roles of these lipids remain poorly understood. Here, we identify a link between ether lipid metabolism, peroxisome degradation, and oxygen availability. We find Fatty acyl-CoA-reductase 1 (FAR1), the rate-limiting enzyme in peroxisomal ether lipid metabolism, acts as a peroxisome receptor necessary for peroxisome degradation when oxygen is limiting. Hypoxia increases choline ether lipid abundance, promotes autophagy activation, and peroxisome degradation. Mechanistically, FAR1 binds ATG8-family protein LC3B and is necessary and sufficient to control peroxisome degradation under hypoxia. FAR1s enzymatic function as well as its capacity to bind LC3B is necessary to degrade peroxisomes under hypoxia. Similarly, loss of multiple components of peroxisomal ether lipid metabolism blocks peroxisome degradation under hypoxia in cells and in vivo. In mouse models of chronic HIF activation, Far1 is a direct HIF target gene and is necessary for peroxisome degradation in this setting. Increasing ether lipids using ether lipid precursors activates autophagy and promotes autophagy-dependent cardioprotection against ischemic injury. This work reveals FAR1 as a critical regulator of peroxisome homeostasis in the setting of oxygen limitation."
2026-09-29,40,10.64898/2026.09.28.751769,1,"cell biology","The circadian clock regulates KCNH2 (hERG) promoter activity through daily temperature rhythms.","Rozmus, E. R.; Stumpf, I. G.; Schneider, D. J.; Alimov, A.; Pierce, T. H.; Mirshahi, T.; Delisle, B. P.; Schroder, E. A.","Background: KCNH2 encodes Kv11.1 channel proteins that conduct the rapidly activating delayed-rectifier K+ current (IKr), which is critical for cardiac repolarization. KCNH2 encodes two functional isoforms, Kv11.1a and Kv11.1b, via alternative transcription start sites. Kv11.1a is the principal determinant of cardiac IKr and ventricular repolarization. The circadian clock, a transcriptional-translational feedback loop that cycles with a period of ~24 hours and drives the circadian expression of many genes, including Kcnh2 in the mouse heart. Because daily body temperature rhythms provide a systemic signal that synchronizes cardiac circadian clocks, we tested whether physiological temperature cycles drive the circadian promoter activity of the cloned human KCNH2 (hKCNH2) promoter. Hypothesis: hKCNH2 is a direct transcriptional target of the circadian clock, with temperature driving its promoter activity through BMAL1:CLOCK acting at a conserved tandem E-box. Methods: We cloned the conserved proximal promoter of KCNH2 (-1631 bp upstream of Kv11.1a exon 1) to generate hKCNH2 promoter luciferase reporter constructs. Constructs were transfected into C2C12 myotubes and synchronized by serum shock (static 37{degrees}C) or temperature cycling (36.5-38.5{degrees}C). Bioluminescence was recorded and assessed for period, phase, and amplitude. BMAL1:CLOCK dependence was tested via dominant-negative CLOCK{Delta}19 co-expression. Results: Temperature cycling did not exhibit the rapid damping characteristic of serum-shock-synchronized oscillations, consistent with continuous entrainment by an external zeitgeber rather than a free-running oscillator. Deletion analysis identified a conserved tandem E-box required for oscillation under both serum shock and temperature cycling, and for BMAL1:CLOCK-dependent transactivation (1.75 {+/-} 0.21 vs. 0.86 {+/-} 0.06 RLU, p = 0.0038). CLOCK{Delta}19 reduced hKCNH2 promoter amplitude under temperature cycling without altering period. Conclusion: The circadian clock regulates KCNH2 promoter activity through daily temperature rhythms."
2026-09-29,40,10.64898/2026.09.23.753695,1,genomics,"Genomic correlates of metastatic competence and progression in human melanoma","Chatziioannou, E.; Luthria, K.; Shah, P.; Armeanu-Ebinger, S.; Admard, J.; Schroeder, C.; Forchhammer, S.; Stihler, F.; Zhang, X.; Maiche, S.; Mankel, A. B.; Stadelmaier, J.; Amaral, T.; Leiter, U.; Maczey, E.; Mattern, S.; Bonzheim, I.; Fend, F.; Garbe, C.; Heneka, Y.; Krauss, M.; Pop, O. T.; Schreieder, L.; Haferkamp, S.; Stratigos, A. J.; Schuerch, C. M.; Ossowski, S.; Martus, P.; Nahnsen, S.; Sinnberg, T.; Flatz, L.; Riess, O.; Izar, B.; Roecken, M.","Genomic events and their timing that grant a primary tumour the competence to disseminate remain poorly defined. We performed sequencing of 247 stage I/II primary cutaneous melanomas (CMs) and 60 matched metastases without intervening therapy from a prospectively followed registry cohort with a median followup of 92 months, integrating copy-number, mutational, protein and spatial-transcriptomic analyses. Relapse was not distinguished by oncogenic point mutations, which were largely shared between primaries and metastases, but by somatic copy-number alterations (SCNAs) and global chromosomal instability. We defined OncoCycle, a six-gene copy-number signature (amplification of CDK4, MCL1 and CD276; biallelic loss of CDKN2A, CDKN2B and TP53BP1) that predicted relapse independently of established clinicopathological features in melanoma, and a pan-cancer analysis. In matched pairs, metastatic progression was driven by continued copy-number evolution and reduction in intra-tumoural heterogeneity, rather than by acquired point mutations, and OncoCycle alterations from primary tumours were preserved in metastasis seeding clones. Clonal reconstruction revealed both monoclonal and polyclonal metastasis seeding, and spatial transcriptomics resolved copy-number-defined metastatic subclones occupying and programming distinct immune and stromal niches. Thus, metastatic competence was primed early by focal SCNAs on a background of chromosomal instability, elaborated by continued copy-number evolution during dissemination and spatio-temporal interactions with the tumour-microenvironment."
2026-09-29,40,10.64898/2026.09.28.755140,1,biochemistry,"GraPPI: A Self-Supervised Graph Encoder for Transferable Protein--Protein Interaction Modeling","Song, Z.; Shi, Z.; Sun, G.; Negi, S.; Fausther-Bovendo, H.; Zhao, H.","Protein--Protein Interactions (PPIs) are fundamental to cellular processes and represent major targets for therapeutic development. Recent advances in machine learning for protein modeling, particularly protein language models, have enabled powerful representations of protein sequences and monomeric structures. However, compared with the increasingly generalizable representations available for individual proteins, transferable representations explicitly designed to capture protein-complex and interface contexts remain less developed. Here, we developed GraPPI, a unified graph-based deep learning framework for learning transferable representations of protein--protein complexes. At its core, PPIencoder represents protein complexes as heterogeneous residual graphs and uses self-supervised masked-edge prediction to learn interaction-aware representations that integrate sequence, three-dimensional geometry, and physicochemical properties. We then evaluated the transferability of these pretrained representations across complementary PPI tasks spanning binding-mode classification, binding-affinity prediction, and mutation-associated affinity prediction. GraPPI accurately distinguished plausible binding interfaces from perturbed or decoy binding interfaces, achieving AUROC values above 0.92 on an independent benchmark. For protein--protein binding-affinity prediction, GraPPI achieved Pearson correlation coefficients of 0.690 and 0.684 on the S90 and S79 benchmarks, respectively, with performance competitive with or exceeding that of recently reported affinity-prediction methods. GraPPI further transferred effectively to mutation-associated binding-affinity prediction, achieving a Pearson correlation of 0.84 and a mean absolute error of 1.20 kcal/mol on an independent SKEMPI benchmark. Together, these results establish GraPPI as a generalizable framework for protein-complex representation learning, extending pretrained protein representations from individual proteins toward the interaction context in which protein function is realized."
2026-09-29,40,10.64898/2026.09.29.755244,1,bioengineering,"Terminal Modification Reprograms Supramolecular Organization of Integrin Ligand Assemblies to Shape Cell Migration","Su, Z.; Lin, Y.; Zhang, Y.; Hu, X.","Precise organization of bioactive ligands at material-cell interfaces is critical for directing integrin-mediated cell behavior, yet tuning supramolecular organization commonly necessitates orchestrated redesign of molecular composition or ligand sequence. Here we establish terminal modification as a minimal, sequence-preserving strategy to reprogram the organization and function of self-assembling integrin ligands. Using FFFIKVAV as a model system, N- and C-terminal modifications generated distinct supramolecular states with markedly different integrin activation and cell migration responses. Notably, stronger intermolecular association did not produce stronger biological activity, as N-terminal acetylation promoted scaffold consolidation while reducing the configurational freedom of the exposed IKVAV ligand and diminishing integrin activation and cell migration. Alongside modulating migration magnitude, terminal chemistry also diversified the cellular programs supporting migration, with the parent peptide and its C-terminally amidated analogue favoring protrusion-dominant and stress-fiber-dominant adhesion-cytoskeletal programs, respectively. These functional states were reproduced when the assemblies were introduced directly to pre-adherent cells, extending their activity beyond preformed material coatings. Our findings identify terminal chemistry as a compact molecular design variable that links supramolecular organization to ligand function while diversifying the biological output of a shared bioactive sequence."
2026-09-29,40,10.64898/2026.09.28.755205,1,bioengineering,"Anatomically Guided Deep Learning Reconstruction of Accelerated Snapshot CEST MRI","Mensah, E. A.; Faiyaz, A.; Schifitto, G.; Uddin, M. N.","Abstract Purpose: To determine whether structural MRI information can improve reconstruction of highly accelerated 3D snapshot chemical exchange saturation transfer (CEST) MRI. Methods: Fully sampled brain CEST data were retrospectively undersampled at acceleration factors (AFs) of 4, 6, 8, 10, and 12. We compared reconstruction without structural information with population-level pretraining using T1-weighted (T1w), T2-weighted (T2w), or combined T1w-T2w images, as well as direct conditioning using a co-registered subject-specific T1w image. Performance was evaluated in two held-out healthy subjects using peak signal-to-noise ratio (PSNR), structural similarity index (SSIM), and mean absolute error (MAE) across frequency offsets. Z-spectrum fidelity and derived magnetization transfer ratio asymmetry (MTRasym) maps were additionally evaluated within three-dimensional gray- and white-matter masks. Results: Subject-specific T1w conditioning consistently achieved the highest PSNR and SSIM and the lowest MAE across AFs, with greater improvements at higher acceleration. It also improved Z-spectrum agreement, particularly in white matter and combined gray- and white-matter regions across most AFs. Improvements in MTRasym were more modest and varied across tissue types and acceleration factors. Conclusion: Incorporating subject-specific structural information can improve reconstruction of highly accelerated snapshot CEST MRI, particularly at higher acceleration factors. However, improvements in reconstructed source images did not consistently translate into better preservation of derived CEST contrast, highlighting the need for reconstruction strategies that more directly incorporate CEST spectral information."
2026-09-29,40,10.64898/2026.09.29.755280,1,bioengineering,"Compartmentalized Nanozyme Transduction Enables Regenerative Molecular Amplification for Multiplexed miRNA-Based Prostate Cancer Stratification","Ma, Y.; He, X.-L.; Du, J.-Q.; Pan, M.-M.; Wang, M.; Qu, G.-Y.; Jiang, M.; Xu, L.; Yu, X.","Circulating microRNAs (miRNAs) have emerged as promising liquid biopsy markers; however, their clinical translation is restricted by low abundance, biological heterogeneity, and the complexity of multiplex profiling. Herein, we develop a targeted cycling-mediated duplex-specific nuclease (DSN)-nanozyme signal amplification platform (TC-DSN-Nano) that establishes a compartmentalized catalytic transduction strategy for multiplexed miRNA analysis. By encapsulating gold nanozymes within liposomal nanoreactors, this platform spatially separates molecular recognition from catalytic signal generation, preserving nanozyme activity during sensor construction. Upon target miRNA recognition, DSN-mediated recycling induces regenerative release of nanozyme-loaded liposomes from magnetic substrates, converting individual miRNA molecules into amplified catalytic outputs without conventional nucleic acid amplification. The platform enables programmable profiling of six prostate cancer (PCa) associated miRNAs in serum samples. Furthermore, machine learning-assisted integration of multiplexed miRNA signatures enables accurate discrimination among healthy donors, nonmetastatic PCa patients, and metastatic PCa patients, achieving an overall classification accuracy of 90.5%. This work establishes a general compartmentalized nanozyme transduction framework that integrates molecular recycling, catalytic amplification, and computational analysis for liquid biopsy-based cancer stratification."
2026-09-29,40,10.64898/2026.09.29.755283,1,bioengineering,"Enhanced 3D Osteogenic Differentiation of Encapsulated Human MSCs in Hyaluronic Acid Core Alginate Shell Capsules under Dynamic Culture Conditions","Dreger, J.; Contreras-Perez, D. A.; Keck, M.; Egger, D.","The growing demand for three-dimensional (3D) in vitro models that accurately replicate human tissue to investigate disease mechanisms, enable tissue replacement, and support drug testing is driving the need for more advanced manufacturing platforms. Mesenchymal stem/stromal cells (MSCs) are promising candidates for tissue engineering and stem cell therapies due to their regenerative potential and ethical advantages. However, the reproducible and scalable production of 3D models that truly mimic the human complexity and function poses a major challenge. To address these challenges, we have developed a scalable and semi-automated 3D differentiation process for generating osteogenic microtissue derived from MSCs encapsulated in core-shell capsules (CSCs). To validate material-dependent, osteo-inductive effects of hyaluronic acid (HA), we systematically characterised our encapsulation process with regard to CSC integrity, spheroid formation and viability, as well as diffusion and shear thinning properties. Osteogenic differentiation was performed in static and dynamic culture, using either conventional 6-well plate format or a rotating wall vessel bioreactor. HA-CSCs were compared with inert carboxymethyl cellulose (CMC)-CSCs. In addition, hypoxic culture condition and the implementation of human platelet lysate (hPL) further supported physiological relevance. HA led to the formation of larger spheroids with high cell viability and increased metabolic activity compared to CMC. Calcium phosphate deposition within the extracellular matrix (ECM) and elevated ALP activity confirmed successful osteogenesis in all conditions. Furthermore, both HA and dynamic culture promote osteogenesis, and when combined, synergistically enhance the osteogenic differentiation. In conclusion, we present a semi-automated, high-throughput and xeno-free platform process for the 3D differentiation of MSCs towards osteogenic lineage. By integrating HA, hypoxia and dynamic culture conditions, this capsule-based system enhances the physiological relevance, enabling advanced in vitro disease modelling, drug testing, and scalable microtissue generation while reducing reliance on animal models."
2026-09-29,40,10.64898/2026.09.28.755033,1,bioengineering,"AC-Diff: Anatomy-Contrast Disentangled Diffusion for Multi-Vendor Liver MRI Harmonization","Feng, H.; Dang, H.; You, L.; Wang, H.; Zhou, X.","Magnetic resonance imaging (MRI) exhibits substantial scanner and protocol dependent appearance variations, making harmonization challenging without distorting patient specific anatomy, particularly in abdominal imaging. We propose AC-Diff, an anatomy--contrast disentangled diffusion framework that formulates MRI harmonization as a factor-specific generative intervention. Using aligned multi-contrast supervision and cross-patient factor swapping, AC-Diff learns to separate anatomical structure from acquisition-dependent contrast. Unlike conventional image or latent diffusion, AC-Diff restricts stochastic generation to the contrast subspace while the source anatomy bypasses diffusion and is directly reused during reconstruction. Experiments on an in-house multi-vendor cohort and the external Duke Liver MRI dataset demonstrate improved target-domain alignment with strong structural preservation. In downstream liver segmentation, AC-Diff improves Dice from 0.942 for the original inputs to 0.954 for the harmonized images. These results support contrast-specific latent generation as a promising approach to anatomy-preserving MRI harmonization."
2026-09-29,40,10.64898/2026.09.23.753935,1,bioinformatics,"AI-Based Comparison of UniProt annotations and Literature Across Human Kinases","Pei, J.; Cong, Q.; Zhang, J.; Grishin, N. V.","Curated protein records and their supporting publications organize biological evidence at different levels of detail. Here, we used AI to independently answer a set of biological questions using either UniProt records or the full texts of the literature cited by those records, and then used AI-based evaluation to compare the resulting answers in terms of information coverage and semantic agreement. Fifty human proteins were selected from ten groups in a kinase sequence collection. Target-identity filtering retained 1,749 protein-publication records representing 1,655 distinct publications. For each protein, an AI language model generated one answer set from UniProt and another from the associated literature. A separate AI-based semantic evaluation compared all 2,500 pairwise combinations of the 50 UniProt-derived and 50 literature-derived answer sets, producing 87,500 question-level comparisons. Literature provided answers to 1,211 of 1,750 protein-question combinations, compared with 1,151 for UniProt. After correction for multiple testing across the 35 questions, literature coverage was significantly higher for autoinhibition and inhibitor type. Mean AI-assigned semantic agreement scores were higher for matched protein pairs (0.692) than for unmatched proteins within the same kinase group (0.384) and for proteins from different kinase groups (0.279). The matching literature-derived answer set ranked first for 49 of the 50 UniProt-derived queries, even after questions about gene symbol and kinase family were excluded. The sole exception was GUCY2C, whose UniProt-derived answer set showed slightly greater agreement with the NPR2 literature-derived answer set than with the GUCY2C literature-derived set. TYR proteins had the greatest overall answer coverage, whereas CK1 and RGC proteins had comparatively limited coverage in UniProt and the literature, respectively. Overall, AI analysis showed that UniProt records and their cited publications contain complementary yet strongly protein-specific biological information. Reporting gaps, question scope, and score aggregation influenced apparent agreement, underscoring that the framework evaluates consistency between AI-derived answers, not their biological accuracy."
2026-09-29,40,10.64898/2026.09.23.749423,1,"pharmacology and toxicology","Translational Pharmacokinetics and Pharmacodynamics of a Cationic mRNA-Lipid Nanoparticle from Mice to Non-Human Primates","Dunne, C. M.; Radloff, K.; Gkionis, L.; Kahwaji, N.; Hartl, N.; Keil, O.; Fischer, A.; Maass, G.; Santel, A.; Tondera, D.; Kaufmann, J.","Cationic lipid nanoparticles have demonstrated unique potential for extrahepatic mRNA delivery, particularly enabling selective targeting of the pulmonary endothelium. However, their translational development has been hampered by reports of infusion-related immune reactions and innate immune system activation, most notably transient complement activation. Here, we present a case study illustrating the discovery and translational advancement of a selected cationic LNP into non-human primates (NHPs) for initial pharmacokinetic assessment and evaluation of potential immunostimulatory side effects. We show surface charge dependent organ-selective expression of reporter mRNAs from different LNPs in vivo. An mRNA encoding the Tie2 agonist COMP-Angl, was formulated with LNP002, and respective pharmacokinetic and pharmacodynamic readouts were analyzed in two independent non-human primate studies. Notably, dose-dependent transient complement activation could be abrogated by extending the infusion time. Finally, we identified the blood-borne pharmacodynamic biomarker PDGFB for LNP002/mRNA-76 treatment reflecting activated Tie2-signalling in healthy pulmonary endothelium in vivo supported by single cell sequencing and cluster-alignment of downstream effector genes with the same spatial profile as the delivered mRNA."
2026-09-29,40,10.64898/2026.09.28.754827,1,"synthetic biology","Multichromatic Dynamic Control of Multi-Membered Microbial Consortia Compositions for Chemical Production","Jang, J.; Alexis, E.; Espinel-Rios, S.; Yzellari, E.; Safaei, T. N.; Avalos, J. L.","Engineered microbial consortia offer a promising strategy for chemical production by distributing specialized functions among microbial strains, reducing metabolic burden, facilitating modular pathway optimization, reducing toxicity, and increasing strain stability. However, differences in growth rates can destabilize population composition, compromising productivity and limiting their applicability. Here, we developed a multichromatic optogenetic Toxin-Antitoxin (optogeneticTA) platform for dynamic control of Escherichia coli consortia of up to four members using blue, red, and near-infrared light and darkness. By varying light intensities or pulses, we precisely program and dynamically modulate the population composition of two-, three-, and four-membered consortia. We further developed a modular mathematical framework that captures and predicts population dynamics of these optogenetically controlled co-cultures. Applying dynamic control to a two-membered engineered consortium increased phenol production by ~69% relative to unregulated consortia. These results establish a programmable platform for stabilizing and dynamically optimizing microbial consortia, with potential applications across microbial biomanufacturing."
2026-09-29,40,10.64898/2026.09.28.754783,1,"synthetic biology","Coupled enzyme discovery, evolution and synthetic yeast chassis adaptation for microbial biopolymer valorisation","Sanchez Olmos, M. d. C.; Gonzales Isa, J.; Paczia, N.; Zambrano, M. M.; Huerta Cepas, J.; Garcia-Ruiz, E.; de Anda Torres, V. Y.; Schindler, D.","The valorisation of biological polymers requires microbial systems that can both access recalcitrant substrates and convert the resulting carbon into useful products. Although microbial genome and metagenome resources provide an expanding reservoir of candidate depolymerizing and modifying enzymes, most discovery workflows remain disconnected from enzyme optimisation and host adaptation. Here we present a coupled sequence-based enzyme discovery, enzyme evolution and synthetic yeast chassis adaptation strategy for microbial biopolymer valorisation. Focusing on laccases for the depolymerisation of lignin as a proof of concept, we combine sequence data mining for enzyme discovery, modular yeast surface display for functional screening, directed evolution for enzyme optimisation and synthetic yeast genome diversification for chassis improvement. In our study, surface display enabled functional benchmarking and recovery of improved laccase variants and synthetic-genome-enabled diversification provided a route to explore host configurations that influence display and enzyme performance. By integrating enzyme-level and chassis-level optimisation, this framework addresses a central bottleneck in converting microbial biodiversity by computational sequence repository mining into deployable biomanufacturing systems. Our results establish laccases as tractable entry points for oxidative biopolymer conversion and provide a generalizable platform for engineering yeast systems for sustainable carbon valorisation."
2026-09-29,40,10.64898/2026.09.23.753931,1,bioinformatics,"The Venification of the Artery: Insights from Single-Cell Transcriptomics of a Porcine Arteriovenous Fistula Model","Sussman, M. S.; Tabbara, M.; Labissiere, X.; Lopez-McCormick, J. S.; Guzman, S. J.; Kosanovic, C.; Vazquez-Padron, R. I.; Martinez, L.","Objective: The maturation of an autologous arteriovenous fistula (AVF) depends on the coordinated hemodynamic adaptation of the inflow artery and the outflow vein. While venous remodeling has been extensively studied, the mechanisms of arterial adaptation are poorly understood. We addressed this knowledge gap with the first temporal single-cell atlas of the porcine AVF model. Methods: Six Yorkshire pigs underwent bilateral femoro-femoral AVF creation for tissue harvest at 2 and 21 days postoperatively or sham operation to collect native vessels after 2 days. Arteries and veins were analyzed by droplet-based single-cell RNA sequencing, histology, and immunohistochemistry. Results: All fistulas were patent, with flows reaching 1185.0 +/- 170.6 mL/min despite mild to moderate neointima formation in the veins. Arteries and veins demonstrated >60% endothelial denudation and increased neovascularization. Arterial remodeling was characterized by a progressive increase in venous-like transcriptional features. Arteries presented a venous-like endothelial cell (EC) composition at 21 days postop and a temporal increase in venous-associated phenotypes of myofibroblasts and fibroblasts. In both vessels, the latter populations were the main bearers of mechanosensitive signatures at 2 days. Despite the temporal convergence in phenotypes, arteries and veins retained vessel-selective characteristics. Arterial ECs expressed high levels of nitric oxide synthase, whereas venous ECs were largely inflammatory. Arterial myofibroblasts and fibroblasts had higher expression of Notch signaling transducers (HEY2, HEYL) and cellular communication network factors (CCN3, CCN5), while Wnt signaling regulators (DKK2, SFRP4) and complement genes (C3, C7, CFD) were upregulated in veins. Anti-inflammatory macrophages increased in both vessels during remodeling, likely contributing to the maturation of the fistulas. Conclusion: These analyses challenge the traditional paradigm of exclusive vein arterialization and support a complementary process of arterial venification after anastomosis. Recognition of this underappreciated phenomenon may reshape our understanding of AVF biology and guide the discovery of both vascular-wide and vessel-selective anti-stenotic therapies."
2026-09-29,40,10.64898/2026.09.26.754629,1,microbiology,"The two-component microbial system of the black soldier fly larvae (BSFL) gut: a plastic microbiota in the midgut, but a stable one in the hindgut","Eke, M.; Tougeron, K.; Martin, M.; Ambroise, J.; Bearzatto, B.; Gala, J.-L.; Ngamo Tinkeu, L.; Hance, T.; Renoz, F.","Due to their highly polyphagous capacities, black soldier fly (Hermetia illucens) larvae (BSFL) are increasingly valued for their ability to convert organic waste into valuable biomass that can be used for a variety of purposes. These remarkable digestive capabilities are highly dependent on an extremely plastic gut microbiota. However, the distribution and functioning of bacterial communities in the various gut compartments - particularly in the hindgut - remain little understood. In this study, we used a metabarcoding approach based on 16S gene sequencing to investigate the effect of three carbohydrate-rich diets with distinct molecular compositions on the functional diversity of the BSFL gut microbiota. Our results showed that the midgut harbors a highly substrate-sensitive microbiota, with a high abundance of Actinomyces spp., regardless of the substrate. A bacterial diversity oriented toward fatty acid biosynthesis pathways is promoted by starch-rich environment, whereas a lignocellulosic substrate fosters a midgut microbiota dominated by Paenibacillus spp. In contrast, the hindgut exhibits a distinctly stable and homogeneous bacterial composition dominated by Dysgonomonas spp. Overall, our results provide clear evidence of a two-compartment microbial system, in which the midgut primarily serves as a substrate-adaptive primary degradation chamber, while the hindgut functions as a stable terminal compartment for the final processing of residual substrates and the recycling of nutrients. These findings contribute to our understanding of the functional diversity of the bacterial microbiota along the BSFL digestive tract, which is a key factor in explaining this insect's remarkable polyphagous behavior and optimizing its use for industrial purposes."
2026-09-29,40,10.64898/2026.09.24.753990,1,genomics,"Alcohol Use Disorder and Smoking-Associated Molecular Alterations in Human Prefrontal Cortex in Single Nucleus (sn) RNA-Seq","Joshi, A.; Sanna, P. P.","Chronic smoking worsens alcohol related brain injury and impairs neurocognitive recovery, yet the cell type specific molecular interactions between alcohol use disorder (AUD) and smoking in the human brain remain largely unexplored. We analyzed single-nucleus RNA-seq from the prefrontal cortex of 73 individuals (614,932 nuclei, 24 cell types), comparing AUD versus controls, smoking versus controls, and combined AUD+smoking versus controls. In excitatory neurons, neuroinflammatory, complement, GPCR, kinase, proteostatic, and extracellular-matrix pathways confined to one or two subtypes in either condition alone expanded across nearly all subtypes when AUD and smoking co-occurred. Inhibitory neurons showed a parallel but distinct expansion, additionally recruiting translational regulation, RNA splicing, and deubiquitination pathways. Smoking alone produced widespread repression of bioenergetic, proteostatic, and synaptic pathways in excitatory neurons, whereas AUD produced mixed pathway activation and repression in excitatory neurons and broad inflammatory activation in inhibitory neurons. In the combined condition, microglia exhibited paradoxical repression of phagocytosis, TYROBP signaling, and translational machinery, consistent with an exhaustion like state, accompanied by an apparently compensatory shift in inflammatory signaling toward astrocytes, oligodendrocyte precursor cells, and oligodendrocytes, which showed coordinated inflammatory activation. Vascular cells showed an endothelial-VLMC dichotomy, with endothelial repression of RNA processing and proteostasis contrasting with perivascular activation. Our analysis identifies bioenergetic and proteostatic stress as the predominant signature of smoking, whereas immune and metabolic activation characterize AUD. In AUD+Smoking, these alterations extend across more neuronal subtypes and include neuroinflammation, complement activation, altered signaling, proteostatic stress, and post-transcriptional remodeling associated with greater cortical dysfunction in co-occurring AUD and smoking."
2026-09-29,40,10.64898/2026.09.24.753821,1,bioinformatics,"Detecting Random Mutations in 16S rRNA Sequences","Haworth, R. M.; Commichaux, S.; Pop, M.","Motivation: High-throughput sequencing technologies have driven rapid growth of biological sequence databases. Public repositories must therefore rely on automated computational heuristics to screen submitted sequences for errors and low quality. For example, SILVA SSU Ref, which exploits the conserved nature of 16S and 18S rRNA sequences, applies strict algorithmic quality controls yet still accepts sequences with up to 30% of their nucleotides deviating from any previously accepted sequence. This permissiveness creates opportunities for the admission of modified sequences, such as biologically plausible sequences generated by DNA foundation models. The vulnerability of public sequence databases to becoming polluted or poisoned with modified sequences necessitates the development of methods to detect such sequences. Results: We present the first investigation, to our knowledge, of the detectability of modified sequences. We consider simple computationally-modified 16S rRNA sequences that pass the quality control inclusion criteria of the SILVA database, which we generate via random substitutions. We present classifiers that can distinguish such modified sequences from natural 16S rRNA using conserved motifs. Our best classifier achieves over 90% sensitivity and specificity on our testing set when using a 5% artificial mutation rate. One feature used in our classifiers, gapped k-mers constructed from universally conserved nucleotides, was conserved across all three domains of life despite relying on exact matches to patterns found in E. coli, advancing our understanding of conserved grammatical structure in small subunit rRNA sequences. Availability and Implementation: Our source code is available at https://github.com/rainhaworth/16S-Mutation-Classifiers."
2026-09-29,40,10.64898/2026.09.23.753952,1,bioinformatics,"An FEV-Associated Metastasis-Initiating-Like State Linked to Tumor Cell Plasticity and Immune Niche Remodeling in Prostate Cancer","Wu, S.; Wei, J.; Shi, X.; Liu, X.; zhou, X.; Huang, L.","Prostate cancer progression is accompanied by dynamic remodeling of malignant cell states, whose metastatic potential and regulatory programs remain poorly defined. Here, we integrated single-cell, spatial, bulk transcriptomic, epigenomic, and experimental data to characterize malignant cell state transitions and identify candidate regulators associated with metastatic progression. A distinct intermediate state exhibits increased copy-number alterations, stemness, proliferation, and MYC activity, together with the highest transcriptional similarity to metastatic tumor cells, and is therefore designated as a metastasis-initiating-like (MIC-like) state. Transcriptional and regulon dynamics along the malignant cell state trajectory highlight FEV as a prominent candidate associated with the MIC-like state, with concordant expression and regulon activity patterns. Functionally, FEV is associated with a hybrid epithelial-mesenchymal phenotype, and its perturbation disrupts this phenotype, accompanied by reduced epithelial and mesenchymal features as well as impaired prostate cancer cell migration and invasion. Beyond this tumor-intrinsic feature, FEV is also associated with reduced cytotoxicity and interferon responses in the tumor microenvironment through its regulation of MIF-family genes. In addition to its potential roles in tumor cell plasticity and immune remodeling, FEV shows a reciprocal association with androgen signaling and distinct expression patterns across treatment response groups, highlighting its potential relevance in therapeutic contexts."
2026-09-29,40,10.64898/2026.09.23.753830,1,bioinformatics,"Inferring organ aging, hallmark of aging and senescence scores from blood and facial photographs","Schneider, K. L.; Belic, M.; Fuentealba, M.; Senchyna, F.; Furman, D.","Aging progresses asynchronously across organs, motivating the development of organ-resolved aging clocks. Direct assessment of organ aging in living humans, however, is largely impractical. Here, we construct tissue-specific transcriptomic aging clocks and infer organ biological age from paired whole-blood (blood-organ age) and tissue RNA sequencing data in the GTEx project. We observe high variability both in the strength of aging signatures across organs and in the ability to predict organ age and organ scores from blood. Pathway analysis shows that organ aging clocks are dominated by biological processes that differ across tissues. Age-associated multi-organ modules identified in an aging multi-organ network correlation analysis and organ age features causally mediated through organ-blood-organ transcriptomic interactions support a role for systemic signaling in coupling organ aging processes. Given the established role of cellular senescence as a driver of tissue dysfunction and its tissue-specific accumulation during aging, we extend this framework to estimate burden of organ-level senescence and hallmarks of aging. Using senescence- and hallmark-associated gene sets, we derive tissue-specific senescence and hallmark scores (organ scores) and demonstrate that these burdens across multiple organs can be inferred from blood transcriptomes (blood-organ scores). Finally, in pursuit of extending these models to other blood omics and alternative non-invasive assessments, we evaluate whether blood methylation (methylation-blood-organ age and scores) and facial photographs (facial-blood-organ age and scores) can serve as proxies for blood-organ age and blood-organ scores in independent cohorts (Edifice Health and Health and Retirement Study). The methylation- and facial-blood-organ age and scores were associated with mortality in additional testing cohorts (Framingham Heart Study and IMDB-WIKI dataset). These results establish a cross-modal framework for inferring organ-specific aging and senescence from minimally invasive data."
2026-09-29,40,10.64898/2026.09.25.754331,1,bioinformatics,"Nailpolish: Reference-free UMI deduplication and consensus read generation","Cheng, O. Y.; Tan, J. W.; Davidson, N. M.","Long-read sequencing captures full-length transcripts but suffers elevated error rates, and PCR duplicates can distort quantification unless accounted for with UMIs. We present Nailpolish, a fast reference-free tool that error-corrects and deduplicates UMI-tagged long reads by generating consensus sequences via partial order alignment, while separating false duplicates arising from UMI collisions. Across eleven Oxford Nanopore Technologies and Pacific Biosciences datasets spanning bulk, single-cell, spatial, and targeted protocols, Nailpolish reduced per-read error rates and outperformed existing deduplication tools."
2026-09-29,40,10.64898/2026.09.24.754012,1,immunology,"Distinct synovial fluid B-cell differentiation and activation profiles in rheumatoid arthritis","Huang, W.; Ghannoum, S.; Wangriatisak, K.; Hooijsma, A.; Nakazawa, M.; Franzen, L.; Petkov, S.; Chatzidionysiou, K.; Malmström, V.; Grönwall, C.","CD11c+CD21- B cells are overrepresented in rheumatoid arthritis (RA). Here we delineate their functional state at site of inflammation and its molecular basis. Phenotypic profiling of paired blood and synovial fluid from patients with anti-citrullinated protein antibody (ACPA) seropositive RA (N=12), seronegative RA (N=10) and spondyloarthritis (N=8), demonstrated a striking enrichment of CD11c+CD21- B cells in synovial fluid in all three diseases (average of CD19+ cells: 67%, 49% and 51%). In ACPA-positive RA we identified increased proportions of CD11c+IgG+CD27low cells and several stages of pre-plasmablasts. The CD11c+CD21- cells had a phenotype indicating BCR activation, proliferation, and antigen presentation. This B-cell profile was mirrored by a LAG3+CTLA4+TIGIT+ peripheral helper T-cell program in ACPA-positive RA, contrasting a CCR6+ Th17-skewing in seronegative RA. Single-cell spatial proteomics revealed a unique CD11chighCD21 low B-cell surface architecture including a BCR co-receptor-tetraspanin signature with CD72-CD81 co-localization, which was elevated in RA. CD11c+ cells also displayed CD44-CD52/CD59 and MHCII-CD40/CD84 immune-modules absent in other B-cell subsets. In summary, CD11c+CD21- B cells are highly diverse, and while an activated antigen-experienced synovial profile was shared between disease groups, ACPA+ RA showed evidence of increased extrafollicular plasmablast differentiation. Surface receptor organization implicated a favoured BCR responsiveness, complement resistance and antigen presentation."
2026-09-29,40,10.64898/2026.09.23.753870,1,immunology,"A loopless subdomain of transferrin binding protein B can elicit a broadly cross-reactive humoral immune response targeting variants from both encapsulated and non-typeable Haemophilus influenzae","Ewasechko, N. F.; Curran, D. M.; Samaniego-Barron, L.; Izydorczyk, C.; Lee, S. Z.; Parkins, M. D.; Schryvers, A. B.","Haemophilus influenzae is a Gram-negative bacterium that causes pneumonia, otitis media, and invasive infections such as meningitis and bacteremia. A vaccine that confers protection against disease caused by H. influenzae serotype b is currently available and is highly effective, but infections caused by non-b serotypes and non-typeable strains are still prevalent and increasing, suggesting a need for a broadly cross-protective vaccine that will protect against infection by all H. influenzae strains. To address the need for broad cross-protection, this study focused on the surface lipoprotein component of the bipartite bacterial transferrin receptor, transferrin binding protein B (TbpB), which is universally present H. influenzae, irrespective of encapsulation status, and is essential for bacterial colonization and pathogenesis. To prevent vaccine escape, we assessed the sequence and structural diversity among TbpB variants derived from local and international H. influenzae isolates and observed that these sequences cluster independently of encapsulation status, suggesting that conferring protection against all H. influenzae strains regardless of capsule type or presence of a capsule using a TbpB-based vaccine is feasible. In addition, our diversity analysis also revealed that the C-terminal lobe (C-lobe) of TbpB contains several large, highly variable loops. After immunizing mice with a trivalent vaccine consisting of a representative set of TbpB variants, we found that the resulting antiserum demonstrated modest cross-reactivity against heterologous TbpB variants. However, immunizing with a loopless C-lobe (LCL) that lacks the large, highly variable loops we had identified elicited broad cross-reactivity against a panel of intact TbpB variants. This suggests that while the intact TbpB may only generate a moderately cross-reactive antibody response, a vaccine consisting of a single LCL may be able to elicit a sufficiently cross-reactive humoral response against diverse TbpB variants, and in turn, confer broad cross-protection targeting both encapsulated and non-typeable H. influenzae."
2026-09-29,40,10.64898/2026.09.24.753893,1,immunology,"TGFB1-Engineered Induced Mesenchymal Stromal Cells Exhibit High Immunomodulatory Potency and Durably Reprogram Synovial Macrophages in Osteoarthritis","Fan, K.; Rasti, M.; Khan, R.; Ziyaeyan, A.; Barazandeh, A. F.; Low, R.; Garcia, J.; Safara, S.; Nouri, S.; Robb, K. P.; Gandhi, R.; Viswanathan, S.","Clinical translation of mesenchymal stromal cell (MSC) therapies derived from primary tissue sources is limited by manufacturing inconsistencies driven by donor-to-donor variability, which reduces predictability of clinical response. Induced pluripotent stem cell (iPSC)-derived MSCs (iMSCs) offer a promising donor-independent, clonal alternative strategy that is also more amenable to engineering, but whether engineered iMSCs reproduce the potency attributes of primary MSCs remains unclear. Here, we benchmarked a doxycycline-inducible, hTERT-immortalized iMSC line engineered to overexpress TGFB1 (TGFB1-iMSCs), a key regulator of macrophage polarization, against multiple adipose tissue-derived MSC (MSC(AT)) donors across predefined immunomodulatory and angiogenic potency attributes. TGFB1-iMSCs were smaller and more circular with comparable or higher proliferative rates than primary MSC(AT) donors. Interestingly, they had a distinct angiogenic signature (EDIL3, EDN1, PDGFA), and nine differentially expressed microRNAs were predicted to target secretory trafficking and growth factor receptor signalling. Functionally, however, TGFB1-iMSCs secreted less VEGF and showed intermediate HUVEC tube formation, but matched or exceeded all primary MSC(AT) donors in a monocyte-macrophage transwell immunomodulatory assay. Notably, in a murine destabilization of the medial meniscus (DMM) model of post-traumatic osteoarthritis, a single intra-articular injection of TGFB1-iMSCs, but not MSC(AT), reduced total synovial macrophage numbers and lowered the MHCII/CD206 ratio at eight weeks, although it did not reduce cartilage degeneration, synovitis, or fibrosis. Together, these findings show that TGFB1-engineered iMSCs have a macrophage-directed potency profile distinct from that of primary MSC(AT). Immortalized iMSCs therefore provide a reproducible platform for mechanistically dissecting engineered MSC potency and its effects on the immune environment."
2026-09-29,40,10.64898/2026.09.24.754018,1,genomics,"SCAR: Controlled mutations, ancient DNA damage, and fragmentation of fasta and fastq sequences","Hartmann, M.; Westbury, M. V.","Summary: Controlled modification of sequencing data is important for reproducible benchmarking, particularly when evaluating analyses affected by read fragmentation, divergent reference genomes and ancient DNA damage. SCAR introduces controlled mutations, fragmentation and position-specific damage into FASTA and FASTQ data. All features can be used separately or in combination, and empirical fragment-length and mismatch profiles can be supplied to closely reproduce the properties of targeted datasets. Validation analyses showed the successful implementation of the requested sequence changes, and their impact on read mapping and heterozygosity analyses. Availability and Implementation: SCAR is implemented in C++ and the latest code is available at https://github.com/Madshartmann1/SCAR. The version described in this article is archived at Zenodo at https://doi.org/10.5281/zenodo.22789736 , with validation material available at https://doi.org/10.5281/zenodo.21915766."
2026-09-29,40,10.64898/2026.09.24.753691,1,"pharmacology and toxicology","Histomonas meleagridis infection and vaccination protection in chickens -- a metabolomics study","Nguyen, V. A.; Meuronen, T.; Lihtamo, A.; Turunen, S.; Hatfaludi, T.; Hess, M.; Alberdi, A.; Hanhineva, K.; Kärkkäinen, O.","Histomonosis, caused by Histomonas meleagridis, is a severe disease in poultry with main pathological lesions in ceca and liver, leading to significant animal suffering and economic losses, with no licensed treatments available. While cecal pathology and microbiota disruption have been documented, the metabolic consequences of infection and vaccination remain poorly understood. Here, we used untargeted LC-MS metabolomics to profile cecal tissue and luminal digesta in a controlled vaccination-challenge chicken trial (n=100, 25 birds/group), including uninfected and unvaccinated but challenged controls, together with birds vaccinated either cloacally, or orally via an edible gel following challenge, across five post-challenge timepoints. Results showed that H. meleagridis infection caused extensive, time-dependent disruption of the cecal metabolome, especially at 7-14 days post-infection (DPI). At DPI 14, 325 tissue and 359 digesta metabolites were significantly altered in unvaccinated challenged birds. Infection was associated with depletion of microbiota-related metabolites, including dicarboxylic acids, tryptophan indoles, phytochemical derivatives, bilirubin catabolites, phenolics, vitamins, and secondary bile acids, alongside accumulation of microbial substrates and fermentation products. Changes in the host-associated metabolites indicated mucosal inflammation, epithelial injury, mitochondrial and amino acid metabolic disturbance, oxidative stress, and membrane lipid remodeling. Cloacal vaccination provided greater metabolic protection than oral vaccination, with 78.3% of disrupted metabolites preserved at DPI 14, compared with 60.7% vaccination by oral gel delivery, pointing towards the importance of vaccine take. By DPI 21, cloacally vaccinated birds showed nearly complete metabolic recovery across most pathway groups, whereas gel-vaccinated birds retained broader metabolic disturbance. These findings reveal histomonosis as a disruption of the cecal host-microbiota metabolic interface and provide a metabolite-level framework for future studies of pathogenesis, vaccine development, and prevention strategies."
2026-09-29,40,10.64898/2026.09.24.753585,1,immunology,"Provisional extracellular matrix signaling network regulates tumor lymphoneogenesis and response to immunotherapy","Lagal, D. J.; Hong, D.; Papadas, A.; Yacu, G. S.; Geatches, E.; Leschinsky, N.; Huang, Y.; Dou, Y.; Fields, M.; Gibbons, A.; Molina, E.; Pestonjamasp, K.; Toth, P. T.; Cicala, A.; Mamede, J.; Schneider, J.; Matkowskyj, K.; Deming, D. A.; Naik, S.; Asimakopoulos, F. A.","Tertiary lymphoid structures (TLS) predict response to checkpoint inhibition, and conventional dendritic cells (cDC) are required to build and maintain them. What renders a niche permissive for their assembly is unknown: chemokines recruit the cellular constituents but do not specify how they organize. Here we show that the organizing signal is a matrix fragment. Proteolysis of the proteoglycan versican (VCAN) releases the matrikine versikine, constitutively in germinal center light zones and inducibly in tumor stroma. Versikine activates CD11b+ cDC and expands cDC1 to assemble TLS-archetypal triads, apposed DC: CD4+ T: CD8+ T units. Versikine-conditioned DC engage progenitor-exhausted CD8+ T cells (Tpex) and Th1-polarized follicular helper CD4+ T cells. Excess unproteolyzed VCAN inverts this toward DC-Treg crosstalk and Tpex loss. Versikine supplied as mRNA or recombinant protein sensitizes refractory tumors to PD-L1 blockade. VCAN proteolysis prospectively predicted outcomes after PD-1 blockade in metastatic colorectal cancer. Matrikines organize chemokine-recruited cells into functional immune niches."
2026-09-30,40,10.64898/2026.01.22.700673,2,bioinformatics,"Generative modeling reveals the connection between nuclear morphology and gene expression","Wen, S.; Vinas, R.; Bues, J.; Lambert, C.; Grenningloh, N.; Ferrari, T.; Bugani, E.; Pezoldt, J.; Love, J.; Wan, Y.; Karthaus, W.; Deplancke, B.; Brbic, M.","How transcriptional programs shape nuclear morphology, and how morphological features in turn reflect and influence cell identity and function, remains poorly understood. Here, we introduce COSMIC, a bidirectional generative framework that enables quantitative decomposition of transcriptional variance reflected in nuclear morphology and morphological variance explained by gene expression. Pretrained on over 21 million segmented nuclei, COSMIC models cross-modal relationships by using a multimodal dataset acquired with IRIS, a technology that captures high-resolution images and transcriptomes from the same single cells. COSMIC learns relationships between gene expression and nuclear morphology, enabling the identification of genes whose expression covaries with nuclear morphological variation. In prostate cancer cells, COSMIC distinguishes chemotherapy-responsive and -resistant cell states through coordinated morphological and transcriptional changes, revealing morphology-associated genes linked to tumour state. Applied to spatial transcriptomics of zebrafish embryogenesis, COSMIC reveals how local cellular neighborhoods influence morphology-expression relationships. These results demonstrate that generative modeling powered by paired single-cell measurements can quantify the information shared between nuclear morphology and gene expression, opening new avenues for mechanistic discovery in both basic and translational cell biology."
2026-09-30,40,10.64898/2026.09.26.754667,1,bioinformatics,"Accurate and scalable demultiplexing of single-cell RNA sequencing using BEACON","Ji, B. W.; Lammers, M.; Houser, A.; Chan, N.; Rodriguez, J.; Chae, H.; Xiang, C.; Bui, J.; Li, H.; Ji, A.","Barcode-based multiplexing strategies can significantly increase sample throughput and decrease costs, while mitigating batch effects of single-cell RNA sequencing experiments. However, these approaches can be limited by inaccurate or inefficient demultiplexing, resulting in cell loss and reduced statistical power. Here, we present BEACON, a novel sample demultiplexing method that efficiently learns the background count distribution from data and removes it from individual cells, thereby improving classification accuracy. BEACON outperforms other state-of-the-art methods on multiple human data sets. We apply it to cancer cell line time course experiments in vitro, enabling the identification of genes associated with aggressive tumors in vivo. Finally, we adapt BEACON to multimodal protein-transcriptome profiling, enhancing protein signal recovery to identify a CD161-positive effector memory CD4 T-cell population with a Th17-like phenotype, which we prospectively validate. BEACON can therefore be applied to other droplet-based single-cell sequencing methodologies."
2026-09-30,40,10.64898/2026.09.09.750506,2,microbiology,"Coupling Stickland fermentation with reverse β-oxidation represents a new mode of medium-chain carboxylate production","Lindner, B. G.; Nallasamy, D. K.; Roberts, L.; Gois, I. M.; Lawson, C. E.","Biotechnologies for producing medium-chain carboxylic acids (MCCAs) by chain elongating bacteria (CEB) promise to shift the oleochemical industry away from existing land use practices, vulnerable supply chains, and significant environmental costs. Realizing this potential requires a broader understanding of CEB physiology, which is currently based on lactate and ethanol utilization, despite these bacteria thriving in protein-rich digestive tracts and organic waste bioreactors. Through comparative genomic analysis of known MCCA producers and physiological examination of the recently isolated species Peptonella octanoica as a model system, we show that amino acid utilization is a broadly distributed yet largely overlooked trait of many CEB. Among several amino acid-fermenting lineages, a conserved metabolic architecture couples Stickland fermentation with reverse {beta}-oxidation (R{beta}O), enabling MCCA production when acetate or electron-accepting amino acids are limiting. We show how this coupling manages thermodynamic constraints on lactate and amino acid oxidation by driving longer-chain product formation as hydrogen partial pressure increases. We further reveal that amino acid-fermenting CEB are abundant not only in gut microbiomes but also engineered bioreactors, where their novel physiology provides a mechanistic basis for high titer n-octanoate production from proteinaceous organic wastes. Beyond biomanufacturing, these findings broaden our understanding of CEB across anaerobic microbiomes in which amino acid fermentation and chain elongation are intersecting ecological strategies."
2026-09-30,40,10.64898/2026.05.10.724127,2,"cell biology","Single-stranded telomeric repeats segregate into spatial compartments within ALT-associated PML bodies","Koeleman, E. S.; Kaplan, C.; do Rego Barros Fernandes Lima, M. A.; Braun, D. M.; Knotz, C.; Rippe, K.","Alternative lengthening of telomeres (ALT)-associated PML bodies (APBs) concentrate single-stranded (ss) telomeric DNA and RNA species critical for recombination-based telomere maintenance. However, how these species are organized inside APBs has remained invisible at microscopic resolution. Here, we map the nanoscale topology of APB components using 3D MINFLUX super-resolution microscopy combined with multiplexed exchange DNA-PAINT labeling at [~]3 nm localization precision. We discover that ssC-rich and ssG-rich telomeric repeats occupy distinct spatial compartments within a partially open, ~70 nm-thick PML protein shell: ssC-rich repeats concentrate at the inner shell surface, while ssG-rich repeats distribute broadly throughout the interior alongside TRF1-marked double-stranded telomeric chromatin. The ssG-rich signal is predominantly DNA and frequently colocalizes with POT1 assemblies. Additional TRF1 clusters outside the shell indicate multi-telomere association. Together, the spatial segregation of single-stranded telomeric species within APBs imposes structural constraints on different mechanisms of ALT-mediated telomere elongation and defines features that distinguish them."
2026-09-30,40,10.64898/2026.05.13.724932,2,biochemistry,"Conserved Obg-type GTPases Sustain Protein Synthesis across Domains of Life","Saha, S.; Hawk, C. W.; Chen, X.; Bhattacharya, A.; Nizami, S.; Pires-Alves, M.; Olsen, G. J.; Jin, H.","Translation is regulated both temporally and spatially to ensure that proteins are synthesized at the correct time and delivered to the proper subcellular location. Temporary slowing or halting of ribosomal movement along an mRNA, a physiological pausing, allows cells to coordinate protein production with internal cues and external signals. However, how cells distinguish such constructive pauses from harmful pathological stalls remains a fundamental unresolved question in molecular biology. Here, we report that a ribosome-binding GTPase (Rbg in yeast, and so-called Developmentally Regulated GTP-binding (Drg) in human) promotes protein biosynthesis in halted ribosomes in an evolutionarily conserved manner. We show that the essential bacterial Obg GTPase rescues cell growth and translation in Saccharomyces cerevisiae and human cells lacking their endogenous Rbg/Drg proteins in a GTPase-dependent manner. Furthermore, Obg enhances puromycin incorporation into stalled ribosomes in a manner requiring GTP hydrolysis. We reason that Rbg/Drg proteins act to prevent premature engagement of ribosome-associated quality-control or stress-response pathways. Under physiological conditions, proteomic analyses of Rbg1-bound ribosomes in yeast reveal that Rbg GTPases associate with ribosomes translating proteins essential for diverse functions, including those of the nucleus, ER, Golgi, mitochondria, and protein transport pathways. Finally, loss of even one of the two eukaryotic Rbg/Drg paralogs impedes cell-cycle progression, disrupts DNA replication, and compromises mitochondrial function. Together, these findings suggest that Rbg/Drg proteins enable cells across different domains of life to protect physiological ribosomal pauses, revealing a previously unrecognized layer of regulation in gene expression."
2026-09-30,40,10.64898/2026.09.29.753501,1,"synthetic biology","From Flocks to Swarms: Rewriting the Rules of Collective Cell Migration","Martin, N. R.; Brown, N.; Gaidarov, R.; Wischik, I.; Amir, A.; Gopinathan, A.; Weiner, O. D.","From flocking birds to swarming insects, collective motion enables groups to accomplish tasks beyond the capabilities of individuals. These behaviors emerge from local interactions among group members, but the interaction rules that organize collectives at the cellular scale remain poorly understood, in part because they are difficult to manipulate experimentally. Here we develop a cell-machine interface that enables us to rewrite the rules of collective migration. Cell-cell interaction rules are specified in software and implemented in living cells through real-time computer vision and closed-loop optogenetic control. Using a single engineered cell line, we program cells to self-organize into flocks, to propagate regenerative signal relays that recapitulate the interaction logic of immune-cell swarms, and to collectively navigate guidance cues that individual cells cannot. Our work shows that altering simple rules of cell-cell interaction is sufficient to generate new emergent collective capabilities. This approach provides an experimental framework for discovering the organizational principles of multicellular coordination and designing synthetic collectives with capabilities beyond those of their individual members."
2026-09-30,40,10.64898/2026.09.28.755012,1,immunology,"Distinct Longitudinal Antibody Responses Following Primary Influenza Infection or Vaccination in Infants: A Prospective Birth Cohort Study","Joshi, D.; Kumar, S.; Zarnitsyna, V. I.; Burrell, A. R.; Rolhfs, C.; Danzy, S.; Charles, T. P.; Mbadugha, F. A.; Xu, L.; Payne, D. C.; Kohlmeier, J.; Lowen, A. C.; Allen Staat, M.; Wrammert, J.","The longitudinal effects of initial influenza exposure on the magnitude, persistence, and antigen specificity of antibody responses during infancy remain incompletely understood. We investigated humoral antibody responses following primary influenza infection or seasonal vaccination in a prospective US birth cohort with weekly respiratory surveillance for influenza infection. Influenza-specific serum IgG binding to H1 and H3 haemagglutinin (HA) antigens, HA inhibition (HAI), and live-virus neutralizing antibody responses were assessed longitudinally. To minimize influence of maternally derived antibodies, analyses of primary exposure responses were restricted to infants for whom influenza-specific maternal antibodies had declined below the assay detection limit before exposure. Antibody responses were compared following primary infection and vaccination and examined after subsequent annual vaccination. We found that maternal influenza-specific IgG declined rapidly during early infancy. Among infants without detectable pre-exposure influenza-specific antibodies, primary influenza infection was associated with greater post-exposure antibody responses and less measurable decline over follow-up than primary vaccination. These groups differed in age, calendar season, and exposure characteristics, limiting direct attribution of these differences to route of exposure. In infants with previous influenza infection followed by vaccination, responses after subsequent vaccination initially showed greater binding to the previously infecting subtype among the tested HA antigens. With repeated vaccination, responses became more distributed across the tested antigens. Our findings reveal differences in the magnitude, persistence, and antigen specificity of antibody responses according to the nature and sequence of influenza exposure. By prospectively capturing early-life exposures, this study provides longitudinal evidence linking exposure history to subsequent humoral antibody responses."
2026-09-30,40,10.64898/2026.09.28.754943,1,microbiology,"Development of lyophilized faecal inoculation capsules for use in koala rehabilitation and conservation","Blyton, M. D. J.; Dierens, L.; Lacour, M.; Hugenholtz, P.","As a specialist herbivore, koalas rely on their gut microbiomes to help digest their toxic and fibrous diet of Eucalyptus leaves. Without these critical microbes, koalas may not be able to obtain the nutrients and energy they need to survive. As such, a large proportion of koalas that undergo rehabilitation for chlamydiosis develop gut dysbiosis from the antibiotic treatment and are either euthanized or die. Here we aimed to modify previously developed fresh faecal inoculation capsules for an extended shelf-life such that they could be applied in a clinical setting to prevent or treat gut dysbiosis. Using 16S rRNA gene amplicon sequencing we demonstrated that air-drying faecal material leads to an overgrowth of facultative anaerobes, whereas lyophilised material retains a similar microbial composition to fresh material. Initial survival of koala faecal microbes as assessed by live/dead staining combined with microscopy was high after lyophilisation regardless of which excipient was used, except for 20% glycerol that resulted in ~15% lower survival than other treatments. Lyophilised fine particles extracted from koala faeces and packaged into acid-resistant capsules maintained their original microbial composition and had high microbial survival over a year, regardless of the excipient used. Dry-fill, single-layer capsules maintained integrity after 10 hrs in synthetic koala stomach acid. These capsules may be useful in adapting the gut microbiomes of koalas to novel diets e.g. during translocations. However, attempts to apply the capsules in the clinical setting were unsuccessful due to unanticipated difficulties in administrating the capsules to sick koalas."
2026-09-30,40,10.64898/2026.05.14.725135,3,microbiology,"Repurposing antiviral drugs as a new avenue for Klebsiella pneumoniae decolonization","Anderson, N.; Gunter, K.; Todd, K.; Valezquez-Colon, V.; Casiano, M.; Maheswaran, N.; Blankenberger, A.; Singh, A.; Relich, R. F.; Tilston-Lunel, N. L.; Vornhagen, J.","Klebsiella pneumoniae (Kp) is an antibiotic-resistant pathogen that colonizes the gastrointestinal tract and can disseminate to peripheral sites, causing infections including bacteremia, urinary tract infections, and pneumonia. Intestinal Kp colonization is a risk factor for subsequent infection, as colonizing strains frequently correspond to infecting isolates. Thus, targeting Kp at the site of colonization through decolonization strategies may mitigate infection risk. Here, we evaluated repurposing existing drugs not indicated for antibacterial use as candidates for Kp decolonization. We screened an antiviral compound library for activity against Kp and identified and validated six compounds with poorly characterized anti-Kp activity. Screening a library of clinical Kp strains against a subset of these compounds revealed strain-specific activity that varied by compound. We further tested these compounds under conditions relevant to the human gut and found that their activity depended on biological context. Focusing on 3'-azido-3'-deoxythymidine (zidovudine or AZT), the most successful candidate in the human ex vivo experiments, a transposon mutant screen identified multiple genetic determinants of AZT susceptibility, including genes involved in DNA maintenance and central metabolism. Serial passage of Kp in AZT resulted in the repeated emergence of mutations in tdk, which encodes thymidine kinase, suggesting that alterations in thymidine metabolism contribute to AZT resistance. Finally, we show that development of AZT resistance leads to collateral sensitivity to trimethoprim, suggesting potential for combination treatment and providing insight into mechanisms governing AZT susceptibility and resistance in Kp. Collectively, these findings support further investigation of antiviral drugs as potential gut decolonization therapies for Kp."
2026-09-30,40,10.64898/2026.09.29.755034,1,"cell biology","Experimental and mathematical models reveal that AMPK modulates circadian clock gene expression and period through NAD+-dependent regulation of Bmal1","Vandenberghe, A.; Delpierre, P.; Torero-Ibad, R.; Leclerc, P.; Treizebre, A.; Berthier, A.; Heliot, L.; Duez, H.; Staels, B.; Lefebvre, P.; Furlan, A.; Lefranc, M.","The circadian clock allows living systems to anticipate environmental daily variations by scheduling cellular mechanisms according to the time of the day. The reciprocal interplay between metabolism and circadian clock is essential for energy homeostasis, and the disruption of metabolic clock inputs contributes to dysfunction of clocks in peripheral tissues. However, the molecular mechanisms through which the feeding/fasting cycle entrains peripheral clocks remain incompletely understood. Here, we investigate experimentally and theoretically the role of AMP-dependent kinase (AMPK), a key fasting sensor, in metabolic regulation of the circadian clock. Using a luciferase reporter driven by the Bmal1 promoter to monitor molecular clock activity in human U2OS cells, and thanks to a signal processing method based on the Hilbert transform to retrieve the instantaneous phase and period of circadian signals, we show that pharmacological activation of AMPK by AICAR significantly elevates Bmal1 promoter activity and markedly lengthens the clock period in a dose-dependent manner. Conversely, the clock period is shortened by the pharmacological inhibition by SR18292 of Peroxisome proliferator-activated receptor gamma coactivator 1-alpha (PGC-1-alpha). Importantly, the action of AICAR is abolished by FK866, a nicotinamide phosphoribosyltransferase (NAMPT) inhibitor, demonstrating that AMPK-dependent modulation of Bmal1 promoter activity requires NAD+ availability. These experimental results are recapitulated by numerical simulations of our previously published mathematical model, where PGC-1-alpha plays a key role in mediating AMPK activity to the clock. Moreover, the comparison of experimentally measured and theoretically predicted phase response curves, following AMPK activation at different circadian phases, provides an additional validation of the model. By integrating biological experiments with mathematical modeling, our results identify a key mechanism through which metabolic factors can entrain and regulate the circadian clock via NAD+-dependent AMPK-mediated regulation of Bmal1 promoter activity."
2026-09-30,40,10.64898/2026.09.29.755345,1,"cell biology","The Actin Cytoskeleton and Caveolae Regulate MERTK Cleavage by ADAM17.","Nicholson, R. A.; Vrieze, A.; Heit, B.","Cell surface receptors are regulated via a variety of mechanisms including proteolytic inactivation by metalloproteases. Cells often co-express both the receptor and its cognate protease simultaneously on the cell surface, often with the proteases in an active state. Despite this, receptor cleavage is generally not constitutive, and rather must be induced. How a receptor and its inactivating protease can both be present in their active form on the cell surface with no cleavage of the target receptor is unclear. Using the efferocytic receptor MERTK and its inactivating protease ADAM17 as a model, along with super-resolution microscopy approaches, we demonstrate that MERTK and ADAM17 are localized to distinct sub-regions of the plasma membrane. These microdomains are distinct subcellular structures, with MERTK contained within actin-based corrals and ADAM17 contained within caveolae. Induction of MERTK cleavage by PMA results in the reorganization of the membrane-proximal actin cytoskeleton that enables MERTK to diffuse into ADAM17-containing microdomains. Only after localizing to ADAM17-containing microdomains is MERTK cleaved. These results demonstrate that the spatial organization of the plasma membrane is dynamically regulated, with reorganization of membrane microdomains playing a role in the regulation of ADAM17 activity."
2026-09-30,40,10.1101/2022.05.10.491431,2,genomics,"RNA-sequencing as an expression-informed alternative for somatic variant detection and cancer driver identification","Akutagawa, J.; Mak, A. J.; Damle, T.; Felton, C. A.; Aspden, J.; Brooks, A. N.","Detecting somatic mutations is a cornerstone of cancer genomics and clinical genotyping, traditionally relying on whole exome (WES) or whole genome sequencing (WGS) data. While RNA sequencing (RNA-seq) is primarily used to assess gene expression, it can also be utilized for somatic variant detection. RNA-seq inherently captures expressed variants, thereby reducing the identification of passenger mutations and mitigating the annotation biases associated with WES. We performed somatic variant calling and cancer driver detection from tumor RNA-seq data from 1,359 RNA-seq samples with matched WGS from the Pan-Cancer Analysis of Whole Genomes (PCAWG) Consortium of the International Cancer Genome Consortium (ICGC) and The Cancer Genome Atlas (TCGA). Our approach using RNA-seq data, alone, identified at least one putative driver gene in 15 of 16 cancer types, consistent with driver predictions from WGS. We further observed that the variant allele frequency (VAF) of RNA-seq-derived variants reflects their predicted functional impact, providing information specific to transcriptomic data. Because RNA-seq data can be generated and analyzed at lower computational cost and time than WGS or WES, it represents a resource-efficient alternative for cancer driver detection. This study provides an extensive pan-cancer resource of RNA-seq-derived variants from the PCAWG consortium and supports the utility of RNA-seq as a complementary approach for characterizing expressed somatic variation in cancer."
2026-09-30,40,10.64898/2025.12.28.696721,2,"systems biology","Aged white adipose tissue is rejuvenated in a young host through thermogenic remodeling of mature adipocytes","Moldakozhayev, A.; Tyshkovskiy, A.; Nigro, P.; Zhang, Z.; Tskhay, A.; de Magalhaes, C. G.; Yadav, S.; Ying, K.; Eames, A. W.; Poganik, J. R.; Joshi, S.; Han, J. S.; Kholdina, D.; Mitchell, W.; Paulo, J. A.; Lopez, J. A.; Ninomiya, K.; Zhang, B.; Jacques, E.; Iqbal, S.; Anekal, P. V.; Tikhonov, S.; Tarkhov, A. E.; Carbone, N. P.; Terskikh, A. V.; Gygi, S. P.; Haigis, M.; Hirshman, M. F.; Parkhitko, A. A.; Zhou, W.; Cao, J.; Goodyear, L. J.; Van Raamsdonk, J. M.; Gladyshev, V. N.","Existing studies focus on endpoints, leaving unambiguous rejuvenation largely undemonstrated. To address this gap, we transplanted white adipose tissue (WAT) between young and old mice and longitudinally quantified biological age using molecular and histological approaches. Transplantation accelerated graft aging, and young WAT engrafted into old hosts acquired an aged state without rejuvenating the recipient. Conversely, old WAT engrafted into young hosts rejuvenated. Single-nucleus profiling localized rejuvenation to mature adipocytes and, within them, to chromatin, splicing, translation, and energy metabolism pathways. Rejuvenation was characterized by activation of thermogenesis and structural remodeling, and suppression of differentiation and lipid accumulation. Proteomic and metabolomic analyses supported these findings and implicated DNA repair. Histologically, rejuvenated WAT had smaller, more uniform lipid droplets, resembling young WAT. Top rejuvenation-associated genes were context-dependent modulators of lifespan in Drosophila. WAT's biological age is therefore partially reversible, and the rejuvenation program components regulate longevity."
2026-09-30,40,10.64898/2026.09.24.754107,1,immunology,"CD24-dependent innate immune checkpoint targeting chimera disrupts TGF-β-driven immunosuppression to enhance anti-tumor therapy","Cui, Z.; Lu, Z.; Pan, M.; Hu, Y.; Gao, M.; Ma, A.; Hong, Y.; Wang, B.; Zhang, J.; Zhang, Y.; Chen, X.","The immunosuppressive tumor microenvironment (TME) poses formidable challenges for cancer immunotherapies. Among the complex TME landscape, the cytokine TGF-{beta}1 is an attractive soluble target for reinvigoration of anti-tumor immunity due to its pivotal function in immune cell suppression, extracellular matrix remodeling, and epithelial-to-mesenchymal transition (EMT) promotion, while immune checkpoint receptors exemplified by PD-1 and CD24 are promising surface targets. Though adaptive immune checkpoint inhibition is well established in clinical practice, TGF-{beta} blockade or innate immune checkpoint blockade is yet to be harnessed for tumor treatment. Here, leveraging CD24 overexpression on multiple tumor tissues and its unique recycling kinetics, we designed an innate Immune Checkpoint TArgeting Chimera (ICTAC) G01, a bifunctional CD24 antibody-TGF-{beta}1 receptor fusion protein that disrupts TGF-{beta}1 signaling by TGF-{beta}1 degradation instead of simple blockade and simultaneously inhibits the ""don't eat me"" CD24 signaling. We demonstrated that G01 effectively suppressed TGF-{beta}1-Smad signaling, reversed the EMT, and attenuated fibrotic collagen deposition. Additionally, it antagonized CD24 signaling to unleash robust antibody-dependent effector activity, further reprogramming the immunologically cold TME toward inflammatory phenotype. By selectively targeting malignant cells while sparing CD24-expressing B cells, G01 demonstrated a favorable safety profile. Notably, in patient-derived tumor fragments (PDTFs), G01 also inflamed the TME, underscoring its translational potential. Together, these results establish ICTAC as an effective strategy for tumor-specific receptor-mediated extracellular protein depletion, which supports its application for reversing TGF-{beta}1; and innate immune checkpoint-mediated tumor immunosuppression by concurrent targeting of both surface and soluble tumor-promoting factors."
2026-09-30,40,10.64898/2026.09.28.754996,2,microbiology,"The ArcZ small RNA activates SlyA production to control contact-dependent antibacterial killing and diffusible antifungal activity in Dickeya solani","Dubois, Q.; Sprenger, M.; Krautwurst, S.; Rodrigue, A.; Papenfort, K.; Attaiech, L.; Gueguen, E.","Bacterial phytopathogens deploy diverse antimicrobial systems, including diffusible secondary metabolites and contact-dependent secretion apparatuses, to compete with coinhabiting microorganisms during host colonization. How the production of these distinct weapons is coordinated remains incompletely understood. Here, we identified a two-tier regulatory cascade by which the Hfq-dependent small RNA (sRNA) ArcZ controls both antibacterial and antifungal antagonism in the phytopathogen Dickeya solani. High-throughput RNA interactome analysis (RIL-seq) shows that ArcZ interacts broadly across the transcriptome and directly base-pairs with the 5' untranslated region of the mRNA encoding the MarR-family transcription factor SlyA, activating its translation. SlyA subsequently binds directly to selected promoter regions within the solanimycin biosynthetic cluster (sol) and the type VI secretion system (T6SS) loci and activates their transcription. The ArcZ-SlyA axis is required for solanimycin mediated antifungal activity against Kluyveromyces lactis and for T6SS-dependent killing of the sympatric pathogen Pectobacterium atrosepticum, demonstrating that the D. solani T6SS mediates interbacterial competition. A compensatory base-pairing mutation between ArcZ and slyA restores both competitive phenotypes, establishing this post-transcriptional interaction as a direct upstream determinant. Together, these results reveal an sRNA controlled regulatory axis that coordinates diffusible antifungal and contact-dependent antibacterial activities."
2026-09-30,40,10.64898/2026.09.24.754104,2,genomics,"Integrated transcriptomic analysis identifies Paternally Expressed Gene 10 as a novel candidate biomarker associated with aggressive features in liposarcoma","Turiello, R.; Scognamiglio, G.; Bonicelli, A.; Gitano, G.; Manco, E.; Olivieri, S.; Barbato, A.; Fruggiero, C.; Salati, M.; Iuliano, A.; Cerrone, M.; Arcucci, A.; Martorana, A.; De Pietro, G.; Santella, E.; Picozzi, F.; Cantile, M.; Tafuto, S.; Budillon, A.; Franco, B.; Carotenuto, P.","Abstract Background Liposarcoma is a rare cancer, comprising four major histological subtypes: well-differentiated, dedifferentiated, myxoid and pleomorphic liposarcoma. Therapeutic options remain limited for advanced disease, and additional biomarkers that may support biological characterization, diagnosis, or risk stratification are needed. Methods Bulk RNA sequencing (RNA-seq) was performed on paired tumour and adjacent non-tumour tissues from an analysable subset of 16 patients (22 tumour specimens) within a clinicopathological cohort of 21 patients. Differential gene expression analysis, principal component analysis, gene set enrichment (GSEA) analysis and single-sample GSEA (ssGSEA) were used to define subtype-specific transcriptional programs and imprinted-gene dysregulation. PEG10 expression was validated by RT-qPCR and RNA fluorescence in situ hybridization (FISH), and its cellular localization was explored by combined FISH and immunofluorescence for P53, vimentin, Ki67, and CD34. PEG10 expression in liposarcoma was further investigated in an external single-cell RNA-sequencing dataset of dedifferentiated liposarcoma. An exploratory survival analysis was performed in the pan-sarcoma TCGA-SARC cohort. Results Transcriptomic profiling identified distinct subtype-specific gene expression patterns and broad dysregulation of imprinted genes in liposarcoma compared with adjacent non-tumour tissue. Among all the imprinted genes, PEG10 showed a marked tumour-to-normal expression difference and good discriminatory performance between tumour and normal tissues in the discovery cohort (AUC=0.867). In the TCGA sarcoma cohort high PEG10 expression was associated with shorter overall survival. Immuno-FISH and single-cell analyses revealed that PEG10 was predominantly detected in tumour and proliferating cell populations. Importantly, PEG10 expression was higher in high-grade tumours. In bulk RNA-seq data, PEG10 expression correlated with hypoxia, extracellular matrix remodelling and invasion ssGSEA signatures. In the external single-cell RNA-seq dataset PEG10high tumours showed a reduced immune cell infiltration. Conclusions This study provides an integrated transcriptomic characterisation of liposarcoma and identifies PEG10 as a candidate tumour-associated biomarker linked to aggressive disease features. The diagnostic and prognostic value of PEG10 requires validation in larger, independent, subtype-balanced liposarcoma cohorts, and its potential therapeutic relevance requires direct functional investigation."
2026-09-30,40,10.64898/2026.05.26.727983,2,biochemistry,"The bacterial swarming factor SwrD belongs to a diverse family of proteins that form hexameric rings","Nair, D.; Zhang, K.; Kahala, A. M.; Li, C.; CRANE, B. R.","Prokaryotic swarming is a collective surface-associated behavior that supports rapid colonization, biofilm formation, and host interactions. Swarming requires enhanced flagellar motor (FM) torque generation under high-load conditions. In many bacteria, this adaptation is achieved through increased stator unit recruitment and coordinated transcriptional regulation of motility genes. Genetic studies have implicated several relatively poorly characterized proteins in swarming, including SwrD, a component of the fla-che operon whose loss impairs torque generation in Bacillus subtilis. Intriguingly, SwrD is conserved in spirochetes that experience high viscous loads but do not exhibit canonical swarming, suggesting a broader functional role in FM regulation. Here, we structurally and biophysically characterize SwrD from B. subtilis and the spirochete Borrelia burgdorferi. In both cases, we show that SwrD assembles into a hexameric ring-like structure featuring a highly charged, disordered peripheral tail. Whereas SwrD displays structural similarities to periplasmic lipoproteins and DNA-binding proteins, lipidation regions and DNA interaction motifs of these other proteins are not conserved in SwrD. Deletion of swrD in B. subtilis results in pronounced swarming defects and altered expression of fla-che operon transcripts. In silico interaction analyses further identify the stator protein MotA as a high-confidence SwrD interactor, but this interaction could not be validated biochemically. Conserved SwrD residues mediate subunit contacts or locate to the hexamer periphery where they may mediate functionally important interactions."
2026-09-30,40,10.1101/2025.08.22.671789,4,bioinformatics,"Contrastive Poincare Maps: uncovering developmental lineages from single-cell data with scalable hyperbolic embeddings","Bhasker, N.; Chung, H.; Boucherie, L.; Kim, V.; Speidel, S.; Weber, M.","Embedding hierarchical data in low dimensions is a problem common to many domains: the number of distinct states grows exponentially with depth, whereas Euclidean area grows only polynomially with radius, so branches crowd, cross, and collapse. Hyperbolic geometry, whose area grows exponentially with radius, matches this expansion. Developmental single-cell RNA sequencing (scRNA-seq) data is a demanding instance of this problem, and one in which embeddings are the primary lens on lineage structure, yet the dominant tools, t-SNE, UMAP, and PHATE, are Euclidean. Existing hyperbolic methods such as Poincare Maps (PM) rely on precomputed pairwise similarity matrices and hand-tuned manifold metrics, scale quadratically in memory, and require PCA preprocessing. We present Contrastive Poincare Maps (CPM), which learns hyperbolic embeddings directly from raw expression through a contrastive objective, processing data in batches without dimensionality reduction, batch correction, or feature engineering. On a synthetic differentiation tree, CPM uniquely combines faithful global hierarchy with low worst-case distortion, reducing distortion roughly 15-fold relative to PM (1.7 vs. 25.9), while its peak GPU memory stays essentially constant with dataset size and over 120-fold below PM at 25,200 cells. Across two case studies (116,312 mouse gastrulation cells and mouse hematopoiesis), CPM preserves global developmental hierarchies, aligns embedding geometry with biological axes, and supports trajectory analysis without additional processing. By coupling hyperbolic geometry with contrastive learning, CPM delivers scalable, structure-preserving embeddings for developmental scRNA-seq data. Code: https://github.com/NithyaBhasker/ContrastivePoincareMaps"
2026-09-30,40,10.64898/2026.05.07.721996,2,bioinformatics,"BatchVaria: variance-based evaluation of batch correction with provenance tracking","Moir, N.; Sherwood, K.; Simpson, I.","Assessing batch correction requires reproducible comparison of correction configurations and their effects on technical and biological variation. We present BatchVaria, an R package that integrates correction, variance profiling and reassessment within SummarizedExperiment objects. It retains original and corrected assays, records analysis provenance, variance denominators and summarisation procedures, and provides extensible interfaces for correction methods and variance engines. An application to TCGA breast cancer RNA-seq data demonstrates these capabilities across four correction configurations. Subtype variance fractions increase after every correction. Combining pooled fractions with recorded assay totals reveals that the absolute subtype contribution decreases by 4.23% under naive ComBat, whereas it is essentially unchanged (+0.06%) under subtype-protected ComBat. Under an additive plate-plus-subtype model, both limma::removeBatchEffect configurations have the same adjusted subtype contribution as the uncorrected assay. Their signed shared remainders nevertheless differ (-0.62% without subtype protection; +0.66% with protection), revealing a difference in attribution that the adjusted contribution alone does not capture. BatchVaria thereby supports comparison of correction configurations using absolute contributions and attribution diagnostics, rather than variance fractions alone."
2026-09-30,40,10.64898/2026.07.20.739063,2,bioinformatics,"MGM2 as a Multimodal Foundation Model for Microbial Community States and Responses","Zhang, H.; Zhang, Y.; Qi, Y.; Liu, T.; Zhao, L.; Yang, R.; Ning, K.","Microbial communities sustain ecosystems and influence host health, yet connecting their molecular diversity to responses under intervention remains difficult. Here we introduce MGM2, a multimodal foundation model integrating DNA language-model representations of microbial sequences, quantitative abundances and sample descriptions. After pretraining on 1.8 million microbiomes, its frozen representations achieved a mean macro-AUROC of 0.91 on later MGnify projects absent from pretraining. These representations also supported fecal microbiota transplantation outcome prediction, recovering 68% of observed high-change taxa. Adding molecular structures enabled prediction of drug effects in nested five-fold evaluation, while measured perturbed states informed subsequent recovery. To interpret the learned representations, sparse decomposition resolved taxonomic, ecological and abundance-related features. Together, these results show how a shared representation of molecular identity and community context connects large-scale microbiome learning to the prediction and interpretation of community change."
2026-09-30,40,10.64898/2026.09.27.754145,2,biophysics,"De novo design of flexible protein interactions with GuideFlip","Yi, K.; Chen, Q.; Zhang, D.; Tian, P.; Wagstaff, J. L.; McLaughlin, S. H.; Tate, C. G.; Jamali, K.; Scheres, S. H. W.","De novo design of protein binders requires a target structure. However, for flexible targets, such as intrinsically disordered proteins, this structure does not exist until the binder has stabilized the interaction. Such targets are therefore difficult for methods that separate structure generation from sequence design. We introduce GuideFlip, which co-designs structure and sequence through guided discrete flow matching: binder residues are assigned progressively while the complex is re-predicted at each step, allowing the evolving interface to affect the design process. GuideFlip reduces the hydrophobic bias of direct AlphaFold optimization and improves in silico success rates over existing approaches. We release a database of binder candidates for 177 human disordered proteins. Experimentally, we obtain de novo binders to the C-terminus of -synuclein and the disordered amino terminus of RBX1 with hit rates of 13.5% and 41.7%, respectively, and we confirm the epitopes of selected binders by NMR and mutagenesis. Applying GuideFlip to flexibility on the binder side, we design a nanobody that binds the agonist-bound {beta}1-adrenergic receptor in the active state, but not the receptor in its inactive state, with a 75% hit rate and cryo-EM structure confirming the design. GuideFlip enables protein design where bound structures emerge only upon binding."
2026-09-30,40,10.64898/2026.02.27.702183,3,"systems biology","Multi-Omic, Multi-Tissue Responses to Acute Exercise in Sedentary Adults: Findings from the Molecular Transducers of Physical Activity Consortium","MoTrPAC Study Group,  ; Katz, D. H.; Jin, C. A.; Many, G. M.; Smith, G. R.; Keshishian, H.; Clark, N. M.; Iyer, G.; Ahn, C.; Lindholm, M. E.; Sagendorf, T. J.; Vetr, N. G.; Amar, D.; Barber, J. L.; Brandt, A. R.; Coen, P. M.; Ge, Y.; Hart, P.; Hsu, F.-C.; Jaeger, B. C.; Jimenez-Morales, D.; Leach, D. T.; Mani, D. R.; Marwaha, S.; Montalvo, S.; Pincas, H.; Rao, P.; Sanford, J. A.; Smith, K. S.; Tiwari, G.; Weitzel, A. M.; Adkins, J. N.; Ashley, E. A.; Carr, S. A.; Miller, M. E.; Montgomery, S. B.; Nair, V. D.; Robbins, J. M.; Snyder, M. P.; Sparks, L. M.; Tracy, R.; Walsh, M. J.; Wheeler, M. T.","Regular physical activity represents one of the greatest mechanisms for maintaining human health, yet the underlying molecular transducers of these benefits remain incompletely understood. Multi-omic assays now provide new opportunities to study the coordinated molecular responses of body tissues to different exercise modalities. The Molecular Transducers of Physical Activity Consortium (MoTrPAC) was established to address this need by creating a molecular map of the response to physical activity. Described here is the first human cohort of MoTrPAC: sedentary adults enrolled prior to study suspension during the COVID-19 pandemic (N=175) randomized to either endurance or resistance exercise, or non-exercise control. From these participants, we detail their global acute molecular response in skeletal muscle, adipose tissue, and blood, integrated at multiple levels: tissue, exercise modality, timepoint, and omic category. These analyses characterize key molecular pathways, identify central regulators, and implicate novel candidate exerkines in mediating multi-organ exercise effects."
2026-09-30,40,10.64898/2026.08.31.748397,2,"systems biology","The trade-off between parsimony and model complexity for understanding biomedical mechanisms from mathematical models","Lamirande, P.; Brunetti, M.; Easlick, T.; Beigmohammadi, F.; Craig, M.","Mechanistic mathematical models have been used extensively to provide a deeper understanding of biological mechanisms, including unveiling the regulation of tumour growth and its response to various treatments. However, given the breadth of biological regulatory mechanisms, these models are frequently large and thus prone to potential issues with parameter identifiability. Statistical metrics like the Akaike and Bayesian information criteria can help identify a parsimonious model by balancing goodness of fit against model complexity. Yet simple models may fail to provide sufficient biological insight if they do not adequately capture known physiological processes or mechanisms. A modeller must therefore balance hypothesis generation and biological learning with model tractability. Here, we illustrate this balance using models of ovarian cancer growth and treatment response to cisplatin and immune checkpoint blockade in homologous recombination (HR)-deficient and HR-proficient immunocompetent mouse models. We develop a hierarchy of mathematical models of increasing complexity to describe tumour growth, treatment response, and immune dynamics. Our results highlight the limits of relying purely on statistical metrics for model selection, particularly when the goal is to obtain biological insight and underscore the importance of balancing model complexity to avoid overfitting and parameter unidentifiability."
2026-09-30,40,10.64898/2026.09.29.755508,1,biochemistry,"Ligand binding remodels the oligomeric state and active site of Klebsiella pneumoniae azoreductase","Hitchings, R.; Ghosh, A.; Arcinas, A. J.; Almo, S. C.; Kelly, L.; Ryan, A.","Azo dyes are widespread in the environment, and humans ingest a range of these dyes present in food and drugs. The human gut microbiome significantly impacts the fate of ingested azo dyes primarily through the reduction of the azo bond (R-N=N-R'). Flavin-dependent azoreductases have been considered the key enzymatic drivers of this process. To challenge this paradigm, we constructed a sequence similarity network of known azoreductases and focused on AzoA of Klebsiella pneumoniae, a central representative within the gut microbiome cluster. Unexpectedly, K. pneumoniae AzoA displayed relatively low in vitro activity against a range of azo compounds. While the physiological implications remain unclear, these findings are consistent with the possibility that non-enzymatic mechanisms contribute substantially to azo compound reduction in the gut. Furthermore, structural characterization of AzoA, as a holoenzyme and in its substrate-bound state, revealed a previously unrecognized ligand-coupled mechanism involving remodeling of the active site and oligomeric state."
2026-09-30,40,10.64898/2026.09.29.755510,1,bioengineering,"IMU-based upper limb kinematics validation: sensor fusion optimisation, sensor-to-segment alignment, and joint angle accuracy.","Fabre, A.; Kerr, G.; Pivonka, P.; van den Hoorn, W.","Conventional clinical assessment of upper limb kinematics relies on goniometry or visual estimation, methods that provide limited information on multi-segment 3D kinematics and can have poor inter-rater reliability. Inertial measurement units (IMUs) represent a viable alternative; however, extracting anatomically meaningful joint angles from skin-mounted sensors remains challenging owing to sensor-to-segment misalignment, soft-tissue artefact, and suboptimal orientation estimation under dynamic conditions. This study developed and validated a multi-segment IMU-based framework for upper limb kinematic assessment, addressing three stages of the measurement pipeline: (i) sensor fusion gain optimisation as a function of task mean segment angular velocity; (ii) accuracy of an anatomical landmark registration-based alignment method; and (iii) comparative evaluation of landmark-based alignment against manual and neutral-pose alignment approaches. Twenty participants with typical shoulder function performed clinical and functional upper limb tasks, recorded simultaneously with an optoelectronic motion capture system and six IMUs tracking the thorax, clavicle, scapula, humerus, forearm, and hand. Orientation estimation used a gradient-descent complementary filter with velocity-dependent gain modulation. Sensor-to-segment alignment was achieved via manual, neutral-pose, and landmark registration methods. Mean sensor orientation errors ranged from 1.5 to 3 degrees across segments/tasks and increased with angular velocity. Landmark registration produced substantially lower joint angle errors than manual and neutral-pose alignment across all joints (root mean square error range: 3.7-7.8 degrees; manual: 8.3-24.2 degrees; neutral: 15.5-35.5 degrees). These results indicate that IMU-derived kinematic accuracy is context-dependent, varying with joint and movement type, suggesting that accuracy should be established for the specific movements and joints relevant to each clinical application."
2026-09-30,40,10.64898/2026.09.29.755540,1,bioengineering,"MR-ARFI and Beyond: Characterizing the Temporal Dynamics of Acoustic Radiation Force in Human Brain","Mohammadjavadi, M.; Pauly, K. B.; Glover, G. H.","Purpose: Magnetic Resonance Acoustic Radiation Force Imaging (MR-ARFI) encodes focused ultrasound (FUS)-induced tissue displacements to MR phase shifts. Because these phase shifts are small, optimizing displacement sensitivity and minimizing motion artifacts requires characterization of the temporal dynamics of acoustic radiation force (ARF). Beyond sequence design, such characterization enables MR-ARFI to serve as a probe of brain viscoelastic behavior and can inform the design of therapeutic ultrasound pulsing schemes by quantifying how rapidly tissue deforms and relaxes. Methods: We developed a dynamic model assuming a gamma-variate impulse response for ARF(t), with time constant ({tau}) to be estimated. A single-shot spin echo ARFI acquisition with a bipolar motion encoding gradient (MEG) was implemented, incorporating retrospective corrections for head motion and physiological noise. A 500 kHz FUS pulse was applied in on/off blocks while systematically varying the timing between the MEG and sonication. The resulting phase time series were fit to the model to estimate time constant in five human participants. To assess sensitivity to tissue stiffness, {tau} was additionally measured in two customized gelatin phantoms of differing stiffness, characterized independently by MR elastography (MRE). Results: The average measured time constant in human participants was {tau} 3.7 {+/-} 0.27 ms. Comparing the two phantoms, the stiffer phantom exhibited a shorter {tau} (3.0-3.5 ms) than the softer phantom (4.0-4.5 ms), which tracked the MRE-derived Kelvin-Voigt viscoelastic time constants. In addition, the peak ARFI displacement was lower in the stiffer phantom (0.17 vs 0.74 m for the less stiff phantom), and a broader displacement focal spot size (FWHM 22 mm vs 15 mm). Conclusion: This time series approach with motion and physiological noise corrections validates an MR-based technique capable of characterizing the brain's temporal response to sonication-induced mechanical forces, providing a foundation for optimizing the design of ultrasound pulsing schemes for ARFI, as well as for future studies of brain biomechanics."
2026-09-30,40,10.64898/2026.09.24.754079,1,bioinformatics,"Bridging the gap between omics and structural data: A framework for interpreting protein-RNA interaction specificity","Fauconnet, Y.; Deng, S.; Koundri, R.; Pagani, M.; Quignot, C.; Antonio, D.; Andreani, J.","Protein-RNA interactions play a central role in many cellular processes, such as gene regulation, protein synthesis and viral infections. Although a few thousand protein-RNA complexes have been structurally characterized, they represent only a small fraction of all interactions. This lack of experimental data limits the ability of deep-learning based approaches such as AlphaFold3 to predict structures of protein-RNA interactions. In this study, we investigate protein-RNA binding specificity by enriching experimental structures with omics data. To this end, we present a scoring approach and associated web resource quantifying the agreement between experimental structures of protein-RNA interfaces and their omics-derived binding preferences, allowing us to identify interaction motif cores. Through key structural and evolutionary features, we further highlight that these motif cores correspond to important interface regions. We then leverage the dataset of protein-RNA complexes for which structural information can be combined with binding preferences in order to benchmark the ability of AlphaFold3 to predict protein-RNA interaction specificity. To this aim, we run AlphaFold3 predictions using different RNA inputs, from the exact sequence present in the experimental structure to a non-specific sequence, including sequences embedding the consensus binding motif from in vitro experiments. We show that despite good prediction quality, the sensitivity of AlphaFold3 to the exact RNA sequence used as input indicates signs of memorization. We examine some particular complexes and uncover challenges encountered by our scoring workflow and AlphaFold3, especially in the case of alternative binding modes. Altogether, this work evidences both the promise and current limitations of deep learning approaches for protein-RNA structure prediction, and provides a resource to guide their further development."
2026-09-30,40,10.64898/2026.09.29.755448,1,"systems biology","A mechanistic, mortality-referenced biological age from routine blood tests: construction and temporal validation of IQN-BIOAGE-01","Goryanin, I.; Damms, B.; Goryanin, I.","Background. Blood-based biological age clocks predict mortality well, but they are statistical composites. They do not say which physiological systems make a person biologically older, and they cannot say how an intervention would move the clock or whether moving it would change risk. Methods. We built IQN-BIOAGE-01, a quantitative systems pharmacology (QSP) model of mortality-referenced biological age. A systemic senescent load follows saturating-removal stochastic dynamics and drives eight latent organ/hallmark axes, which are observed through 13 routine blood, blood pressure and body size measurements. Death is the first passage of the load over a threshold lowered by poor organ reserve, and biological age (BAmech) is the age at which the reference population has the same 10year risk. The model was calibrated on NHANES III (14,049 adults; 2,736 deaths in 20 years) and tested on a locked NHANES IV 1999 2010 holdout (24,650 adults; 1,867 deaths). Two later versions were accepted or rejected by rules written before their validation results. We confronted the inflammation axis with three anti-inflammatory outcome trials, audited common implementations of the comparator clock, and locked a registration-ready external validation. Results. On the hold-out, Harrell's C was 0.842 for BAmech, 0.842 for PhenoAge and 0.823 for chronological age. The hazard ratio per SD of the biological age gap was 1.55 (1.48 1.62) for BAemech and 1.45 (1.40 1.50) for PhenoAge. Risk ordering transferred across eras (calibration slope 1.01 1.03), but absolute 10year risk was overpredicted (10.4% against 7.4% observed); life-table recalibration moved observed-to-expected from 0.72 to 0.81. The inflammation axis carried most of the gap. A joint re-estimate did not converge and a converged, biological-variation-anchored version narrowly failed its pre-written identifiability criterion, so v1.0 remains the locked primary. The outcome evidence available so far, chiefly topline results from one anti-inflammatory trial, suggested that only a small fraction of a pharmacological CRP fall may carry the risk implied by the model's cross-sectional structure (posterior median pass-through 0.22). Common software implementations of PhenoAge differed from the published formula by 0.7 2.0 years. Conclusions. A mechanistic model can match a leading statistical blood clock in discrimination while adding an organ-level decomposition, explicit statements of what the data can and cannot identify, and a structure in which interventions can be simulated. Because inflammation dominates blood-based biological age while lowering CRP with drugs may carry little of the implied risk, a change in a blood clock should not be read as a change in mortality risk without outcome evidence. Validation is Tier 1 (internal and temporal, within one survey programme); the external test is locked and awaiting data access."
2026-09-30,40,10.64898/2026.09.29.755524,1,"systems biology","Stress-recovery dynamics reveal a separatrix in transcriptomic landscapes across organs and aging","Xu, B.; Ji, S.; Lin, Z.; Deng, C.; Li, L.","Aging is often characterized statically as molecular profiles, but how these profiles may affect the capacity of systems to respond to the external environment remains elusive. We perturbed young and aged mice via transient sleep deprivation and profiled transcriptomes from six organs immediately after stress and following recovery. The same perturbation induced complex temporal dynamics for each gene in an organ- and age- dependent manner. A shape parameter distinguished genes that recovered toward control expression from those that continued to drift away during recovery. Transcriptomic vector fields were inferred from these transitions using neural ordinary differential equations, revealing distinct stability regimes across organ systems. Interestingly, that of testis from the young mice contained a separatrix bounding the region within which perturbed state can return toward control. These findings establish transient perturbation and recovery as a framework for probing age-dependent transcriptomic stability and identifying boundaries that determine whether a perturbed system can return."
2026-09-30,40,10.64898/2026.09.29.755188,1,"molecular biology","THE MICROANATOMY OF INTRACRANIAL HUMAN THROMBI BY SINGLE NUCLEI TRANSCRIPTOMICS","Leifer, V. P.; Argenziano, M. G.; Sperring, C. P.; Zhao, W.; Alexander, J. E.; Mahajan, A.; Furnari, J. L.; Kotidis, C. P.; Mandigo, G. K.; Canoll, P. D.; Sims, P. A.; Lavine, S. D.; Connolly, E. S.; Spinazzi, E. F.","Rationale: Thrombi are fragile, heterogeneous, and difficult to study with available methods, yet understanding their molecular composition and local microenvironment in stroke is critical to elucidating stroke pathophysiology and improving patient outcomes. Objective: We used a novel platform for harvesting and analyzing intracranial thrombi from endovascular thrombectomy for large vessel occlusion to define the cellular and transcriptomic landscape of thrombi. Methods and results: We performed single-nuclei RNA sequencing (snRNA-seq) on three human intracranial thrombi to define their molecular composition and microenvironment. Across 5,143 nuclei, we identified 8 distinct cellular populations, including monocytes and T cells. Monocytes displayed transcriptional changes on gene and regulon levels suggestive of transdifferentiation. We integrated our snRNA-seq data with publicly available single cell RNA-sequencing (scRNA-seq) data from asymptomatic and symptomatic atherosclerotic carotid plaques, and scRNA-seq data from healthy brain vasculature. We identified shared transcriptional programs between carotid and thrombi monocytes along dimensions including inflammation and endothelial activation, supporting the notion that thrombi monocytes undergo transdifferentiation in stroke. We also inferred potential ligand-receptor interactions that may occur at the site and time of occlusion. Conclusion: Our novel application of snRNA-seq to thrombectomy specimens has allowed us to uncover the full diversity of cell types present in thrombi, including low-abundance and novel cell populations, and to provide evidence of cellular plasticity and intercellular communication at the site of occlusion. This detailed definition of the cellular populations involved in stroke will facilitate mapping of novel interventional targets with direct functional relevance and facilitate greater personalization of post-reperfusion therapy."
2026-09-30,40,10.64898/2026.09.29.755477,1,biophysics,"Pyrrolocytosine as a Fluorescent Sensor of RNA-Small Molecule Interactions","Coulson, T. L.; Valdez, G. A.; Widom, J. R.","Fluorescent base analogues have proven to be valuable probes of RNA structure. Pyrrolocytosine (pC), an analogue of cytosine, exhibits highly environment-sensitive fluorescence within RNA and is strongly quenched in hydrogen-bonded contexts. In this work, we incorporated pC into the aptamer domain of the B. subtilis guanine riboswitch to determine if this quenching mechanism could allow for sensing of RNA-small molecule interactions. We utilized complementary fluorescence spectroscopy methods to under-stand the functional impacts and ligand-sensitivity of pC substitutions distal to and within the binding pocket. We found that pC substitution within a static structural region exhibits the expected ligand-independent fluorescence properties. When placed in the ligand binding pocket, pC exhibits a moderately decreased affinity for the ligands guanine (G) and hypoxanthine (Hx) while maintaining high specificity for G. We found that pC behaves as a turn-off sensor, with distinct changes in fluorescence upon G or Hx binding. These differences are dependent on the number of hydrogen bonds formed with pC and are resolvable in both time-dependent and steady-state fluorescence measurements. Our results show that pC can be used to study RNA-small molecule interactions and can discriminate between similar ligands even when they have identical binding modes."
2026-09-30,40,10.1101/2024.12.23.630039,3,immunology,"Temperature-based MHC class-I multimer peptide exchange for human HLA-A, B and C.","Pothast, C. R.; Derksen, I.; van der Plas - van Duijn, A.; el Hebieshy, A.; Huisman, W.; Franken, K. L.; Neefjes, J.; Luimstra, J. J.; Griffioen, M.; Kester, M. G.; Vermeer, M. H.; Ostholm, M.; Hadrup, S. R.; Heemskerk, M. H.; Scheeren, F.","T cell recognition of specific antigens presented by major histocompatibility complexes class-I (MHC-I) can play an important role during immune responses against pathogens and cancer cells. Detection of T cell immunity is based on assessing the presence of antigen-specific cytotoxic CD8+ T cells using MHC class-I (MHC-I) multimer technology. Previously we have designed conditional peptides for HLA-A*02:01, H-2Kb and HLA-E that form stable peptide-MHC-I-complexes at low temperatures and dissociate when exposed to a defined elevated temperature. The resulting conditional MHC-I complex can easily and without additional handling be exchanged with a peptide of interest, allowing to exchange peptides in a ready-to-use multimer and a high-throughput manner. Here we present data that this peptide-exchange technology is a general applicable, ready-to-use and fast approach to load many different peptides in MHC-I multimers for alleles of the HLA-A, HLA-B and HLA-C loci. We describe the development of conditional peptides for HLA-A*03:01, HLA-A*11:01, HLA-B*07:02 and HLA-C*07:02 that only form stable peptide-MHC-I complexes at low temperatures, allowing peptide exchange at higher defined temperature. We document the ease and flexibility of this technology by monitoring CD8+ T cell responses to virus-specific peptide-MHC complexes in patients."
2026-09-30,40,10.64898/2026.09.29.755216,1,microbiology,"Functional Divergence in Gut Clostridia from Hadza Hunter-Gatherers Reveals Diet-Adapted Metabolic Machinery That Shapes Gut Ecology","Takeuchi, T.; Reddy, A.; Robinson, E. K.; Kotaka, K.; Higginbottom, S. K.; Sonnenburg, E. D.; Sonnenburg, J. L.","Lifestyle changes associated with industrialization, including shifts in diet, are linked to extensive remodeling of the human gut microbiome. Investigating the gut microbiomes of traditional populations living non-industrialized lifestyles, such as the Hadza hunter-gatherers of Tanzania, therefore offers insight into bacterial taxa and functions depleted in industrialized microbiomes. Despite pronounced compositional differences that correspond to lifestyle, many commensal gut species are shared between industrialized and non-industrialized populations, raising a fundamental question of whether and how their functional repertoires diverge across contrasting gut environments. Here, by integrating strain-resolved metagenomics with culturomics and in vivo models, we identify phylogenetic and functional divergence within prevalent gut species shared between Hadza and industrialized populations, particularly among members of the Clostridia class. Dorea longicatena, prevalent across diverse human populations independent of lifestyle, is a poorly characterized member of Clostridia. Using strains of this D. longicatena isolated from either Hadza or industrialized human stool samples we uncover metabolic pathways selectively enriched in Hadza strains, including machinery for utilizing plant-derived pectic polysaccharides. We further demonstrate that this Hadza-enriched polysaccharide-utilization machinery can be leveraged with its cognate dietary substrate to promote D. longicatena colonization within a model industrialized microbiota, reshaping intestinal and portal-vein metabolite profiles. Together, our findings reveal substantial functional divergence within gut bacterial species shared across lifestyles, providing a framework for identifying diet-responsive strains and pathways that may complement ecological and metabolic functions underrepresented in industrialized microbiotas."
2026-09-30,40,10.64898/2026.09.29.755473,1,microbiology,"Leveraging genomes and metagenome-assembled genomes unveils novel diversity and transmission between public transport and clinical settings in Acinetobacter","Lopez-Sanchez, R.; Aguilar-Vera, A.; Castillo-Ramirez, S.","The molecular epidemiology of Acinetobacter, which is almost exclusively culture-dependent, has centered mainly on clinical isolates of A. baumannii. Yet, this overlooks sources not amenable to microbial culture and many non-A. baumannii species. Here, by analysing metagenomic projects from public transport systems worldwide, we show that metagenome-assembled genomes (MAGs) are highly relevant for assessing the unrecognized diversity of Acinetobacter. We recovered 839 Acinetobacter MAGs, with 269 being high-quality MAGs. The high-quality MAGs were across more than 20 well-defined Acinetobacter species; however, five species (A. nosocomilalis, A. ursingii, A. radioresistens, A. schindleri, and A. variabilis) had the most MAGs. Pangenome and phylogenetic diversity analyses of 685 genomes plus the 269 high-quality MAGs from those 5 species showed that MAGs are an important source of both lineage and gene diversity. Also, FST analyses and genome phylogenies show that for some species there is no genetic differentiation between MAGs and clinical isolates, implying transmission between hospitals and public transport settings. In addition to finding the antibiotic resistance genes (ARGs) in MAGs, we implemented an ad hoc strategy (leveraging the use of genomes) to recover considerably more ARGs. PCoA and PERMANOVA analyses show that, whereas in A. nosocomialis and A. ursingii, the ARG profiles of MAGs and clinical genomes are different, in A. radioresistens and A. schindleri, the ARG profiles are not different. Finally, some clinically important ARGs, such as sul1 and sul2, aadA, and blaOXA23, were found in all or some of the 5 species. Our study shows how combining MAGs and regular genomes is a powerful strategy for better appraising the genomic diversity (including the resistome) of Acinetobacter. On a broader level, our study showcases the importance of MAGs for genomic surveillance of man-made environments with clear public health implications."
2026-09-30,40,10.64898/2026.09.29.755536,1,microbiology,"Oysters from five continents harbour a vast array of previously unknown RNA viruses, including many putative viruses of vertebrates","Zhong, K. X.; Chan, A. M.; Suttle, C. A.","Oysters are vital to global aquaculture and marine ecosystems, yet, their associated RNA viruses remain largely unexplored. Here, we analysed ~1,000 publicly available metatranscriptomic datasets from 13 oyster species across 14 countries and 5 continents to characterize the oyster RNA virome (ORV). We identified 1,515 distinct RNA viruses putatively representing 17 viral orders and 766 species-level viral operational taxonomic units (vOTUs), with ~62% being previously undocumented putative species. These viruses not only populate extant branches of RNA virus evolution, but also represent previously unrecognized families and genera, and include viruses that putatively infect bacteria, fungi, protists, plants, invertebrates, and vertebrates. Based on sequence similarity, we found many calicivirus-like, orthoreovirus-like, astrovirus-like, and picornavirus-like viruses that do not infect invertebrates or microbes; thus, oysters accumulate diverse viruses from the surrounding water, and can potentially be interrogated as reporters of viruses circulating in the environment."
2026-09-30,40,10.64898/2026.09.29.755187,1,genetics,"A genome-scale ORF screen for resilience factors that protect the RPE and restore vision in aged mice","Lu, Y. R. R.; Shen, H.; Kajderowicz, K.; Ai, J.; Chen-Neumann, Y. H.; Hu, Y.; Tyshkovskiy, A.; Lou, Q.; Dong, T.; Grauvogel, L.; Chen, Z.; Cameron, J. C.; Li, X.; Shirahama, S.; Bligh, M.; Hou, S.; Chin, J.; Costa, M. W.; Ryu, J.; Sharma, R.; Mann, M.; Bharti, K.; Bowes Rickman, C.; Gladyshev, V. N.; Gregory-Ksander, M.; Ksander, B.; Weissman, J.","Aging is a complex phenomenon, yet therapeutic discovery has largely relied on testing individual hypothesis-driven targets. Here, we performed a genome-scale open reading frame (ORF) screen for oxidative-stress resistance in retinal pigment epithelium (RPE) cells, which are vulnerable to oxidative damage during aging. The screen identified nine protective ORFs including antioxidant factors and an epithelial-to-mesenchymal transition regulator. Notably, we also identified three factors that reduce transcriptomic age including the cardiac transcription factor NKX2-5. NKX2-5 conferred robust oxidative resilience in vitro and in vivo. Domain dissection revealed that its homeodomain is dispensable for resilience, enabling development of NKX2-5{Delta}HD, which retained protective activity without detectable toxicity over 14 months. In middle-aged mice, subretinal NKX2-5{Delta}HD restored visual and electrophysiological function, and its systemic delivery improved grip strength and reduced frailty in late-aged mice. These findings highlight the value of unbiased, genome-scale gain-of-function screening, as resilience factors normally expressed in other contexts can be reengineered as potential therapeutics for age-related decline in other tissues."
2026-09-30,40,10.64898/2026.09.29.755457,1,bioinformatics,"EsViritu is a sensitive and specific profiler for viral pathogen detection and genome recovery in metagenomes","Tisza, M. J.; Simar, S. R.; Zorz, J.; Javornik Cregeen, S. J.; Maresso, A. W.","Metagenomic sequencing allows for detection of any number of pathogenic viruses from a single sample without a priori knowledge of its contents. This has created a substantial opportunity to characterize pathogens in humans and their environment, but the field is held back by a lack of bioinformatics tools for taxonomic profiling and reconstructing virus genomes. The ideal profiler would simultaneously do two things: report viruses at single-read sensitivity so that ultra-low-abundance pathogens are not missed and hold near-perfect specificity so that a pathogen is never falsely reported. Here we present EsViritu, a taxonomic profiler that pairs an iterative greedy clustering algorithm and lowest-common-ancestor taxonomic refinement with a curated Virus Pathogen Database to reconstruct virus genomes and generate virome profiles directly from reads. We benchmarked EsViritu against four leading metagenomic profilers (Kraken2, Centrifuger, Metabuli, and Sylph), running each program across a full parameter sweep and against the same Virus Pathogen Database for an apples-to-apples comparison. Across synthetic positive controls, pathogen-free negative controls, and mutated mock communities, EsViritu was the most accurate tool at reconstructing community composition: it led or tied every tool on relative abundance accuracy at all taxonomic ranks and led or tied on detection across ranks. Importantly, other tools frequently report the presence of multiple related taxa when only reads for a single genome are present, but EsViritu faithfully records the correct, single taxon and genome. EsViritu achieves read-level sensitivity for sequences as low as 85% average nucleotide identity to the nearest reference and reports essentially no false positives in pathogen-free host and synthetic samples. EsViritu also returns reconstructed consensus genomes whose nucleotide identity to the nearest reference closely tracks ground truth, yielding both a profile and genomes from a single run."
2026-09-30,40,10.64898/2026.09.29.755338,1,bioinformatics,"Repurposing PeTriBERT for Protein Protein Interaction Prediction with Sequence Structure Fusion","Wavreille, A.; Krouk, G.; Dumortier, B.","Recent advances in artificial intelligence have enabled models to capture protein sequence and structural features. We present PeTriPPI2, a hybrid framework for protein--protein interaction (PPI) prediction that combines sequence embeddings from ESM-2 with structural representations from PeTriBERT, an encoder originally designed for inverse folding. We evaluate this sequence--structure approach on the Pinder dataset. On a test set of 2,342 protein pairs, the selected checkpoint achieves 0.898 accuracy, 0.917 precision, 0.876 recall, and 0.896 F1 score for the interacting class (AUROC 0.963). Compared with SpatialPPIv2 on the same test data, PeTriPPI2 has higher precision (0.917 versus 0.886) but lower recall (0.876 versus 0.942) and F1 score (0.896 versus 0.913). Component ablations indicate that both the sequence and structural pathways contribute to this configuration."
2026-09-30,40,10.64898/2026.09.28.755053,1,biophysics,"Tuning nanoscale lipid clustering controls influenza viral binding","Mannsverk, S.; Srinivasan, S.; Filipe, D.; Heberle, F. A.; Villamil Giraldo, A. M.; Kasson, P. M.","Influenza virus attaches to cells by binding to sialylated glycans. Subsequent endocytosis of the virus and endosomal maturation leads to a conformational change in the hemagglutinin coat protein that ultimately results in membrane fusion and release of the viral genome into the host cytoplasm, where it is trafficked to the nucleus and commences replication. Individual hemagglutinin-glycan binding affinities are weak (Kd approximately mM), so multivalency is key to viral attachment. Receptor density or clustering has previously been shown to affect influenza binding, but the overall spatial heterogeneity of both plasma and endosomal membranes has not been fully addressed. Here, we show that nanoscale lipid clustering can increase local concentration of glycosphingolipids and greatly enhance influenza viral binding in a way that macroscopic phase separation does not, and that binding avidity is dependent on the spatiotemporal scales of this clustering. This clustering is driven by sphingolipids and cholesterol and the nanoscale lipid environment of these clusters persists to affect the viral entry process. This finding demonstrates how fine receptor patterning can drive infection and illustrates the importance of tuning spatial scale in liquid-liquid phase separation."
2026-09-30,40,10.64898/2026.09.28.755042,1,biophysics,"cryoWEight: Conformational ensembles from cryo-EM particle images with weighted ensemble simulations","Ojha, A. A.; Prabhakar, P. R.; Andricioaei, I.; Hanson, S. M.","Atomistic simulations often struggle to capture the full conformational landscape of biomolecular complexes on experimentally relevant timescales, leaving gaps in our understanding of functionally relevant thermodynamics and kinetics. Cryo-electron microscopy (cryo-EM) provides high-resolution structural snapshots spanning multiple conformational states, but translating these static images into dynamic mechanisms remains challenging. Existing approaches for integrating cryo-EM data with molecular simulations either perturb the underlying dynamics through artificial biasing potentials or remain confined to conformations already present in the prior ensemble. We introduce cryoWEight, an automated and extensible Python framework that couples iterative weighted ensemble (WE) simulations with ensemble reweighting against cryo-EM particle images to steer simulation trajectories towards conformational states consistent with cryo-EM populations. We have found that reweighting in the image space introduces a directional bias towards the target distribution even when the prior ensemble has no overlap with the target distribution in the collective variable space. The reweighting requires only the state likelihoods that set the ensemble weights, and any observable that defines these likelihoods can serve as the target distribution, therefore generalizing beyond the application of cryo-EM. cryoWEight is validated on three proteins: chignolin, the N-terminal domain of ribosomal protein L9, and adenylate kinase. The framework converges towards the target conformational states across different sampling strategies and noise levels, providing a scalable route to integrate cryo-EM data with enhanced sampling approaches."
2026-09-30,40,10.64898/2026.09.29.755562,1,microbiology,"Characterization of central carbon metabolism of Acinetobacter sp. Tol 5 based on 13C-metabolic flux analysis","Miyamoto, E.; Imada, T.; Teraki, H.; Miyoshi, K.; Niide, T.; Inoue, S.; Yoshimoto, S.; Hori, K.; Shimizu, H.; Toya, Y.","Acinetobacter sp. strain Tol 5 is an attractive microorganism because of its ability to utilize various aromatic compounds, including toluene. However, because Tol 5 is a non-model microorganism, the utilization of carbon sources in central carbon metabolism remains unclear. In this study, the activity of the central carbon metabolism was characterized using 13C-metabolic flux analysis (13C-MFA). Tol 5 was cultured in synthetic medium using ethanol or acetate as the sole carbon source. In addition, because toluene is degraded into pyruvate and acetyl-CoA via the toluene dioxygenase pathway, this situation was mimicked by culturing with ethanol and lactate as co-substrates. The 13C-MFA confirmed flux through the glyoxylate shunt, which bypasses part of the TCA cycle when either ethanol or acetate was used as the sole carbon source. In ethanol, the flux ratio of isocitrate dehydrogenase at the isocitrate branch point decreased markedly. Unlike acetate, the conversion of ethanol to acetyl-CoA is accompanied by NADH production. Therefore, the observed change in this flux ratio was influenced by the excess NADH generated. Under ethanol-lactate conditions, Tol 5 simultaneously utilized ethanol and lactate. The ethanol consumption rate decreased to less than half of that observed when ethanol was the sole carbon source. Most of the lactate uptake was converted to pyruvate and metabolized via the TCA cycle. The glyoxylate shunt flux was lower than that in ethanol. These metabolic characteristics provide valuable insights into the use of Tol 5 as a next-generation microbial cell factory."
2026-09-30,40,10.64898/2026.09.29.755191,1,microbiology,"Growth phase-dependent priming of galactose metabolism in Escherichia coli","Mayol, J.; Fatima, R.; Surrette, M. G.; Hynes, A. P.","Bacteria routinely respond to changing environments, with vastly different with nutrient availability. When nutritional changes are predictable, bacteria can deploy mechanisms to anticipate them. In these cases, an organism's past environment can shape its response to its current environment, which is often referred to as a history-dependent behaviour (HDB). Using nutritional shift assays, we investigated how prior growth phase influences subsequent growth across different carbon sources. Here, we show evidence of a novel HDB regulating galactose metabolism in Escherichia coli, where previous growth to exponential phase leads to a growth advantage in a galactose environment, with no comparable effect observed in all other carbon environments tested. We demonstrate a role of the galactose repressors, GalR and GalS, in regulating this behaviour, as it is lost in strains deficient in either repressor. Further, we show how this HDB is generalizable across a collection of E. coli isolates, but not Salmonella - a closely related species with a similar natural history. Together, these findings build on the existing knowledge of HDBs governing carbohydrate metabolism by demonstrating how growth phase history can influence an organism's response to fluctuating nutritional environments."
2026-09-30,40,10.64898/2026.09.29.755237,1,microbiology,"Virophage-like viruses replicate with a candidate phycodnavirus of C. parva","Thomas, G. R.; Inamoto, I.; Short, S.","TThe discovery of virophages and polinton-like viruses (PLVs) sparked studies of their hyperparasitic relationships with their associated giant viruses and hosts. To date, every cultured virophage and PLV depends on an Imitervirales helper virus. The freshwater alga Chrysochromulina parva is infected by viruses in the Imitervirales and Algavirales, and recent work showed that the PLV, CpV-PLV Moe, replicates via co-infection with the Imitervirales host CpV-BQ3. The other known PLVs, CpV PLV Larry and CpV PLV Curly, were subsequently isolated alongside CpV-BQ1, a putative Algavirales virus, raising the possibility that they depend on an Algavirales helper. To determine the nature of Larry and Curlys hyperparasitic relationships, infection experiments were conducted with each PLV and either CpV-BQ3 or CpV-BQ1. These experiments demonstrated that that neither Larry nor Curly replicated when introduced to C. parva alone, nor during mixed infections that included the Imitervirales virus BQ3. In contrast, the Algavirales virus CpV-BQ1 supported replication of both PLVs, with each increasing roughly 1000-fold over the course of infection while CpV-BQ1 replication was simultaneously reduced up to 100-fold. Together, these findings provide the first culture based evidence that PLV replication can be supported by an Algavirales helper and demonstrate that C. parva supports at least two distinct hyperparasitic relationships spanning different viral orders within the class Megaviricetes."
2026-09-30,40,10.64898/2026.09.29.755287,1,microbiology,"Redox oscillation frequency reshapes antibiotic resistance-gene expression through metabolic and ecological selection in a freshwater community","Manna, B.; Keenum, I.; Liu, Q.; Singhal, N.","Aquatic environments can maintain and express antibiotic resistance genes even without antibiotic pressure, but the conditions that govern their activity remain poorly understood. Redox oscillations are pervasive in natural and engineered waters and strongly alter microbial metabolism, yet whether their frequency shapes resistance expression is unknown. We reanalyzed paired metagenomes and metatranscriptomes from a published chemostat experiment in which a sulfidic stream community was cycled between oxic and anoxic conditions at high, medium and low frequency (HF, MF, LF), with strain-resolved population genomics of the dominant Pseudomonas lineage. Resistance genes were broadly distributed across treatments, whereas transcription concentrated under fast cycling, reaching a median 168 TPM under HF against 38 under LF although no antibiotic was present, so genetic potential and expression diverged. Fast cycling induced ROS-generating flavoproteins, antioxidant defenses and transcription-coupled DNA repair, and Pseudomonas supplied 99% of resistance-gene transcripts under HF, chiefly through its intrinsic efflux systems. Within the dominant Pseudomonas genome, however, the four resistance genes carried no sequence variants under HF, where coverage was deepest, and no fixed difference from the reference in any sample. Genome-wide selection remained purifying throughout (pooled pN/pS 0.72 under HF against 0.12 under LF, both below 1), and the relaxation trended toward redox and central metabolism. Redox frequency therefore raises resistance expression by selecting a metabolically versatile, high-efflux lineage, while the resistance sequences themselves stay conserved. Resistance activity in aquatic systems responds to an abiotic driver, which argues for weighing expression alongside gene presence in environmental surveillance."
2026-09-30,40,10.64898/2026.09.29.755374,1,microbiology,"An endonuclease V protects Bacillus subtilis against a deaminase toxin and a uracil-containing phage","Oliver, A. J.; Joseph, S.; Singh, A.; Riazuddin, A.; Lopez, M.; Gao, Y.; Bates, D.; de Moraes, M. H.","Bacteria deploy polymorphic toxins to inhibit competitors and rely on cognate immunity proteins to prevent self-intoxication. Immunity determinants act by binding and neutralizing incoming toxins, and in the rare cases where toxin-induced damage is also reversed, that activity resides within the immunity protein itself. Whether a conflict system can instead dedicate a separate gene to repairing the damage is unknown. Here we report that an operon in Bacillus subtilis encodes the toxin YwqJ, its cognate immunity protein YwqK, and EndoV an endonuclease that incises DNA at the lesion the toxin creates. YwqJ is a single-stranded DNA cytidine deaminase translocated by the type VIIb secretion system (T7SSb) to mediate contact-dependent interbacterial antagonism. Unexpectedly, EndoV exhibits a preference for uracil over the canonical hypoxanthine, processing genomic uracil in cells and protecting against YwqJ when immunity is absent. Because EndoV acts on the chemical lesion rather than the effector, its protection is indifferent to the source of deamination. EndoVBs accordingly restricts replication of PBS1, a bacteriophage whose genome naturally substitutes uracil for thymine. These findings establish DNA repair as a novel layer of defense within toxin-immunity loci and reveal a DNA repair mechanism that unifies interbacterial antagonism and antiviral immunity."
2026-09-30,40,10.64898/2026.09.29.755301,1,microbiology,"Single-cell transcriptomics reveals life cycle and cell cycle gene expression dynamics during in vitro growth of two Leishmania species","Marques, C. A.; Laidlaw, R. F.; Warren, F.; da Silva, G. L. A.; Young, M.; Crouch, K.; Burchmore, R.; Otto, T. D.; Llewellyn, M.; McCulloch, R.; Briggs, E. M.","Leishmania species are transmitted between mammals by sand flies, within which they undergo a complex developmental programme involving transitions between replicative and non-replicative life cycle forms. Recent work using single-cell transcriptomics has revealed the developmental pathways of Leishmania major in the sand fly, but it is unclear how faithfully such development is recapitulated during Leishmania culture in vitro. In addition, no work has revealed how gene expression changes across the cell cycle of replicative Leishmania forms. Using single-cell transcriptomics on unsynchronised cultures of L. major and L. mexicana, we addressed both questions. We show that in vitro L. mexicana promastigotes display the same two developmental endpoints seen in L. major cells recovered from sand flies, metacyclics and haptomonads. In contrast, L. major promastigote development in vitro does not predict the presence of leptomonads or haptomonads, although non-dividing late metacyclics form through an early metacyclic stage as parasites enter stationary phase. Using computational reconstruction of the cell cycle in procyclic promastigote forms of both Leishmania species identified hundreds of genes whose transcript levels vary as the cell cycle progresses, revealing core conserved processes between the two species and with the closely related Trypanosoma brucei. These genes allowed us to examine connections between life cycle and cell cycle progression, revealing that some developmental transitions are strongly linked to a cell cycle phase, whereas others occur asynchronously. This work provides a comprehensive atlas and marker gene list for the interlinked cell and life cycles of two laboratory-cultured Leishmania species."
2026-09-30,40,10.64898/2026.09.29.755447,1,genetics,"Pervasive Somatic Mutations in NF1 Drive Cell Type and Spatially Specific Clonal Selection in Neurofibromatosis","Snellings, D. A.; Essuman, K.; Finander, B.; Goodman, E.; Cambridge, C.; Buecking, J.; Chhouk, B.; Cai, C.; Sun, L.; Ghosh, U.; Miller, M. B.; Walsh, C. A.","Tumorigenesis is a multi-step process shaped by the accumulation of somatic driver mutations, but identifying the earliest steps and cell of origin of tumorigenesis remains challenging. Single cell genomics in >1.7 million single cells across donors with the cancer predisposition syndrome neurofibromatosis type 1 (NF-1), shows that somatic 'second-hit' mutations in NF1 are pervasive and show positive clonal selection in oligodendrocytes (OLs) and OL precursor cells (OPCs), but are exceedingly rare in neurons and other lineages. Combined spatial genotyping and transcriptomic analysis enabled dissection of cell autonomous and non-autonomous effects of second-hit mutations including clonal expansion of mutant OPCs with strong bias for cerebral gray matter versus white matter, suggesting that gray matter influences OPC proliferation and differentiation via non-cell autonomous interactions between OPCs and neurons. NF1-null OL lineage cells upregulate CDKN2A--a tumor suppressor frequently lost in NF1-mutant tumors--whereas brain cancers from these same individuals show CDKN2A loss across multiple cancer cell states, suggesting CDKN2A loss in OPCs is a critical step in tumor progression. Our findings reveal developmentally early, exquisitely lineage-specific NF1 somatic mutations in premalignant NF-1 brain, suggest cell autonomous and non-autonomous roles in clonal selection in brain, and suggest that clones harboring cancer driver mutations can persist over a lifetime in phenotypically normal tissues."
2026-09-30,40,10.64898/2026.09.27.754713,1,genomics,"Rapid whole genome- and annotation-based multilocus sequence typing of the fungal pathogen Histoplasma capsulatum","van Vliet, A. H. M.","Introduction. Histoplasma capsulatum is an important fungal pathogen of humans, especially in immunocompromised patients, and the World Health Organisation has listed Histoplasma as a High Priority fungal pathogen. The taxonomy of the genus Histoplasma is still under development, but its only species H. capsulatum has at least of seven lineages, and a range of sublineages. Gap Statement. Allelic multilocus sequence typing (MLST) has been very successfully applied for typing and epidemiology of pathogenic bacteria, but its adoption for fungal pathogens is more limited. Genome sequence-based MLST approaches promise much a higher resolution for comparative phylogenetics, but there are only a small number of genome assemblies available for H. capsulatum. Aim. To develop and validate genome-based MLST typing for H. capsulatum. Methodology. A total of 406 genome assemblies were generated from publicly available Illumina short-read sequencing samples. Selected genome assemblies were subsequently used to generate MLST schemes with chewBBACA, based on whole genome sequences (wgMLST), NCBI-obtained annotations (annMLST) and annotations obtained with Funannotate (fanMLST), and used for lineage identification, and comparative analyses of population structure. Results. Genome assemblies were successfully generated for 406 H. capsulatum samples, with BUSCO completeness scores of over 98%. A subset of 60 genome assemblies was used to generate and validate MLST schemes based on the 60 genome assemblies, 5 genome annotations obtained from Genbank, and 13 genome annotations generated using Funannotate, resulting in schemes with > 8,000 markers. Each of the MLST schemes allowed reproducible separation of all 7 lineages and 6 H. capsulatum Suramericanum sublineages, without the need for high-performance clusters or powerful computing equipment. Comparison of the different schemes using tanglegrams and scatter plots showed good reproducibility (r2 values of 0.8-1.0). Comparison of total sizes of genome assemblies showed significant lineage-dependent size differences, with the Suramericanum, LAmB, India, Capsulatum and Mississippiense lineages averaging a total genome size of 30-33 million bp, and the Africa and Ohiense lineages averaging at 39 million bp. Conclusion. Genome sequence- and especially genome annotation-based MLST analyses are a promising approach that can be adapted as a rapid, high-throughput method for genomic clustering and epidemiological tracing of pathogenic fungi."
2026-09-30,40,10.64898/2026.09.27.754784,1,genomics,"Whole-genome characterization of Plasmodium falciparum population structure and drug resistance across Uganda and neighboring countries","Kiyaga, S.; Mbabazi, M.; Katairo, T.; Asua, V.; Semakuba, F. D.; Nsengimaana, B.; Tukwasibwe, S.; Wiringilimaana, I.; Nakasaanyaa, J.; Mulondoa, J.; Watyekele, E.; Maiteki, C. S.; Katete, D. P.; Nabende, J. N.; Jjingo, D.; Mboowa, G.; Batte, C.; Sam, N.; Kamya, M. R.; Agaba, B. B.; Ssewanyana, I.; Aranda-Diazi, A.; Ajogbasile, F. V.; Davlieva, M.; Dorsey, G.; Rosenthal, P. J.; Conrad, M. D.; Greenhouse, B.; Hathaway, N. J.; Briggs, J.","Uganda has one of the world's highest malaria burdens, but parasite population structure and connectivity have not been characterized nationally with whole-genome data. We analyzed 249 monoclonal Plasmodium falciparum genomes from 26 sentinel sites across Uganda in 2023 and compared them with publicly available genomes from five neighboring countries. Genetic diversity was high and differentiation low in Uganda, but identity-by-descent detected limited structure. This was most pronounced in the low-transmission southwest, where parasites shared ancestry and recent relatedness with isolates from western Tanzania. Selection scans identified signals at loci associated with resistance to artemisinins and their partner drugs, and to chloroquine and antifolates. The strongest signal was at PfPX1 where the PIN haplotype (L1222P, M1701I, D1705N) reached 70% prevalence nationwide, but selection was carried by PIN haplotypes that had additionally acquired D384A, largely confined to northern and eastern Uganda. A second substitution at the same codon, D384Y, formed a haplotype shared across the Tanzanian border. PfKelch13 variants were partitioned across multiple backgrounds, consistent with repeated independent emergence, and C469Y was enriched on the PfPX1 D384A-PIN background. These genomes provide a 2023 baseline for tracking potential mediators of drug resistance and support coordinated genomic surveillance across Uganda and its neighbors."
2026-09-30,40,10.1101/2025.09.12.675751,2,biochemistry,"Leveraging structurally-informed bioorthogonal conjugation for alpha synuclein fibril surveillance","Jenkins, R. A.; Wu, S.; Flowers, C.; Taylor, L. J.; Fujimura, G.; Heredia, A.; Sun, C.; Sawaya, M.; Loo, J.; Rodriguez, J. A.","Alpha synuclein (-syn) amyloid fibrils are etiological agents of neurodegenerative disease. To better understand the molecular and cellular basis for their persistence and spread, we implemented a fluorophore labeling strategy to track pre-formed recombinant -syn fibrils in solution and in cells. We leveraged amber codon mediated incorporation of a tetrazine-based artificial amino acid (TetV2.0) to install a strained trans-cyclooctene (sTCO)-conjugated Janeliafluor (JF549), at four structurally-informed sites on human -syn: residues 4, 60, 96 and 136. A structure of fibrils labeled at residue 60 showed density consistent with TetV2.0 incorporation and a core structure similar to recombinant type 1M -syn fibrils. Coupling of TetV2-containing fibrils to sTCO-JF549 proceeded under mild buffer conditions and in the presence of the disease-associated cofactor and cytotoxic lipid, psychosine. Labeled psychosine-induced fibrils retained their polymorph-specific features during labeling; their structure resembled that of type 1A recombinant -syn fibrils and showed a solvent exposed site at residue 60, amenable to bioorthogonal conjugation. Labeled fibrils also seeded new fibril growth in vitro, and induced the formation of puncta in -syn FRET biosensor HEK293T cells, facilitating the simultaneous tracking of exogenous and endogenous -syn aggregates and their localization within the cells. This approach opens a correlative bridge between fibril structure and function in living systems."
2026-09-30,40,10.64898/2026.09.24.754260,1,bioinformatics,"CHACAM: a cell-cell interaction-guided hierarchical attention model for high-precision cell identity annotation of scRNA-seq data in early C. elegans embryogenesis","Chen, X.; Ju, X.; Murali, M.; Li, H.; Chen, M.; Zhang, M. Q.","Accurate cell identity annotation is essential for reconstructing cell lineages and gene-regulatory networks in embryogenesis. However, in Caenorhabditis elegans (C. elegans) single-cell RNA-sequencing (scRNA-seq) atlases, closely related sub-lineage cells often have near-identical transcriptomes, leading to merged labels and limiting downstream analyses. We present CHACAM (Cell-Cell Interaction-guided Hierarchical Attention-based Cell Allocation Model), a supervised machine learning framework that integrates gene expression, a curated C. elegans ligand-receptor (L-R) interaction database, and a high-resolution cell contact map to refine cell annotations. CHACAM learns interpretable ""interaction signatures"" that distinguish contacting vs. non-contacting neighbors and applies a triangulation strategy using reference cells to resolve ambiguous sister identities. Applied to the Tintori and Cole-Yanai embryo atlases, CHACAM achieves near-perfect annotation accuracy, resolving longstanding ambiguities of the AB lineage and other lineages. The model also identifies new discriminative marker genes and provides mechanistic hypotheses linking contact-specific signaling to fate specification."
2026-09-30,40,10.64898/2026.09.24.754263,1,bioinformatics,"CycloCross: Adversarial single-cell RNA-seq data translation across species","Hacquard, O.; Tokuta, Y.; Imoto, Y.; Nakamura, T.; Deguchi, S.; Nagano, M.; Saitou, M.; Hiraoka, Y.","Single-cell RNA sequencing (scRNA-seq) has transformed our understanding of cellular heterogeneity, yet most datasets are limited to a handful of model organisms, leaving critical gaps in cross-species biology. Existing computational methods for integrating multi-species scRNA-seq data often rely on one-to-one ortholog mapping, which fails to account for gene duplications, losses, or functional divergences. To address these challenges, we introduce CycloCross, an adversarial method based on the CycleGAN architecture, designed to translate scRNA-seq data between species without requiring a priori gene correspondences. Unlike generative models that synthesize data from noise, CycloCross leverages real data from a source species, enabling more realistic and data-efficient translations. We demonstrate its effectiveness in germ cell development, translating data between mouse, macaque, and human with conserved yet divergent transcriptional programs. CycloCross not only preserves temporal dynamics but also enables interpolation and extrapolation of gene expression at missing time points, offering predictions for experimentally inaccessible states. Furthermore, CycloCross generates biologically plausible samples even with limited data, outperforming traditional generative models."
2026-09-30,40,10.64898/2026.09.29.755432,1,bioinformatics,"Sex-specific differences in ADAR editing patterns in response to SARS-CoV-2 infections","Nair, A. M.; Piontkivska, H.","Sex-specific differences in COVID-19 outcomes are well documented, with male sex being a key risk factor for severe disease. Multiple factors, including differences in the expression of Interferons (IFNs) and Interferon stimulated genes (ISGs) between the sexes have been identified as contributing to these differences. Adenosine-to-inosine (A-to-I) RNA editing, mediated by ADAR enzymes, is an important component of antiviral innate immune signaling. While previous studies, including us, have identified altered expression and activity of ADARs in response to SARS-CoV-2 infection, it remains unknown whether sex-specific differences in expression and activity of ADARs exist during infection with SARS-CoV-2. We address this question by analyzing a publicly available whole blood RNA sequencing dataset from males and females, matched for age and comorbidity status across pre-, mid-, and post-infection stages of SARS-CoV-2 infection. Our results show distinct patterns of ADAR expression between the sexes across different stages of infection, with significant differences in the expression of ADAR and ADAR2 in pre- and mid- infection that were not observed post-viral clearance. Interestingly, expression of predominantly neural isoform ADAR3 was significantly different and higher in females, mid-infection. Furthermore, these differences in ADAR expression were likely amplified downstream with significant differences in the global editing levels. Correlation analysis revealed that the relationship between ADAR expression and global editing activity differed by sex and stage of infection, indicating that ADAR editing is dynamically regulated and is influenced by factors other than ADAR transcript abundance. Noteworthy, sex-specific differences in ADAR editing were observed within genes that escape X-chromosome inactivation (XCI), a gene set enriched in immune related functions and known to be involved in sex-specific outcomes to viral infections. ADAR editing within these genes differed at baseline and changed across stages of infection in a manner independent of gene expression. Altogether, our findings establish ADAR editing as an additional layer of immune regulation that may be contributing, in part, to the differential clinical manifestations of COVID-19 observed between males and females."
2026-09-30,40,10.64898/2026.09.24.753982,1,bioinformatics,"Evaluating Clustering and Imputation Approaches for Multivariate Longitudinal Clinical Data Using a Real-World eCDF-Copula Resampling Framework","Cai, H.; Xu, K.; Osmundson, S.; Ajilore, O.; Andreescu, C.; Taylor, W. D.; Liu, J.; Zhang, X.","The rapid growth of technologies such as wearable devices and high-throughput sequencing has generated unprecedented volumes of longitudinal data, often with multiple correlated features. This trend highlights the need for robust clustering methods tailored to multi-feature longitudinal datasets. Although previous reviews have benchmarked clustering methods in this context, most evaluations relied heavily on simulated and overly simplified datasets, which substantially limit their interpretability and applicability to real-world data. Missing data is also ubiquitous in longitudinal data, yet understudied in the context of clustering. To address these gaps, we systematically evaluate clustering methods across three distinct types of real-world longitudinal datasets: (1) a high-dimensional, low-timepoint metagenomic study, (2) a low-dimensional, high-timepoint multi-site repeated-measure study, and (3) a high-dimensional, high-timepoint repeated-measure study. We further investigate how missing data and different imputation strategies influence clustering performance. In addition, we introduce a novel resampling framework based on the empirical cumulative distribution function (eCDF) and a copula. This framework enables us to simulate multi-feature longitudinal data that preserves the correlation structure of real datasets, while also allowing for controlled variations such as sample size. Our simulation framework naturally accommodates missing data, thereby providing a flexible tool for benchmarking and comparing clustering methods in more realistic longitudinal settings."
2026-09-30,40,10.64898/2026.09.25.754449,1,biophysics,"A refined sticker-spacer grammar marks disordered regions with interpretable pathogenic missense variation","Remo, G. E.; Andaverde, G. A.; Lewis, K. A.; Hough, L. E.; Whitten, S. T.","Intrinsically disordered regions (IDRs) of proteins show low sequence conservation, and sequence position alone is a weak predictor of disease risk. Phase-separating IDRs (PS-IDRs) are an exception, showing nearly three times higher pathogenic mutation rates than typical IDRs. Here we determine which sequences within that class show the greatest enrichment of pathogenic missense variants and what local features they share. Using pathogenic mutation rates as an independent biological readout, we isolated a core PS-IDR subclass that maximizes pathogenic enrichment. These sequences are defined less by bulk amino acid content than by a refined sticker-spacer grammar in which aromatic residues are embedded in short glycine-rich motifs, while homotypic charge tracts are avoided. Motifs such as YGG/YGGG, FGG/FGGG, and related patterns are elevated 7- to >200-fold relative to conventional IDRs. Comparison of pathogenic and benign substitutions then shows why genetic variation in IDRs has been confounding: the grammar itself is almost never mutated. Instead, the principal pathogenic targets are glycines directly flanked by non-glycine residues. These findings link a specific local sequence architecture to mutational vulnerability and provide a practical framework for interpreting variants in disordered proteins."
2026-09-30,40,10.64898/2026.09.28.754911,1,biophysics,"From Ligand Binding to Pore Opening in the Mosquito Odorant Receptor AaegOR10","Song, T.; Xu, Z.; Liu, Z.; Chen, M.; Yan, R.; Guo, Y.; Wang, Y.","Mosquito olfaction is central to host seeking and other behaviors relevant to vector ecology and disease transmission. Mosquito odorant receptors (ORs) are ligand-gated ion channels, yet how ligand binding is coupled to pore opening remains poorly understood. Here, we combine more than 400 $\mu$s of aggregate molecular dynamics simulations and adaptive sampling with Markov state models (MSMs) and electrophysiological measurements to characterize the gating dynamics of \textit{Aedes aegypti} odorant receptor 10 (AaegOR10). Interaction analysis identifies M288 as a persistent contact between $o$-cresol and S6, connecting the orthosteric pocket to a conformation-dependent hydrophobic network involving I293, F294, and F356 at the S6-S7b interface. The MSMs place the experimentally determined open and closed structures within a multistate conformational landscape and identify a principal intermediate along the dominant gating pathway. A localized S6 kink in this state is associated with weakened S6-S7b coupling and increased flexibility of the pore-lining S7b helix. Ligand binding shifts the conformational equilibrium toward open states and shortens the transition times from the closed state to both the intermediate and open states. We also identify an off-path closed state characterized by a pronounced inward displacement of S6, with phospholipid headgroup insertion observed in some sampled conformations. Mutational analysis and voltage-clamp recordings support the functional relevance of M288, the S6-S7b interface, and the kink-prone S6 region. Together, these results describe a multistate pathway linking ligand recognition to AaegOR10 pore gating."
2026-10-01,40,10.64898/2026.02.01.703092,2,microbiology,"A dichotomous family of Cache domain proteins evolved through c-type heme acquisition","Deshpande, M.; Xing, J.; Gumerov, V. M.; Dunleavy, R.; Castillo, H.; Crane, B. R.; Zhulin, I. B.","PAS domains often bind cofactors, whereas related Cache domains are thought to function exclusively as ligand-binding modules. We identify and characterize a large family of Cache domains containing covalently bound c-type heme. Sequence, phylogenetic and structual analysis of the DUF3365/Tll0287 family reveals conservation of a canonical CXXCH heme-binding motif, establishing c-type heme binding as a defining feature of this family. Despite previous annotation as PAS-like, these proteins share a distinct heme-binding insertion into a pre-existing Cache scaffold, representing the first documented recruitment of an intact cofactor-binding motif into a bacterial sensor domain. Domain architecture further divides the family into two subclasses: one exhibiting fusions to signaling domains and another comprised of standalone proteins. Spectroscopic analyses indicate that a representative signaling protein acts as a nitric oxide sensor, whereas a stand-alone representative exhibits redox-related properties and weak nitric oxide binding. These findings expand the functional repertoire of Cache domains and reveal a mechanism for the evolution of bacterial sensory systems."
2026-10-01,40,10.64898/2026.04.02.716213,2,"molecular biology","Experimentally Defined Tm-Guided Exon Exon Junction Primer Design Enables Specific Discrimination of Highly Similar RNA Variants","Ahn, J.; Lee, Y. H.; Zack, D.; Zhang, P.","Accurate detection of RNA splice variants is often hindered when transcripts lack large distinguishable exonic regions, making conventional PCR strategies challenging. We developed a simple melting temperature (Tm) guided exon exon junction (EEJ) RT PCR method to enable variant specific detection under these conditions. Uni directional primers spanning exon exon junctions were designed so that approximately each half anneals to adjacent exons. The Tm of each half site was set >7 degree celsius below the annealing temperature, preventing stable binding to individual exons and enforcing junction dependent amplification. The method was evaluated using HTRA1AS1 long noncoding RNA variants that share overlapping exon sequences but differ in splice connectivity. HTRA1AS1 comprises five variants, only one with a large distinguishable exon. Tm guided EEJ primers robustly discriminated the remaining four variants. After optimization, amplification yielded sharp, single bands with minimal cross reactivity. Compared with conventional designs, this approach reduced heteroduplex and heteroquadruplex formation, improving band clarity. Sanger sequencing confirmed junction specificity, and the method performed well in multiplex settings. Overall, Tm guided EEJ RT PCR is a cost effective, high resolution approach for detecting RNA variants lacking easily distinguishable exonic regions, readily compatible with standard RT PCR and qPCR workflows."
2026-10-01,40,10.64898/2026.09.29.755563,1,"cell biology","TRIM21 licenses pancreatic acinar fate by modulating BiP phase state through VCP-dependent retrotranslocation","Ge, W.; Zhu, Y.; Yu, R.; Luan, X.; Huang, Y.; Li, Q.; Zhao, Y.; Zhang, H.; Huang, X.; Chen, Y.; Wu, X.; Zhao, Z.; Ding, J.; Xue, J.; Hong, C.; Ma, L.; Wu, J.; Wang, N.; Xu, J.; Zhang, W.; Wolfrum, C.; Wang, T.; He, Y.; Bai, J.","The endoplasmic reticulum (ER) chaperone BiP/GRP78 sits at the center of the proteostasis network, coordinating unfolded protein response (UPR) signaling and supporting oncogenic programs of plasticity, metastasis, immune evasion, and chemoresistance. While BiP undergoes liquid-liquid phase separation in vitro, whether mammalian cells dynamically tune this physicochemical behavior to prevent functional exhaustion or pathological condensation under sustained ER stress has remained unclear. Here, we identify the E3 ubiquitin ligase TRIM21 as a phase-state regulator that suppresses BiP's liquid-to-solid phase separation, clearing, and preventing insoluble aggregates-thereby controlling BiP's localization and availability to sustain the adaptive UPR under ER stress. We found that during ER stress, BiP is prone to liquid-to-solid phase separation, a transition that renders the chaperone dysfunctional. TRIM21 is recruited to BiP, where it directly polyubiquitinates BiP at specific K547/553/554/556 sites with K6-, K27-, K33-, and K63-linked chains; VCP recognizes these marks and extracts BiP from the ER lumen via ER-associated degradation (ERAD), coupling ubiquitin tagging to retrotranslocation. This preserves chaperone availability and sustains adaptive UPR-a homeostatic mechanism broadly relevant to UPR-driven diseases. In vivo, genetic ablation of Trim21 in KrasG12D/+; Pdx1Cre/+ mice triggers aberrant BiP solidification while curtailing acinar-to-ductal transdifferentiation and tumorigenesis; notably, TRIM21 co-localizes with BiP condensates in pre-malignant human pancreatic lesions, underscoring the clinical relevance of this regulatory axis. Our findings define the TRIM21-BiP axis as a phase-control system at the interface of proteostasis and stress adaptation, offering a new framework with translational potential."
2026-10-01,40,10.64898/2026.09.26.754621,1,genetics,"In which cases does it make sense to classify an individual into one population and what are the alternatives?","Schmitz, J.; Naue, J.; Hoffmann, L.; Lange, Z.; Suchanek, F.; Lutz-Bonengel, S.; Dette, H.; Pfaffelhuber, P.; Heinzel, C. S.","During biogeographical ancestry (BGA) analysis, an unknown individual for whom ancestry informative markers (AIMs) were analyzed is often assigned to one of a few reference populations. For some individuals, such an assignment is not meaningful: the two parents of the individual may come from different populations, or the individual may come from a population not included in the reference database. In this study, we examined classification methods in combination with 104 AIMs from the VISAGE Enhanced Tool to provide one of the following three possible outcomes: (i) in-reference (IR), with an assignment to one of the reference populations; (ii) admixed (AD), with parents from two in-reference populations; and (iii) out-of-reference (OR), where the individual's ancestry is not sufficiently represented by the reference populations. We therefore compared seven classifiers in combination with class-specific acceptance thresholds for the OR decision. The best-performing method according to our selection criterion was a naive Bayes classifier over pairs of populations, which we call the recent naive Bayes (RNB) classifier. Populations held out of the reference panel were correctly rejected in $84.9\%$ of cases. We further tested the method on $800$ individuals from seven additional groups not included in the reference panel. Only $29.4\%$ of individuals from four non-admixed populations were rejected, resembling joint ancestry with reference populations. In addition, we investigated the prediction accuracy in a newly collected dataset of 28 individuals with self-reported ancestry by analyzing AIMs using massively parallel sequencing."
2026-10-01,40,10.64898/2026.05.14.725131,2,biochemistry,"Design and Evolution of an Orthogonal HaloTag for Multiplexed Labeling in Cells","Goldberg, B. J.; Lampkin, B. J.; Stanten, S.; Stead, A. T.; Rabe, P.; Kritzer, J.","The self-labeling protein HaloTag is used to install a wide variety of functional small molecules in cells and living organisms with exquisite specificity with respect to cell type and subcellular localization. HaloTag is a core part of many biotechnology-based tools for sensing, tracking, and manipulating biological systems with a high degree of spatial and temporal control. Due to the limitations of fluorescent proteins and other self-labeling proteins, most of these tools have historically been restricted to a single channel. In this work, we used structure-guided rational design and directed evolution to produce an orthogonal HaloTag protein called OrthoTag which reacts selectively with a modified chloroalkane substrate. OrthoTag retains many of HaloTag's superior properties, and reaction rate measurements with purified proteins show OrthoTag and its substrate have 109-fold mutual orthogonality to HaloTag with respect to substrate concentration. We demonstrate the application of OrthoTag for multiplexed labeling experiments in mammalian cells with minimal optimization. Going forward, OrthoTag should be straightforward to incorporate into HaloTag-based systems to allow simultaneous measurement or manipulation of two biological targets or processes. The availability of multiple high-performance self-labeling proteins will enable the continued development of new multiplexed biotechnology methods."
2026-10-01,40,10.64898/2026.09.25.754545,1,bioengineering,"AMP: An Automated Marker Based Motion Capture Processing Pipeline for Kinematic Trajectory Label Scrubbing and Gaps Filling","Zhou, S.; Casey, R.; Walter, J.; Young, A. J.","Marker-based optical motion capture remains the gold standard for kinematic analysis across biomechanical research. However, when tracking dynamic movements, severe occlusions often create missing data and noisy signals that require time-consuming manual cleaning. Existing automated methods usually rely on predefined skeleton models or need massive training datasets for machine learning solutions. This study presents the AMP: an automated marker based motion capture processing pipeline. The AMP is a fully analytical approach that uses hierarchical algorithms including 1) rigid-body constraint, 2) Kalman Filter state estimation and 3) kinematic pattern match to label markers and fill data gaps without manual human intervention. First, the algorithm identifies and removes mislabeling markers before any data scrubbing. During the data cleaning process, our hierarchical algorithm uses a translation-based step to track segments even when there are insufficient donor markers to form a full rigid body. To reconstruct missing marker trajectories, the pipeline initially uses Piecewise Cubic Hermite Interpolating Polynomial (PCHIP) interpolation for short marker gaps. However, the PCHIP creates massive spatial errors during long occlusions, the system automatically switches to rigid-body tracking for gaps over 40 ms. Results showed the pipeline drastically reduced processing time compared to manual human expert methods by 73.5%. In addition, the AMP kept spatial errors within 10 mm of the manual ground truth. By using this combined hierarchical approach to match marker processing accuracy, the pipeline provides a fast, general-purpose tool that fully automates data cleaning and saves hours of manual effort."
2026-10-01,40,10.64898/2026.03.05.709897,2,bioinformatics,"Quantum Hamiltonian-Based Generative Modeling of Single-Cell Transcriptomics for Gene Regulatory Network Inference","Sohail, M. A.; Sudharshan, R. R.; Pradhan, S. S.; Rao, A.","We introduce a novel quantum Hamiltonian-based gene expression model (QHGM), a generative framework for modeling pseudotime-ordered single-cell gene expression data. In QHGM, gene interactions are encoded via a parameterized Hamiltonian, and the outcomes of quantum measurements provide a discrete representation of the gene expression profile. To learn the Hamiltonian parameters and infer gene regulatory networks (GRNs), we develop a scalable variational quantum algorithm for network inference (VQ-Net) based on empirical risk minimization. We derive finite-sample recovery guarantees for accurate parameter estimation, demonstrating polynomial scaling with the number of genes. Experiments on synthetic data demonstrate accurate GRN recovery, with VQ-NET achieving over 25% improvement in edge recovery and over 50% improvement in parameter-sign recovery compared to state-of-the-art classical methods. We further apply the framework to glioblastoma scRNA-seq data, where it identifies biologically plausible regulatory interactions associated with cancer progression, highlighting the potential of quantum-like modeling beyond classical probabilistic frameworks."
2026-10-01,40,10.1101/2022.02.28.482296,4,bioinformatics,"Defining transcriptomic niches in human fibrotic lung with multi-sample spatial transcriptomics analysis using the MAPLE algorithm","Jeon, H.; Allen, C.; Vanegas, N.-D. P.; Xie, J.; Ghobashi, A. H.; Rodriguez-Lopez, J.; Rosas, L.; Wang, C.; Cheng, H.; Chang, Y.; Shilo, K.; Ma, A.; Mora, A. L.; Rojas, M.; Ma, Q.; Chung, D.","Idiopathic pulmonary fibrosis (IPF) is an age-related lung disease marked by patchy parenchymal fibrosis that disrupts gas exchange and leads to respiratory failure. Single-cell RNA-seq studies have revealed cellular heterogeneity in IPF, but the spatial contexts underlying alveolar epithelial cell loss, honeycomb cyst formation, and fibroblastic foci remain unclear, motivating comparisons based on multi-sample spatial transcriptomics (ST) across clinical and anatomical conditions. Here, we present a comprehensive pipeline for analyzing multi-sample lung ST data that accounts for experimental design, featuring the MAPLE algorithm to jointly identify cell-spot subpopulations and discover spatial biomarkers, with validation using 10X Xenium ST data. Our analysis reveals that IPF progression involves epithelial-to-mesenchymal state transitions and region-specific fibrotic programs, characterized by extracellular matrix remodeling in the upper lobes and B-cell-enriched immune niches in the lower lobes. We identify fibrotic regions with senescent cell (SnC) enrichment and demonstrate their spatial colocalization with aberrant basaloid niches."
2026-10-01,40,10.64898/2026.09.21.753263,1,bioinformatics,"A Metacell Model of Single Cell RNA-seq Counts Yields a Gaussian Mixture Model in PCA Space","Leviyang, S.","Single cell RNA sequencing (scRNAseq) has revolutionized cellular biology over the past decade. At its most basic, a scRNAseq dataset is a cell by gene matrix with entries giving the transcription count of a particular gene in a particular cell. A common workflow applies log-normalization and z-scoring to the count matrix and then embeds the cells in a lower dimensional space using principal component analysis (PCA). A large number of computational tools use the PCA embedding as a starting point, but statistical models for the distribution of cells in the PCA space are lacking. As a result, many tools depend on ad-hoc assumptions that likely lead to signal loss. In this work, we address this gap using the metacell model, a statistical model of count matrices introduced by previous authors. We show that application of the workflow to count matrices generated under a metacell model yields PCA embeddings distributed as a Gaussian mixture model (GMM). To our knowledge, this is the first result connecting a statistical model of counts to the distribution of cells in PCA space. Our derivation depends on methods from random matrix theory (RMT) and we extend and establish connections between RMT and scRNAseq count matrices. We then use the predicted GMM to test the metacell model on 11 datasets. The predictions are accurate for counts generated by the metacell model but underestimate the variance of real cells for most of our datasets. We show that this error largely arises from gene correlations within metacells, which the metacell model does not capture. Some of our datasets are fit relatively well by the metacell model, suggesting that the fit of the metacell model to true datasets depends on sufficiently dense sampling. Finally, we show that the strength of noise in the PCA space varies significantly across metacells, suggesting that statistical modeling of PCA embeddings can improve existing downstream workflows. Our results provide a framework for deriving and testing statistical models of PCA embeddings from statistical models of counts and identify a limitation of the metacell description for scRNAseq datasets."
2026-10-01,40,10.64898/2026.09.28.755190,1,bioinformatics,"DensiTree 3: Making Sense of Pairs of Sets of Trees","Bouckaert, R.","Motivation: Tree sets appear naturally when performing model based phylogenetic analyses. When tracking host-parasite co-evolution, testing sensitivity of different model assumptions, or even just checking convergence of individual runs of the same analysis, the question arises: are a given pair of tree sets the same? And if they are not the same, how do they differ? Results: We provide DensiTree 3, an interactive tool for inspecting pairs of sets of trees that allow visualising both tree sets using a single panel. Incorporation of CCDs provide better summary trees, taxon orderings and extra functionality like rogue detection, making it easier to interpret tree samples. Furthermore, a clade comparison graph allows inspection of differences in clade support and clade heights linked to the double-DensiTree panel. Together, these visualisations of tree sets make it easy to identify potential differences in the tree sets and interactively inspect these differences. Furthermore, recent advances in conditional clade distributions (CCDs) to represent tree distributions have been incorporated in DensiTree 3, and the most visible part of the user interface has been updated for a more modern look. Availability: DensiTree 3 is freely available from https://cs.auckland.ac.nz/~remco/DensiTree/. The program is licensed under GPL and source code is available via the link above."
2026-10-01,40,10.64898/2026.09.29.755556,1,"synthetic biology","Rational mRNA Structure -guided Attenuation Enables Embryo-safe in-ovo NDV Vaccination and Protection","Tuller, T.; Zafrir, Z.; Goldenberg, D.; Finger, A.; Khinitz, Y.; Roopin, M.","Newcastle disease virus (NDV) continues to cause major economic losses in poultry, driving many recent virulent outbreaks. Maternally derived antibodies (MDA) can interfere with the development of active immunity following vaccination in young chicks. NDV vaccine strains that are safe for day-old chicks are not safe for administration to embryos. Here, we combined a computationally guided attenuation strategy with an in-ovo vaccination and challenge study to develop and evaluate an embryo-safe NDV vaccine candidate. Using a large NDV sequence compendium, we applied a local RNA folding energy based algorithm to identify folding selected clusters within the NDV fusion protein; we introduced targeted synonymous substitutions within the first ~900 nucleotides to modulate local RNA structure while preserving the encoded protein sequence. The recombinant attenuated variant was propagated in embryonated chicken eggs to generate vaccine stocks for in-ovo vaccination. After 18 days of embryonation, the synthetic variants were well tolerated, achieving more than 97% hatchability, with no pre-challenge morbidity or mortality, while unvaccinated challenge controls showed complete mortality. Together, these data support a model in which structure-aware synonymous modifications can yield an embryo-safe NDV backbone suitable for in-ovo delivery, with protective efficacy exhibiting a clear dose window under high MDA conditions."
2026-10-01,40,10.64898/2026.09.29.755460,1,"systems biology","From seven combination hypotheses to one testable interaction: a gated agentic AI QSP workflow applied to healthy ageing interventions","Goryanin, I.; Goryanin, I.; Damms, B.","Large language model (LLM) agents can propose combination therapies and construct supporting mechanistic models far quicker than either can be verified. To address this gap, we built a gated agentic AI quantitative systems pharmacology (Ai QSP) workflow where no hypothesis reaches a report until it clears strict hurdles for precedent, evidence, structural integrity, and release. We applied this pipeline end to end to healthy-ageing interventions. It began with a 34 state model calibrated on clinical trial data for semaglutide and metformin. Locked and evaluated against an independent post hoc DNA methylation trial, the model captured the direction of change across all 9 organ and system clocks, but the magnitude was far too small: it predicted about 0.14 years per year where 1.6 were observed, halting tier promotion. The workflow then generated seven nutritional combination hypotheses (H1H7) with 48 new parameters encoded in SBML. Identifiability analysis showed that 37 of these were completely unconstrained by available data. Trimming the model down to its lead pairing - a food derived bioactive (Agent A) plus a single-strain probiotic (Agent B left six identifiable parameters and locked the uncalibrated interaction term at zero. From this reduced model, we derived an 84 day trial with a 28 day washout, requiring 356 participants for 80% power at an interaction ratio of 0.75. A 9,000 person virtual trial confirmed the design (80.5% power), but revealed an operational trap: an assay floor at 24 mg/kg slashed power to 33% and skewed estimates toward the null, forcing a protocol-level censoring condition before study lock. Testing the pipeline across downstream operational stages and comparative oncology programmes showed that unconstrained generation consistently over-reports novelty, topological entry points can masquerade as biological mechanism, and governance gates remain vulnerable to operator overrides. Ultimately, the workflow delivered no silver bullet: its output is a single testable interaction, an assay hardened trial design, and an audit trail documenting why the other six hypotheses were shelved. Agent identities, doses, and agent specific sources are withheld in this version pending patent filing."
2026-10-01,40,10.64898/2026.09.26.754702,2,microbiology,"Intranasal adenovirus type 5 influenza vaccination enhances milk antibody responses and passive transfer to neonatal ferrets","Stafford, L. S.; Baker, P.; Moyer, M.; Byrne, J.; Beverly, C.; Henry, S.; Bai, Y.; Skomorovska-Prokvolit, Y.; Cook, M.; Goel, A.; Sun, F.; Tucker, S. N.; Langel, S. N.","Newborns and infants are particularly vulnerable to influenza, largely due to the immaturity of their immune systems. As such, maternal immunization is a valuable strategy to enhance influenza-neutralizing antibodies in both blood and breast milk, ensuring optimal passive immunity transfer to the infant. In our pregnant and lactating ferret maternal-neonatal model, we evaluated antibody responses to an adenovirus type 5-vectored H1N1 hemagglutinin vaccine delivered enterically, intranasally, or intramuscularly. While all three routes elicited a robust antibody response compared to saline-treated controls, intranasal vaccination significantly increased influenza-specific antibodies in dam serum, upper respiratory tract secretions, and milk, and subsequent transfer to suckling kits. Our results suggest that intranasal immunization was the most effective route for inducing functional influenza-specific antibodies in both dam serum and milk, with efficient passive transfer to suckling kits. Leveraging mucosal immune induction may enhance maternal antibody responses, transfer to offspring, and downstream neonatal protection."
2026-10-01,40,10.64898/2026.09.29.755306,2,biochemistry,"Protoribosomal condensate formation across cationic chemistries","Codispoti, S.; Giacobelli, V. G.; Fricek, M.; Verner, V.; Novakova, J.; Masek, M.; Bokac, A.; Krystufek, R.; Soucek, R.; Kolar, M.; Zanchetta, G.; Hlouchova, K.","Early ribonucleoprotein systems likely required mechanisms to concentrate and organize RNA. Modern ribosomes use Mg2+ and evolved Lys/Arg-rich protein extensions to stabilize their RNA backbone. Before templated synthesis, however, peptide formation likely generated heterogeneous sequence populations rather than reproducible ribosomal sequences. Here, we compare Mg2+, ribosomal peptides, and statistical peptide libraries in organizing a 136-nucleotide model of the peptidyl transferase center (sPTC). Mg2+ condenses sPTC only at a large excess of positive charge following thermal annealing, producing largely arrested libraries. Acidic conditions further promote condensation. Ribosomal peptides instead promote coacervation near charge stoichiometry and form droplets that readily fuse. Several statistical peptide libraries also coacervate with sPTC, despite comprising heterogenous mixtures rather than a single defined sequence. Increasing mean positive charge favors condensation, but Lys/Arg-containing libraries undergo liquid-liquid phase separation more readily and across broader conditions than matched libraries containing the prebiotically plausible diaminopropionic acid (Dpr) and diaminobutyric acid (Dab). Atomistic computer simulations implicate Arg as a major source of this difference, as it can form more numerous and longer-lived hydrogen bonds with RNA, while competitive partitioning experiments show preferential condensate recruitment in the order Arg > Lys > Dab > Dpr. Together, our findings show that peptide-RNA coacervation can be triggered collectively by statistical peptide ensembles, providing a plausible route to protoribosomal organization without peptide sequence-specific optimization. Cationic chemistry shapes condensate formation and material properties, suggesting that amino acid alphabet formation could have broadened the conditions supporting liquid-like protoribosomal assemblies."
2026-10-01,40,10.64898/2026.03.16.712193,2,bioinformatics,"Byte-exact, format-aware compression for FASTA, FASTQ, BED and VCF files","Patsakis, M.; Margaris, A.; Chronopoulos, T.; Mouratidis, I.; Georgakopoulos-Soares, I.","Motivation Most omics data is stored by compressors that treat it as an unstructured byte stream. Format-aware compressors close that gap but are fragmented across formats and often expect a training pass over the user's own file. A general-purpose lossless compressor that is applicable to the most storage-intense omics data formats while beating the general codecs on ratio and speed would offer significant savings for large omics datasets storage and data retrieval. Results We present NYX, a compressor for FASTA, FASTQ, BED and VCF files. It leverages a reversible, format-specific transform optimised for the OpenZL compression algorithm to reach compression ratios up to 2.3 times those of the strongest general-purpose codecs (zstd -19, xz -9e and 7-Zip) while compressing up to two orders of magnitude faster. On the 1000 Genomes VCF dataset NYX reaches a compression ratio of 468.67x, 2.0 times that of xz -9e while compressing 1.8 times faster. On mammalian FASTA assemblies totalling 9.3 GB, NYX is within 3-4% of NAF, the strongest purpose-built FASTA codec, while compressing 57-73 times faster. Across all 54 inputs no single codec beats NYX on ratio and compression speed together: the tools that achieve higher compression are 1.2 to 73 times slower. NYX provides fully lossless, fast and efficient compression under one easy-to-use tool for the most common omics data types. Availability and implementation Source code, the shipped models, the benchmark harness and the scripts that regenerate every figure and table: https://github.com/Georgakopoulos-Soares-lab/compression"
2026-10-01,40,10.64898/2026.05.12.724658,2,bioinformatics,"pyKinaXe: a fast and robust turnkey kinase activity profiler","Wuttke, D.; Hildt, E.; Kolesnichenko, P. V.","Peptide microarray technologies such as PamDx enable direct measurement of peptide phosphorylation by upstream kinases, yet extraction of kinases from raw data depends on proprietary software or separate open-source alternatives delivering time-consuming processing across a variety of different steps, limiting throughput for experimental large-scale kinome generation in clinical and research settings and compound/drug screening. We developed pyKinaXe, a Python package for automated end-to-end analysis of PamChip(R) data, integrating robust image processing, kinase analysis, and pathway enrichment into a single one-click pipeline. We validated pyKinaXe on two independent datasets against existing peptide-microarray-based kinase activity inference tools, demonstrating qualitative agreement and, at the same time, drastic speed-up (6-fold for image processing and 42-fold for statistical kinase inference). pyKinaXe addresses the key limitations of existing tools (slow inference, fragmented workflows, and poor usability), enabling fast and robust analysis, and facilitating high-throughput experiments and large-scale kinome profiling. pyKinaXe is implemented in Python 3.13 and distributed under the Apache 2.0 License. Source code, documentation, and installation instructions are freely available at https://github.com/pykinaxe/pyKinaXe. The benchmark data are available at Mendeley Data (doi: 10.17632/ynp7f92n47.1). pyKinaXe's user-friendly web-based interface can be accessed at https://pykinaxe.github.io/home."
2026-10-01,40,10.64898/2026.04.24.720536,3,bioinformatics,"Accurate ab initio gene prediction in eukaryotes with Tiberius in multiple clades","Gabriel, L.; Bruna, T.; Kaur, A.; Krishnan, A.; Ortmann, F.; Salamov, A.; Talbot, S.; Becker, F.; Krieg, R.; Wheat, C. W.; Grigoriev, I. V.; Stanke, M.; Hoff, K. J.","Background: Eukaryotic genome annotation is currently bottlenecked by limitations in the generality, scalability or accuracy of computational methods and fewer than 20% of the genomes available at NCBI Datasets have associated gene annotations. Evidence-based pipelines such as BRAKER3 achieve high accuracy but require substantial extrinsic evidence and compute. Deep learning approaches have recently achieved large improvements in ab initio gene prediction accuracy. The end-to-end deep learning gene predictor Tiberius approaches the accuracy of evidence-based annotation on mammalian genomes without using any extrinsic evidence, but its published models were trained on mammals only, limiting its applicability across eukaryotes. Results: We extend Tiberius beyond mammals by training lineage-specific models for Mesangiospermae, Fungi, Vertebrata, Insecta, Chlorophyta and Bacillariophyta, covering clades that account for 92% of currently available eukaryotic assemblies. Across a benchmark of 33 species, Tiberius achieved higher exon-, transcript- and gene-level accuracy than the other evaluated ab initio methods, Helixer and ANNEVO, improving gene-level F1 score by 12-37 percentage points over Helixer and by 10-22 percentage points over ANNEVO, while also having the fastest runtimes overall. Compared with BRAKER3, which incorporates RNA-Seq and protein evidence, Tiberius approaches state-of-the-art accuracy in Mesangiospermae, Fungi, Bacillariophyta and Chlorophyta, while being on average 80 times faster when using a GPU. A reimplementation of the Tiberius backend reduced runtime by 31% compared to the previous implementation. Tiberius and its models are also available through a web server, which allows annotation of submitted assemblies without local resources. Furthermore, the Vertebrata model has been applied to annotate 2,948 vertebrate assemblies totalling nearly 6 trillion base pairs. Conclusions: Tiberius is transferable well beyond Mammalia and reaches accuracy close to evidence-based annotation in several clades at a small fraction of the compute cost. This makes it a practical choice for highly accurate large-scale genome annotation, particularly when extrinsic evidence is unavailable or annotation throughput is limiting. Availability and implementation: Code: https://github.com/Gaius-Augustus/Tiberius, web server: https://bioinf.uni-greifswald.de/tiberius."
2026-10-01,40,10.64898/2026.09.25.754396,1,immunology,"CD300a Blockade attenuates renal fibrosis by enhancing macrophage efferocytosis and neutrophil MMP9 production","Lee, J.; Nakahashi-Oda, C.; Koizumi, H.; Abe, F.; Shibuya, K.; Shibuya, A.","Renal fibrosis represents an irreversible endpoint of chronic kidney disease. Although macrophage efferocytosis regulates the response to acute renal injury, the mechanisms by which early efferocytosis confers long-term protection against chronic fibrosis remain elusive. Here, we show that phagocyte-specific deletion of the inhibitory receptor CD300a (Cd300afl/flLyz2-Cre) mitigates obstructive renal injury and subsequent fibrosis. CD300a deficiency enhanced efferocytosis by tissue-resident macrophages during the early phase of injury, thereby suppressing the release of damage-associated molecular patterns (DAMPs) and TGF-{beta} expression. This early attenuation of the inflammatory microenvironment altered the composition of recruited neutrophils, shifting them from profibrotic SiglecF+ toward non-profibrotic SiglecF- subsets. Furthermore, loss of CD300a cell-autonomously primed neutrophils for enhanced matrix metalloproteinase-9 (MMP9) production upon injury, whereas neutrophil depletion abolished the protective effect of CD300a deficiency. Importantly, administration of a neutralizing anti-CD300a antibody to wild-type mice recapitulated these protective effects, promoting the shift toward SiglecF- neutrophils and significantly attenuating renal fibrosis. Together, our findings identify CD300a as a regulator of early macrophage efferocytosis and neutrophil-derived MMP9 production, and establish pharmacological CD300a blockade as a potential therapeutic strategy for progressive renal fibrosis."
2026-10-01,40,10.64898/2026.04.29.721689,2,bioinformatics,"MetaUmbra: Statistically Controlled Genome-Level Presence Inference from Metaproteomic Peptides","Wu, Q.; Ning, Z.; Zhang, A.; Cheng, K.; Figeys, D.","Taxonomic interpretation of metaproteomic peptides remains difficult because many peptide sequences are present in proteins from different organisms, reducing taxonomic specificity. Current peptide-centric workflows can report taxonomic summaries or taxon-level confidence scores, but they do not directly provide formal genome-level statistical inference for user-defined genome collections. Here we present MetaUmbra, a tool that derives genome-level statistical evidence from identified peptides. MetaUmbra builds theoretical peptide lists by in silico digestion of genome proteins, matches observed peptides against these references, and evaluates unique and shared peptide evidence within a formal statistical framework that accounts for peptide sharing across the reference panel. In the defined community benchmark SIHUMIx, MetaUmbra recovered the expected genomes without additional significant calls after embedding them in a large gut reference background. In the single-strain benchmark Mix24X, all expected genomes were recovered under near-neighbor and full-background expansion, with additional calls mainly associated with closely related genomes. In a hamster gut genome panel, MetaUmbra further preserved an interpretable ranking of candidate genomes in a dense real-data setting. Together, these results show that MetaUmbra provides statistically controlled genome-level presence inference while accounting for ambiguity arising from shared peptides. MetaUmbra therefore provides a practical framework for converting peptide evidence into genome-level statistical inference in metaproteomics."
2026-10-01,40,10.64898/2026.09.25.754162,1,bioinformatics,"Integrative Multi-Omics Analysis Reveals Molecular Signatures of Age-Related Decline in Vervet Leg Skeletal Muscle","Patel, M. S.; Frye, B.; Negrey, J. D.; Cox, L. A.; Li, G.; Jorgensen, M. J.; Register, T.; Kavanagh, K.; Shively, C. A.; Quillen, E. E.","Age-related decline in skeletal muscle function, often manifesting as slower gait speed, contributes significantly to frailty and loss of independence. To uncover the molecular basis of this decline, we investigated coordinated changes across the transcriptome, miRNome, and methylome in vastus lateralis muscle from female vervet monkeys (Chlorocebus aethiops sabaeus), contrasting middle-aged animals with normal gait speed versus older animals with declining gait speed. Through multi-omics integration, we identified a molecular signature that sharply distinguishes these two groups. This signature involves key regulatory molecules, including miR-181a-5p, miR-320b and miR-425 control of SYNCRIP, miR-193b-3p regulation of MCL1 and PLAU, as well as a multi-omic regulatory network governing ZNF274 and ANP32E gene expression, and altered levels of mRNAs such as VEZT. Functional annotation implicates miRNA signatures with inverse expression of their mRNA targets operating within systems of skeletal muscle biology, metabolism, and potential immune-inflammation mechanisms. Collectively, these findings reveal an interconnected network of epigenetic, post-transcriptional, and transcriptional alterations associated with impaired muscle function during aging. This molecular signature provides novel insights into potential mechanisms driving sarcopenia and highlights specific molecules as potential targets for interventions aimed at preserving muscle health."
2026-10-01,40,10.64898/2026.05.07.723416,2,biophysics,"Dynamics of Take-off in Bipedal Animals and Robots","Chen, G.-Y.; Wu, Z.-Y.; Chen, S.-H.; Yang, P.","Take-off is a fast and energy-efficient strategy for bipedal animals, such as birds, to achieve rapid movement; however, how muscle physiology scales to govern this universal behavior remains unresolved. Research in other species' physiologies is not readily applicable. As a result, important questions about whether theropod dinosaurs, such as Tyrannosaurus rex, were capable of jumping remain unanswered. In this article, we coupled Lagrangian dynamics with Hill's muscle equations. We developed new experimental methods to quantify joint rotational stiffness and damping, thereby enabling a systematic description of lower-limb mechanics. The approach establishes a novel kinetic framework that links muscle contractile properties to lower-limb performance without invoking control optimization. Animal observations and tabletop mechanisms verify the framework. The mechanics model reveals that the take-off time of about 0.1 s across body masses of 0.003 to 90 kg is achievable, as heavier birds generate proportionally higher reaction forces. Additionally, Tyrannosaurus rex should be capable of jumping, based on the available physiology data. Beyond evolutionary insights, our framework provides a new methodology for analyzing the mechanical properties of biological joints and informing the design of scalable bio-inspired robots."
2026-10-01,40,10.64898/2026.09.29.755056,1,biophysics,"Sequential Design of Experiments enables accessible and efficient multidimensional mapping of single- and multi-protein condensates","Siketanc, M.; Weidner, F.; Nuesperling, C. M.; Hondele, M.","Biomolecular condensation emerges from networks of multivalent interactions that respond collectively to molecular composition and environmental conditions. Here, we establish a sequential Design of Experiments (DoE) framework to systematically and efficiently characterise multidimensional condensation landscapes. Applied to three RNA-binding condensate proteins - Dhh1, Ded1 and PGL-3 - the workflow revealed unexpected protein-specific interactions between biophysical and biochemical variables, including RNA, pH and ionic strength, and uncovered context-dependent switch-like behaviours. Extending the framework to protein mixtures revealed how proteins affected each other's condensation and whether they formed condensate-within-condensate structures under different experimental conditions. Finally, an unexpected response identified by DoE prompted mechanistic analysis of Dhh1, revealing an ATP-independent RNA-binding surface that promotes efficient condensation in vitro and contributes to P-body formation in cells. Sequential DoE therefore provides an experimentally accessible strategy for uncovering context-dependent condensate regulation and converting multidimensional response patterns into mechanistic hypotheses."
2026-10-01,40,10.64898/2026.03.02.705347,2,"systems biology","Molecular Transducers of Physical Activity Consortium (MoTrPAC): Initial Insights into the Dynamic Human Responses to Exercise","MoTrPAC Study Group,  ; Brandt, A. R.; Fleg, J.; Goodpaster, B. H.; Jaeger, B.; Jin, C. A.; Johannsen, N. M.; Katz, D.; Keshishian, H.; Kohrt, W. M.; Kraus, W. E.; Lester, B.; Melanson, E. L.; Miller, M. E.; Montalvo, S.; Rejeski, W. J.; Shimly, S. M.; Smith, G. R.; Stowe, C. L.; Trappe, S.; AbouAssi, H.; Adams, N.; Amar, D.; Ashley, E.; Aslamy, A.; Bamman, M. M.; Belangee, A.; Bennett, W.; Bergman, B. C.; Bessesen, D. H.; Bodine, S. C.; Boyd, G.; Buford, T. W.; Burant, C. F.; Carnero, E. A.; Carr, S.; Chambers, T. L.; Chavez, C.; Chen, H.; Chen, S.-H.; Christle, J. W.; Claiborne, A.; Clark, N","The goal of the Molecular Transducers of Physical Activity Consortium (MoTrPAC) is to examine the physiological and molecular basis for health benefits in response to acute and chronic exercise. Prior to COVID-19 suspension, healthy, sedentary participants (N=206, 18-74y) were randomized to endurance exercise (N=80), resistance exercise (N=81), or non-exercise control (N=45) interventions. The prescribed vigorous acute endurance and resistance exercise bouts induced physiological and metabolic perturbations relative to resting homeostasis. The supervised chronic (3d/wk, 12wk) endurance or resistance training programs robustly improved several physiological parameters (i.e., VO2peak, muscular strength). Temporal biospecimen (blood, muscle, and adipose) collections and processing coupled to the acute exercise bouts were highly successful. In most cases, over 90% success was achieved for blood, muscle, and adipose samples. Endurance and resistance exercise induced distinct acute and chronic physiological responses, which provide a framework to interrogate the molecular basis for health adaptations to these two popular exercise modalities."
2026-10-01,40,10.64898/2026.09.25.754345,1,bioinformatics,"biomes: An R package for reproducible occurrence-to-biome classification using 31 global biome schemes","Gross, H. C.; Zizka, A.; Fischer, J.-C.; Walentowitz, A.","Abstract 1. Biomes are continental-scale vegetation units widely used in ecological and evolutionary research, often together with large-scale species-distribution data. Many conceptually distinct biome schemes exist, differing in the underlying definition, delineation methodology and spatial resolution, yet most studies using biomes default to a few readily available schemes rather than choosing the one best suited to the research question. 2. We present biomes, an R package distributing spatially explicit raster layers of 31 published global biome schemes in a harmonised format at a 10 x 10 km resolution, together with metadata and a concise description. To facilitate their use, biomes provides a user-friendly classification workflow to classify occurrence records into specific biomes and a data-driven ranking algorithm to help researchers to choose the most suitable biome scheme for their data and research question in a transparent, reproducible way. 3. The biomes workflow can be applied to any dataset of georeferenced terrestrial occurrences. It (1) accepts either user-provided occurrence records or records downloaded by the package, (2) ranks the schemes according to their fit to the occurrence data, (3) assigns the records to specific biomes, and (4) summarises the resulting taxon-biome patterns. We demonstrate this workflow using 17,030 occurrence records of 185 species of Bombacoideae (Malvaceae). The analysis identified the vegetation-based biome scheme of Ramankutty and Foley (1999) as the best fit and recovered the forest and savanna biome signal known in the group from the literature, with tropical evergreen woodland being the biome with the largest share of records (46.1%) and highest number of species (162 of 185 species; 87.6%). 4. biomes provides user-friendly access to technically standardised and spatially explicit layers of 31 biome schemes, and thereby enables the transparent, data-driven choice of biome schemes tailored to a specific research data and questions, improving the reproducibility and the specificity of biome use across ecological and evolutionary research."
2026-10-01,40,10.64898/2026.09.25.754409,1,bioinformatics,"SFUMATO: Bayesian probabilistic clustering for uncertainty-aware spatialtranscriptomics analysis and mapping","Giustolisi, A.; Avenel, C.; Wählby, C.","In situ sequencing methods provide subcellular-resolution gene expression data while preserving spatial context, enabling the integrated analysis of genomics and tissue morphology. However, many clustering workflows represent spatial transcriptomic structure through hard labels, imposing sharp boundaries between transcriptional domains and limiting the visualisation of gradual transitions, mixed signals, and uncertainty in cluster assignment, resulting in potentially misleading interpretations of tissue organisation. Here we present SFUMATO (Segmentation-Free Uncertainty Mapping and Analysis of Transcriptomic Organisation), a GPU-accelerated Bayesian probabilistic clustering and visualisation framework for spatial transcriptomics. SFUMATO builds on segmentation-free, multi-scale transcript binning and applies a Bayesian Gaussian mixture model to infer posterior probabilities over transcriptional components at each spatial location. These posterior probabilities provide a unified representation for hierarchical clustering, uncertainty-aware visualisation, and quantitative estimation of transcript-defined area fractions. SFUMATO assigns related colours to transcriptionally related components and blends colours according to posterior probabilities, producing maps in which sharp boundaries, gradual transitions, and ambiguous regions are represented directly in the visualisation. Classical hard labels remain recoverable from the same posterior distributions, preserving compatibility with downstream analyses that require discrete clusters. We evaluate SFUMATO on public 10x Genomics Xenium mouse brain and human breast cancer datasets. In mouse brain, SFUMATO preserves local transcriptional similarity in its colour encoding, maintains hierarchically consistent visualisations across different numbers of clusters, and recovers cell-associated spatial organisation without requiring prior cell segmentation. In breast cancer, SFUMATO-derived posterior maps can be converted into semantic masks concordant with pathology-associated regions, particularly invasive carcinoma, while highlighting the greater heterogeneity of DCIS-associated tissue. Together, these results show that SFUMATO provides an interpretable probabilistic representation of spatial transcriptomics that connects clustering, visualisation, and semantic segmentation across cell-associated and niche-level scales. More broadly, SFUMATO also provides a compact and continuous representation of highly multiplexed spatial transcriptomic information, offering a flexible input for future downstream analyses and multimodal integration."
2026-10-01,40,10.64898/2026.09.25.754436,1,immunology,"Double-Negative B Cell Expansion Defines a Relapse-Prone Immunophenotype in Newly Diagnosed Giant Cell Arteritis","Nieto-Carvalhal, B.; Monjo-Henry, I.; Campos-Fabre, C.; Garcia-Carazo, S.; Bohorquez, C.; Villalba, A.; Peiteado, D.; de Miguel, E.; Miranda-Carus, M.-E.","Background: Giant cell arteritis (GCA), traditionally considered T cell-driven, exhibits vascular B/plasma-cell infiltrates and altered circulating B-cell homeostasis, suggesting a pathogenic role for B cells. Relapse is common in newly diagnosed GCA (nGCA), yet predictive biomarkers remain elusive. Objective: To characterize circulating B-cell subpopulations in nGCA and assess their association with 12-month relapse. Methods: Baseline multiparametric flow cytometry was performed on peripheral blood samples from consecutive patients with nGCA and sex/age-matched healthy controls (HC). Patients received standard treatment per 2018 EULAR recommendations and were followed longitudinally. Results: 102 patients with nGCA and 102 matched HC were included. One-year outcome data were available for 55 patients, of whom 34 relapsed and 21 remained relapse-free. Baseline B-cell homeostasis differed by disease course. Non-relapsers showed reduced total CD19+ B-cell counts and contraction of most B-cell subsets, while CD27-IgD-double-negative (DN) B-cell counts remained comparable to HC. Conversely, relapsers maintained total B-cell numbers above HC despite reduced memory compartments, driven by expanded naive and DN B cells, alongside preserved plasmablast and transitional B-cell counts. At 6 months, total B-cell counts increased only in non-relapsers. DN B cells showed the greatest divergence between groups and independently predicted relapse. DN B-cell counts also correlated with circulating T peripheral helper cell numbers, supporting extrafollicular immune pathway activation. Conclusion: nGCA is characterized by outcome-dependent disturbances in B-cell homeostasis. Expansion of the DN B-cell compartment identifies a relapse-prone immunophenotype and represents a clinically relevant biomarker for early risk stratification."
2026-10-01,40,10.64898/2026.09.25.754423,1,immunology,"HLA-A*11:01-Restricted T Cell Receptors Targeting Mutant NPM1 for Adoptive Cell Therapy in Acute Myeloid Leukemia","Pursley, A. J.; Kirmani, U.; Chen, A. L.; Yu, Z.; Hanada, K.-I.; Ade, C. M.; Chien, C. D.; Cha, N.; Flegel, W. A.; Aplan, P. D.; Carroll, M.; Taylor, N. N.; Yang, J. C.; Pavletic, S. Z.; Pai, S.-Y.; Leko, V.","Acute myeloid leukemia (AML) is an aggressive hematologic malignancy associated with a poor prognosis and an unmet need for more effective treatment options, particularly after relapse. One potential approach to address this need, which has been used successfully in solid tumors, is adoptive transfer of T cells engineered to express specific T cell receptors (TCRs). Particularly attractive are TCRs that can target epitopes derived from oncogenes on which cancer cells depend while sparing normal cells that do not harbor the mutation. One promising oncogenic target in AML is mutated nucleophosmin 1 (mtNPM1), present in up to 30% of AML cases. Most NPM1 mutations result in a common frameshifted sequence that generates peptides presented by several class I human leukocyte antigens (HLAs), such as HLA-A*11:01. In this study, we vaccinated HLA-A*11:01-transgenic mice with the mtNPM1 peptide AVEEVSLRK and isolated six functional TCRs from mtNPM1-reactive lymphocytes. When engineered into human T cells, two of these TCRs consistently mediated robust and specific lysis of an AML cell line and primary AML cells co-expressing HLA-A*11:01 and mtNPM1. Neither TCR recognized related human peptides, HLA-A*11:01-expressing normal peripheral blood mononuclear cells or stem/progenitor cells, or cells expressing diverse allogeneic HLAs, suggesting a low risk of cross-reactivity and alloreactivity. In an AML xenograft model, both TCRs controlled AML in hematopoietic organs, although extramedullary tumors emerged during treatment, potentially reflecting the aggressive behavior of the model that may not be representative of AML in patients. Together, these data suggest that the two TCRs represent strong candidates for further preclinical development in adoptive T cell therapy for NPM1-mutated, HLA-A*11:01-positive AML. These results also support the use of HLA-transgenic mice as a platform for generating TCRs targeting oncogene-derived epitopes in hematologic malignancies."
2026-10-01,40,10.64898/2026.09.25.754525,1,"pharmacology and toxicology","Synthesis of substituted oxabicyclic phenol derivatives with increased affinity and activity for the classical estrogen receptor ERα","Pepermans, R. A.; Tenorio, A. J.; Saxon, T.; Talipov, M. R.; Maio, W. A.; Ramesh, C.; Prossnitz, E. R.; Arterburn, J. B.","The classical estrogen receptor  (ER) is a steroid hormone receptor known for its role in both health and disease. ER, like its counterpart ER{beta}, acts as a receptor for its endogenous ligand 17{beta}-estradiol (E2) and is capable of binding a diverse set of natural and synthetic small molecules. Several screening campaigns have identified various ER ligands, based on the oxabicyclo[3.3.1]-nonene scaffold, that act as ER agonists. One such campaign extensively characterized an oxabicyclic ER agonist, termed AB-1. Herein, we report the synthesis of a series of analogs based on the scaffold of AB-1 (herein termed 1), focusing on the enhancement of their binding to ER and functional potencies in ER mediated assays. We identify a new substituted compound 9 that achieves subnanomolar potencies for ER binding (IC50= 0.45 nM) and ER dependent transcription (EC50= 0.37 nM) and proliferation (EC50= 0.03 nM), with potencies approaching those of E2. The high potency of 9 provides a promising scaffold for the potential development of new ER-targeted therapeutics."
2026-10-01,40,10.64898/2026.09.25.753432,1,immunology,"SEEKER: A genome-scale library-on-library screening platform for deciphering T cell recognition of antigen","Li, S.; Lin, L.; Wu, W.; Liu, B.; Ji, H.; Guo, Z.; Liu, Y.; Wu, J.; Liu, B.; Zhong, L.; Wang, X.; Xu, H.; Qi, H.","Decoding which antigens activate a given T cell receptor (TCR) is a central challenge in immunology. We present SEEKER, a functional genome-scale library-on-library screening platform built on three elements: a Jurkat-derived T-APC cell (TAPCell) that combinatorially expresses one TCR and one peptide-MHC drawn from separate libraries together with an NFAT activation reporter; encapsulation of single TAPCells in a thermos-reversible hydrogel for isolated clonal expansion, so recognition is read out as intraclonal activation; and dual-asymmetric PCR that links TCR- and pMHC-encoding sequences into a heritable unit, enabling progressive hit enrichment over screening rounds. SEEKER interrogates ~10^8 TCR-pMHC combinations per run without prior knowledge. Screening joint-infiltrating CD8+ T cells from HLA-B*27+ ankylosing spondylitis patients against proteome-wide libraries validated 53 TCR-peptide pairs, uncovered extensive cross-recognition of self and common viral epitopes, and revealed highly polyreactive T cells recognizing up to 80 autoantigens, implicating virus-triggered poly-autoreactivity in multi-organ autoimmune diseases."
2026-10-01,40,10.64898/2026.09.25.754574,1,immunology,"Humoral Immune Dysregulation Defines High-Risk Cirrhotic Ascites","Klepper, A.; Zinter, M. S.; Roach, T.; Sidhu, S.; Berman, Z.; Dureja, I.; Dandekar, R.; Ganem, S.; Perlaza, K.; Castillo-Rojas, B.; Zorn, K.; Maher, J. J.; Baron, J. L.; Yocum, M.; Lai, A. R.; Lai, J.; DeRisi, J. L.","Fluid accumulates within serosal cavities in diverse disease states, where it creates biologically active and potentially pathologic niches. How these expanded microenvironments reflect and shape disease biology remains incompletely resolved. Here, we investigated human ascites fluid (n = 118), a hallmark of decompensated cirrhosis, to determine whether signatures of microbial exposure and local host response distinguish outcomes. Cirrhotic ascites was characterized by barrier remodeling, depletion of plasma cell-associated programs, and enrichment of oropharyngeal microbes. Surprisingly, detection of oropharyngeal microbes in ascites was not associated with adverse outcomes. Instead, the ascites of cirrhotic patients with poor outcomes was marked by profound plasma cell depletion and significantly reduced dimeric IgA, despite the presence of antigen-experienced B cells. Together, these findings identify local B cell dysregulation as a previously underappreciated component of cirrhosis-associated immune dysfunction. Impaired local humoral immunity, rather than microbial translocation alone, emerges as a feature of high-risk decompensated cirrhosis."
2026-10-01,40,10.64898/2026.09.26.754610,1,immunology,"Veillonella dispar triggers dual-hits in the pathogenesis of autoimmune hepatitis and primary biliary cholangitis via testosterone depletion-BAFF-B cell axis and Th17 cell activation","Liu, Y.-L.; Xing, Q.-Q.; Lin, X.; Zeng, W.-W.; Chen, Y.-H.; You, Y.-Y.; Zhou, L.-N.; Chen, X.-N.; Wu, M.-X.; Xue, H.-X.; Weng, S.; Pan, J.-S.","Objective: Autoimmune hepatitis (AIH) and primary biliary cholangitis (PBC) frequently present as overlap syndromes, characterized by shared sexual dimorphism and elevated intestinal Veillonella dispar (V. dispar) abundance, yet exhibiting distinct hallmark pathological manifestations. This study aimed to elucidate the shared pathogenesis, phenotypic differentiation mechanisms and sex-specific predisposition of AIH and PBC induced by V. dispar. Methods: Clean-grade and germ-free (GF) mice were employed to establish AIH and PBC models. Model induction involved oral gavage of V. dispar and intraperitoneal injection of either liver-specific antigen S100 (for AIH) or a pyruvate dehydrogenase complex E2 subunit (PDC-E2) mimetic peptide (for PBC). Single-cell RNA sequencing, metabolomics, transmission electron microscopy, western blotting, and flow cytometry were utilized to elucidate the underlying mechanisms. Results: V. dispar successfully induced autoimmune liver disease-like features in mice, characterized by significant intrahepatic B cell infiltration. Mechanistically, V. dispar caused systemic arginine reduction, leading to intrinsic apoptosis of gonadal stromal cells and a subsequent reduction in testosterone. This decreased testosterone weakened its inhibitory effect on B cell activating factor (BAFF) secretion, thereby amplifying B cell-mediated immune responses. Furthermore, in the presence of S100 or PDC-E2 mimetic peptide, V. dispar also facilitated Th17 cell activation, which guided the phenotypic differentiation into AIH or PBC, respectively. Consistent with these findings, our clinical observations revealed that patients with AIH and PBC tended to harbor enriched V. dispar, along with lower serum arginine and testosterone. In addition, elevated serum levels of BAFF and IL-17 were also observed in these patients. Conclusion: V. dispar induces reduced testosterone levels and upregulation of BAFF, leading to intrahepatic B cell expansion, which serves as the common pathogenic basis for AIH and PBC. The presence of S100 and PDC-E2 subsequently drives further maturation of these expanded B cells and promotes Th17 cell activation, thereby determining the phenotypic divergence between AIH and PBC."
2026-10-01,40,10.64898/2026.09.26.754598,1,genetics,"Multi-omics fine-mapping uncovers a pleiotropic intestinal enhancer variant linking PMAIP1 regulation to pig growth and fatness","Yang, H.; Hu, M.; Xu, Y.; Zhang, J.; Zhang, Y.; Gou, Y.; Du, X.; Wang, H.; Li, X.; Zhao, Y.; Xiang, T.","Genetic loci influencing multiple complex traits often remain difficult to interpret because the underlying functional variants, target genes and tissue contexts are unresolved. Here, we investigated the regulatory basis of a shared signal for average daily gain (ADG) and backfat thickness (BF) in Yorkshire pigs. By integrating GWAS in 7,972 pigs, targeted capture sequencing, LD-based fine-mapping, porcine epigenomic annotations, three-dimensional chromatin interaction maps and functional assays, we narrowed the shared SSC1 signal to a 1.59-Mb interval and functionally prioritized rs334769214 (T>G) as the leading candidate variant. The T>G substitution produced marked allele-specific differences in enhancer activity and nuclear-protein binding, while transcription-factor co-transfection assays identified FOXL1-responsive, allele-dependent regulatory activity. Chromatin interaction and CRISPRa analyses supported a regulatory connection between the rs334769214-containing enhancer and PMAIP1, and PMAIP1 overexpression promoted apoptosis in porcine intestinal epithelial cells. In the capture-sequenced subset, the G allele was associated with higher ADG and BF, consistent with a relative loss-of-activation model. Together, these findings delineate a candidate FOXL1-enhancer-PMAIP1 regulatory pathway and demonstrate how multi-omics fine-mapping can advance a shared quantitative-trait locus toward a testable molecular mechanism underlying variation in growth and fatness."
2026-10-01,40,10.64898/2026.09.26.754618,1,bioinformatics,"Ultrafast and Accurate Selection of High-Quality Protein Complex Models from Large-Scale Prediction","Liang, F.; Xie, L.; Ye, E.; Pan, Z.; Xu, T.; Wang, H.; Wei, P.; Liu, J.; Zhang, G.","In the post-AlphaFold era, advances in protein complex structure prediction have enabled the generation of thousands of candidate models per target, making the accurate and efficient selection of high-quality models from large candidate pools a critical challenge. Existing model-selection approaches commonly employ estimated model accuracy (EMA) methods, which include single-model and consensus-based methods. The former lack cross-model comparative information, whereas the latter often incur high computational costs from pairwise structural alignments and are influenced by candidate-pool quality. Here, we present DeepUMQA-Selection, a two-stage framework combining single-model accuracy estimators for preliminary selection with Ultrafast Shape Recognition (USR)-based structural alignment for consensus selection. Preliminary selection enriches the candidate pool with high-quality models and reduces subsequent structural comparisons, while USR-based structural alignment enables efficient consensus selection without explicit structural superposition. On the retrospective CASP16 QMODE3 benchmark dataset, DeepUMQA-Selection outperformed all participating methods and predictor-derived confidence metrics, as measured by mean Top-5 weighted penalty. The advantage was particularly pronounced for heteromeric targets, with a 13.9% improvement in model-selection performance relative to the best-performing CASP16 participating method. Furthermore, a confidence-assisted strategy enabled the framework to accommodate larger protein complexes while maintaining superior model-selection performance over competing methods, supporting its scalability. Runtime benchmarking showed that the proposed USR-based structural alignment achieved a substantial 317-fold speedup over US-align for candidate pools containing 1,000 models, demonstrating its computational efficiency for large-scale model selection. Our results demonstrate that DeepUMQA-Selection enables accurate and computationally efficient selection of high-quality protein complex models from large-scale candidate pools."
2026-10-01,40,10.64898/2026.09.26.754596,1,bioinformatics,"LOL: a Python package for leakage-aware phenotype prediction and confounding diagnostics in GEO transcriptomics datasets","Muigano, M. N.","Phenotype prediction from public gene-expression data is straightforward to implement but reliable prediction is harder. Leakage during feature selection can inflate performance estimates. Class imbalance can hide poor performance in minority classes. Confounds like tissue type, repeated sampling, and demographic differences can also create patterns that resemble phenotype-associated biology. Here, I present LOL (Latent Omics Learning), a Python package for phenotype prediction from bulk GEO RNA-seq and microarray data. LOL uses leakage-safe preprocessing, imbalance-aware evaluation, and group-aware validation where repeated samples are present. Each analysis produces two audit diagnostics. The leakage inflation index ({Delta}LII) measures the change in performance between naive and leakage-safe evaluation. PVCA-lite examines associations between the latent representation and available metadata covariates, including phenotype. I evaluated the workflow across six independent GEO cohorts. The datasets covered microarray and RNA-seq platforms, binary and multi-class phenotypes, and sample sizes ranging from 18 to 566. The analyses produced a varied set of outcomes. Across diverse GEO datasets, LOL can reveal phenotype-associated expression patterns while identifying factors distort their interpretation. These include information leakage, class imbalance, repeated sampling, tissue differences, and demographic or other metadata-associated confounding. The resulting diagnostics help distinguish robust predictions from results that require further scrutiny. LOL does not introduce a new representation-learning algorithm. Its contribution is a reproducible workflow that places validation and diagnostic checks alongside prediction. The resulting analysis can expose weaknesses in an apparently convincing result and make those limitations visible. LOL is freely available under the MIT license from https://github.com/ngangao/lol-omics."
2026-10-01,40,10.64898/2026.09.26.754480,1,bioinformatics,"IQC: A Novel Criterion for Assessing Feature Selection Stability in High-Dimensional Analyses","Moxley, T. A.; Ridenhour, B. J.","In recent years, the issue of reproducibility in scientific studies has been at the forefront of scientific discussion. Many of these issues arise due to poor employment of statistical methods, making it crucial to address these knowledge gaps for frequently used methods. Elastic net regression (ENET) is one such algorithm used frequently in biology and public health due to its ability to select important predictors (also known as ""features"") from large data sets. However, ENET struggles with consistent feature selection and hyperparameter choice in these applications due to low observation counts and noisy data. This limitation hinders ENET's effectiveness in biological research due to low model reproducibility and predictor interpretability. We propose the Instability Quotient Criterion (IQC) as a metric to quantify the consistency of selected features for feature selection models such as ENET, with a specific emphasis on biological applications. IQC leverages ensemble modeling and Shannon's entropy in order to determine the stability of selected features derived from ENET models. We demonstrate IQC's robustness via simulation studies, showing that IQC is capable of detecting significant decreases in model stability with lower observation counts, higher dimensionality, and higher proportions of noisy signal. We additionally utilize simulation to provide a naive threshold for low versus high stability. Finally, we applied IQC to a case study to illustrate how our method can be integrated into a larger analysis pipeline when looking at microarray gene expression data. IQC indicated stability issues for differentially-expressed genes when classifying acute leukemia subtypes in spite of high classification success. Lastly, we discuss how model instability impedes interpretation of biologically significant genes for discerning cancer subtypes. Overall, we present IQC as a robust evaluation metric that can easily be incorporated into high-dimensional biological analyses."
2026-10-01,40,10.64898/2026.09.26.754587,1,bioinformatics,"QuImputer: an LD-informed QUBO/Ising formulation of genotype imputation with quantum-hardware execution","Kim, M.; Lee, T.-H.","Genotype imputation offers a biological application for optimization methods that may eventually run on larger quantum computers. We developed QuImputer to encode allele-frequency priors and signed linkage disequilibrium (LD) in a reduced Ising/QUBO objective, with only missing genotypes represented as optimization variables. The same objective can be passed to exhaustive classical search, quantum approximate optimization algorithm simulation, or quantum hardware. We evaluated the formulation on 100 rice accessions across 12 chromosomes, estimating LD and allele frequency from the same post-masking observed matrix supplied to Beagle 5.4. Evaluation was restricted to known truth at sites with exact dosage coding and an alternate allele that was not the major allele, with MAF below 0.50, yielding 1.88 billion scored genotypes. Beagle achieved higher rare-ALT sensitivity (2.52% versus 0.54%), F1 (0.047 versus 0.011), Matthews correlation coefficient (0.088 versus 0.044), and pooled hard-call dosage R-squared (0.231 versus 0.014). QuImputer produced fewer false ALT calls, with Type I error of 0.038% versus 0.223%. Analyses of a chromosome-1 subset showed limited local LD support for many masked rare-ALT carriers. In five small IBM Fez validation problems, the selected minimum-energy outputs matched unique all-reference exact optima; the pooled frequency of those optima was 1.21-2.63%. Separate component-wise analysis of 12 sparse instances, 11 of which have a recorded hardware result, found all-reference exact optima, delimiting the interpretation of their hardware concordance. QuImputer provides an LD-informed formulation and a route to quantum-hardware execution, together with an empirical assessment of the limitations of the evaluated configuration. These results establish a basis for studying richer information models and alternative classical or quantum solvers."
2026-10-01,40,10.64898/2026.09.30.755554,1,biophysics,"SOP-Multi-π: A Two-Site Coarse-Grained Model with Rescaled Aromatic Interactions to Bridge Single-Chain Ensembles and Condensate Phase Behavior of IDPs and Multidomain Proteins","Prajapati, S.; Mathur, N.; Chakraborty, D.; Srivastava, A.","We present SOP-Multi-{pi}, an enhanced version of the two-bead-per-amino-acid resolution Self-Organized Polymer (SOP) model designed to investigate the conformational dynamics of Intrinsically Disordered Proteins (IDPs) and their phase behavior in biomolecular condensates. The original SOP-IDP and SOP-Multi models work well for chains in good solvents that predominantly adopt expanded conformations. However, they fail to reproduce the single-chain properties and phase-separation behavior of IDPs such as hnRNPA1 and its variants, which have a distinct pattern of aromatic residues. We therefore reparameterized the SOP-IDP force field to explicitly capture {pi}-{pi} and cation-{pi} interactions at the coarse-grained (CG) resolution. These interactions are weak but important for biomolecular recognition and for driving and stabilizing biomolecular condensates. Dimensionless rescaling prefactors ({lambda}) were applied exclusively to the aromatic {pi}-{pi} (Phe, Tyr, Trp) and cation-{pi} (Arg/Lys with Phe, Tyr, Trp) pairs. They were optimized iteratively against experimental radii of gyration of the hnRNPA1 low-complexity domain (A1-LCD) and its 16 aromatic and charge mutants. This restored a physically meaningful Tyr > Phe interaction hierarchy, and the Pearson correlation for Rg improved from r = 0.07 (SOP-IDP) to r = 0.83 (RMSD = 0.08 nm). The same parameters, without further tuning, gave r = 0.93 for 34 additional IDPs (24-198 residues) and reproduced Flory scaling ( {nu} ~ 0.588). We back-mapped microsecond-scale CG ensembles to all-atom representations and computed SAXS and Kratky profiles for direct comparison with experiments on IDPs and on the multidomain proteins hnRNPA1, TDP-43, G3BP1, and FUS. In direct-coexistence slab simulations, the model captures the phase behavior of A1-LCD condensates and their variants, with critical temperatures that correlate strongly with experiment (r = 0.88) but are somewhat underestimated in absolute terms. The model is implemented in LAMMPS, and a detailed user manual is provided for setting up single-chain and multi-chain condensate simulations of full-length multidomain proteins."
2026-10-01,40,10.64898/2026.09.30.755744,1,biophysics,"Core NHEJ Factors Maintain Synapsis Across Diverse DNA End Structures","Case, B. C.; Burger, I. T.; Loparo, J. J.","DNA double strand breaks (DSBs) generated by genotoxic stress frequently contain chemically diverse termini that require end processing before ligation by non-homologous end joining (NHEJ). How end chemistry influences assembly and persistence of NHEJ synaptic complexes remains unclear. Using single-molecule imaging approaches in Xenopus egg extract, we measured formation and stability of the long-range (LRC) and short-range (SRC) complexes on nine DNA substrates spanning kinase-, polymerase- and nuclease-dependent processing requirements. LRC formation and lifetime were comparable across end types, and SRC formation and stability were largely insensitive to end chemistry. DNA hairpins, physiological intermediates of V(D)J recombination, were a notable exception that formed LRCs but inefficiently transitioned to SRCs. Depletion of cognate processing factors had modest effects on SRC formation and persistence, indicating that core NHEJ factors provide the principal structural support for synapsis across diverse termini. Although XLF was required for SRC formation on all substrates, reducing an XLF dimer from two intact tail/Ku-binding motifs to one selectively reduced productive SRC formation on ends requiring processing. Together, these results support a model in which partially redundant protein-protein interactions between core NHEJ factors maintain synapsis while end-specific processing reactions shape repair outcome."
2026-10-01,40,10.64898/2026.09.26.754614,1,"pharmacology and toxicology","Cooperative Peripheral CB1 Inhibition by Extracellular Antibody Binding and Orthosteric Antagonism","GAO, Y.; WANG, J.; LAI, Y.; yue, Y.; hou, j.; bai, y.; he, x.; ZHANG, X.; hu, w.; li, j.; Xu, H. E.; Xu, F.; Liu, H.","The cannabinoid receptor CB1 is an important therapeutic target for obesity and metabolic disorders, yet centrally acting CB1 antagonists are limited by neuropsychiatric side effects. Although the anti-CB1 antibody Nimacimab has advanced to Phase 2 clinical trials for metabolic disorders, the molecular mechanisms underlying peripheral CB1 inhibition remain poorly understood. Here, we report cryo-EM structures of human CB1 bound to Nimacimab alone and in complex with the orthosteric antagonists Rimonabant and JD5037. Unlike previously characterized inhibitory GPCR antibodies that block ligand access through steric occlusion or directly engage orthosteric sites, Nimacimab functions through extracellular allosteric inhibition by stabilizing an inactive-like extracellular architecture of CB1. Antibody binding restricts extracellular conformational dynamics and allosterically stabilizes inactive-state signaling microswitches. Importantly, extracellular antibody engagement is structurally compatible with orthosteric antagonism and cooperatively enhances CB1 inhibition. Structural analysis further reveals how JD5037 remodels the extracellular vestibule to achieve peripheral-selective antagonism. Together, these findings establish extracellular allosteric inhibition as a distinct mechanism of GPCR regulation and provide a structural framework for the development of peripherally selective CB1 therapeutics."
2026-10-02,40,10.64898/2026.09.30.755718,1,"systems biology","Population reweighting and reporter distortion obscure ribosome regulation during translation inhibition","Li, R.; Abbott, K.; Bakshi, S.","Bacteria dynamically adjust their ribosome allocation as growth conditions change, but how this regulation unfolds within individual cells remains poorly understood. Established relationships between ribosome allocation and growth are largely derived from population measurements under steady-state conditions, which may not capture the trajectories followed by individual cells during perturbation. Differential growth can reweight heterogeneous cellular states over time, causing population-level measurements to diverge from the regulatory trajectories followed by individual cells. Here, we use lineage-resolved single-cell microscopy to follow growth and ribosomal reporter dynamics in Escherichia coli during translation inhibition without growth-dependent reweighting of the sampled lineages. Unexpectedly, fluorescent protein fusions to the ribosomal proteins S2 and L9 decrease in fluorescence following chloramphenicol treatment, whereas transcriptional reporters driven by the ribosomal promoters initially increase. The decrease in ribosomal fusion fluorescence persists across multiple fluorescent proteins and is reproduced during tetracycline treatment, indicating that it is not specific to a particular fluorophore, ribosomal protein or translation inhibitor. Although some fusion reporters retain a relationship with cellular growth within physiological states, this relationship is itself reporter-dependent. These results reveal two independent requirements for quantitative measurements of dynamic cellular responses: longitudinal sampling is needed to distinguish within-cell regulation from growth-dependent population reweighting, and reporter behaviour must be validated when the perturbation alters the processes generating the measured signal."
2026-10-02,40,10.64898/2026.09.30.755690,1,"molecular biology","One-carbon metabolism controls colorectal cancer cell state and chemosensitivity through chromatin remodeling","Vizkeleti, L.; Kiss, C.; Tisza, V.; Zichy, A.; Markovics, A.; Kalmar, A.; Szabo, P.; Csabai, I.; Pongor, L.; Spisak, S.; Molnar, B.","Folate is co-administered with fluoropyrimidines in colorectal cancer to potentiate thymidylate synthase inhibition, yet its therapeutic effects are paradoxically inconsistent across disease and treatment settings. Here we show that one-carbon metabolism remodels epithelial identity before treatment and thereby alters fluoropyrimidine response. Folate restoration shifted colorectal cancer cells along a polarized epithelial axis from a stem-like toward a differentiated state, whereas folate deprivation favored the opposite configuration. These pretreatment states differed markedly in 5-fluorouracil sensitivity. Folate restoration increased sensitivity across colorectal cancer cell lines and patient-derived organoids, whereas folate deprivation or methotrexate increased therapy-induced senescence. State-dependent sensitivity was not explained by proliferation alone, as stem-like cells were least responsive under the same conditions in which their S-phase occupancy was highest. Mechanistically, folate restoration increased methylation potential, supported EZH2-dependent H3K27me3 remodeling, reorganized chromatin accessibility and transcription-factor engagement, and reduced canonical WNT activity. In human colorectal tissue, stem-like program activity was higher and differentiation program activity lower in carcinoma than in normal mucosa, with adenomas intermediate, a pattern opposite to folate-induced remodeling. Folate is therefore not merely a cofactor for thymidylate synthase inhibition but an instructive metabolic regulator of the epithelial state that stratifies fluoropyrimidine response."
2026-10-02,40,10.64898/2026.09.30.755414,1,"molecular biology","Rank Normalization Enables Cross Pathway Comparison in Degradation Resolved Proteome Turnover Analysis","Gao, Z.; Xiao, Q.; Kelly, J. W.; Powers, E. T.","Protein homeostasis, or proteostasis, is essential for cellular health, and its disruption contributes to cancer, aging, and neurodegenerative disease. Proteostasis is maintained largely by two intracellular degradation systems: the ubiquitin proteasome system (UPS) and the autophagy lysosomal pathway (ALP). Here, we combine pulse stable isotope labeling by amino acids in cell culture (pSILAC) with selective inhibition of the UPS or ALP to quantify pathway-dependent protein turnover and identify substrates that are preferentially cleared through each route. Direct comparison of these perturbations is complicated by their markedly different response distributions. To address the mismatch in dynamic range, we developed a normalization strategy based on within-condition ranks. Protein stabilization values are converted to percentile scores before comparison across pathways, placing both perturbations on a common relative response scale. Across two independent pSILAC experiments, 5,518 proteins were quantified in at least one condition, and 3,814 yielded high confidence half-life measurements in control, proteasome-inhibited, and lysosome-inhibited conditions. Rank normalization resolved pathway sensitivities that were obscured by direct comparison of absolute half-life changes. Importantly, the method reports relative pathway preference rather than absolute pathway contribution, exchanging effect size magnitude for comparability across perturbations with unequal response distributions. Integration with a curated proteostasis network annotation revealed coherent pathway preferences, including coordinated stabilization of proteasome core and regulatory subunits following lysosomal inhibition. This finding provides proteome-wide quantitative evidence for proteaphagy that complements previous targeted observations. Together, these results establish rank normalization as a practical strategy for comparing degradation resolved proteome turnover across perturbations with different dynamic ranges."
2026-10-02,40,10.64898/2026.10.01.755736,1,"cell biology","A bifunctional RNase H protein supports DNA replication and transcription in nucleus-forming Chimalliviridae phages","Rani, P.; Klusch, N.; Barret, S.; Forman, T.; Levine, M.; Riggi, M.; Rees, C.; Liu, R.; Hoffman, L.; Norquist, M.; Basu, D.; Inlow, K.; Armbruster, E. G.; Morgan, C. J.; Pogliano, J.; Corbett, K. D.; Villa, E.","Jumbo bacteriophages of the Chimalliviridae family replicate their genomes within a proteinaceous phage nucleus that spatially segregates viral DNA replication and transcription from translation. While the phage nucleus protects viral DNA from host defenses, it also imposes unique constraints on genome replication and gene expression. Here we identify the phage-encoded protein Rhc (RNase H-clamp) as a central mediator of genome transactions within the phage nucleus. Using the Escherichia coli infecting bacteriophage Goslar, we show that Rhc functions as an essential component of a non-canonical three-subunit DNA polymerase complex composed of DNAPN, DNAPC and Rhc. Rhc physically interacts with the DNAPC subunit, and both the catalytic activity of Rhc's N-terminal RNase H domain and its C-terminal sliding clamp-derived DNA binding domain are required for genome replication, nuclear maturation, and productive infection. Further, Goslar Rhc also supports transcription within the phage nucleus through a function that is separable from its DNA replication function. Rhc depletion results in reduced transcription of a subset of late genes, in a pattern that suggests a role for Rhc in resolving R-loops. Imaging and cryo-electron tomography reveal that loss of Rhc arrests phage development at a nascent nuclear stage, uncoupling nuclear assembly from maturation. Together, these findings identify Rhc as a multifunctional nuclear factor that mediates both DNA replication and transcription in nucleus-forming jumbo phages, revealing how viruses repurpose a conserved enzymatic activity to coordinate gene expression within a compartmentalized replication environment."
2026-10-02,40,10.64898/2026.09.30.755370,1,"cell biology","High-resolution measurement of ERK activation state reveals determinants of BRAF regulation and drug sensitivity","Adebanjo, A. F.; Simon, J. J.; Banales Mejia, F.; Fowler, D.; Maly, D. J.","High-resolution measurements of pathway activity make it possible to characterize how signaling responds to changing cellular conditions, to evaluate pathway-targeted inhibitors, and to dissect how sequence variation shapes signaling output. Here, we describe a sequencing-based assay that uses engineered, phospho-state-selective affinity reagents to quantify ERK activation state as a high-resolution, ratiometric readout of RAS/ERK MAPK pathway activity. Profiling ~1,600 BRAF variants at basal and elevated RAS-GTP levels allowed us to assign activity scores to somatic cancer and germline RASopathy variants and to distinguish residues that stabilize autoinhibition from those required for active dimer formation. We identified a large class of dominant negative variants that suppress signaling below endogenous levels through enhanced RAS engagement and an inability to form productive RAF dimers. Measuring the intracellular potency of the RAF inhibitor LXH254 against ~1,000 variants in parallel revealed hinge and activation-loop positions conferring resistance and showed that disrupting the BRAF-MEK interface is broadly sensitizing."
2026-10-02,40,10.64898/2026.09.30.755777,1,"cell biology","A New Soaking Protocol to Live Stain C. elegans with Proteostat Dye Reveals Global Patterns of Stress-Induced Protein Aggregation","Krishingner, T.; Fausett, S. R.","Protein aggregates are a diverse array of intra- and extracellular structures containing misfolded proteins with limited macromolecular movement. Protein aggregation is induced by aging and cellular stress and is a hallmark of neurodegenerative diseases including Huntington's, Alzheimer's, and Parkinson's. Fluorescent tools to visualize global protein aggregation in whole organisms are, therefore, important for screening genes and compounds that may reduce or alter protein aggregation in connection with improved health outcomes. Fluorescent probes that report low fluidity structures in cells, such as molecular rotor dyes, are gaining popularity and overcome certain limitations of targeted markers such as tagged proteins or antibodies. However, permeability has been a key barrier preventing widespread use of such probes in whole organisms, including in C. elegans. To achieve visualization of non-specific protein aggregates in whole C. elegans nematodes without the need for strain engineering, we have developed a simple soaking protocol. Our protocol overcomes the permeability limitations of the commercially available molecular rotor dye, Proteostat, enabling widespread labeling of protein aggregates in live and post-fixed worms. Here, we present our novel approach and demonstrate quantification of protein aggregates in multiple tissues to detect differences in protein aggregation due to both genotype and treatment effects. We also outline anticipated future applications for this protocol, including its adaptation for other dyes, as well as limitations and special considerations for its use."
2026-10-02,40,10.64898/2026.10.01.755891,1,"cell biology","Cell-specific isolation and functional analysis of primary cardiomyocyte-derived large extracellular vesicles from infarcted mouse hearts","Borowski, L.; Ramazanova, A.; Alayrac, P.; Duval, V.; Aubert, M.; Pineau, L.; Faranton, L.; Knosp, C.; Robidel, E.; Dingli, F.; Loew, D.; Vilar, J.; Boulanger, C.; Loyer, X.; Silvestre, J.-S.; Camus, S. M.","Extracellular vesicles (EVs) are membrane-bound particles secreted by all cells and serve as critical mediators of intercellular communication in both physiological and pathological contexts. However, elucidating the precise functions of endogenous EVs remains challenged by a fundamental technical bottleneck: current isolation methodologies depend on shared physical properties or generic surface markers, preventing the selective enrichment of cell-type-specific EVs within complex tissues. Consequently, EVs recovered from biofluids or tissue extracts represent heterogeneous populations, confounding the direct attribution of biochemical signatures and biological activities to distinct cellular origins. Here, we describe a versatile genetic-labeling and affinity-based purification strategy that enables the selective isolation of cell-specific primary EV. Using cardiomyocyte-derived EV (CM-EVs) as a proof-of-concept, we crossed Myh6-Cre mice with the ROSA26-mTmG reporter line to restrict membrane-targeted GFP expression to cardiomyocytes. Following myocardial infarction, cardiac EV were recovered and GFP-positive CM-EVs were selectively purified by anti-GFP nanobody-based magnetic pulldown. This approach yields highly enriched, functional cardiomyocyte-derived extracellular vesicles (CM-EVs). To accommodate diverse analytical needs, we established two distinct elution workflows: (i) a denaturing protocol optimized for downstream proteomics and immunoblotting, and (ii) a gentle, non-denaturing protocol that preserves vesicle integrity and biological activity for downstream in vitro and in vivo functional assays. Using this method, we characterized CM-EVs size distribution and proteomic signature, and demonstrated their capacity to transfer functional cargo to target cells in vitro. Because the purification approach relies solely on targeting a genetically restricted membrane tag rather than assumed surface markers, it is immediately adaptable to virtually any cell type for which a validated Cre driver exists. This method removes a long-standing bottleneck in EV research and provides a broadly applicable platform for deciphering the biochemical composition and in-vivo functions of cell-type-specific primary EV in physiological and pathological settings."
2026-10-02,40,10.64898/2026.09.30.754737,1,"cell biology","Extracellular cGAMP transmission exacerbates neuroinflammation in aging and multiple sclerosis","R. Carvalho, D.; Wang, R.; Liu, N.; Li, Y.; Younis, T.; Sclip, A.; Shin, S.; Pawluk, A.; Goodarzi, H.; Thaiss, C.; Konermann, S.; Li, L.","Neuroinflammation drives neurodegeneration and cognitive decline in aging, but the signals that spread this inflammation across the CNS remain unclear. Here, we show in mice that advanced age and experimental autoimmune encephalomyelitis (EAE) both result in elevated cytosolic mtDNA in microglia, which stimulates the production and export of cGAMP from these cells. Meanwhile, ENPP1, the dominant cGAMP hydrolase in the brain and spinal cord, is downregulated in both EAE mice and MS patients, releasing the brake on extracellular cGAMP accumulation. In Enpp1H362A mice, which selectively lack cGAMP hydrolysis activity, unrestrained extracellular cGAMP worsens EAE-associated paralysis and drives premature aging phenotypes including impaired motor coordination (rotarod, pole test) and reduced exploration (open field test) in a manner dependent on STING. Single-cell RNA sequencing pinpoints microglia, astrocytes, and inhibitory neurons as the principal cGAMP responders that activate STING-dependent interferon-stimulated gene induction in response to elevated extracellular cGAMP. Mechanistically, microglia import cGAMP through the LRRC8A:C channel, while astrocytes and neurons import cGAMP via the glutamate antiporter system xc-, reinforced by SLC1A2-mediated glutamate uptake in astrocytes and SLC38A1/2-fueled glutamine-to-glutamate synthesis in neurons. In isolated primary astrocytes and neurons, high intracellular glutamate and system xc--driven redox demands favor cGAMP uptake, raising the possibility that neurotransmitter cycling and redox burden shape cellular vulnerability to cGAMP immunotransmission in vivo. Together, these findings position ENPP1 as a protective brake on neuroinflammation in aging and MS, nominating cGAS inhibition and CNS ENPP1 enhancement as therapeutic strategies."
2026-10-02,40,10.64898/2026.09.30.755723,1,biochemistry,"A bacteriophage split DNA polymerase incorporates a sliding clamp-derived processivity subunit","Basu, D.; Min, R. K.; Inlow, K.; Pogliano, J.; Villa, E.; Corbett, K. D.","Viruses that infect bacteria, termed bacteriophages or phages, typically encode their own DNA replication machinery that rapidly generates many copies of the phage genomic DNA in an infected cell. Nucleus-forming phages of the chimallivirus family possess a distinctive repertoire of predicted DNA replication proteins, with two proteins annotated as DNA polymerases plus a DnaB-like replicative helicase, but lacking an identified primase or sliding clamp protein. Here, we demonstrate that in the Pseudomonas aeruginosa-infecting chimallivirus PhiKZ, the core DNA polymerase comprises a stable 1:1 complex of two DNA polymerase subunits, termed DNAPN and DNAPC. A 2.1 A resolution cryoelectron microscopy structure of this core complex reveals homology to other phage and bacterial B-family DNA polymerases. Next, we identify a direct but transient interaction between the core DNA polymerase complex and a third protein termed Rhc, which possesses an N-terminal RNase H domain and a C-terminal domain related to DNA sliding clamp proteins. Cryoelectron microscopy structures of a stabilized DNA polymerase-Rhc complex, and of this complex bound to a primer-template DNA, reveal a single Rhc subunit that cooperates with the DNA polymerase thumb domain to bind double-stranded DNA emerging from the DNA polymerase active site. While the Rhc RNase H domain is not resolved in our structures, this domain is situated such that it could degrade RNA associated with an incoming template DNA strand. In vitro primer-extension assays show that Rhc strongly boosts DNA polymerase activity, and that this boost relies on the Rhc-DNA polymerase interface we observe in our structures. Overall, our findings reveal a distinctive chimallivirus-specific DNA replication machine with an integrated DNA-binding subunit related to sliding clamp proteins, and a flexibly-linked RNase H domain."
2026-10-02,40,10.64898/2026.09.30.755740,1,biochemistry,"Molecular Determinants of G Protein Subtype-Specific Coupling to the Angiotensin II Type 1 Receptor","Acheampong, A. A.; Collins, M. K.; Keller, A. R.; Feld, A. P.; Small, B. M.; Ritt, M.; Suomivuori, C.-M.; Sivaramakrishnan, S.; Wingler, L. M.","Many G protein-coupled receptors (GPCRs) are capable of activating multiple heterotrimeric G protein subtypes. The angiotensin II type 1 receptor (AT1R) couples to both Gq and Gi family members, and the two families mediate distinct aspects of the effects of angiotensin II (AngII) on blood pressure and fluid balance. Previous work has pointed to fundamental differences in the strength and ligand-dependence of Gq versus Gi activation by AT1R. Here we resolve key aspects of the mechanisms underlying these subtype-specific patterns of G protein coupling to AT1R. Using cellular biosensors, we show that AT1R activates Gq more efficaciously than Gi. Leveraging mini-G proteins, engineered versions of G subunits that diverge only in the C-terminal 5 helix, we identify four residues dispersed throughout the 5 helix that are sufficient to account for these differences. We employ radioligand binding to demonstrate that subtype-specific differences originate at the level of allosteric coupling between ligand and transducer binding, and we use Systematic Protein Affinity Strength Modulation biosensors to show that Gq-specific residues in the 5 helix increase affinity for AngII-activated AT1R. We provide evidence that the 5 helix residue with the greatest effect on coupling makes interactions with AT1R intracellular loop 3 that were not resolved in a previously reported AT1R-Gq cryo-electron microscopy structure. These findings enhance our understanding of how AT1R differentially activates Gq and Gi and may ultimately guide pharmacological approaches to modulate certain G proteins downstream of AT1R and other GPCRs."
2026-10-02,40,10.64898/2026.09.30.755784,1,bioengineering,"Sensitivity of Pulmonary 4D Flow MRI Biomarkers to Controlled Spatial and Temporal Degradation in a CFD Benchmark","Zubillaga-Unsain, A.; Caballero-Gaudes, C.; Ruiz-Cabello, J.","Purpose: To quantify, in a computational fluid dynamics (CFD) benchmark, how spatial degradation, temporal acquisition and noise change the error of plane-based pulmonary-artery flow endpoints. Methods: Twenty-two historical, non-converged CFD simulations (11 geometry families) were voxelised at 2 mm with 80 frames per cycle. Simulations with numerical divergence were excluded, leaving 13 (7 families). Fields were degraded to 4 and 8 mm and with noise, plane waveforms were sampled at 20 phases with one-interval averaging, and errors were computed against the noise-free reference waveform on 66 geometric planes. Family-mean paired differences are reported with t-based 95% confidence intervals under an analysis plan fixed in advance. Results: Spatial degradation from 2 to 4 mm increased full-waveform nRMSE by 0.0032 [0.0021, 0.0043], in 7 of 7 families; cycle-mean flow bias accounted for 23% of the squared error, against 60% at 8 mm. With SNR scaled to voxel volume, the increase was not resolved (0.0002 [-0.0012, 0.0015]). Twenty-phase acquisition increased PI error (0.0223 [0.0214, 0.0233]) and diastolic-trough timing error (0.63 [0.52, 0.74] frames) more than spatial degradation, and its point estimates for these endpoints were larger with every recovery method; the nRMSE ordering and peak timing depended on the recovery method. The implementation of the downsampling operator mattered: an alternative, corner-aligned implementation of the same 4 mm degradation gave a larger spatial effect (nRMSE difference 0.0010 [0.0002, 0.0017]). Conclusion: In this benchmark, a 2 to 4 mm degradation produced a small, consistent, mostly shape-related nRMSE increase that depended on the noise model, whereas 20-phase acquisition changed PI error and trough timing more. The results describe benchmark behaviour, not clinical acquisition requirements."
2026-10-02,40,10.64898/2026.09.30.755443,1,bioengineering,"Synergistic Combination of Bioengineered MicroRNA and Chemotherapy Across High-Risk Neuroblastoma Subtypes","Lee, Y.; AlKhazal, A.; Doyle, K. E.; Ahn, Y.-R.; Sandoval Castellanos, A. M.; Tu, M.-J.; Yu, A.-M.; Kim, J.; Brown, E. G.","Despite intensive treatment, high-risk neuroblastoma (HRNB) remains a leading cause of cancer-related mortality in children. Current treatment paradigms include multimodal systemic treatments and multi-agent chemotherapy, which is limited by substantial acute and long-term toxicities. Platinum-based chemotherapy is a cornerstone of this treatment but is fraught with side effects and stands to benefit from dose reduction strategies. MicroRNA (miR)-based therapeutics represent an attractive strategy to simultaneously moderate multiple oncogenic pathways, providing a potential avenue to enhance the efficacy of current treatment regimens. However, the development of miR therapeutics has largely relied on chemically synthesized ones, which are limited by issues of inconsistency and poor in vivo stability. Biologically produced, tRNA/pre-miR containing bioengineered miRs (bioRNAs) address these limitations. We investigated the therapeutic potential of bioRNA encoding miR-124 and miR-34a across molecularly distinct HRNB models and evaluated their ability to enhance cisplatin efficacy. Both bioRNAs significantly suppressed neuroblastoma cell viability in vitro, with proteomic analyses demonstrating preferential induction of neuronal differentiation by miR-124 and apoptotic signaling by miR-34a. Combining bioRNA with cisplatin produced robust synergy across multiple HRNB lines, enhancing apoptosis while simultaneously promoting differentiation-associated phenotypes. In vivo, both bioRNAs suppressed tumor growth as monotherapies, while combination with low-dose cisplatin produced the strongest responses across multiple xenograft models with different HRNB subtypes. Notably, low-dose cisplatin combined with bioRNA therapy frequently achieved tumor control comparable to, or greater than, that observed with high-dose cisplatin monotherapy while maintaining favorable tolerability. These findings establish bioRNAs as potent cisplatin sensitizers and support bioRNA-based combination therapy as a strategy for improving HRNB treatment while reducing chemotherapy-associated toxicity in children."
2026-10-02,40,10.64898/2026.09.30.755077,1,bioengineering,"In Vitro Assessment of chemically-modified probiotics astoxin decoys for cholera infections","Mainero Rocca, I.; Stuhr-Hansen, N.; Blixt, O.; Goletz, S.","Gastrointestinal infections are a leading cause of death and morbidity worldwide. Antibiotics as current treatments are ineffective or not recommended due to the emergence of multidrug resistant organisms. The initial step of the pathogenesis for most of the enteric infections is the binding of the pathogen to oligosaccharide receptors on the surface of host cells, making these receptors attractive targets for novel antimicrobial strategies that do not rely on conventional antibiotics. Here, we developed an alternative therapeutic intervention based on a novel microbiome-based chemical engineering approach. We synthesized cholesteryl-peptides as flexible chemical scaffold for the presentation of carbohydrate GM1 mimic receptors in probiotic bacteria acting as a decoy for cholera toxin neutralization. The GM1-cholesteryl-peptides were stably embedded into the membranes of both gram positive and gram negative probiotics, Lactobacillus reuteri DSM and Escherichia coli Nissle 1917 respectively. The resulting GM1-coated probiotics demonstrated to quench nearly 100% of cholera toxin in vitro, functioning as decoys by preventing toxin binding to epithelial cells. The present study strongly suggests that our new and versatile biomimetic non-recombinant system could be employed to neutralize the functional effect of infections mediated by oligosaccharide receptors."
2026-10-02,40,10.64898/2026.09.30.755749,1,bioengineering,"Phase-noise tolerant fully-coherent optical coherence tomography angiography for high-contrast 3D microvasculature mapping","Jie, T.; Ruiz Lopera, S.; Bouma, B. E.; Uribe-Patarroyo, N.","Optical coherence tomography angiography (OCTA) has been extensively explored for the detection of pathological retinal changes arising in various ophthalmological diseases. Due to phase instability of conventional systems, most OCTA signal processing methods to date have relied on intensity-based averaging, despite the resulting lower contrast and dynamic range compared to coherent averaging approaches. In this work, we (1) present a novel computation pipeline that enables fully-coherent processing in any phase-stable or phase-unstable system, and (2) demonstrate the first angiography metric with integrated signal-to-noise ratio (SNR) correction and coherent spatiotemporal ensemble averaging effective in any OCT system. Our method does not rely on 2D en face projections or binarization to produce high-contrast en face views and it significantly enhances the contrast-to-noise ratio of computed OCTA volumes, particularly in regions with reduced SNR levels. Our OCTA volumes also have high cross-sectional quality, enabling the use of single-depth en face views and the localization of capillary paths in the axial dimension. We can now identify capillaries below the retinal pigment epithelium, near the lamina cribrosa in the optic cup, which was not previously possible due to low SNR. We also conducted an analysis of strategies for bias reduction in OCTA and developed the optimal method utilizing coherent spatiotemporal ensemble averaging. Because our method leverages coherent averaging across all dimensions, it provides flexibility in shaping the averaging kernel to target specific workflows. The value of this additional degree of freedom is illustrated in our vessel tracing investigations, in which the depth resolution was maximized by limiting coherent ensemble averaging to the two lateral dimensions even in presence of strong phase noise, enabling the identification of 3D features such as overlapping capillary paths."
2026-10-02,40,10.64898/2026.09.30.755689,1,bioengineering,"BrightEyes-Scope: A Reference Implementation for Image Scanning Microscopy with SPAD Array Detection","LE, L.; Zunino, A.; Slenders, E.; Bucci, A.; Donato, M.; Vicidomini, G.","Image scanning microscopy (ISM) is emerging as the natural evolution of confocal laser-scanning microscopy, combining optical sectioning and a two-fold improvement in lateral resolution with high signal-to-noise ratio. Single-photon avalanche diode (SPAD) array detectors enable an effective implementation of ISM by recording a micro-image at each scan position with single-photon sensitivity, negligible readout noise, and without the fixed frame-readout constraints of conventional cameras. Nevertheless, SPAD array-based ISM remains largely confined to laboratories with expertise in microscope development. Here, we present BrightEyes-Scope, a reference implementation of a SPAD array-based ISM system. We provide step-by-step guidelines for optical design, system construction, alignment, calibration, data acquisition, and image reconstruction. Presented as a complete ISM microscope, BrightEyes-Scope also serves as a reference for upgrading existing laser-scanning microscopes. We anticipate that it will accelerate the adoption of ISM for quantitative super-resolution imaging."
2026-10-02,40,10.64898/2026.09.30.755785,1,"synthetic biology","Heterologous engineering of receptors using OrthoRep (HERO) for directed evolution of GPCRs in yeast","Dykstra, C.; Bean, B. D. M.; Rousseau, O.; Araujo, F.; Masoud, D.; Liu, C. C.; Whiteway, M.; Martin, V. J. J.","Engineering G protein-coupled receptors (GPCRs) for biosensing applications remains challenging due to structural and functional constraints when such proteins are expressed in a heterologous host. OrthoRep offers the continuous accumulation and selection of signal-enhancing mutations in yeast, yet it has not been applied to GPCR evolution. We apply OrthoRep-driven mutagenesis to evolve opioid GPCRs and improve yeast-based biosensors: first, we express the human -opioid receptor (OPRM1) on the OrthoRep p1 plasmid and couple ligand activation to growth. Serial cell passaging of the biosensor generated functionally diverse mutants. However, mutations that decouple receptor activation from selection arose over longer passaging campaigns, halting evolution. We resolve this issue using a site-specific recombinase that re-introduces evolved variants onto the p1 landing pad of an unmutated biosensor, allowing continued selection. This led to an ~18-fold improvement in sensitivity of a mutant OPRM1 over wt-OPRM1. Additional polymerases were added to the platform, broadening the mutational profiles available. Assembling these components forms the platform we call HERO (Heterologous Engineering of Receptors using OrthoRep). Lastly, we deploy HERO using automation to improve the human {delta}-opioid receptor's weak response to an agonist by ~40-fold. Sensitivity also improved for a structurally dissimilar ligand assayed on the same evolved variants."
2026-10-02,40,10.64898/2026.09.27.754711,1,"systems biology","A kinetic-aware approach to infer metabolic variations and flux using transcriptomics and metabolomics data","Zhu, H.; Wan, C.; Yang, M.; Fang, Y.; An, Z.; Swaminathan, P.; Dang, P.; Li, Z.; Wang, J.; Wang, Y.; Chen, Y.; Ma, A.; Ma, Q.; Kelley, M. R.; Cao, S.; Fishel, M. L.; Zhang, C.","Assessing metabolic variations and flux quantities enable systematic understandings of metabolic shifts, reprogramming, adaptation and interactions in human diseases. However, omics-based estimation of metabolic flux and its variation remains challenging due to several fundamental limitations: the need for disease and tissue context specific metabolic model; nonlinear enzyme kinetic model that links enzyme and substrate changes to reaction flux; partial, unpaired, and snap-shot measurements across omics modalities; and uncertainty in computational prediction. Here, we present Michaelis-Menten model-based Flux Estimation Analysis (mmFEA), a Monte Carlo framework for estimating condition-specific flux changes by integrating paired or unpaired metabolomics and transcriptomics (or proteomics) data. mmFEA separates each reaction-rate change into enzyme- and substrate-associated components and assess reaction rate using Michaelis-Menten kinetics equation. A baseline metabolite saturation rate is introduced by integrating protein language model predicted kinetic parameters and human baseline level metabolic concentration to enable kinetic-aware integration of unpaired substrate and enzyme level measurements. Distribution of metabolic flux and variations between conditions are further computed using MCMC sampling by treating Michaelis-Menten-derived marginal flux distribution as prior and coherency in flux balance as likelihood. To benchmark mmFEA, we generated an in-house multi-omics data set including transcriptomics, metabolomics, metabolic activity functional assay, and CRISPR screening data using pancreatic cancer cell line system treated by APEX1 inhibitors. We demonstrated that mmFEA could accurately capture experimentally observed metabolic changes and achieved a better performance than all baseline methods. Our analysis revealed the necessity in using both substrate and enzyme modality and kinetic aware model in metabolic flux assessment. Further analysis using independent pancreatic cancer cohorts further validated the robustness of mmFEA, supporting integration of condition-linked unpaired data. Pan-cancer and spatial multi-omic applications demonstrated the use of mmFEA for resolving context-dependent metabolic variation when direct flux measurements are unavailable. Together, mmFEA provides a mechanistically grounded framework for estimating relative metabolic flux changes and their uncertainty from heterogeneous omics data."
2026-10-02,40,10.64898/2026.09.29.755523,1,immunology,"Folate metabolism in tumor-associated macrophages drives immunosuppressive function to promote tumor growth","Zimmerman, M. P.; Zhabotynsky, V.; Wang, H.; Cox, E. K.; Chong, W. L.; Bastian, A. G.; Kennedy, A. S.; Fay, B. P.; Reynolds, A. G.; Ebacher, A.; Meier, J. A.; Vietor, K.; Taylor, K. E.; Onuoha, P. C.; Maruvada, S.; Hurst, K. E.; Wong, C.; Anderson, C. W.; Thomas, N. E.; Liu, R.; Bryant, K. L.; Baldwin, A. S.; Ollila, D. W.; Ting, J. P.-Y.; Rushing, B. R.; Sumner, S. J.; Krupenko, S. A.; HUGO, W.; Moschos, S. J.; Thaxton, J. E.; Miller, B. C.","Tumor-associated macrophages (TAMs) promote tumor growth, inhibit effector lymphocytes, and induce resistance to immune checkpoint inhibitors (ICI). Therapies designed to deplete TAMs have had little success in the clinic, and strategies aimed to repolarize immunosuppressive TAMs to pro-inflammatory states have struggled with systemic toxicity. We have identified that the combination of low folate in the tumor microenvironment and TAM dependency on the high affinity folate receptor beta (FR{beta}) for folate uptake results in a unique metabolic dependency of TAMs necessary for their immunosuppressive function. FR{beta} (encoded by Folr2) is uniquely expressed on myeloid cells and upregulated on TAMs. FR{beta}+ TAMs exhibit an immunosuppressive phenotype in melanoma and are associated with worse clinical outcomes and resistance to ICI in melanoma patients. We generated a novel Folr2-/- mouse model to study why TAMs express a unique folate receptor and showed that tumor growth was slowed in the absence of Folr2 in a T-cell dependent manner. We observed a dramatic repolarization of Folr2-/- TAMs in vivo to pro-inflammatory states, resulting in increased cytotoxic T cell and NK cell infiltration into tumors. Importantly, we show that folate is low in the tumor microenvironment by performing metabolomics on melanoma tumors and adjacent normal tissue from warm autopsy patient specimens, and that we could increase tumor growth in Folr2-/- mice by increasing serum folate to supraphysiologic concentrations with a high folate diet. Integrated metabolomics and transcriptomic analysis demonstrated that Folr2-/- macrophages have impaired folate uptake and 1C metabolism-based reduction of oxidized glutathione in low folate conditions, resulting in increased mitochondrial reactive oxygen species (ROS) in Folr2-/- cells. Excess ROS results in leakage of mitochondrial DNA into the cytoplasm, activating cGAS-STING signaling and promoting pro-inflammatory macrophage polarization through TBK1 and NF-kB. Together, our data demonstrate that TAM expression of FR{beta} promotes their immunosuppressive functions by maintaining folate uptake in the low folate tumor microenvironment, suggesting that FR{beta} is a novel metabolic checkpoint on TAMs."
2026-10-02,40,10.64898/2026.09.27.754747,1,genomics,"Method-dependent biases in cell type detection between single-cell and single-nucleus RNA sequencing in the photosymbiotic acoel Praesagittifera naikaiensis","Nakamura, R.; Hamada, M.; Kobayashi, K.; Ansai, S.; Dindo, M.; Sakagami, T.; Luo, Y.-J.; Satou, Y.; Sekiguchi, T.; Sakamoto, T.","Background Comparisons of single-cell and single-nucleus RNA sequencing (scRNA-seq and snRNA-seq) data have been described in some mammalian tissues and, subsequently, in Drosophila, but remain unexplored in most invertebrate lineages. The xenacoelomorphs occupy key phylogenetic positions, yet they differ anatomically from mammals. They have a reduced extracellular matrix, high-salt body fluid, and no circulatory system. Despite these differences, they possess a well-developed nervous system. One of the xenacoelomorphs, the photosymbiotic acoel (Praesagittifera naikaiensis) also harbours symbiotic Tetraselmis algae, whose RNA can be co-captured with host RNA. Results We compared scRNA-seq and snRNA-seq data from whole P. naikaiensis specimens. Both methods yielded high-quality data with comparable gene detection but a larger share of scRNA-seq reads derived from symbiotic algae. Gene-level analyses revealed that neural genes were enriched in snRNA-seq relative to non-neural genes. Cross-method label transfer and integration-based validation identified six snRNA-seq clusters, including some neural populations, that lacked a clear scRNA-seq counterpart. In contrast, three cell populations, including muscle and metabolically active clusters, were reciprocally validated as captured by both methods. Conclusions Our results show that key snRNA-seq advantages, particularly the enhanced recovery of neural transcripts, are recapitulated in our dataset, which is consistent with previous reports in mammals. Furthermore, snRNA-seq reduces symbiont-derived reads and recovers several cell populations underrepresented in scRNA-seq. These findings provide practical guidance for cell atlas construction in non-model, symbiotic invertebrates."
2026-10-02,40,10.64898/2026.09.26.754726,1,genomics,"X-Y divergence of house fly (Musca domestica) proto-sex chromosomes follows distinct evolutionary trajectories despite residing in the same genome","Son, J. H.; Luecke, D.; Bista, B.; Manat, Y.; Cao, W.; Beukeboom, L.; Bopp, D.; Ellison, C. E.; Saelao, P.; Meisel, R. P.","Sex determination systems and sex chromosomes frequently differ between species. One cause of these differences is new sex determining genes that drive evolutionary turnover of sex chromosomes. At the earliest stages of this turnover, X and Y (or Z and W) chromosomes start out as nearly identical homologs, and they can diverge via chromosomal rearrangements (e.g., inversions) that suppress X-Y recombination. However, multiple examples from across animals and plants provide exceptions to this canonical model of sex chromosome evolution. For example, some X-Y pairs remain undifferentiated for long evolutionary time periods, while other sex chromosomes become differentiated without chromosomal rearrangements. How or why these non-canonical trajectories occur remains elusive, despite increasing evidence of their pervasiveness. The house fly, Musca domestica, is a well-suited system to address this gap because all six chromosomes can be a Y, providing multiple replicates of a natural experiment within a single genomic environment. To test for canonical and non-canonical evolutionary trajectories, we generated haplotype-resolved chromosome-level assemblies from five strains of the house fly, each of which carries a different Y chromosome (IM, IIM, IIIM, VM, and YM). We identified an inversion on only one of the sex chromosomes (IIM), which was associated with elevated X-Y divergence but did not capture the male-determining locus. In contrast, there was X-Y divergence across almost the entire length of the IM, IIIM, and VM sex chromosomes, despite no detectable inversions. YM was the only sex chromosome to contain substantial Y-specific sequences, which were limited to a segment on one end of the chromosome containing the male-determining gene. This YM chromosome, and its corresponding X, were highly diverged from the X chromosome found in many other flies (Muller element F), despite a strong cytological resemblance. This study highlights how multiple different canonical and non-canonical modes of sex chromosome evolution can co-exist within a single genome."
2026-10-02,40,10.64898/2026.09.27.754741,1,bioinformatics,"GroundAnnot: a closed-vocabulary contract for grounding LLM gene-set annotation in live enrichment backends","Malima, M. B.","Motivation: LLM agents increasingly draft functional interpretations of gene lists, but can cite Gene Ontology (GO) terms that no current enrichment backend returned for that list, and can pair real GO accessions with fabricated labels. Results: We present GroundAnnot, a client for PANTHER, Enrichr, and g:Profiler that returns a closed vocabulary of GO term IDs and their backend labels, and enforces two contracts: Contract A (no ID or label outside the backend payload) and Contract B (no enrichment claim outside the backend's significant set). Across three open-weight models (Qwen2.5-7B local; Qwen3.8-27B and GPT-OSS-120B via Groq) on six curated disease gene lists, mean valid-enriched rates were 15.3%, 20.1%, and 35.1%. All unsupported IDs were real GO terms classified by QuickGO as wrong-biology, obsolete, or wrong-branch (zero fabricated accessions). A distinct failure mode emerged: for the Alzheimer's gene list, the local 7B model paired every one of its ten stable picks with a label that does not match the current GO term for that accession (10/10 mismatches), producing a coherent synaptic-signalling narrative that the IDs do not support. Mean overlap with the backends' FDR top-10 union was 0.33-0.67/10. On 50 MSigDB Hallmark gene sets, the strongest model named the defining pathway in 21/44 (47.7%) directly named cases. When an enriched shortlist was placed in the prompt, all three models complied fully (60/60 for each model; 180/180 overall), showing that a bounded vocabulary removes these output classes when the downstream agent is required to use it."
2026-10-02,40,10.64898/2026.09.27.754054,1,bioinformatics,"GGE: General-purpose deep meta-learning for classification of human transcriptomes with limited data","Yankovitz, G.; Gat-Viks, I.","Transcriptomic classification is often hindered by the small number of samples relative to the high dimensionality of gene expression data. We introduce General Gene Expression (GGE), a deep meta-learning framework designed to support robust classification in this limited-sample setting. By training across 5,220 distinct biomedical prediction objectives drawn from 1,779 different human datasets, GGE learns a model initialization that captures biological patterns shared across heterogeneous classification tasks. This learned initialization has two key advantages. First, it enables improved performance to new datasets using only a small number of labeled samples. Second, because it is learned across diverse prediction objectives, it can be applied to a broad range of biomedical problems. We show that GGE outperforms established classifiers in data-limited settings across a wide range of applications, including datasets generated using different RNA-seq platforms and preprocessing pipelines. In addition, attention-based analysis identifies recurrent genes that contribute to performance across multiple biological objectives, providing insight into shared determinants of human biological states. Together, these results establish GGE is a general-purpose framework for human transcriptome-based classification in biomedical settings where labeled data are scarce."
2026-10-02,40,10.64898/2026.09.27.754758,1,bioinformatics,"Auditing Protein-Protein Interaction Signals with Sparse Autoencoder Fingerprints","Zhu, W.; Wang, S.; Liu, X.; Xue, Y.; Shen, H.-B.; Chen, B.; Pan, X.","Protein language models have become a dominant foundation for sequence-based protein-protein interaction (PPI) prediction, but their generalization remains limited under stringent evaluation, and benchmark accuracy alone cannot reveal whether a PPI predictor learns partner-specific biological signals or exploits contextual shortcuts. Here we introduce AuditPPI, an interpretable framework that transforms sparse-autoencoder (SAE) features from a frozen protein language model into order-invariant pair fingerprints, recasting PPI prediction as an auditable tabular-learning problem. AuditPPI achieves competitive predictive performance across diverse PPI benchmarks while enabling multiscale auditing of the information supporting its predictions. Protein-level audits show that partner-independent participation signals remain substantial in conventional benchmarks, including protein-disjoint benchmark, but are largely insufficient for pair-level discrimination in topology- and degree-controlled benchmark. Pair-level analyses further show that removing protein identity overlap does not eliminate contextual structure: protein-disjoint benchmarking retains strong subcellular co-localization signals and benchmark-dependent feature matching captured by SAE co-activation and absolute-difference. Structural analyses, however, provide little evidence that these predictive signals are specifically grounded in PPI interfaces: feature enrichment at interfaces for protein-disjoint benchmark was no longer detectable after controlling for surface exposure, and contact-specific enrichment was observed for only a small fraction of testable SAE feature pairs. AuditPPI therefore separates predictive success from mechanistic fidelity and provides a practical framework for evaluating whether sequence-based PPI predictors capture partner-specific biological signals instead of contextual shortcuts."
2026-10-02,40,10.64898/2026.09.27.753847,1,bioinformatics,"Downstream mRNA Secondary Structure, Not Codon Elongation Supply, Coordinates Co-Translational Protein Folding Across the Human Ribosomal Exit Tunnel","Saad Ul Hassan, M.; Jabeen, I.; Kiani, Y. S.","How ribosomes pace translation to assist nascent protein folding remains an open question in molecular biology. While synonymous codon selection is widely hypothesized to regulate elongation rates to facilitate domain organization, distinguishing genuine translational kinetics from baseline amino acid preferences has proven technically difficult. Here, we analyze a non-redundant cohort of 1,270 high-resolution human crystal structures (410,151 residues) mapped to their native mRNA transcripts. When we mathematically isolate synonymous codon choices from amino acid identity using orthogonal linear projection, standard codon-supply metrics i.e. the tRNA Adaptation Index (tAI) and the Codon Adaptation Index (CAI), show negligible independent spatial coupling with downstream protein structure. Their uncorrected correlations predominantly reflect local amino acid chemistry rather than physical translation pacing. In contrast, downstream mRNA secondary structure stability (minimum free energy, MFE) displays a subtle but consistent correlation that survives amino acid control. Across 100,000 whole-proteome permutations per pair, this MFE signal centers at an offset of +15 to +16 codons across multiple independent physical properties, including residue packing density (r = -0.0699, Z = -23.64, p < 10-5), crystallographic rigidity (B-factor, r = +0.0614, Z = +13.74, p < 10-5), and solvent burial (SASA, r = +0.0492, Z = +18.98, p < 10-5). This +15 codon offset corresponds directly to the physical dimensions of the eukaryotic 80S ribosome: the path from the peptidyl transferase center to the internal uL4/uL22 constriction neck (~10 amino acids) plus the downstream mRNA helicase entry channel (~5 codons). While the overall effect size is modest, accounting for approximately 0.49% of local packing variance, its spatial specificity and consistency across independent structural metrics suggest that downstream mRNA stability acts as a localized mechanical brake during early chain compaction."
2026-10-02,40,10.64898/2026.09.27.754762,1,bioinformatics,"Why rescue-based transcript ranking can mislead: normalization displacement and shared-control coupling in perturbation transcriptomics","Jamil, H. M.; Gow, A.","When a disease-associated transcript moves toward control after a phenotypically effective rescue, the pattern can be read as mediator evidence. We show why this inference can fail even when the computation is reproducible. Across normalization schemes in PLP1-mutant Jimpy brain (GSE277705), the original negative-interaction criterion classified 47.6-76.0% of all expressed genes and 77.6-86.6% of disease-eligible genes. Under total CPM, the excess was driven largely by a +1.016-SD median WT treatment response; median-of-ratios (MOR) reduced it to +0.154 SD while leaving the Jimpy median near zero. Under MOR, mirror enrichment among disease-increased (77.6%) and disease-decreased (74.0%) genes showed selection dependence but could not distinguish mechanical coupling from genuine state restoration. Slope decomposition gave a 48.7% mechanical-to-observed ratio (-0.125 of -0.256); deleting one of four untreated-Jimpy samples moved it from 37.8% to 90.1%. Candidate-local point estimates were 60.8% near TRIB3 and 38.6% near DDIT4; the TRIB3-minus-DDIT4 difference stayed positive in all four deletions (8.6--27.7 points), but its magnitude remained unstable. Oligodendrocyte-specific Perk deletion robustly suppressed TRIB3 (R^{JP}=-0.817, 95% CI [-1.048,-0.587]) and DDIT4 (-0.292, [-0.419,-0.169]), whereas 2BAct resolved neither transcript-specific rescue. Rescue transcriptomics can therefore establish broad state restoration without identifying which downstream transcript mediates it."
2026-10-02,40,10.64898/2026.09.27.754810,1,biophysics,"Simulating Bead-Tethered Biomolecules: Force-Probe Coupled Steered Molecular Dynamics (fp-SMD) in Optical Tweezers Force Spectroscopy","Zhang, G.; Leng, Y.","Interpreting single-molecule force spectroscopy (SMFS) data from optical tweezers with steered molecular dynamics (SMD) is hindered by a severe timescale mismatch: SMD trajectories span nanoseconds to microseconds, while SMFS experiments unfold over milliseconds to seconds, forcing SMD to pull six to nine orders of magnitude faster than experiment and systematically distorting rupture forces, molecular pathways, and kinetic intermediates. We introduce force-probe coupled steered molecular dynamics (fp-SMD), which explicitly propagates the force probe (the optically trapped bead) alongside the biomolecule within a single classical Hamiltonian description of the coupled molecule-linker-bead system. A Predict-Correct Trajectory Propagation (PCTP) scheme resolves the resulting computational bottleneck by decoupling the fast molecular relaxation from the slow, macroscopic bead motion, using metadynamics and transition-state theory to identify the kinetically resolved molecular intermediate reached at each macroscopic time step. On the cholesterol-{beta}-cyclodextrin ({beta}-CD) host-guest complex, fp-SMD reproduces the experimental rupture-force histogram directly at matched conditions, without extrapolation from standard SMD. fp-SMD further resolves how applied force reshapes the molecular escape pathway itself--cholesterol dissociates via a high-angle route at low force and a direct, small-angle route at high force--providing, to our knowledge, the first direct structural evidence for force-induced pathway switching within small host-guest systems believed to underlie catch-slip bond behavior. fp-SMD/PCTP thus offers a general route to simulating force-probe-coupled biomolecular mechanics at experimentally relevant timescales."
2026-10-02,40,10.64898/2026.09.27.754774,1,"pharmacology and toxicology","Efficacy profiling of structurally diverse cannabinoid receptor ligands across transducer-coupling assays","Oh, S. J.; Lucaj, C.; Truong, K.; Guo, R.; Umaoka, H.; Iliopoulos-Tsoutsouvas, C.; Gerasi, M.; Georgiadis, M.-O.; Ji, L.; Nikas, S. P.; Makriyannis, A.; Yano, H.","The full efficacy range of ligands at CB1 and CB2 (i.e., inverse agonists, neutral agonists, partial agonists, full agonists, and high-efficacy agonists) has been reported collectively across numerous laboratories and assay platforms. Canonical Gi/o and {beta}-arrestin signaling have each been suggested to shape physiological effects differently via different classes of cannabinoid ligands. These prior efficacy classifications, however, were obtained in multiple assay systems, often using indirect, amplified readouts and different reference agonists, making them difficult to compare across ligands. Here we profiled a structurally diverse panel of 22 cannabinoid ligands: synthetic cannabinoid receptor agonists (SCRAs), {Delta}-tetrahydrocannabinol ({Delta}-THC) analogues, endocannabinoid analogues, and antagonists/inverse agonists at CB1 and CB2 receptors using bioluminescence resonance energy transfer (BRET) assays, measuring Gi1 engagement and {beta}-arrestin 2 recruitment and normalizing every response to the reference full agonist CP55,940. At CB1, SCRAs and {Delta}-THC analogues acted as high-efficacy agonists. At CB1, these high-efficacy agonists were also highly efficacious in {beta}-arrestin 2 recruitment. Across the panel, the most consistent trend was a loss of agonist efficacy from CB1 to CB2. Among antagonists, inverse agonists suppressed constitutive CB1 activity more than neutral antagonists. Together, these CP55,940-normalized measurements provide a common efficacy scale and a framework for interpreting pharmacodynamics of CB1 and CB2 cannabinoid receptors."
2026-10-02,40,10.64898/2026.09.27.754776,1,"pharmacology and toxicology","Balancing receptor engagement and payload catalytic activity broadens the therapeutic window of immunotoxins","Liang, H.; Beilhartz, G. L.; Wang, X.; Zou, K.; Cao, S. B.; Melnyk, R. A.","Immunotoxins (ITs) are potent targeted cancer therapeutics that couple tumor-selective receptor binding with efficient intracellular delivery and cytotoxic enzymatic activity of bacterial toxins. While ITs have shown impressive efficacy in hematologic malignancies, dose-limiting toxicity remains a major barrier to their broader clinical application, particularly in solid tumors. The exceptional potency of immunotoxin payloads contributes to off-tumor toxicity because even limited uptake by receptor-low cells can be sufficient to cause cell death. Here, we systematically investigated how receptor-binding domain (RBD) affinity and avidity interact with catalytic payload activity to determine IT selectivity. Using CD123-, HER3-, and HER2-targeted ITs, we found that increasing receptor-binding affinity or avidity altered potency but provided limited control over the selectivity between receptor-high and receptor-low cells. In contrast, attenuating catalytic activity produced profound gains in selectivity when payload potency was appropriately matched to receptor engagement. The optimal level of attenuation varied with receptor context and toxin scaffold, demonstrating that maximal selectivity emerges from balancing cellular delivery with catalytic activity rather than maximizing either property alone. In vivo, payload attenuation increased the maximum tolerated dose of a HER2-targeted IT by 400-fold and enabled robust antitumor activity well below its toxicity limit, whereas the WT counterpart showed no detectable efficacy at tolerated doses. Together, these findings uncover and establish payload activity as a tunable determinant of immunotoxin selectivity and provide a framework for matching receptor engagement with catalytic potency to develop safer and more broadly applicable targeted toxins."
2026-10-02,40,10.64898/2026.09.29.754712,1,biochemistry,"KPB82 potently and selectively inhibits ACER2 and protects tumor and primary cells from doxorubicin-induced cytotoxicity","Devi, A.; Xu, R.; Szulc, Z.; Kim, I.; Salama, M.; Bhabak, K. P.; Arenz, C.; Canals, D.; Hannun, Y. A.; Mao, C.","Alkaline ceramidase 2 (ACER2) catalyzes the hydrolysis of ceramides into sphingosine and free fatty acids, playing crucial roles in regulating various biological processes, including but not limited to cell proliferation, survival, and the DNA damage response. However, a pharmacological tool that regulates its catalytic and signaling functions remains to be developed. In this study, N-[(1S,2R)-1-hydroxy-1-phenylpropan-2-yl]dodecane-1-sulfonamide (KPB82) was identified as a potent and selective ACER2 inhibitor. In vitro enzymatic assays showed that KPB82 inhibited ACER2 with an IC50 of 190 nM, while displaying minimal activity against acid and neutral ceramidases (IC50> 100 {micro}M) and no significant inhibition of alkaline ceramidase 1 or alkaline ceramidase 3. Enzymatic kinetic studies revealed that KPB82 is a competitive inhibitor of ACER2. The three-dimensional structure of ACER2 was modeled in the AlphaFold3 server, revealing key Zn2+-coordinating histidine residues and a substrate-binding pocket. Molecular docking studies demonstrated that KPB82 binds ACER2 within this pocket, forming hydrogen bonds with the catalytically important amino residues, Asp93 and His215, and interacting with several hydrophobic residues. Lactate dehydrogenase release assays revealed that KPB82 significantly reduced cytotoxicity in HeLa cells overexpressing ACER2, as well as in HCT116 cells, RT4 cells, and human umbilical vein endothelial cells treated with the DNA-damaging agent doxorubicin. Lipidomic analysis showed that KPB82 inhibited sphingosine production in response to ACER2 overexpression or doxorubicin treatment. Collectively, these findings demonstrate that KPB82 is a potent and selective ACER2 inhibitor capable of suppressing ACER2-dependent biological processes and highlight its potential as a tool for studying ceramide metabolism and ACER2-mediated signaling pathways."
